2025-04-14 10:12:16.3194 | INFO | BlogManagementSystem.Startup | NLog configuration loaded successfully.
2025-04-14 10:12:18.8319 | INFO | Microsoft.Hosting.Lifetime | Now listening on: http://localhost:5095
2025-04-14 10:12:18.8319 | INFO | Microsoft.Hosting.Lifetime | Application started. Press Ctrl+C to shut down.
2025-04-14 10:12:18.8319 | INFO | Microsoft.Hosting.Lifetime | Hosting environment: Development
2025-04-14 10:12:18.8319 | INFO | Microsoft.Hosting.Lifetime | Content root path: F:\Maulik Bhatt\jTable\Blog Management System (API)\API\BlogManagementSystem
2025-04-14 10:12:19.4555 | INFO | Microsoft.AspNetCore.Hosting.Diagnostics | Request starting HTTP/1.1 GET http://localhost:5095/swagger/index.html - -
2025-04-14 10:12:19.7193 | INFO | Microsoft.AspNetCore.Hosting.Diagnostics | Request starting HTTP/1.1 GET http://localhost:5095/_framework/aspnetcore-browser-refresh.js - -
2025-04-14 10:12:19.7223 | INFO | Microsoft.AspNetCore.Hosting.Diagnostics | Request finished HTTP/1.1 GET http://localhost:5095/swagger/index.html - - - 200 - text/html;charset=utf-8 268.0870ms
2025-04-14 10:12:19.7223 | INFO | Microsoft.AspNetCore.Hosting.Diagnostics | Request finished HTTP/1.1 GET http://localhost:5095/_framework/aspnetcore-browser-refresh.js - - - 200 12010 application/javascript;+charset=utf-8 3.1624ms
2025-04-14 10:12:19.7223 | INFO | Microsoft.AspNetCore.Hosting.Diagnostics | Request starting HTTP/1.1 GET http://localhost:5095/_vs/browserLink - -
2025-04-14 10:12:19.7804 | INFO | Microsoft.AspNetCore.Hosting.Diagnostics | Request finished HTTP/1.1 GET http://localhost:5095/_vs/browserLink - - - 200 - text/javascript;+charset=UTF-8 52.9233ms
2025-04-14 10:12:19.8517 | INFO | Microsoft.AspNetCore.Hosting.Diagnostics | Request starting HTTP/1.1 GET http://localhost:5095/swagger/v1/swagger.json - -
2025-04-14 10:12:19.9662 | INFO | Microsoft.AspNetCore.Hosting.Diagnostics | Request finished HTTP/1.1 GET http://localhost:5095/swagger/v1/swagger.json - - - 200 - application/json;charset=utf-8 114.5397ms
2025-04-14 10:12:27.2748 | INFO | Microsoft.AspNetCore.Hosting.Diagnostics | Request starting HTTP/1.1 GET http://localhost:5095/api/CLBlog/get-all-blogs?pageSize=5&pageNumber=1&sorting=g01F02%20DESC - -
2025-04-14 10:12:27.2748 | INFO | Microsoft.AspNetCore.Cors.Infrastructure.CorsService | CORS policy execution successful.
2025-04-14 10:12:27.2983 | INFO | Microsoft.AspNetCore.Routing.EndpointMiddleware | Executing endpoint 'BlogManagementSystem.Controllers.CLBlogController.GetAllBlogs (BlogManagementSystem)'
2025-04-14 10:12:27.3251 | INFO | Microsoft.AspNetCore.Mvc.Infrastructure.ControllerActionInvoker | Route matched with {action = "GetAllBlogs", controller = "CLBlog"}. Executing controller action with signature Microsoft.AspNetCore.Mvc.IActionResult GetAllBlogs(Int32, Int32, System.String) on controller BlogManagementSystem.Controllers.CLBlogController (BlogManagementSystem).
2025-04-14 10:12:27.3379 | INFO | BlogManagementSystem.Filters.LogActionFilter | Executing action: BlogManagementSystem.Controllers.CLBlogController.GetAllBlogs (BlogManagementSystem)
2025-04-14 10:12:27.3379 | INFO | BlogManagementSystem.Controllers.CLBlogController | Fetching all blog posts.
2025-04-14 10:12:28.4138 | INFO | BlogManagementSystem.Filters.LogActionFilter | Action executed successfully: BlogManagementSystem.Controllers.CLBlogController.GetAllBlogs (BlogManagementSystem)
2025-04-14 10:12:28.4138 | INFO | Microsoft.AspNetCore.Mvc.Infrastructure.ObjectResultExecutor | Executing OkObjectResult, writing value of type 'BlogManagementSystem.Models.Response'.
2025-04-14 10:12:28.4359 | INFO | Microsoft.AspNetCore.Mvc.Infrastructure.ControllerActionInvoker | Executed action BlogManagementSystem.Controllers.CLBlogController.GetAllBlogs (BlogManagementSystem) in 1107.8636ms
2025-04-14 10:12:28.4359 | INFO | Microsoft.AspNetCore.Routing.EndpointMiddleware | Executed endpoint 'BlogManagementSystem.Controllers.CLBlogController.GetAllBlogs (BlogManagementSystem)'
2025-04-14 10:12:28.4359 | INFO | Microsoft.AspNetCore.Hosting.Diagnostics | Request finished HTTP/1.1 GET http://localhost:5095/api/CLBlog/get-all-blogs?pageSize=5&pageNumber=1&sorting=g01F02%20DESC - - - 200 208 application/json;+charset=utf-8 1161.3942ms
2025-04-14 10:13:43.5711 | INFO | Microsoft.AspNetCore.Hosting.Diagnostics | Request starting HTTP/1.1 GET http://localhost:5095/api/CLBlog/get-all-blogs?pageSize=5&pageNumber=1&sorting=g01F02%20DESC - -
2025-04-14 10:13:43.5711 | INFO | Microsoft.AspNetCore.Cors.Infrastructure.CorsService | CORS policy execution successful.
2025-04-14 10:13:43.5711 | INFO | Microsoft.AspNetCore.Routing.EndpointMiddleware | Executing endpoint 'BlogManagementSystem.Controllers.CLBlogController.GetAllBlogs (BlogManagementSystem)'
2025-04-14 10:13:43.5711 | INFO | Microsoft.AspNetCore.Mvc.Infrastructure.ControllerActionInvoker | Route matched with {action = "GetAllBlogs", controller = "CLBlog"}. Executing controller action with signature Microsoft.AspNetCore.Mvc.IActionResult GetAllBlogs(Int32, Int32, System.String) on controller BlogManagementSystem.Controllers.CLBlogController (BlogManagementSystem).
2025-04-14 10:13:43.5711 | INFO | BlogManagementSystem.Filters.LogActionFilter | Executing action: BlogManagementSystem.Controllers.CLBlogController.GetAllBlogs (BlogManagementSystem)
2025-04-14 10:13:43.5711 | INFO | BlogManagementSystem.Controllers.CLBlogController | Fetching all blog posts.
2025-04-14 10:13:43.5818 | INFO | BlogManagementSystem.Filters.LogActionFilter | Action executed successfully: BlogManagementSystem.Controllers.CLBlogController.GetAllBlogs (BlogManagementSystem)
2025-04-14 10:13:43.5818 | INFO | Microsoft.AspNetCore.Mvc.Infrastructure.ObjectResultExecutor | Executing OkObjectResult, writing value of type 'BlogManagementSystem.Models.Response'.
2025-04-14 10:13:43.5818 | INFO | Microsoft.AspNetCore.Mvc.Infrastructure.ControllerActionInvoker | Executed action BlogManagementSystem.Controllers.CLBlogController.GetAllBlogs (BlogManagementSystem) in 7.8188ms
2025-04-14 10:13:43.5818 | INFO | Microsoft.AspNetCore.Routing.EndpointMiddleware | Executed endpoint 'BlogManagementSystem.Controllers.CLBlogController.GetAllBlogs (BlogManagementSystem)'
2025-04-14 10:13:43.5818 | INFO | Microsoft.AspNetCore.Hosting.Diagnostics | Request finished HTTP/1.1 GET http://localhost:5095/api/CLBlog/get-all-blogs?pageSize=5&pageNumber=1&sorting=g01F02%20DESC - - - 200 208 application/json;+charset=utf-8 11.8995ms
2025-04-14 10:14:23.1291 | INFO | Microsoft.AspNetCore.Hosting.Diagnostics | Request starting HTTP/1.1 GET http://localhost:5095/api/CLBlog/get-all-blogs?pageSize=5&pageNumber=1&sorting=g01F02%20DESC - -
2025-04-14 10:14:23.1291 | INFO | Microsoft.AspNetCore.Cors.Infrastructure.CorsService | CORS policy execution successful.
2025-04-14 10:14:23.1291 | INFO | Microsoft.AspNetCore.Routing.EndpointMiddleware | Executing endpoint 'BlogManagementSystem.Controllers.CLBlogController.GetAllBlogs (BlogManagementSystem)'
2025-04-14 10:14:23.1291 | INFO | Microsoft.AspNetCore.Mvc.Infrastructure.ControllerActionInvoker | Route matched with {action = "GetAllBlogs", controller = "CLBlog"}. Executing controller action with signature Microsoft.AspNetCore.Mvc.IActionResult GetAllBlogs(Int32, Int32, System.String) on controller BlogManagementSystem.Controllers.CLBlogController (BlogManagementSystem).
2025-04-14 10:14:23.1304 | INFO | BlogManagementSystem.Filters.LogActionFilter | Executing action: BlogManagementSystem.Controllers.CLBlogController.GetAllBlogs (BlogManagementSystem)
2025-04-14 10:14:23.1304 | INFO | BlogManagementSystem.Controllers.CLBlogController | Fetching all blog posts.
2025-04-14 10:14:23.1304 | INFO | BlogManagementSystem.Filters.LogActionFilter | Action executed successfully: BlogManagementSystem.Controllers.CLBlogController.GetAllBlogs (BlogManagementSystem)
2025-04-14 10:14:23.1304 | INFO | Microsoft.AspNetCore.Mvc.Infrastructure.ObjectResultExecutor | Executing OkObjectResult, writing value of type 'BlogManagementSystem.Models.Response'.
2025-04-14 10:14:23.1304 | INFO | Microsoft.AspNetCore.Mvc.Infrastructure.ControllerActionInvoker | Executed action BlogManagementSystem.Controllers.CLBlogController.GetAllBlogs (BlogManagementSystem) in 4.9482ms
2025-04-14 10:14:23.1304 | INFO | Microsoft.AspNetCore.Routing.EndpointMiddleware | Executed endpoint 'BlogManagementSystem.Controllers.CLBlogController.GetAllBlogs (BlogManagementSystem)'
2025-04-14 10:14:23.1304 | INFO | Microsoft.AspNetCore.Hosting.Diagnostics | Request finished HTTP/1.1 GET http://localhost:5095/api/CLBlog/get-all-blogs?pageSize=5&pageNumber=1&sorting=g01F02%20DESC - - - 200 208 application/json;+charset=utf-8 6.0388ms
2025-04-14 10:14:33.8371 | INFO | Microsoft.AspNetCore.Hosting.Diagnostics | Request starting HTTP/1.1 GET http://localhost:5095/api/CLBlog/get-all-blogs?pageSize=5&pageNumber=1&sorting=g01F02%20DESC - -
2025-04-14 10:14:33.8371 | INFO | Microsoft.AspNetCore.Cors.Infrastructure.CorsService | CORS policy execution successful.
2025-04-14 10:14:33.8371 | INFO | Microsoft.AspNetCore.Routing.EndpointMiddleware | Executing endpoint 'BlogManagementSystem.Controllers.CLBlogController.GetAllBlogs (BlogManagementSystem)'
2025-04-14 10:14:33.8371 | INFO | Microsoft.AspNetCore.Mvc.Infrastructure.ControllerActionInvoker | Route matched with {action = "GetAllBlogs", controller = "CLBlog"}. Executing controller action with signature Microsoft.AspNetCore.Mvc.IActionResult GetAllBlogs(Int32, Int32, System.String) on controller BlogManagementSystem.Controllers.CLBlogController (BlogManagementSystem).
2025-04-14 10:14:33.8371 | INFO | BlogManagementSystem.Filters.LogActionFilter | Executing action: BlogManagementSystem.Controllers.CLBlogController.GetAllBlogs (BlogManagementSystem)
2025-04-14 10:14:33.8371 | INFO | BlogManagementSystem.Controllers.CLBlogController | Fetching all blog posts.
2025-04-14 10:14:33.8371 | INFO | BlogManagementSystem.Filters.LogActionFilter | Action executed successfully: BlogManagementSystem.Controllers.CLBlogController.GetAllBlogs (BlogManagementSystem)
2025-04-14 10:14:33.8371 | INFO | Microsoft.AspNetCore.Mvc.Infrastructure.ObjectResultExecutor | Executing OkObjectResult, writing value of type 'BlogManagementSystem.Models.Response'.
2025-04-14 10:14:33.8371 | INFO | Microsoft.AspNetCore.Mvc.Infrastructure.ControllerActionInvoker | Executed action BlogManagementSystem.Controllers.CLBlogController.GetAllBlogs (BlogManagementSystem) in 4.6742ms
2025-04-14 10:14:33.8371 | INFO | Microsoft.AspNetCore.Routing.EndpointMiddleware | Executed endpoint 'BlogManagementSystem.Controllers.CLBlogController.GetAllBlogs (BlogManagementSystem)'
2025-04-14 10:14:33.8371 | INFO | Microsoft.AspNetCore.Hosting.Diagnostics | Request finished HTTP/1.1 GET http://localhost:5095/api/CLBlog/get-all-blogs?pageSize=5&pageNumber=1&sorting=g01F02%20DESC - - - 200 208 application/json;+charset=utf-8 5.5370ms
2025-04-14 10:17:36.7804 | INFO | Microsoft.AspNetCore.Hosting.Diagnostics | Request starting HTTP/1.1 GET http://localhost:5095/api/CLBlog/get-all-blogs?pageSize=5&pageNumber=1&sorting=g01F02%20DESC - -
2025-04-14 10:17:36.7804 | INFO | Microsoft.AspNetCore.Cors.Infrastructure.CorsService | CORS policy execution successful.
2025-04-14 10:17:36.7804 | INFO | Microsoft.AspNetCore.Routing.EndpointMiddleware | Executing endpoint 'BlogManagementSystem.Controllers.CLBlogController.GetAllBlogs (BlogManagementSystem)'
2025-04-14 10:17:36.7804 | INFO | Microsoft.AspNetCore.Mvc.Infrastructure.ControllerActionInvoker | Route matched with {action = "GetAllBlogs", controller = "CLBlog"}. Executing controller action with signature Microsoft.AspNetCore.Mvc.IActionResult GetAllBlogs(Int32, Int32, System.String) on controller BlogManagementSystem.Controllers.CLBlogController (BlogManagementSystem).
2025-04-14 10:17:36.7804 | INFO | BlogManagementSystem.Filters.LogActionFilter | Executing action: BlogManagementSystem.Controllers.CLBlogController.GetAllBlogs (BlogManagementSystem)
2025-04-14 10:17:36.7804 | INFO | BlogManagementSystem.Controllers.CLBlogController | Fetching all blog posts.
2025-04-14 10:17:36.7804 | INFO | BlogManagementSystem.Filters.LogActionFilter | Action executed successfully: BlogManagementSystem.Controllers.CLBlogController.GetAllBlogs (BlogManagementSystem)
2025-04-14 10:17:36.7804 | INFO | Microsoft.AspNetCore.Mvc.Infrastructure.ObjectResultExecutor | Executing OkObjectResult, writing value of type 'BlogManagementSystem.Models.Response'.
2025-04-14 10:17:36.7804 | INFO | Microsoft.AspNetCore.Mvc.Infrastructure.ControllerActionInvoker | Executed action BlogManagementSystem.Controllers.CLBlogController.GetAllBlogs (BlogManagementSystem) in 3.8885ms
2025-04-14 10:17:36.7804 | INFO | Microsoft.AspNetCore.Routing.EndpointMiddleware | Executed endpoint 'BlogManagementSystem.Controllers.CLBlogController.GetAllBlogs (BlogManagementSystem)'
2025-04-14 10:17:36.7804 | INFO | Microsoft.AspNetCore.Hosting.Diagnostics | Request finished HTTP/1.1 GET http://localhost:5095/api/CLBlog/get-all-blogs?pageSize=5&pageNumber=1&sorting=g01F02%20DESC - - - 200 208 application/json;+charset=utf-8 4.8220ms
2025-04-14 10:17:45.3685 | INFO | Microsoft.AspNetCore.Hosting.Diagnostics | Request starting HTTP/1.1 GET http://localhost:5095/api/CLBlog/get-all-blogs?pageSize=5&pageNumber=2&sorting=g01F02%20DESC - -
2025-04-14 10:17:45.3685 | INFO | Microsoft.AspNetCore.Cors.Infrastructure.CorsService | CORS policy execution successful.
2025-04-14 10:17:45.3685 | INFO | Microsoft.AspNetCore.Routing.EndpointMiddleware | Executing endpoint 'BlogManagementSystem.Controllers.CLBlogController.GetAllBlogs (BlogManagementSystem)'
2025-04-14 10:17:45.3685 | INFO | Microsoft.AspNetCore.Mvc.Infrastructure.ControllerActionInvoker | Route matched with {action = "GetAllBlogs", controller = "CLBlog"}. Executing controller action with signature Microsoft.AspNetCore.Mvc.IActionResult GetAllBlogs(Int32, Int32, System.String) on controller BlogManagementSystem.Controllers.CLBlogController (BlogManagementSystem).
2025-04-14 10:17:45.3685 | INFO | BlogManagementSystem.Filters.LogActionFilter | Executing action: BlogManagementSystem.Controllers.CLBlogController.GetAllBlogs (BlogManagementSystem)
2025-04-14 10:17:45.3685 | INFO | BlogManagementSystem.Controllers.CLBlogController | Fetching all blog posts.
2025-04-14 10:17:45.3685 | INFO | BlogManagementSystem.Filters.LogActionFilter | Action executed successfully: BlogManagementSystem.Controllers.CLBlogController.GetAllBlogs (BlogManagementSystem)
2025-04-14 10:17:45.3685 | INFO | Microsoft.AspNetCore.Mvc.Infrastructure.ObjectResultExecutor | Executing OkObjectResult, writing value of type 'BlogManagementSystem.Models.Response'.
2025-04-14 10:17:45.3685 | INFO | Microsoft.AspNetCore.Mvc.Infrastructure.ControllerActionInvoker | Executed action BlogManagementSystem.Controllers.CLBlogController.GetAllBlogs (BlogManagementSystem) in 3.7945ms
2025-04-14 10:17:45.3685 | INFO | Microsoft.AspNetCore.Routing.EndpointMiddleware | Executed endpoint 'BlogManagementSystem.Controllers.CLBlogController.GetAllBlogs (BlogManagementSystem)'
2025-04-14 10:17:45.3685 | INFO | Microsoft.AspNetCore.Hosting.Diagnostics | Request finished HTTP/1.1 GET http://localhost:5095/api/CLBlog/get-all-blogs?pageSize=5&pageNumber=2&sorting=g01F02%20DESC - - - 200 54 application/json;+charset=utf-8 4.6348ms
2025-04-14 10:17:46.7442 | INFO | Microsoft.AspNetCore.Hosting.Diagnostics | Request starting HTTP/1.1 GET http://localhost:5095/api/CLBlog/get-all-blogs?pageSize=5&pageNumber=1&sorting=g01F02%20DESC - -
2025-04-14 10:17:46.7442 | INFO | Microsoft.AspNetCore.Cors.Infrastructure.CorsService | CORS policy execution successful.
2025-04-14 10:17:46.7442 | INFO | Microsoft.AspNetCore.Routing.EndpointMiddleware | Executing endpoint 'BlogManagementSystem.Controllers.CLBlogController.GetAllBlogs (BlogManagementSystem)'
2025-04-14 10:17:46.7442 | INFO | Microsoft.AspNetCore.Mvc.Infrastructure.ControllerActionInvoker | Route matched with {action = "GetAllBlogs", controller = "CLBlog"}. Executing controller action with signature Microsoft.AspNetCore.Mvc.IActionResult GetAllBlogs(Int32, Int32, System.String) on controller BlogManagementSystem.Controllers.CLBlogController (BlogManagementSystem).
2025-04-14 10:17:46.7442 | INFO | BlogManagementSystem.Filters.LogActionFilter | Executing action: BlogManagementSystem.Controllers.CLBlogController.GetAllBlogs (BlogManagementSystem)
2025-04-14 10:17:46.7442 | INFO | BlogManagementSystem.Controllers.CLBlogController | Fetching all blog posts.
2025-04-14 10:17:46.7442 | INFO | BlogManagementSystem.Filters.LogActionFilter | Action executed successfully: BlogManagementSystem.Controllers.CLBlogController.GetAllBlogs (BlogManagementSystem)
2025-04-14 10:17:46.7442 | INFO | Microsoft.AspNetCore.Mvc.Infrastructure.ObjectResultExecutor | Executing OkObjectResult, writing value of type 'BlogManagementSystem.Models.Response'.
2025-04-14 10:17:46.7442 | INFO | Microsoft.AspNetCore.Mvc.Infrastructure.ControllerActionInvoker | Executed action BlogManagementSystem.Controllers.CLBlogController.GetAllBlogs (BlogManagementSystem) in 3.7139ms
2025-04-14 10:17:46.7442 | INFO | Microsoft.AspNetCore.Routing.EndpointMiddleware | Executed endpoint 'BlogManagementSystem.Controllers.CLBlogController.GetAllBlogs (BlogManagementSystem)'
2025-04-14 10:17:46.7442 | INFO | Microsoft.AspNetCore.Hosting.Diagnostics | Request finished HTTP/1.1 GET http://localhost:5095/api/CLBlog/get-all-blogs?pageSize=5&pageNumber=1&sorting=g01F02%20DESC - - - 200 208 application/json;+charset=utf-8 4.3245ms
2025-04-14 10:17:57.3129 | INFO | Microsoft.AspNetCore.Hosting.Diagnostics | Request starting HTTP/1.1 GET http://localhost:5095/api/CLBlog/get-all-blogs?pageSize=5&pageNumber=2&sorting=g01F02%20DESC - -
2025-04-14 10:17:57.3129 | INFO | Microsoft.AspNetCore.Cors.Infrastructure.CorsService | CORS policy execution successful.
2025-04-14 10:17:57.3129 | INFO | Microsoft.AspNetCore.Routing.EndpointMiddleware | Executing endpoint 'BlogManagementSystem.Controllers.CLBlogController.GetAllBlogs (BlogManagementSystem)'
2025-04-14 10:17:57.3129 | INFO | Microsoft.AspNetCore.Mvc.Infrastructure.ControllerActionInvoker | Route matched with {action = "GetAllBlogs", controller = "CLBlog"}. Executing controller action with signature Microsoft.AspNetCore.Mvc.IActionResult GetAllBlogs(Int32, Int32, System.String) on controller BlogManagementSystem.Controllers.CLBlogController (BlogManagementSystem).
2025-04-14 10:17:57.3129 | INFO | BlogManagementSystem.Filters.LogActionFilter | Executing action: BlogManagementSystem.Controllers.CLBlogController.GetAllBlogs (BlogManagementSystem)
2025-04-14 10:17:57.3129 | INFO | BlogManagementSystem.Controllers.CLBlogController | Fetching all blog posts.
2025-04-14 10:17:57.3129 | INFO | BlogManagementSystem.Filters.LogActionFilter | Action executed successfully: BlogManagementSystem.Controllers.CLBlogController.GetAllBlogs (BlogManagementSystem)
2025-04-14 10:17:57.3129 | INFO | Microsoft.AspNetCore.Mvc.Infrastructure.ObjectResultExecutor | Executing OkObjectResult, writing value of type 'BlogManagementSystem.Models.Response'.
2025-04-14 10:17:57.3129 | INFO | Microsoft.AspNetCore.Mvc.Infrastructure.ControllerActionInvoker | Executed action BlogManagementSystem.Controllers.CLBlogController.GetAllBlogs (BlogManagementSystem) in 3.4111ms
2025-04-14 10:17:57.3129 | INFO | Microsoft.AspNetCore.Routing.EndpointMiddleware | Executed endpoint 'BlogManagementSystem.Controllers.CLBlogController.GetAllBlogs (BlogManagementSystem)'
2025-04-14 10:17:57.3129 | INFO | Microsoft.AspNetCore.Hosting.Diagnostics | Request finished HTTP/1.1 GET http://localhost:5095/api/CLBlog/get-all-blogs?pageSize=5&pageNumber=2&sorting=g01F02%20DESC - - - 200 54 application/json;+charset=utf-8 3.9806ms
2025-04-14 10:17:58.5758 | INFO | Microsoft.AspNetCore.Hosting.Diagnostics | Request starting HTTP/1.1 GET http://localhost:5095/api/CLBlog/get-all-blogs?pageSize=5&pageNumber=3&sorting=g01F02%20DESC - -
2025-04-14 10:17:58.5758 | INFO | Microsoft.AspNetCore.Cors.Infrastructure.CorsService | CORS policy execution successful.
2025-04-14 10:17:58.5758 | INFO | Microsoft.AspNetCore.Routing.EndpointMiddleware | Executing endpoint 'BlogManagementSystem.Controllers.CLBlogController.GetAllBlogs (BlogManagementSystem)'
2025-04-14 10:17:58.5758 | INFO | Microsoft.AspNetCore.Mvc.Infrastructure.ControllerActionInvoker | Route matched with {action = "GetAllBlogs", controller = "CLBlog"}. Executing controller action with signature Microsoft.AspNetCore.Mvc.IActionResult GetAllBlogs(Int32, Int32, System.String) on controller BlogManagementSystem.Controllers.CLBlogController (BlogManagementSystem).
2025-04-14 10:17:58.5758 | INFO | BlogManagementSystem.Filters.LogActionFilter | Executing action: BlogManagementSystem.Controllers.CLBlogController.GetAllBlogs (BlogManagementSystem)
2025-04-14 10:17:58.5758 | INFO | BlogManagementSystem.Controllers.CLBlogController | Fetching all blog posts.
2025-04-14 10:17:58.5758 | INFO | BlogManagementSystem.Filters.LogActionFilter | Action executed successfully: BlogManagementSystem.Controllers.CLBlogController.GetAllBlogs (BlogManagementSystem)
2025-04-14 10:17:58.5758 | INFO | Microsoft.AspNetCore.Mvc.Infrastructure.ObjectResultExecutor | Executing OkObjectResult, writing value of type 'BlogManagementSystem.Models.Response'.
2025-04-14 10:17:58.5758 | INFO | Microsoft.AspNetCore.Mvc.Infrastructure.ControllerActionInvoker | Executed action BlogManagementSystem.Controllers.CLBlogController.GetAllBlogs (BlogManagementSystem) in 3.6199ms
2025-04-14 10:17:58.5758 | INFO | Microsoft.AspNetCore.Routing.EndpointMiddleware | Executed endpoint 'BlogManagementSystem.Controllers.CLBlogController.GetAllBlogs (BlogManagementSystem)'
2025-04-14 10:17:58.5758 | INFO | Microsoft.AspNetCore.Hosting.Diagnostics | Request finished HTTP/1.1 GET http://localhost:5095/api/CLBlog/get-all-blogs?pageSize=5&pageNumber=3&sorting=g01F02%20DESC - - - 200 54 application/json;+charset=utf-8 4.2479ms
2025-04-14 10:17:59.2318 | INFO | Microsoft.AspNetCore.Hosting.Diagnostics | Request starting HTTP/1.1 GET http://localhost:5095/api/CLBlog/get-all-blogs?pageSize=5&pageNumber=4&sorting=g01F02%20DESC - -
2025-04-14 10:17:59.2318 | INFO | Microsoft.AspNetCore.Cors.Infrastructure.CorsService | CORS policy execution successful.
2025-04-14 10:17:59.2318 | INFO | Microsoft.AspNetCore.Routing.EndpointMiddleware | Executing endpoint 'BlogManagementSystem.Controllers.CLBlogController.GetAllBlogs (BlogManagementSystem)'
2025-04-14 10:17:59.2318 | INFO | Microsoft.AspNetCore.Mvc.Infrastructure.ControllerActionInvoker | Route matched with {action = "GetAllBlogs", controller = "CLBlog"}. Executing controller action with signature Microsoft.AspNetCore.Mvc.IActionResult GetAllBlogs(Int32, Int32, System.String) on controller BlogManagementSystem.Controllers.CLBlogController (BlogManagementSystem).
2025-04-14 10:17:59.2318 | INFO | BlogManagementSystem.Filters.LogActionFilter | Executing action: BlogManagementSystem.Controllers.CLBlogController.GetAllBlogs (BlogManagementSystem)
2025-04-14 10:17:59.2318 | INFO | BlogManagementSystem.Controllers.CLBlogController | Fetching all blog posts.
2025-04-14 10:17:59.2318 | INFO | BlogManagementSystem.Filters.LogActionFilter | Action executed successfully: BlogManagementSystem.Controllers.CLBlogController.GetAllBlogs (BlogManagementSystem)
2025-04-14 10:17:59.2318 | INFO | Microsoft.AspNetCore.Mvc.Infrastructure.ObjectResultExecutor | Executing OkObjectResult, writing value of type 'BlogManagementSystem.Models.Response'.
2025-04-14 10:17:59.2318 | INFO | Microsoft.AspNetCore.Mvc.Infrastructure.ControllerActionInvoker | Executed action BlogManagementSystem.Controllers.CLBlogController.GetAllBlogs (BlogManagementSystem) in 3.4309ms
2025-04-14 10:17:59.2318 | INFO | Microsoft.AspNetCore.Routing.EndpointMiddleware | Executed endpoint 'BlogManagementSystem.Controllers.CLBlogController.GetAllBlogs (BlogManagementSystem)'
2025-04-14 10:17:59.2318 | INFO | Microsoft.AspNetCore.Hosting.Diagnostics | Request finished HTTP/1.1 GET http://localhost:5095/api/CLBlog/get-all-blogs?pageSize=5&pageNumber=4&sorting=g01F02%20DESC - - - 200 54 application/json;+charset=utf-8 4.1926ms
2025-04-14 10:18:01.3118 | INFO | Microsoft.AspNetCore.Hosting.Diagnostics | Request starting HTTP/1.1 GET http://localhost:5095/api/CLBlog/get-all-blogs?pageSize=5&pageNumber=5&sorting=g01F02%20DESC - -
2025-04-14 10:18:01.3118 | INFO | Microsoft.AspNetCore.Cors.Infrastructure.CorsService | CORS policy execution successful.
2025-04-14 10:18:01.3118 | INFO | Microsoft.AspNetCore.Routing.EndpointMiddleware | Executing endpoint 'BlogManagementSystem.Controllers.CLBlogController.GetAllBlogs (BlogManagementSystem)'
2025-04-14 10:18:01.3118 | INFO | Microsoft.AspNetCore.Mvc.Infrastructure.ControllerActionInvoker | Route matched with {action = "GetAllBlogs", controller = "CLBlog"}. Executing controller action with signature Microsoft.AspNetCore.Mvc.IActionResult GetAllBlogs(Int32, Int32, System.String) on controller BlogManagementSystem.Controllers.CLBlogController (BlogManagementSystem).
2025-04-14 10:18:01.3118 | INFO | BlogManagementSystem.Filters.LogActionFilter | Executing action: BlogManagementSystem.Controllers.CLBlogController.GetAllBlogs (BlogManagementSystem)
2025-04-14 10:18:01.3118 | INFO | BlogManagementSystem.Controllers.CLBlogController | Fetching all blog posts.
2025-04-14 10:18:01.3118 | INFO | BlogManagementSystem.Filters.LogActionFilter | Action executed successfully: BlogManagementSystem.Controllers.CLBlogController.GetAllBlogs (BlogManagementSystem)
2025-04-14 10:18:01.3118 | INFO | Microsoft.AspNetCore.Mvc.Infrastructure.ObjectResultExecutor | Executing OkObjectResult, writing value of type 'BlogManagementSystem.Models.Response'.
2025-04-14 10:18:01.3118 | INFO | Microsoft.AspNetCore.Mvc.Infrastructure.ControllerActionInvoker | Executed action BlogManagementSystem.Controllers.CLBlogController.GetAllBlogs (BlogManagementSystem) in 3.2124ms
2025-04-14 10:18:01.3118 | INFO | Microsoft.AspNetCore.Routing.EndpointMiddleware | Executed endpoint 'BlogManagementSystem.Controllers.CLBlogController.GetAllBlogs (BlogManagementSystem)'
2025-04-14 10:18:01.3118 | INFO | Microsoft.AspNetCore.Hosting.Diagnostics | Request finished HTTP/1.1 GET http://localhost:5095/api/CLBlog/get-all-blogs?pageSize=5&pageNumber=5&sorting=g01F02%20DESC - - - 200 54 application/json;+charset=utf-8 3.8036ms
2025-04-14 10:18:02.0878 | INFO | Microsoft.AspNetCore.Hosting.Diagnostics | Request starting HTTP/1.1 GET http://localhost:5095/api/CLBlog/get-all-blogs?pageSize=5&pageNumber=6&sorting=g01F02%20DESC - -
2025-04-14 10:18:02.0878 | INFO | Microsoft.AspNetCore.Cors.Infrastructure.CorsService | CORS policy execution successful.
2025-04-14 10:18:02.0878 | INFO | Microsoft.AspNetCore.Routing.EndpointMiddleware | Executing endpoint 'BlogManagementSystem.Controllers.CLBlogController.GetAllBlogs (BlogManagementSystem)'
2025-04-14 10:18:02.0878 | INFO | Microsoft.AspNetCore.Mvc.Infrastructure.ControllerActionInvoker | Route matched with {action = "GetAllBlogs", controller = "CLBlog"}. Executing controller action with signature Microsoft.AspNetCore.Mvc.IActionResult GetAllBlogs(Int32, Int32, System.String) on controller BlogManagementSystem.Controllers.CLBlogController (BlogManagementSystem).
2025-04-14 10:18:02.0878 | INFO | BlogManagementSystem.Filters.LogActionFilter | Executing action: BlogManagementSystem.Controllers.CLBlogController.GetAllBlogs (BlogManagementSystem)
2025-04-14 10:18:02.0878 | INFO | BlogManagementSystem.Controllers.CLBlogController | Fetching all blog posts.
2025-04-14 10:18:02.0878 | INFO | BlogManagementSystem.Filters.LogActionFilter | Action executed successfully: BlogManagementSystem.Controllers.CLBlogController.GetAllBlogs (BlogManagementSystem)
2025-04-14 10:18:02.0878 | INFO | Microsoft.AspNetCore.Mvc.Infrastructure.ObjectResultExecutor | Executing OkObjectResult, writing value of type 'BlogManagementSystem.Models.Response'.
2025-04-14 10:18:02.0878 | INFO | Microsoft.AspNetCore.Mvc.Infrastructure.ControllerActionInvoker | Executed action BlogManagementSystem.Controllers.CLBlogController.GetAllBlogs (BlogManagementSystem) in 3.193ms
2025-04-14 10:18:02.0878 | INFO | Microsoft.AspNetCore.Routing.EndpointMiddleware | Executed endpoint 'BlogManagementSystem.Controllers.CLBlogController.GetAllBlogs (BlogManagementSystem)'
2025-04-14 10:18:02.0878 | INFO | Microsoft.AspNetCore.Hosting.Diagnostics | Request finished HTTP/1.1 GET http://localhost:5095/api/CLBlog/get-all-blogs?pageSize=5&pageNumber=6&sorting=g01F02%20DESC - - - 200 54 application/json;+charset=utf-8 3.7520ms
2025-04-14 10:18:03.5680 | INFO | Microsoft.AspNetCore.Hosting.Diagnostics | Request starting HTTP/1.1 GET http://localhost:5095/api/CLBlog/get-all-blogs?pageSize=5&pageNumber=7&sorting=g01F02%20DESC - -
2025-04-14 10:18:03.5680 | INFO | Microsoft.AspNetCore.Cors.Infrastructure.CorsService | CORS policy execution successful.
2025-04-14 10:18:03.5680 | INFO | Microsoft.AspNetCore.Routing.EndpointMiddleware | Executing endpoint 'BlogManagementSystem.Controllers.CLBlogController.GetAllBlogs (BlogManagementSystem)'
2025-04-14 10:18:03.5680 | INFO | Microsoft.AspNetCore.Mvc.Infrastructure.ControllerActionInvoker | Route matched with {action = "GetAllBlogs", controller = "CLBlog"}. Executing controller action with signature Microsoft.AspNetCore.Mvc.IActionResult GetAllBlogs(Int32, Int32, System.String) on controller BlogManagementSystem.Controllers.CLBlogController (BlogManagementSystem).
2025-04-14 10:18:03.5680 | INFO | BlogManagementSystem.Filters.LogActionFilter | Executing action: BlogManagementSystem.Controllers.CLBlogController.GetAllBlogs (BlogManagementSystem)
2025-04-14 10:18:03.5680 | INFO | BlogManagementSystem.Controllers.CLBlogController | Fetching all blog posts.
2025-04-14 10:18:03.5714 | INFO | BlogManagementSystem.Filters.LogActionFilter | Action executed successfully: BlogManagementSystem.Controllers.CLBlogController.GetAllBlogs (BlogManagementSystem)
2025-04-14 10:18:03.5714 | INFO | Microsoft.AspNetCore.Mvc.Infrastructure.ObjectResultExecutor | Executing OkObjectResult, writing value of type 'BlogManagementSystem.Models.Response'.
2025-04-14 10:18:03.5714 | INFO | Microsoft.AspNetCore.Mvc.Infrastructure.ControllerActionInvoker | Executed action BlogManagementSystem.Controllers.CLBlogController.GetAllBlogs (BlogManagementSystem) in 3.1741ms
2025-04-14 10:18:03.5714 | INFO | Microsoft.AspNetCore.Routing.EndpointMiddleware | Executed endpoint 'BlogManagementSystem.Controllers.CLBlogController.GetAllBlogs (BlogManagementSystem)'
2025-04-14 10:18:03.5714 | INFO | Microsoft.AspNetCore.Hosting.Diagnostics | Request finished HTTP/1.1 GET http://localhost:5095/api/CLBlog/get-all-blogs?pageSize=5&pageNumber=7&sorting=g01F02%20DESC - - - 200 54 application/json;+charset=utf-8 3.8103ms
2025-04-14 10:18:03.8158 | INFO | Microsoft.AspNetCore.Hosting.Diagnostics | Request starting HTTP/1.1 GET http://localhost:5095/api/CLBlog/get-all-blogs?pageSize=5&pageNumber=8&sorting=g01F02%20DESC - -
2025-04-14 10:18:03.8158 | INFO | Microsoft.AspNetCore.Cors.Infrastructure.CorsService | CORS policy execution successful.
2025-04-14 10:18:03.8158 | INFO | Microsoft.AspNetCore.Routing.EndpointMiddleware | Executing endpoint 'BlogManagementSystem.Controllers.CLBlogController.GetAllBlogs (BlogManagementSystem)'
2025-04-14 10:18:03.8158 | INFO | Microsoft.AspNetCore.Mvc.Infrastructure.ControllerActionInvoker | Route matched with {action = "GetAllBlogs", controller = "CLBlog"}. Executing controller action with signature Microsoft.AspNetCore.Mvc.IActionResult GetAllBlogs(Int32, Int32, System.String) on controller BlogManagementSystem.Controllers.CLBlogController (BlogManagementSystem).
2025-04-14 10:18:03.8158 | INFO | BlogManagementSystem.Filters.LogActionFilter | Executing action: BlogManagementSystem.Controllers.CLBlogController.GetAllBlogs (BlogManagementSystem)
2025-04-14 10:18:03.8158 | INFO | BlogManagementSystem.Controllers.CLBlogController | Fetching all blog posts.
2025-04-14 10:18:03.8158 | INFO | BlogManagementSystem.Filters.LogActionFilter | Action executed successfully: BlogManagementSystem.Controllers.CLBlogController.GetAllBlogs (BlogManagementSystem)
2025-04-14 10:18:03.8158 | INFO | Microsoft.AspNetCore.Mvc.Infrastructure.ObjectResultExecutor | Executing OkObjectResult, writing value of type 'BlogManagementSystem.Models.Response'.
2025-04-14 10:18:03.8158 | INFO | Microsoft.AspNetCore.Mvc.Infrastructure.ControllerActionInvoker | Executed action BlogManagementSystem.Controllers.CLBlogController.GetAllBlogs (BlogManagementSystem) in 3.0626ms
2025-04-14 10:18:03.8158 | INFO | Microsoft.AspNetCore.Routing.EndpointMiddleware | Executed endpoint 'BlogManagementSystem.Controllers.CLBlogController.GetAllBlogs (BlogManagementSystem)'
2025-04-14 10:18:03.8158 | INFO | Microsoft.AspNetCore.Hosting.Diagnostics | Request finished HTTP/1.1 GET http://localhost:5095/api/CLBlog/get-all-blogs?pageSize=5&pageNumber=8&sorting=g01F02%20DESC - - - 200 54 application/json;+charset=utf-8 3.6552ms
2025-04-14 10:18:04.0637 | INFO | Microsoft.AspNetCore.Hosting.Diagnostics | Request starting HTTP/1.1 GET http://localhost:5095/api/CLBlog/get-all-blogs?pageSize=5&pageNumber=9&sorting=g01F02%20DESC - -
2025-04-14 10:18:04.0637 | INFO | Microsoft.AspNetCore.Cors.Infrastructure.CorsService | CORS policy execution successful.
2025-04-14 10:18:04.0637 | INFO | Microsoft.AspNetCore.Routing.EndpointMiddleware | Executing endpoint 'BlogManagementSystem.Controllers.CLBlogController.GetAllBlogs (BlogManagementSystem)'
2025-04-14 10:18:04.0637 | INFO | Microsoft.AspNetCore.Mvc.Infrastructure.ControllerActionInvoker | Route matched with {action = "GetAllBlogs", controller = "CLBlog"}. Executing controller action with signature Microsoft.AspNetCore.Mvc.IActionResult GetAllBlogs(Int32, Int32, System.String) on controller BlogManagementSystem.Controllers.CLBlogController (BlogManagementSystem).
2025-04-14 10:18:04.0637 | INFO | BlogManagementSystem.Filters.LogActionFilter | Executing action: BlogManagementSystem.Controllers.CLBlogController.GetAllBlogs (BlogManagementSystem)
2025-04-14 10:18:04.0637 | INFO | BlogManagementSystem.Controllers.CLBlogController | Fetching all blog posts.
2025-04-14 10:18:04.0637 | INFO | BlogManagementSystem.Filters.LogActionFilter | Action executed successfully: BlogManagementSystem.Controllers.CLBlogController.GetAllBlogs (BlogManagementSystem)
2025-04-14 10:18:04.0637 | INFO | Microsoft.AspNetCore.Mvc.Infrastructure.ObjectResultExecutor | Executing OkObjectResult, writing value of type 'BlogManagementSystem.Models.Response'.
2025-04-14 10:18:04.0637 | INFO | Microsoft.AspNetCore.Mvc.Infrastructure.ControllerActionInvoker | Executed action BlogManagementSystem.Controllers.CLBlogController.GetAllBlogs (BlogManagementSystem) in 3.3596ms
2025-04-14 10:18:04.0637 | INFO | Microsoft.AspNetCore.Routing.EndpointMiddleware | Executed endpoint 'BlogManagementSystem.Controllers.CLBlogController.GetAllBlogs (BlogManagementSystem)'
2025-04-14 10:18:04.0637 | INFO | Microsoft.AspNetCore.Hosting.Diagnostics | Request finished HTTP/1.1 GET http://localhost:5095/api/CLBlog/get-all-blogs?pageSize=5&pageNumber=9&sorting=g01F02%20DESC - - - 200 54 application/json;+charset=utf-8 3.9938ms
2025-04-14 10:18:04.3127 | INFO | Microsoft.AspNetCore.Hosting.Diagnostics | Request starting HTTP/1.1 GET http://localhost:5095/api/CLBlog/get-all-blogs?pageSize=5&pageNumber=10&sorting=g01F02%20DESC - -
2025-04-14 10:18:04.3127 | INFO | Microsoft.AspNetCore.Cors.Infrastructure.CorsService | CORS policy execution successful.
2025-04-14 10:18:04.3127 | INFO | Microsoft.AspNetCore.Routing.EndpointMiddleware | Executing endpoint 'BlogManagementSystem.Controllers.CLBlogController.GetAllBlogs (BlogManagementSystem)'
2025-04-14 10:18:04.3127 | INFO | Microsoft.AspNetCore.Mvc.Infrastructure.ControllerActionInvoker | Route matched with {action = "GetAllBlogs", controller = "CLBlog"}. Executing controller action with signature Microsoft.AspNetCore.Mvc.IActionResult GetAllBlogs(Int32, Int32, System.String) on controller BlogManagementSystem.Controllers.CLBlogController (BlogManagementSystem).
2025-04-14 10:18:04.3127 | INFO | BlogManagementSystem.Filters.LogActionFilter | Executing action: BlogManagementSystem.Controllers.CLBlogController.GetAllBlogs (BlogManagementSystem)
2025-04-14 10:18:04.3127 | INFO | BlogManagementSystem.Controllers.CLBlogController | Fetching all blog posts.
2025-04-14 10:18:04.3127 | INFO | BlogManagementSystem.Filters.LogActionFilter | Action executed successfully: BlogManagementSystem.Controllers.CLBlogController.GetAllBlogs (BlogManagementSystem)
2025-04-14 10:18:04.3127 | INFO | Microsoft.AspNetCore.Mvc.Infrastructure.ObjectResultExecutor | Executing OkObjectResult, writing value of type 'BlogManagementSystem.Models.Response'.
2025-04-14 10:18:04.3127 | INFO | Microsoft.AspNetCore.Mvc.Infrastructure.ControllerActionInvoker | Executed action BlogManagementSystem.Controllers.CLBlogController.GetAllBlogs (BlogManagementSystem) in 3.8201ms
2025-04-14 10:18:04.3127 | INFO | Microsoft.AspNetCore.Routing.EndpointMiddleware | Executed endpoint 'BlogManagementSystem.Controllers.CLBlogController.GetAllBlogs (BlogManagementSystem)'
2025-04-14 10:18:04.3127 | INFO | Microsoft.AspNetCore.Hosting.Diagnostics | Request finished HTTP/1.1 GET http://localhost:5095/api/CLBlog/get-all-blogs?pageSize=5&pageNumber=10&sorting=g01F02%20DESC - - - 200 54 application/json;+charset=utf-8 4.6462ms
2025-04-14 10:18:04.6879 | INFO | Microsoft.AspNetCore.Hosting.Diagnostics | Request starting HTTP/1.1 GET http://localhost:5095/api/CLBlog/get-all-blogs?pageSize=5&pageNumber=11&sorting=g01F02%20DESC - -
2025-04-14 10:18:04.6879 | INFO | Microsoft.AspNetCore.Cors.Infrastructure.CorsService | CORS policy execution successful.
2025-04-14 10:18:04.6879 | INFO | Microsoft.AspNetCore.Routing.EndpointMiddleware | Executing endpoint 'BlogManagementSystem.Controllers.CLBlogController.GetAllBlogs (BlogManagementSystem)'
2025-04-14 10:18:04.6879 | INFO | Microsoft.AspNetCore.Mvc.Infrastructure.ControllerActionInvoker | Route matched with {action = "GetAllBlogs", controller = "CLBlog"}. Executing controller action with signature Microsoft.AspNetCore.Mvc.IActionResult GetAllBlogs(Int32, Int32, System.String) on controller BlogManagementSystem.Controllers.CLBlogController (BlogManagementSystem).
2025-04-14 10:18:04.6879 | INFO | BlogManagementSystem.Filters.LogActionFilter | Executing action: BlogManagementSystem.Controllers.CLBlogController.GetAllBlogs (BlogManagementSystem)
2025-04-14 10:18:04.6879 | INFO | BlogManagementSystem.Controllers.CLBlogController | Fetching all blog posts.
2025-04-14 10:18:04.6879 | INFO | BlogManagementSystem.Filters.LogActionFilter | Action executed successfully: BlogManagementSystem.Controllers.CLBlogController.GetAllBlogs (BlogManagementSystem)
2025-04-14 10:18:04.6879 | INFO | Microsoft.AspNetCore.Mvc.Infrastructure.ObjectResultExecutor | Executing OkObjectResult, writing value of type 'BlogManagementSystem.Models.Response'.
2025-04-14 10:18:04.6879 | INFO | Microsoft.AspNetCore.Mvc.Infrastructure.ControllerActionInvoker | Executed action BlogManagementSystem.Controllers.CLBlogController.GetAllBlogs (BlogManagementSystem) in 3.2523ms
2025-04-14 10:18:04.6879 | INFO | Microsoft.AspNetCore.Routing.EndpointMiddleware | Executed endpoint 'BlogManagementSystem.Controllers.CLBlogController.GetAllBlogs (BlogManagementSystem)'
2025-04-14 10:18:04.6879 | INFO | Microsoft.AspNetCore.Hosting.Diagnostics | Request finished HTTP/1.1 GET http://localhost:5095/api/CLBlog/get-all-blogs?pageSize=5&pageNumber=11&sorting=g01F02%20DESC - - - 200 54 application/json;+charset=utf-8 3.8294ms
2025-04-14 10:18:05.9036 | INFO | Microsoft.AspNetCore.Hosting.Diagnostics | Request starting HTTP/1.1 GET http://localhost:5095/api/CLBlog/get-all-blogs?pageSize=5&pageNumber=12&sorting=g01F02%20DESC - -
2025-04-14 10:18:05.9036 | INFO | Microsoft.AspNetCore.Cors.Infrastructure.CorsService | CORS policy execution successful.
2025-04-14 10:18:05.9036 | INFO | Microsoft.AspNetCore.Routing.EndpointMiddleware | Executing endpoint 'BlogManagementSystem.Controllers.CLBlogController.GetAllBlogs (BlogManagementSystem)'
2025-04-14 10:18:05.9036 | INFO | Microsoft.AspNetCore.Mvc.Infrastructure.ControllerActionInvoker | Route matched with {action = "GetAllBlogs", controller = "CLBlog"}. Executing controller action with signature Microsoft.AspNetCore.Mvc.IActionResult GetAllBlogs(Int32, Int32, System.String) on controller BlogManagementSystem.Controllers.CLBlogController (BlogManagementSystem).
2025-04-14 10:18:05.9036 | INFO | BlogManagementSystem.Filters.LogActionFilter | Executing action: BlogManagementSystem.Controllers.CLBlogController.GetAllBlogs (BlogManagementSystem)
2025-04-14 10:18:05.9036 | INFO | BlogManagementSystem.Controllers.CLBlogController | Fetching all blog posts.
2025-04-14 10:18:05.9036 | INFO | BlogManagementSystem.Filters.LogActionFilter | Action executed successfully: BlogManagementSystem.Controllers.CLBlogController.GetAllBlogs (BlogManagementSystem)
2025-04-14 10:18:05.9036 | INFO | Microsoft.AspNetCore.Mvc.Infrastructure.ObjectResultExecutor | Executing OkObjectResult, writing value of type 'BlogManagementSystem.Models.Response'.
2025-04-14 10:18:05.9036 | INFO | Microsoft.AspNetCore.Mvc.Infrastructure.ControllerActionInvoker | Executed action BlogManagementSystem.Controllers.CLBlogController.GetAllBlogs (BlogManagementSystem) in 3.1514ms
2025-04-14 10:18:05.9036 | INFO | Microsoft.AspNetCore.Routing.EndpointMiddleware | Executed endpoint 'BlogManagementSystem.Controllers.CLBlogController.GetAllBlogs (BlogManagementSystem)'
2025-04-14 10:18:05.9036 | INFO | Microsoft.AspNetCore.Hosting.Diagnostics | Request finished HTTP/1.1 GET http://localhost:5095/api/CLBlog/get-all-blogs?pageSize=5&pageNumber=12&sorting=g01F02%20DESC - - - 200 54 application/json;+charset=utf-8 3.7414ms
2025-04-14 10:18:06.2958 | INFO | Microsoft.AspNetCore.Hosting.Diagnostics | Request starting HTTP/1.1 GET http://localhost:5095/api/CLBlog/get-all-blogs?pageSize=5&pageNumber=13&sorting=g01F02%20DESC - -
2025-04-14 10:18:06.2958 | INFO | Microsoft.AspNetCore.Cors.Infrastructure.CorsService | CORS policy execution successful.
2025-04-14 10:18:06.2958 | INFO | Microsoft.AspNetCore.Routing.EndpointMiddleware | Executing endpoint 'BlogManagementSystem.Controllers.CLBlogController.GetAllBlogs (BlogManagementSystem)'
2025-04-14 10:18:06.2958 | INFO | Microsoft.AspNetCore.Mvc.Infrastructure.ControllerActionInvoker | Route matched with {action = "GetAllBlogs", controller = "CLBlog"}. Executing controller action with signature Microsoft.AspNetCore.Mvc.IActionResult GetAllBlogs(Int32, Int32, System.String) on controller BlogManagementSystem.Controllers.CLBlogController (BlogManagementSystem).
2025-04-14 10:18:06.2958 | INFO | BlogManagementSystem.Filters.LogActionFilter | Executing action: BlogManagementSystem.Controllers.CLBlogController.GetAllBlogs (BlogManagementSystem)
2025-04-14 10:18:06.2958 | INFO | BlogManagementSystem.Controllers.CLBlogController | Fetching all blog posts.
2025-04-14 10:18:06.2958 | INFO | BlogManagementSystem.Filters.LogActionFilter | Action executed successfully: BlogManagementSystem.Controllers.CLBlogController.GetAllBlogs (BlogManagementSystem)
2025-04-14 10:18:06.2958 | INFO | Microsoft.AspNetCore.Mvc.Infrastructure.ObjectResultExecutor | Executing OkObjectResult, writing value of type 'BlogManagementSystem.Models.Response'.
2025-04-14 10:18:06.2958 | INFO | Microsoft.AspNetCore.Mvc.Infrastructure.ControllerActionInvoker | Executed action BlogManagementSystem.Controllers.CLBlogController.GetAllBlogs (BlogManagementSystem) in 3.7456ms
2025-04-14 10:18:06.2958 | INFO | Microsoft.AspNetCore.Routing.EndpointMiddleware | Executed endpoint 'BlogManagementSystem.Controllers.CLBlogController.GetAllBlogs (BlogManagementSystem)'
2025-04-14 10:18:06.2958 | INFO | Microsoft.AspNetCore.Hosting.Diagnostics | Request finished HTTP/1.1 GET http://localhost:5095/api/CLBlog/get-all-blogs?pageSize=5&pageNumber=13&sorting=g01F02%20DESC - - - 200 54 application/json;+charset=utf-8 4.3260ms
2025-04-14 10:18:06.5116 | INFO | Microsoft.AspNetCore.Hosting.Diagnostics | Request starting HTTP/1.1 GET http://localhost:5095/api/CLBlog/get-all-blogs?pageSize=5&pageNumber=14&sorting=g01F02%20DESC - -
2025-04-14 10:18:06.5116 | INFO | Microsoft.AspNetCore.Cors.Infrastructure.CorsService | CORS policy execution successful.
2025-04-14 10:18:06.5116 | INFO | Microsoft.AspNetCore.Routing.EndpointMiddleware | Executing endpoint 'BlogManagementSystem.Controllers.CLBlogController.GetAllBlogs (BlogManagementSystem)'
2025-04-14 10:18:06.5116 | INFO | Microsoft.AspNetCore.Mvc.Infrastructure.ControllerActionInvoker | Route matched with {action = "GetAllBlogs", controller = "CLBlog"}. Executing controller action with signature Microsoft.AspNetCore.Mvc.IActionResult GetAllBlogs(Int32, Int32, System.String) on controller BlogManagementSystem.Controllers.CLBlogController (BlogManagementSystem).
2025-04-14 10:18:06.5116 | INFO | BlogManagementSystem.Filters.LogActionFilter | Executing action: BlogManagementSystem.Controllers.CLBlogController.GetAllBlogs (BlogManagementSystem)
2025-04-14 10:18:06.5116 | INFO | BlogManagementSystem.Controllers.CLBlogController | Fetching all blog posts.
2025-04-14 10:18:06.5116 | INFO | BlogManagementSystem.Filters.LogActionFilter | Action executed successfully: BlogManagementSystem.Controllers.CLBlogController.GetAllBlogs (BlogManagementSystem)
2025-04-14 10:18:06.5116 | INFO | Microsoft.AspNetCore.Mvc.Infrastructure.ObjectResultExecutor | Executing OkObjectResult, writing value of type 'BlogManagementSystem.Models.Response'.
2025-04-14 10:18:06.5116 | INFO | Microsoft.AspNetCore.Mvc.Infrastructure.ControllerActionInvoker | Executed action BlogManagementSystem.Controllers.CLBlogController.GetAllBlogs (BlogManagementSystem) in 3.1377ms
2025-04-14 10:18:06.5116 | INFO | Microsoft.AspNetCore.Routing.EndpointMiddleware | Executed endpoint 'BlogManagementSystem.Controllers.CLBlogController.GetAllBlogs (BlogManagementSystem)'
2025-04-14 10:18:06.5116 | INFO | Microsoft.AspNetCore.Hosting.Diagnostics | Request finished HTTP/1.1 GET http://localhost:5095/api/CLBlog/get-all-blogs?pageSize=5&pageNumber=14&sorting=g01F02%20DESC - - - 200 54 application/json;+charset=utf-8 3.6668ms
2025-04-14 10:18:06.7275 | INFO | Microsoft.AspNetCore.Hosting.Diagnostics | Request starting HTTP/1.1 GET http://localhost:5095/api/CLBlog/get-all-blogs?pageSize=5&pageNumber=15&sorting=g01F02%20DESC - -
2025-04-14 10:18:06.7275 | INFO | Microsoft.AspNetCore.Cors.Infrastructure.CorsService | CORS policy execution successful.
2025-04-14 10:18:06.7275 | INFO | Microsoft.AspNetCore.Routing.EndpointMiddleware | Executing endpoint 'BlogManagementSystem.Controllers.CLBlogController.GetAllBlogs (BlogManagementSystem)'
2025-04-14 10:18:06.7275 | INFO | Microsoft.AspNetCore.Mvc.Infrastructure.ControllerActionInvoker | Route matched with {action = "GetAllBlogs", controller = "CLBlog"}. Executing controller action with signature Microsoft.AspNetCore.Mvc.IActionResult GetAllBlogs(Int32, Int32, System.String) on controller BlogManagementSystem.Controllers.CLBlogController (BlogManagementSystem).
2025-04-14 10:18:06.7275 | INFO | BlogManagementSystem.Filters.LogActionFilter | Executing action: BlogManagementSystem.Controllers.CLBlogController.GetAllBlogs (BlogManagementSystem)
2025-04-14 10:18:06.7275 | INFO | BlogManagementSystem.Controllers.CLBlogController | Fetching all blog posts.
2025-04-14 10:18:06.7275 | INFO | BlogManagementSystem.Filters.LogActionFilter | Action executed successfully: BlogManagementSystem.Controllers.CLBlogController.GetAllBlogs (BlogManagementSystem)
2025-04-14 10:18:06.7275 | INFO | Microsoft.AspNetCore.Mvc.Infrastructure.ObjectResultExecutor | Executing OkObjectResult, writing value of type 'BlogManagementSystem.Models.Response'.
2025-04-14 10:18:06.7275 | INFO | Microsoft.AspNetCore.Mvc.Infrastructure.ControllerActionInvoker | Executed action BlogManagementSystem.Controllers.CLBlogController.GetAllBlogs (BlogManagementSystem) in 3.2052ms
2025-04-14 10:18:06.7275 | INFO | Microsoft.AspNetCore.Routing.EndpointMiddleware | Executed endpoint 'BlogManagementSystem.Controllers.CLBlogController.GetAllBlogs (BlogManagementSystem)'
2025-04-14 10:18:06.7275 | INFO | Microsoft.AspNetCore.Hosting.Diagnostics | Request finished HTTP/1.1 GET http://localhost:5095/api/CLBlog/get-all-blogs?pageSize=5&pageNumber=15&sorting=g01F02%20DESC - - - 200 54 application/json;+charset=utf-8 3.8137ms
2025-04-14 10:18:06.9437 | INFO | Microsoft.AspNetCore.Hosting.Diagnostics | Request starting HTTP/1.1 GET http://localhost:5095/api/CLBlog/get-all-blogs?pageSize=5&pageNumber=16&sorting=g01F02%20DESC - -
2025-04-14 10:18:06.9437 | INFO | Microsoft.AspNetCore.Cors.Infrastructure.CorsService | CORS policy execution successful.
2025-04-14 10:18:06.9437 | INFO | Microsoft.AspNetCore.Routing.EndpointMiddleware | Executing endpoint 'BlogManagementSystem.Controllers.CLBlogController.GetAllBlogs (BlogManagementSystem)'
2025-04-14 10:18:06.9437 | INFO | Microsoft.AspNetCore.Mvc.Infrastructure.ControllerActionInvoker | Route matched with {action = "GetAllBlogs", controller = "CLBlog"}. Executing controller action with signature Microsoft.AspNetCore.Mvc.IActionResult GetAllBlogs(Int32, Int32, System.String) on controller BlogManagementSystem.Controllers.CLBlogController (BlogManagementSystem).
2025-04-14 10:18:06.9437 | INFO | BlogManagementSystem.Filters.LogActionFilter | Executing action: BlogManagementSystem.Controllers.CLBlogController.GetAllBlogs (BlogManagementSystem)
2025-04-14 10:18:06.9437 | INFO | BlogManagementSystem.Controllers.CLBlogController | Fetching all blog posts.
2025-04-14 10:18:06.9469 | INFO | BlogManagementSystem.Filters.LogActionFilter | Action executed successfully: BlogManagementSystem.Controllers.CLBlogController.GetAllBlogs (BlogManagementSystem)
2025-04-14 10:18:06.9469 | INFO | Microsoft.AspNetCore.Mvc.Infrastructure.ObjectResultExecutor | Executing OkObjectResult, writing value of type 'BlogManagementSystem.Models.Response'.
2025-04-14 10:18:06.9469 | INFO | Microsoft.AspNetCore.Mvc.Infrastructure.ControllerActionInvoker | Executed action BlogManagementSystem.Controllers.CLBlogController.GetAllBlogs (BlogManagementSystem) in 3.0184ms
2025-04-14 10:18:06.9469 | INFO | Microsoft.AspNetCore.Routing.EndpointMiddleware | Executed endpoint 'BlogManagementSystem.Controllers.CLBlogController.GetAllBlogs (BlogManagementSystem)'
2025-04-14 10:18:06.9469 | INFO | Microsoft.AspNetCore.Hosting.Diagnostics | Request finished HTTP/1.1 GET http://localhost:5095/api/CLBlog/get-all-blogs?pageSize=5&pageNumber=16&sorting=g01F02%20DESC - - - 200 54 application/json;+charset=utf-8 3.6371ms
2025-04-14 10:18:07.1517 | INFO | Microsoft.AspNetCore.Hosting.Diagnostics | Request starting HTTP/1.1 GET http://localhost:5095/api/CLBlog/get-all-blogs?pageSize=5&pageNumber=17&sorting=g01F02%20DESC - -
2025-04-14 10:18:07.1517 | INFO | Microsoft.AspNetCore.Cors.Infrastructure.CorsService | CORS policy execution successful.
2025-04-14 10:18:07.1517 | INFO | Microsoft.AspNetCore.Routing.EndpointMiddleware | Executing endpoint 'BlogManagementSystem.Controllers.CLBlogController.GetAllBlogs (BlogManagementSystem)'
2025-04-14 10:18:07.1517 | INFO | Microsoft.AspNetCore.Mvc.Infrastructure.ControllerActionInvoker | Route matched with {action = "GetAllBlogs", controller = "CLBlog"}. Executing controller action with signature Microsoft.AspNetCore.Mvc.IActionResult GetAllBlogs(Int32, Int32, System.String) on controller BlogManagementSystem.Controllers.CLBlogController (BlogManagementSystem).
2025-04-14 10:18:07.1517 | INFO | BlogManagementSystem.Filters.LogActionFilter | Executing action: BlogManagementSystem.Controllers.CLBlogController.GetAllBlogs (BlogManagementSystem)
2025-04-14 10:18:07.1517 | INFO | BlogManagementSystem.Controllers.CLBlogController | Fetching all blog posts.
2025-04-14 10:18:07.1517 | INFO | BlogManagementSystem.Filters.LogActionFilter | Action executed successfully: BlogManagementSystem.Controllers.CLBlogController.GetAllBlogs (BlogManagementSystem)
2025-04-14 10:18:07.1517 | INFO | Microsoft.AspNetCore.Mvc.Infrastructure.ObjectResultExecutor | Executing OkObjectResult, writing value of type 'BlogManagementSystem.Models.Response'.
2025-04-14 10:18:07.1517 | INFO | Microsoft.AspNetCore.Mvc.Infrastructure.ControllerActionInvoker | Executed action BlogManagementSystem.Controllers.CLBlogController.GetAllBlogs (BlogManagementSystem) in 2.8652ms
2025-04-14 10:18:07.1517 | INFO | Microsoft.AspNetCore.Routing.EndpointMiddleware | Executed endpoint 'BlogManagementSystem.Controllers.CLBlogController.GetAllBlogs (BlogManagementSystem)'
2025-04-14 10:18:07.1517 | INFO | Microsoft.AspNetCore.Hosting.Diagnostics | Request finished HTTP/1.1 GET http://localhost:5095/api/CLBlog/get-all-blogs?pageSize=5&pageNumber=17&sorting=g01F02%20DESC - - - 200 54 application/json;+charset=utf-8 3.3275ms
2025-04-14 10:18:07.3836 | INFO | Microsoft.AspNetCore.Hosting.Diagnostics | Request starting HTTP/1.1 GET http://localhost:5095/api/CLBlog/get-all-blogs?pageSize=5&pageNumber=18&sorting=g01F02%20DESC - -
2025-04-14 10:18:07.3836 | INFO | Microsoft.AspNetCore.Cors.Infrastructure.CorsService | CORS policy execution successful.
2025-04-14 10:18:07.3836 | INFO | Microsoft.AspNetCore.Routing.EndpointMiddleware | Executing endpoint 'BlogManagementSystem.Controllers.CLBlogController.GetAllBlogs (BlogManagementSystem)'
2025-04-14 10:18:07.3836 | INFO | Microsoft.AspNetCore.Mvc.Infrastructure.ControllerActionInvoker | Route matched with {action = "GetAllBlogs", controller = "CLBlog"}. Executing controller action with signature Microsoft.AspNetCore.Mvc.IActionResult GetAllBlogs(Int32, Int32, System.String) on controller BlogManagementSystem.Controllers.CLBlogController (BlogManagementSystem).
2025-04-14 10:18:07.3836 | INFO | BlogManagementSystem.Filters.LogActionFilter | Executing action: BlogManagementSystem.Controllers.CLBlogController.GetAllBlogs (BlogManagementSystem)
2025-04-14 10:18:07.3836 | INFO | BlogManagementSystem.Controllers.CLBlogController | Fetching all blog posts.
2025-04-14 10:18:07.3836 | INFO | BlogManagementSystem.Filters.LogActionFilter | Action executed successfully: BlogManagementSystem.Controllers.CLBlogController.GetAllBlogs (BlogManagementSystem)
2025-04-14 10:18:07.3836 | INFO | Microsoft.AspNetCore.Mvc.Infrastructure.ObjectResultExecutor | Executing OkObjectResult, writing value of type 'BlogManagementSystem.Models.Response'.
2025-04-14 10:18:07.3836 | INFO | Microsoft.AspNetCore.Mvc.Infrastructure.ControllerActionInvoker | Executed action BlogManagementSystem.Controllers.CLBlogController.GetAllBlogs (BlogManagementSystem) in 3.0613ms
2025-04-14 10:18:07.3836 | INFO | Microsoft.AspNetCore.Routing.EndpointMiddleware | Executed endpoint 'BlogManagementSystem.Controllers.CLBlogController.GetAllBlogs (BlogManagementSystem)'
2025-04-14 10:18:07.3836 | INFO | Microsoft.AspNetCore.Hosting.Diagnostics | Request finished HTTP/1.1 GET http://localhost:5095/api/CLBlog/get-all-blogs?pageSize=5&pageNumber=18&sorting=g01F02%20DESC - - - 200 54 application/json;+charset=utf-8 3.6125ms
2025-04-14 10:18:07.6154 | INFO | Microsoft.AspNetCore.Hosting.Diagnostics | Request starting HTTP/1.1 GET http://localhost:5095/api/CLBlog/get-all-blogs?pageSize=5&pageNumber=19&sorting=g01F02%20DESC - -
2025-04-14 10:18:07.6154 | INFO | Microsoft.AspNetCore.Cors.Infrastructure.CorsService | CORS policy execution successful.
2025-04-14 10:18:07.6154 | INFO | Microsoft.AspNetCore.Routing.EndpointMiddleware | Executing endpoint 'BlogManagementSystem.Controllers.CLBlogController.GetAllBlogs (BlogManagementSystem)'
2025-04-14 10:18:07.6154 | INFO | Microsoft.AspNetCore.Mvc.Infrastructure.ControllerActionInvoker | Route matched with {action = "GetAllBlogs", controller = "CLBlog"}. Executing controller action with signature Microsoft.AspNetCore.Mvc.IActionResult GetAllBlogs(Int32, Int32, System.String) on controller BlogManagementSystem.Controllers.CLBlogController (BlogManagementSystem).
2025-04-14 10:18:07.6154 | INFO | BlogManagementSystem.Filters.LogActionFilter | Executing action: BlogManagementSystem.Controllers.CLBlogController.GetAllBlogs (BlogManagementSystem)
2025-04-14 10:18:07.6154 | INFO | BlogManagementSystem.Controllers.CLBlogController | Fetching all blog posts.
2025-04-14 10:18:07.6186 | INFO | BlogManagementSystem.Filters.LogActionFilter | Action executed successfully: BlogManagementSystem.Controllers.CLBlogController.GetAllBlogs (BlogManagementSystem)
2025-04-14 10:18:07.6186 | INFO | Microsoft.AspNetCore.Mvc.Infrastructure.ObjectResultExecutor | Executing OkObjectResult, writing value of type 'BlogManagementSystem.Models.Response'.
2025-04-14 10:18:07.6186 | INFO | Microsoft.AspNetCore.Mvc.Infrastructure.ControllerActionInvoker | Executed action BlogManagementSystem.Controllers.CLBlogController.GetAllBlogs (BlogManagementSystem) in 3.1507ms
2025-04-14 10:18:07.6186 | INFO | Microsoft.AspNetCore.Routing.EndpointMiddleware | Executed endpoint 'BlogManagementSystem.Controllers.CLBlogController.GetAllBlogs (BlogManagementSystem)'
2025-04-14 10:18:07.6186 | INFO | Microsoft.AspNetCore.Hosting.Diagnostics | Request finished HTTP/1.1 GET http://localhost:5095/api/CLBlog/get-all-blogs?pageSize=5&pageNumber=19&sorting=g01F02%20DESC - - - 200 54 application/json;+charset=utf-8 3.7042ms
2025-04-14 10:18:07.8316 | INFO | Microsoft.AspNetCore.Hosting.Diagnostics | Request starting HTTP/1.1 GET http://localhost:5095/api/CLBlog/get-all-blogs?pageSize=5&pageNumber=20&sorting=g01F02%20DESC - -
2025-04-14 10:18:07.8316 | INFO | Microsoft.AspNetCore.Cors.Infrastructure.CorsService | CORS policy execution successful.
2025-04-14 10:18:07.8316 | INFO | Microsoft.AspNetCore.Routing.EndpointMiddleware | Executing endpoint 'BlogManagementSystem.Controllers.CLBlogController.GetAllBlogs (BlogManagementSystem)'
2025-04-14 10:18:07.8316 | INFO | Microsoft.AspNetCore.Mvc.Infrastructure.ControllerActionInvoker | Route matched with {action = "GetAllBlogs", controller = "CLBlog"}. Executing controller action with signature Microsoft.AspNetCore.Mvc.IActionResult GetAllBlogs(Int32, Int32, System.String) on controller BlogManagementSystem.Controllers.CLBlogController (BlogManagementSystem).
2025-04-14 10:18:07.8316 | INFO | BlogManagementSystem.Filters.LogActionFilter | Executing action: BlogManagementSystem.Controllers.CLBlogController.GetAllBlogs (BlogManagementSystem)
2025-04-14 10:18:07.8316 | INFO | BlogManagementSystem.Controllers.CLBlogController | Fetching all blog posts.
2025-04-14 10:18:07.8316 | INFO | BlogManagementSystem.Filters.LogActionFilter | Action executed successfully: BlogManagementSystem.Controllers.CLBlogController.GetAllBlogs (BlogManagementSystem)
2025-04-14 10:18:07.8316 | INFO | Microsoft.AspNetCore.Mvc.Infrastructure.ObjectResultExecutor | Executing OkObjectResult, writing value of type 'BlogManagementSystem.Models.Response'.
2025-04-14 10:18:07.8316 | INFO | Microsoft.AspNetCore.Mvc.Infrastructure.ControllerActionInvoker | Executed action BlogManagementSystem.Controllers.CLBlogController.GetAllBlogs (BlogManagementSystem) in 2.9749ms
2025-04-14 10:18:07.8316 | INFO | Microsoft.AspNetCore.Routing.EndpointMiddleware | Executed endpoint 'BlogManagementSystem.Controllers.CLBlogController.GetAllBlogs (BlogManagementSystem)'
2025-04-14 10:18:07.8316 | INFO | Microsoft.AspNetCore.Hosting.Diagnostics | Request finished HTTP/1.1 GET http://localhost:5095/api/CLBlog/get-all-blogs?pageSize=5&pageNumber=20&sorting=g01F02%20DESC - - - 200 54 application/json;+charset=utf-8 3.5218ms
2025-04-14 10:18:08.0559 | INFO | Microsoft.AspNetCore.Hosting.Diagnostics | Request starting HTTP/1.1 GET http://localhost:5095/api/CLBlog/get-all-blogs?pageSize=5&pageNumber=21&sorting=g01F02%20DESC - -
2025-04-14 10:18:08.0559 | INFO | Microsoft.AspNetCore.Cors.Infrastructure.CorsService | CORS policy execution successful.
2025-04-14 10:18:08.0559 | INFO | Microsoft.AspNetCore.Routing.EndpointMiddleware | Executing endpoint 'BlogManagementSystem.Controllers.CLBlogController.GetAllBlogs (BlogManagementSystem)'
2025-04-14 10:18:08.0559 | INFO | Microsoft.AspNetCore.Mvc.Infrastructure.ControllerActionInvoker | Route matched with {action = "GetAllBlogs", controller = "CLBlog"}. Executing controller action with signature Microsoft.AspNetCore.Mvc.IActionResult GetAllBlogs(Int32, Int32, System.String) on controller BlogManagementSystem.Controllers.CLBlogController (BlogManagementSystem).
2025-04-14 10:18:08.0559 | INFO | BlogManagementSystem.Filters.LogActionFilter | Executing action: BlogManagementSystem.Controllers.CLBlogController.GetAllBlogs (BlogManagementSystem)
2025-04-14 10:18:08.0559 | INFO | BlogManagementSystem.Controllers.CLBlogController | Fetching all blog posts.
2025-04-14 10:18:08.0559 | INFO | BlogManagementSystem.Filters.LogActionFilter | Action executed successfully: BlogManagementSystem.Controllers.CLBlogController.GetAllBlogs (BlogManagementSystem)
2025-04-14 10:18:08.0559 | INFO | Microsoft.AspNetCore.Mvc.Infrastructure.ObjectResultExecutor | Executing OkObjectResult, writing value of type 'BlogManagementSystem.Models.Response'.
2025-04-14 10:18:08.0559 | INFO | Microsoft.AspNetCore.Mvc.Infrastructure.ControllerActionInvoker | Executed action BlogManagementSystem.Controllers.CLBlogController.GetAllBlogs (BlogManagementSystem) in 3.0555ms
2025-04-14 10:18:08.0559 | INFO | Microsoft.AspNetCore.Routing.EndpointMiddleware | Executed endpoint 'BlogManagementSystem.Controllers.CLBlogController.GetAllBlogs (BlogManagementSystem)'
2025-04-14 10:18:08.0559 | INFO | Microsoft.AspNetCore.Hosting.Diagnostics | Request finished HTTP/1.1 GET http://localhost:5095/api/CLBlog/get-all-blogs?pageSize=5&pageNumber=21&sorting=g01F02%20DESC - - - 200 54 application/json;+charset=utf-8 3.6422ms
2025-04-14 10:18:08.2715 | INFO | Microsoft.AspNetCore.Hosting.Diagnostics | Request starting HTTP/1.1 GET http://localhost:5095/api/CLBlog/get-all-blogs?pageSize=5&pageNumber=22&sorting=g01F02%20DESC - -
2025-04-14 10:18:08.2715 | INFO | Microsoft.AspNetCore.Cors.Infrastructure.CorsService | CORS policy execution successful.
2025-04-14 10:18:08.2715 | INFO | Microsoft.AspNetCore.Routing.EndpointMiddleware | Executing endpoint 'BlogManagementSystem.Controllers.CLBlogController.GetAllBlogs (BlogManagementSystem)'
2025-04-14 10:18:08.2715 | INFO | Microsoft.AspNetCore.Mvc.Infrastructure.ControllerActionInvoker | Route matched with {action = "GetAllBlogs", controller = "CLBlog"}. Executing controller action with signature Microsoft.AspNetCore.Mvc.IActionResult GetAllBlogs(Int32, Int32, System.String) on controller BlogManagementSystem.Controllers.CLBlogController (BlogManagementSystem).
2025-04-14 10:18:08.2715 | INFO | BlogManagementSystem.Filters.LogActionFilter | Executing action: BlogManagementSystem.Controllers.CLBlogController.GetAllBlogs (BlogManagementSystem)
2025-04-14 10:18:08.2715 | INFO | BlogManagementSystem.Controllers.CLBlogController | Fetching all blog posts.
2025-04-14 10:18:08.2746 | INFO | BlogManagementSystem.Filters.LogActionFilter | Action executed successfully: BlogManagementSystem.Controllers.CLBlogController.GetAllBlogs (BlogManagementSystem)
2025-04-14 10:18:08.2746 | INFO | Microsoft.AspNetCore.Mvc.Infrastructure.ObjectResultExecutor | Executing OkObjectResult, writing value of type 'BlogManagementSystem.Models.Response'.
2025-04-14 10:18:08.2746 | INFO | Microsoft.AspNetCore.Mvc.Infrastructure.ControllerActionInvoker | Executed action BlogManagementSystem.Controllers.CLBlogController.GetAllBlogs (BlogManagementSystem) in 2.9347ms
2025-04-14 10:18:08.2746 | INFO | Microsoft.AspNetCore.Routing.EndpointMiddleware | Executed endpoint 'BlogManagementSystem.Controllers.CLBlogController.GetAllBlogs (BlogManagementSystem)'
2025-04-14 10:18:08.2746 | INFO | Microsoft.AspNetCore.Hosting.Diagnostics | Request finished HTTP/1.1 GET http://localhost:5095/api/CLBlog/get-all-blogs?pageSize=5&pageNumber=22&sorting=g01F02%20DESC - - - 200 54 application/json;+charset=utf-8 3.5072ms
2025-04-14 10:18:08.5038 | INFO | Microsoft.AspNetCore.Hosting.Diagnostics | Request starting HTTP/1.1 GET http://localhost:5095/api/CLBlog/get-all-blogs?pageSize=5&pageNumber=23&sorting=g01F02%20DESC - -
2025-04-14 10:18:08.5038 | INFO | Microsoft.AspNetCore.Cors.Infrastructure.CorsService | CORS policy execution successful.
2025-04-14 10:18:08.5038 | INFO | Microsoft.AspNetCore.Routing.EndpointMiddleware | Executing endpoint 'BlogManagementSystem.Controllers.CLBlogController.GetAllBlogs (BlogManagementSystem)'
2025-04-14 10:18:08.5038 | INFO | Microsoft.AspNetCore.Mvc.Infrastructure.ControllerActionInvoker | Route matched with {action = "GetAllBlogs", controller = "CLBlog"}. Executing controller action with signature Microsoft.AspNetCore.Mvc.IActionResult GetAllBlogs(Int32, Int32, System.String) on controller BlogManagementSystem.Controllers.CLBlogController (BlogManagementSystem).
2025-04-14 10:18:08.5038 | INFO | BlogManagementSystem.Filters.LogActionFilter | Executing action: BlogManagementSystem.Controllers.CLBlogController.GetAllBlogs (BlogManagementSystem)
2025-04-14 10:18:08.5038 | INFO | BlogManagementSystem.Controllers.CLBlogController | Fetching all blog posts.
2025-04-14 10:18:08.5038 | INFO | BlogManagementSystem.Filters.LogActionFilter | Action executed successfully: BlogManagementSystem.Controllers.CLBlogController.GetAllBlogs (BlogManagementSystem)
2025-04-14 10:18:08.5038 | INFO | Microsoft.AspNetCore.Mvc.Infrastructure.ObjectResultExecutor | Executing OkObjectResult, writing value of type 'BlogManagementSystem.Models.Response'.
2025-04-14 10:18:08.5038 | INFO | Microsoft.AspNetCore.Mvc.Infrastructure.ControllerActionInvoker | Executed action BlogManagementSystem.Controllers.CLBlogController.GetAllBlogs (BlogManagementSystem) in 2.8672ms
2025-04-14 10:18:08.5038 | INFO | Microsoft.AspNetCore.Routing.EndpointMiddleware | Executed endpoint 'BlogManagementSystem.Controllers.CLBlogController.GetAllBlogs (BlogManagementSystem)'
2025-04-14 10:18:08.5038 | INFO | Microsoft.AspNetCore.Hosting.Diagnostics | Request finished HTTP/1.1 GET http://localhost:5095/api/CLBlog/get-all-blogs?pageSize=5&pageNumber=23&sorting=g01F02%20DESC - - - 200 54 application/json;+charset=utf-8 3.3683ms
2025-04-14 10:18:08.6957 | INFO | Microsoft.AspNetCore.Hosting.Diagnostics | Request starting HTTP/1.1 GET http://localhost:5095/api/CLBlog/get-all-blogs?pageSize=5&pageNumber=24&sorting=g01F02%20DESC - -
2025-04-14 10:18:08.6957 | INFO | Microsoft.AspNetCore.Cors.Infrastructure.CorsService | CORS policy execution successful.
2025-04-14 10:18:08.6957 | INFO | Microsoft.AspNetCore.Routing.EndpointMiddleware | Executing endpoint 'BlogManagementSystem.Controllers.CLBlogController.GetAllBlogs (BlogManagementSystem)'
2025-04-14 10:18:08.6957 | INFO | Microsoft.AspNetCore.Mvc.Infrastructure.ControllerActionInvoker | Route matched with {action = "GetAllBlogs", controller = "CLBlog"}. Executing controller action with signature Microsoft.AspNetCore.Mvc.IActionResult GetAllBlogs(Int32, Int32, System.String) on controller BlogManagementSystem.Controllers.CLBlogController (BlogManagementSystem).
2025-04-14 10:18:08.6957 | INFO | BlogManagementSystem.Filters.LogActionFilter | Executing action: BlogManagementSystem.Controllers.CLBlogController.GetAllBlogs (BlogManagementSystem)
2025-04-14 10:18:08.6957 | INFO | BlogManagementSystem.Controllers.CLBlogController | Fetching all blog posts.
2025-04-14 10:18:08.6957 | INFO | BlogManagementSystem.Filters.LogActionFilter | Action executed successfully: BlogManagementSystem.Controllers.CLBlogController.GetAllBlogs (BlogManagementSystem)
2025-04-14 10:18:08.6957 | INFO | Microsoft.AspNetCore.Mvc.Infrastructure.ObjectResultExecutor | Executing OkObjectResult, writing value of type 'BlogManagementSystem.Models.Response'.
2025-04-14 10:18:08.6957 | INFO | Microsoft.AspNetCore.Mvc.Infrastructure.ControllerActionInvoker | Executed action BlogManagementSystem.Controllers.CLBlogController.GetAllBlogs (BlogManagementSystem) in 2.9867ms
2025-04-14 10:18:08.6957 | INFO | Microsoft.AspNetCore.Routing.EndpointMiddleware | Executed endpoint 'BlogManagementSystem.Controllers.CLBlogController.GetAllBlogs (BlogManagementSystem)'
2025-04-14 10:18:08.6957 | INFO | Microsoft.AspNetCore.Hosting.Diagnostics | Request finished HTTP/1.1 GET http://localhost:5095/api/CLBlog/get-all-blogs?pageSize=5&pageNumber=24&sorting=g01F02%20DESC - - - 200 54 application/json;+charset=utf-8 3.5171ms
2025-04-14 10:21:54.1883 | INFO | Microsoft.AspNetCore.Hosting.Diagnostics | Request starting HTTP/1.1 GET http://localhost:5095/api/CLBlog/get-all-blogs?pageSize=5&pageNumber=1&sorting=g01F02%20DESC - -
2025-04-14 10:21:54.1883 | INFO | Microsoft.AspNetCore.Cors.Infrastructure.CorsService | CORS policy execution successful.
2025-04-14 10:21:54.1883 | INFO | Microsoft.AspNetCore.Routing.EndpointMiddleware | Executing endpoint 'BlogManagementSystem.Controllers.CLBlogController.GetAllBlogs (BlogManagementSystem)'
2025-04-14 10:21:54.1883 | INFO | Microsoft.AspNetCore.Mvc.Infrastructure.ControllerActionInvoker | Route matched with {action = "GetAllBlogs", controller = "CLBlog"}. Executing controller action with signature Microsoft.AspNetCore.Mvc.IActionResult GetAllBlogs(Int32, Int32, System.String) on controller BlogManagementSystem.Controllers.CLBlogController (BlogManagementSystem).
2025-04-14 10:21:54.1883 | INFO | BlogManagementSystem.Filters.LogActionFilter | Executing action: BlogManagementSystem.Controllers.CLBlogController.GetAllBlogs (BlogManagementSystem)
2025-04-14 10:21:54.1883 | INFO | BlogManagementSystem.Controllers.CLBlogController | Fetching all blog posts.
2025-04-14 10:21:54.2071 | INFO | BlogManagementSystem.Filters.LogActionFilter | Action executed successfully: BlogManagementSystem.Controllers.CLBlogController.GetAllBlogs (BlogManagementSystem)
2025-04-14 10:21:54.2071 | INFO | Microsoft.AspNetCore.Mvc.Infrastructure.ObjectResultExecutor | Executing OkObjectResult, writing value of type 'BlogManagementSystem.Models.Response'.
2025-04-14 10:21:54.2071 | INFO | Microsoft.AspNetCore.Mvc.Infrastructure.ControllerActionInvoker | Executed action BlogManagementSystem.Controllers.CLBlogController.GetAllBlogs (BlogManagementSystem) in 18.5562ms
2025-04-14 10:21:54.2071 | INFO | Microsoft.AspNetCore.Routing.EndpointMiddleware | Executed endpoint 'BlogManagementSystem.Controllers.CLBlogController.GetAllBlogs (BlogManagementSystem)'
2025-04-14 10:21:54.2071 | INFO | Microsoft.AspNetCore.Hosting.Diagnostics | Request finished HTTP/1.1 GET http://localhost:5095/api/CLBlog/get-all-blogs?pageSize=5&pageNumber=1&sorting=g01F02%20DESC - - - 200 208 application/json;+charset=utf-8 19.2434ms
2025-04-14 10:22:33.5312 | INFO | Microsoft.AspNetCore.Hosting.Diagnostics | Request starting HTTP/1.1 GET http://localhost:5095/api/CLBlog/get-all-blogs?pageSize=5&pageNumber=1&sorting=g01F02%20DESC - -
2025-04-14 10:22:33.5312 | INFO | Microsoft.AspNetCore.Cors.Infrastructure.CorsService | CORS policy execution successful.
2025-04-14 10:22:33.5312 | INFO | Microsoft.AspNetCore.Routing.EndpointMiddleware | Executing endpoint 'BlogManagementSystem.Controllers.CLBlogController.GetAllBlogs (BlogManagementSystem)'
2025-04-14 10:22:33.5312 | INFO | Microsoft.AspNetCore.Mvc.Infrastructure.ControllerActionInvoker | Route matched with {action = "GetAllBlogs", controller = "CLBlog"}. Executing controller action with signature Microsoft.AspNetCore.Mvc.IActionResult GetAllBlogs(Int32, Int32, System.String) on controller BlogManagementSystem.Controllers.CLBlogController (BlogManagementSystem).
2025-04-14 10:22:33.5312 | INFO | BlogManagementSystem.Filters.LogActionFilter | Executing action: BlogManagementSystem.Controllers.CLBlogController.GetAllBlogs (BlogManagementSystem)
2025-04-14 10:22:33.5312 | INFO | BlogManagementSystem.Controllers.CLBlogController | Fetching all blog posts.
2025-04-14 10:22:33.5312 | INFO | BlogManagementSystem.Filters.LogActionFilter | Action executed successfully: BlogManagementSystem.Controllers.CLBlogController.GetAllBlogs (BlogManagementSystem)
2025-04-14 10:22:33.5312 | INFO | Microsoft.AspNetCore.Mvc.Infrastructure.ObjectResultExecutor | Executing OkObjectResult, writing value of type 'BlogManagementSystem.Models.Response'.
2025-04-14 10:22:33.5312 | INFO | Microsoft.AspNetCore.Mvc.Infrastructure.ControllerActionInvoker | Executed action BlogManagementSystem.Controllers.CLBlogController.GetAllBlogs (BlogManagementSystem) in 3.1859ms
2025-04-14 10:22:33.5312 | INFO | Microsoft.AspNetCore.Routing.EndpointMiddleware | Executed endpoint 'BlogManagementSystem.Controllers.CLBlogController.GetAllBlogs (BlogManagementSystem)'
2025-04-14 10:22:33.5312 | INFO | Microsoft.AspNetCore.Hosting.Diagnostics | Request finished HTTP/1.1 GET http://localhost:5095/api/CLBlog/get-all-blogs?pageSize=5&pageNumber=1&sorting=g01F02%20DESC - - - 200 208 application/json;+charset=utf-8 4.3903ms
2025-04-14 10:22:44.1973 | INFO | Microsoft.AspNetCore.Hosting.Diagnostics | Request starting HTTP/1.1 GET http://localhost:5095/api/CLBlog/get-all-blogs?pageSize=5&pageNumber=1&sorting=g01F02%20DESC - -
2025-04-14 10:22:44.1973 | INFO | Microsoft.AspNetCore.Cors.Infrastructure.CorsService | CORS policy execution successful.
2025-04-14 10:22:44.1973 | INFO | Microsoft.AspNetCore.Routing.EndpointMiddleware | Executing endpoint 'BlogManagementSystem.Controllers.CLBlogController.GetAllBlogs (BlogManagementSystem)'
2025-04-14 10:22:44.1973 | INFO | Microsoft.AspNetCore.Mvc.Infrastructure.ControllerActionInvoker | Route matched with {action = "GetAllBlogs", controller = "CLBlog"}. Executing controller action with signature Microsoft.AspNetCore.Mvc.IActionResult GetAllBlogs(Int32, Int32, System.String) on controller BlogManagementSystem.Controllers.CLBlogController (BlogManagementSystem).
2025-04-14 10:22:44.1973 | INFO | BlogManagementSystem.Filters.LogActionFilter | Executing action: BlogManagementSystem.Controllers.CLBlogController.GetAllBlogs (BlogManagementSystem)
2025-04-14 10:22:44.1973 | INFO | BlogManagementSystem.Controllers.CLBlogController | Fetching all blog posts.
2025-04-14 10:22:44.1973 | INFO | BlogManagementSystem.Filters.LogActionFilter | Action executed successfully: BlogManagementSystem.Controllers.CLBlogController.GetAllBlogs (BlogManagementSystem)
2025-04-14 10:22:44.1973 | INFO | Microsoft.AspNetCore.Mvc.Infrastructure.ObjectResultExecutor | Executing OkObjectResult, writing value of type 'BlogManagementSystem.Models.Response'.
2025-04-14 10:22:44.1973 | INFO | Microsoft.AspNetCore.Mvc.Infrastructure.ControllerActionInvoker | Executed action BlogManagementSystem.Controllers.CLBlogController.GetAllBlogs (BlogManagementSystem) in 3.497ms
2025-04-14 10:22:44.1973 | INFO | Microsoft.AspNetCore.Routing.EndpointMiddleware | Executed endpoint 'BlogManagementSystem.Controllers.CLBlogController.GetAllBlogs (BlogManagementSystem)'
2025-04-14 10:22:44.1973 | INFO | Microsoft.AspNetCore.Hosting.Diagnostics | Request finished HTTP/1.1 GET http://localhost:5095/api/CLBlog/get-all-blogs?pageSize=5&pageNumber=1&sorting=g01F02%20DESC - - - 200 208 application/json;+charset=utf-8 4.2481ms
2025-04-14 10:23:04.9310 | INFO | Microsoft.AspNetCore.Hosting.Diagnostics | Request starting HTTP/1.1 GET http://localhost:5095/api/CLBlog/get-all-blogs?pageSize=5&pageNumber=1&sorting=g01F02%20DESC - -
2025-04-14 10:23:04.9310 | INFO | Microsoft.AspNetCore.Cors.Infrastructure.CorsService | CORS policy execution successful.
2025-04-14 10:23:04.9310 | INFO | Microsoft.AspNetCore.Routing.EndpointMiddleware | Executing endpoint 'BlogManagementSystem.Controllers.CLBlogController.GetAllBlogs (BlogManagementSystem)'
2025-04-14 10:23:04.9310 | INFO | Microsoft.AspNetCore.Mvc.Infrastructure.ControllerActionInvoker | Route matched with {action = "GetAllBlogs", controller = "CLBlog"}. Executing controller action with signature Microsoft.AspNetCore.Mvc.IActionResult GetAllBlogs(Int32, Int32, System.String) on controller BlogManagementSystem.Controllers.CLBlogController (BlogManagementSystem).
2025-04-14 10:23:04.9310 | INFO | BlogManagementSystem.Filters.LogActionFilter | Executing action: BlogManagementSystem.Controllers.CLBlogController.GetAllBlogs (BlogManagementSystem)
2025-04-14 10:23:04.9310 | INFO | BlogManagementSystem.Controllers.CLBlogController | Fetching all blog posts.
2025-04-14 10:23:04.9310 | INFO | BlogManagementSystem.Filters.LogActionFilter | Action executed successfully: BlogManagementSystem.Controllers.CLBlogController.GetAllBlogs (BlogManagementSystem)
2025-04-14 10:23:04.9310 | INFO | Microsoft.AspNetCore.Mvc.Infrastructure.ObjectResultExecutor | Executing OkObjectResult, writing value of type 'BlogManagementSystem.Models.Response'.
2025-04-14 10:23:04.9310 | INFO | Microsoft.AspNetCore.Mvc.Infrastructure.ControllerActionInvoker | Executed action BlogManagementSystem.Controllers.CLBlogController.GetAllBlogs (BlogManagementSystem) in 3.1385ms
2025-04-14 10:23:04.9310 | INFO | Microsoft.AspNetCore.Routing.EndpointMiddleware | Executed endpoint 'BlogManagementSystem.Controllers.CLBlogController.GetAllBlogs (BlogManagementSystem)'
2025-04-14 10:23:04.9310 | INFO | Microsoft.AspNetCore.Hosting.Diagnostics | Request finished HTTP/1.1 GET http://localhost:5095/api/CLBlog/get-all-blogs?pageSize=5&pageNumber=1&sorting=g01F02%20DESC - - - 200 208 application/json;+charset=utf-8 3.7516ms
2025-04-14 10:28:51.4990 | INFO | Microsoft.AspNetCore.Hosting.Diagnostics | Request starting HTTP/1.1 GET http://localhost:5095/api/CLBlog/get-all-blogs?pageSize=5&pageNumber=1&sorting=g01F02%20DESC - -
2025-04-14 10:28:51.4990 | INFO | Microsoft.AspNetCore.Cors.Infrastructure.CorsService | CORS policy execution successful.
2025-04-14 10:28:51.4990 | INFO | Microsoft.AspNetCore.Routing.EndpointMiddleware | Executing endpoint 'BlogManagementSystem.Controllers.CLBlogController.GetAllBlogs (BlogManagementSystem)'
2025-04-14 10:28:51.4990 | INFO | Microsoft.AspNetCore.Mvc.Infrastructure.ControllerActionInvoker | Route matched with {action = "GetAllBlogs", controller = "CLBlog"}. Executing controller action with signature Microsoft.AspNetCore.Mvc.IActionResult GetAllBlogs(Int32, Int32, System.String) on controller BlogManagementSystem.Controllers.CLBlogController (BlogManagementSystem).
2025-04-14 10:28:51.4990 | INFO | BlogManagementSystem.Filters.LogActionFilter | Executing action: BlogManagementSystem.Controllers.CLBlogController.GetAllBlogs (BlogManagementSystem)
2025-04-14 10:28:51.4990 | INFO | BlogManagementSystem.Controllers.CLBlogController | Fetching all blog posts.
2025-04-14 10:28:51.5232 | INFO | BlogManagementSystem.Filters.LogActionFilter | Action executed successfully: BlogManagementSystem.Controllers.CLBlogController.GetAllBlogs (BlogManagementSystem)
2025-04-14 10:28:51.5232 | INFO | Microsoft.AspNetCore.Mvc.Infrastructure.ObjectResultExecutor | Executing OkObjectResult, writing value of type 'BlogManagementSystem.Models.Response'.
2025-04-14 10:28:51.5235 | INFO | Microsoft.AspNetCore.Mvc.Infrastructure.ControllerActionInvoker | Executed action BlogManagementSystem.Controllers.CLBlogController.GetAllBlogs (BlogManagementSystem) in 24.0451ms
2025-04-14 10:28:51.5235 | INFO | Microsoft.AspNetCore.Routing.EndpointMiddleware | Executed endpoint 'BlogManagementSystem.Controllers.CLBlogController.GetAllBlogs (BlogManagementSystem)'
2025-04-14 10:28:51.5235 | INFO | Microsoft.AspNetCore.Hosting.Diagnostics | Request finished HTTP/1.1 GET http://localhost:5095/api/CLBlog/get-all-blogs?pageSize=5&pageNumber=1&sorting=g01F02%20DESC - - - 200 208 application/json;+charset=utf-8 24.5631ms
2025-04-14 10:29:03.8610 | INFO | Microsoft.AspNetCore.Hosting.Diagnostics | Request starting HTTP/1.1 GET http://localhost:5095/api/CLBlog/get-all-blogs?pageSize=5&pageNumber=1&sorting=g01F02%20DESC - -
2025-04-14 10:29:03.8610 | INFO | Microsoft.AspNetCore.Cors.Infrastructure.CorsService | CORS policy execution successful.
2025-04-14 10:29:03.8610 | INFO | Microsoft.AspNetCore.Routing.EndpointMiddleware | Executing endpoint 'BlogManagementSystem.Controllers.CLBlogController.GetAllBlogs (BlogManagementSystem)'
2025-04-14 10:29:03.8610 | INFO | Microsoft.AspNetCore.Mvc.Infrastructure.ControllerActionInvoker | Route matched with {action = "GetAllBlogs", controller = "CLBlog"}. Executing controller action with signature Microsoft.AspNetCore.Mvc.IActionResult GetAllBlogs(Int32, Int32, System.String) on controller BlogManagementSystem.Controllers.CLBlogController (BlogManagementSystem).
2025-04-14 10:29:03.8610 | INFO | BlogManagementSystem.Filters.LogActionFilter | Executing action: BlogManagementSystem.Controllers.CLBlogController.GetAllBlogs (BlogManagementSystem)
2025-04-14 10:29:03.8610 | INFO | BlogManagementSystem.Controllers.CLBlogController | Fetching all blog posts.
2025-04-14 10:29:03.8610 | INFO | BlogManagementSystem.Filters.LogActionFilter | Action executed successfully: BlogManagementSystem.Controllers.CLBlogController.GetAllBlogs (BlogManagementSystem)
2025-04-14 10:29:03.8610 | INFO | Microsoft.AspNetCore.Mvc.Infrastructure.ObjectResultExecutor | Executing OkObjectResult, writing value of type 'BlogManagementSystem.Models.Response'.
2025-04-14 10:29:03.8610 | INFO | Microsoft.AspNetCore.Mvc.Infrastructure.ControllerActionInvoker | Executed action BlogManagementSystem.Controllers.CLBlogController.GetAllBlogs (BlogManagementSystem) in 3.4284ms
2025-04-14 10:29:03.8610 | INFO | Microsoft.AspNetCore.Routing.EndpointMiddleware | Executed endpoint 'BlogManagementSystem.Controllers.CLBlogController.GetAllBlogs (BlogManagementSystem)'
2025-04-14 10:29:03.8610 | INFO | Microsoft.AspNetCore.Hosting.Diagnostics | Request finished HTTP/1.1 GET http://localhost:5095/api/CLBlog/get-all-blogs?pageSize=5&pageNumber=1&sorting=g01F02%20DESC - - - 200 208 application/json;+charset=utf-8 4.4275ms
2025-04-14 10:29:20.0177 | INFO | Microsoft.AspNetCore.Hosting.Diagnostics | Request starting HTTP/1.1 GET http://localhost:5095/api/CLBlog/get-all-blogs?pageSize=5&pageNumber=1&sorting=g01F02%20DESC - -
2025-04-14 10:29:20.0177 | INFO | Microsoft.AspNetCore.Cors.Infrastructure.CorsService | CORS policy execution successful.
2025-04-14 10:29:20.0177 | INFO | Microsoft.AspNetCore.Routing.EndpointMiddleware | Executing endpoint 'BlogManagementSystem.Controllers.CLBlogController.GetAllBlogs (BlogManagementSystem)'
2025-04-14 10:29:20.0177 | INFO | Microsoft.AspNetCore.Mvc.Infrastructure.ControllerActionInvoker | Route matched with {action = "GetAllBlogs", controller = "CLBlog"}. Executing controller action with signature Microsoft.AspNetCore.Mvc.IActionResult GetAllBlogs(Int32, Int32, System.String) on controller BlogManagementSystem.Controllers.CLBlogController (BlogManagementSystem).
2025-04-14 10:29:20.0177 | INFO | BlogManagementSystem.Filters.LogActionFilter | Executing action: BlogManagementSystem.Controllers.CLBlogController.GetAllBlogs (BlogManagementSystem)
2025-04-14 10:29:20.0177 | INFO | BlogManagementSystem.Controllers.CLBlogController | Fetching all blog posts.
2025-04-14 10:29:20.0177 | INFO | BlogManagementSystem.Filters.LogActionFilter | Action executed successfully: BlogManagementSystem.Controllers.CLBlogController.GetAllBlogs (BlogManagementSystem)
2025-04-14 10:29:20.0177 | INFO | Microsoft.AspNetCore.Mvc.Infrastructure.ObjectResultExecutor | Executing OkObjectResult, writing value of type 'BlogManagementSystem.Models.Response'.
2025-04-14 10:29:20.0177 | INFO | Microsoft.AspNetCore.Mvc.Infrastructure.ControllerActionInvoker | Executed action BlogManagementSystem.Controllers.CLBlogController.GetAllBlogs (BlogManagementSystem) in 3.6986ms
2025-04-14 10:29:20.0177 | INFO | Microsoft.AspNetCore.Routing.EndpointMiddleware | Executed endpoint 'BlogManagementSystem.Controllers.CLBlogController.GetAllBlogs (BlogManagementSystem)'
2025-04-14 10:29:20.0177 | INFO | Microsoft.AspNetCore.Hosting.Diagnostics | Request finished HTTP/1.1 GET http://localhost:5095/api/CLBlog/get-all-blogs?pageSize=5&pageNumber=1&sorting=g01F02%20DESC - - - 200 208 application/json;+charset=utf-8 4.7191ms
2025-04-14 10:29:28.3592 | INFO | Microsoft.AspNetCore.Hosting.Diagnostics | Request starting HTTP/1.1 GET http://localhost:5095/api/CLBlog/get-all-blogs?pageSize=5&pageNumber=1&sorting=g01F02%20DESC - -
2025-04-14 10:29:28.3592 | INFO | Microsoft.AspNetCore.Cors.Infrastructure.CorsService | CORS policy execution successful.
2025-04-14 10:29:28.3592 | INFO | Microsoft.AspNetCore.Routing.EndpointMiddleware | Executing endpoint 'BlogManagementSystem.Controllers.CLBlogController.GetAllBlogs (BlogManagementSystem)'
2025-04-14 10:29:28.3592 | INFO | Microsoft.AspNetCore.Mvc.Infrastructure.ControllerActionInvoker | Route matched with {action = "GetAllBlogs", controller = "CLBlog"}. Executing controller action with signature Microsoft.AspNetCore.Mvc.IActionResult GetAllBlogs(Int32, Int32, System.String) on controller BlogManagementSystem.Controllers.CLBlogController (BlogManagementSystem).
2025-04-14 10:29:28.3592 | INFO | BlogManagementSystem.Filters.LogActionFilter | Executing action: BlogManagementSystem.Controllers.CLBlogController.GetAllBlogs (BlogManagementSystem)
2025-04-14 10:29:28.3592 | INFO | BlogManagementSystem.Controllers.CLBlogController | Fetching all blog posts.
2025-04-14 10:29:28.3592 | INFO | BlogManagementSystem.Filters.LogActionFilter | Action executed successfully: BlogManagementSystem.Controllers.CLBlogController.GetAllBlogs (BlogManagementSystem)
2025-04-14 10:29:28.3592 | INFO | Microsoft.AspNetCore.Mvc.Infrastructure.ObjectResultExecutor | Executing OkObjectResult, writing value of type 'BlogManagementSystem.Models.Response'.
2025-04-14 10:29:28.3592 | INFO | Microsoft.AspNetCore.Mvc.Infrastructure.ControllerActionInvoker | Executed action BlogManagementSystem.Controllers.CLBlogController.GetAllBlogs (BlogManagementSystem) in 3.9839ms
2025-04-14 10:29:28.3592 | INFO | Microsoft.AspNetCore.Routing.EndpointMiddleware | Executed endpoint 'BlogManagementSystem.Controllers.CLBlogController.GetAllBlogs (BlogManagementSystem)'
2025-04-14 10:29:28.3592 | INFO | Microsoft.AspNetCore.Hosting.Diagnostics | Request finished HTTP/1.1 GET http://localhost:5095/api/CLBlog/get-all-blogs?pageSize=5&pageNumber=1&sorting=g01F02%20DESC - - - 200 208 application/json;+charset=utf-8 5.0996ms
2025-04-14 10:30:05.4944 | INFO | Microsoft.AspNetCore.Hosting.Diagnostics | Request starting HTTP/1.1 GET http://localhost:5095/api/CLBlog/get-all-blogs?pageSize=5&pageNumber=1&sorting=g01F02%20DESC - -
2025-04-14 10:30:05.4944 | INFO | Microsoft.AspNetCore.Cors.Infrastructure.CorsService | CORS policy execution successful.
2025-04-14 10:30:05.4944 | INFO | Microsoft.AspNetCore.Routing.EndpointMiddleware | Executing endpoint 'BlogManagementSystem.Controllers.CLBlogController.GetAllBlogs (BlogManagementSystem)'
2025-04-14 10:30:05.4944 | INFO | Microsoft.AspNetCore.Mvc.Infrastructure.ControllerActionInvoker | Route matched with {action = "GetAllBlogs", controller = "CLBlog"}. Executing controller action with signature Microsoft.AspNetCore.Mvc.IActionResult GetAllBlogs(Int32, Int32, System.String) on controller BlogManagementSystem.Controllers.CLBlogController (BlogManagementSystem).
2025-04-14 10:30:05.4944 | INFO | BlogManagementSystem.Filters.LogActionFilter | Executing action: BlogManagementSystem.Controllers.CLBlogController.GetAllBlogs (BlogManagementSystem)
2025-04-14 10:30:05.4944 | INFO | BlogManagementSystem.Controllers.CLBlogController | Fetching all blog posts.
2025-04-14 10:30:05.4944 | INFO | BlogManagementSystem.Filters.LogActionFilter | Action executed successfully: BlogManagementSystem.Controllers.CLBlogController.GetAllBlogs (BlogManagementSystem)
2025-04-14 10:30:05.4944 | INFO | Microsoft.AspNetCore.Mvc.Infrastructure.ObjectResultExecutor | Executing OkObjectResult, writing value of type 'BlogManagementSystem.Models.Response'.
2025-04-14 10:30:05.4944 | INFO | Microsoft.AspNetCore.Mvc.Infrastructure.ControllerActionInvoker | Executed action BlogManagementSystem.Controllers.CLBlogController.GetAllBlogs (BlogManagementSystem) in 3.7519ms
2025-04-14 10:30:05.4944 | INFO | Microsoft.AspNetCore.Routing.EndpointMiddleware | Executed endpoint 'BlogManagementSystem.Controllers.CLBlogController.GetAllBlogs (BlogManagementSystem)'
2025-04-14 10:30:05.4944 | INFO | Microsoft.AspNetCore.Hosting.Diagnostics | Request finished HTTP/1.1 GET http://localhost:5095/api/CLBlog/get-all-blogs?pageSize=5&pageNumber=1&sorting=g01F02%20DESC - - - 200 208 application/json;+charset=utf-8 4.2326ms
2025-04-14 10:30:12.2473 | INFO | Microsoft.AspNetCore.Hosting.Diagnostics | Request starting HTTP/1.1 GET http://localhost:5095/api/CLBlog/get-all-blogs?pageSize=5&pageNumber=1&sorting=g01F02%20DESC - -
2025-04-14 10:30:12.2473 | INFO | Microsoft.AspNetCore.Cors.Infrastructure.CorsService | CORS policy execution successful.
2025-04-14 10:30:12.2473 | INFO | Microsoft.AspNetCore.Routing.EndpointMiddleware | Executing endpoint 'BlogManagementSystem.Controllers.CLBlogController.GetAllBlogs (BlogManagementSystem)'
2025-04-14 10:30:12.2473 | INFO | Microsoft.AspNetCore.Mvc.Infrastructure.ControllerActionInvoker | Route matched with {action = "GetAllBlogs", controller = "CLBlog"}. Executing controller action with signature Microsoft.AspNetCore.Mvc.IActionResult GetAllBlogs(Int32, Int32, System.String) on controller BlogManagementSystem.Controllers.CLBlogController (BlogManagementSystem).
2025-04-14 10:30:12.2473 | INFO | BlogManagementSystem.Filters.LogActionFilter | Executing action: BlogManagementSystem.Controllers.CLBlogController.GetAllBlogs (BlogManagementSystem)
2025-04-14 10:30:12.2473 | INFO | BlogManagementSystem.Controllers.CLBlogController | Fetching all blog posts.
2025-04-14 10:30:12.2473 | INFO | BlogManagementSystem.Filters.LogActionFilter | Action executed successfully: BlogManagementSystem.Controllers.CLBlogController.GetAllBlogs (BlogManagementSystem)
2025-04-14 10:30:12.2473 | INFO | Microsoft.AspNetCore.Mvc.Infrastructure.ObjectResultExecutor | Executing OkObjectResult, writing value of type 'BlogManagementSystem.Models.Response'.
2025-04-14 10:30:12.2473 | INFO | Microsoft.AspNetCore.Mvc.Infrastructure.ControllerActionInvoker | Executed action BlogManagementSystem.Controllers.CLBlogController.GetAllBlogs (BlogManagementSystem) in 3.8677ms
2025-04-14 10:30:12.2473 | INFO | Microsoft.AspNetCore.Routing.EndpointMiddleware | Executed endpoint 'BlogManagementSystem.Controllers.CLBlogController.GetAllBlogs (BlogManagementSystem)'
2025-04-14 10:30:12.2473 | INFO | Microsoft.AspNetCore.Hosting.Diagnostics | Request finished HTTP/1.1 GET http://localhost:5095/api/CLBlog/get-all-blogs?pageSize=5&pageNumber=1&sorting=g01F02%20DESC - - - 200 208 application/json;+charset=utf-8 4.4935ms
2025-04-14 10:30:46.8206 | INFO | Microsoft.AspNetCore.Hosting.Diagnostics | Request starting HTTP/1.1 GET http://localhost:5095/api/CLBlog/get-all-blogs?pageSize=5&pageNumber=1&sorting=g01F02%20DESC - -
2025-04-14 10:30:46.8206 | INFO | Microsoft.AspNetCore.Cors.Infrastructure.CorsService | CORS policy execution successful.
2025-04-14 10:30:46.8206 | INFO | Microsoft.AspNetCore.Routing.EndpointMiddleware | Executing endpoint 'BlogManagementSystem.Controllers.CLBlogController.GetAllBlogs (BlogManagementSystem)'
2025-04-14 10:30:46.8206 | INFO | Microsoft.AspNetCore.Mvc.Infrastructure.ControllerActionInvoker | Route matched with {action = "GetAllBlogs", controller = "CLBlog"}. Executing controller action with signature Microsoft.AspNetCore.Mvc.IActionResult GetAllBlogs(Int32, Int32, System.String) on controller BlogManagementSystem.Controllers.CLBlogController (BlogManagementSystem).
2025-04-14 10:30:46.8206 | INFO | BlogManagementSystem.Filters.LogActionFilter | Executing action: BlogManagementSystem.Controllers.CLBlogController.GetAllBlogs (BlogManagementSystem)
2025-04-14 10:30:46.8206 | INFO | BlogManagementSystem.Controllers.CLBlogController | Fetching all blog posts.
2025-04-14 10:30:46.8242 | INFO | BlogManagementSystem.Filters.LogActionFilter | Action executed successfully: BlogManagementSystem.Controllers.CLBlogController.GetAllBlogs (BlogManagementSystem)
2025-04-14 10:30:46.8242 | INFO | Microsoft.AspNetCore.Mvc.Infrastructure.ObjectResultExecutor | Executing OkObjectResult, writing value of type 'BlogManagementSystem.Models.Response'.
2025-04-14 10:30:46.8242 | INFO | Microsoft.AspNetCore.Mvc.Infrastructure.ControllerActionInvoker | Executed action BlogManagementSystem.Controllers.CLBlogController.GetAllBlogs (BlogManagementSystem) in 3.4416ms
2025-04-14 10:30:46.8242 | INFO | Microsoft.AspNetCore.Routing.EndpointMiddleware | Executed endpoint 'BlogManagementSystem.Controllers.CLBlogController.GetAllBlogs (BlogManagementSystem)'
2025-04-14 10:30:46.8242 | INFO | Microsoft.AspNetCore.Hosting.Diagnostics | Request finished HTTP/1.1 GET http://localhost:5095/api/CLBlog/get-all-blogs?pageSize=5&pageNumber=1&sorting=g01F02%20DESC - - - 200 208 application/json;+charset=utf-8 3.9743ms
2025-04-14 10:33:07.3888 | INFO | Microsoft.AspNetCore.Hosting.Diagnostics | Request starting HTTP/1.1 GET http://localhost:5095/api/CLBlog/get-all-blogs?pageSize=5&pageNumber=1&sorting=g01F02%20DESC - -
2025-04-14 10:33:07.3888 | INFO | Microsoft.AspNetCore.Cors.Infrastructure.CorsService | CORS policy execution successful.
2025-04-14 10:33:07.3888 | INFO | Microsoft.AspNetCore.Routing.EndpointMiddleware | Executing endpoint 'BlogManagementSystem.Controllers.CLBlogController.GetAllBlogs (BlogManagementSystem)'
2025-04-14 10:33:07.3888 | INFO | Microsoft.AspNetCore.Mvc.Infrastructure.ControllerActionInvoker | Route matched with {action = "GetAllBlogs", controller = "CLBlog"}. Executing controller action with signature Microsoft.AspNetCore.Mvc.IActionResult GetAllBlogs(Int32, Int32, System.String) on controller BlogManagementSystem.Controllers.CLBlogController (BlogManagementSystem).
2025-04-14 10:33:07.3888 | INFO | BlogManagementSystem.Filters.LogActionFilter | Executing action: BlogManagementSystem.Controllers.CLBlogController.GetAllBlogs (BlogManagementSystem)
2025-04-14 10:33:07.3888 | INFO | BlogManagementSystem.Controllers.CLBlogController | Fetching all blog posts.
2025-04-14 10:33:07.3888 | INFO | BlogManagementSystem.Filters.LogActionFilter | Action executed successfully: BlogManagementSystem.Controllers.CLBlogController.GetAllBlogs (BlogManagementSystem)
2025-04-14 10:33:07.3888 | INFO | Microsoft.AspNetCore.Mvc.Infrastructure.ObjectResultExecutor | Executing OkObjectResult, writing value of type 'BlogManagementSystem.Models.Response'.
2025-04-14 10:33:07.3888 | INFO | Microsoft.AspNetCore.Mvc.Infrastructure.ControllerActionInvoker | Executed action BlogManagementSystem.Controllers.CLBlogController.GetAllBlogs (BlogManagementSystem) in 3.6253ms
2025-04-14 10:33:07.3888 | INFO | Microsoft.AspNetCore.Routing.EndpointMiddleware | Executed endpoint 'BlogManagementSystem.Controllers.CLBlogController.GetAllBlogs (BlogManagementSystem)'
2025-04-14 10:33:07.3888 | INFO | Microsoft.AspNetCore.Hosting.Diagnostics | Request finished HTTP/1.1 GET http://localhost:5095/api/CLBlog/get-all-blogs?pageSize=5&pageNumber=1&sorting=g01F02%20DESC - - - 200 208 application/json;+charset=utf-8 4.1583ms
2025-04-14 10:34:20.2845 | INFO | Microsoft.AspNetCore.Hosting.Diagnostics | Request starting HTTP/1.1 GET http://localhost:5095/api/CLBlog/get-all-blogs?pageSize=5&pageNumber=1&sorting=g01F02%20DESC - -
2025-04-14 10:34:20.2845 | INFO | Microsoft.AspNetCore.Cors.Infrastructure.CorsService | CORS policy execution successful.
2025-04-14 10:34:20.2845 | INFO | Microsoft.AspNetCore.Routing.EndpointMiddleware | Executing endpoint 'BlogManagementSystem.Controllers.CLBlogController.GetAllBlogs (BlogManagementSystem)'
2025-04-14 10:34:20.2845 | INFO | Microsoft.AspNetCore.Mvc.Infrastructure.ControllerActionInvoker | Route matched with {action = "GetAllBlogs", controller = "CLBlog"}. Executing controller action with signature Microsoft.AspNetCore.Mvc.IActionResult GetAllBlogs(Int32, Int32, System.String) on controller BlogManagementSystem.Controllers.CLBlogController (BlogManagementSystem).
2025-04-14 10:34:20.2845 | INFO | BlogManagementSystem.Filters.LogActionFilter | Executing action: BlogManagementSystem.Controllers.CLBlogController.GetAllBlogs (BlogManagementSystem)
2025-04-14 10:34:20.2845 | INFO | BlogManagementSystem.Controllers.CLBlogController | Fetching all blog posts.
2025-04-14 10:34:20.2845 | INFO | BlogManagementSystem.Filters.LogActionFilter | Action executed successfully: BlogManagementSystem.Controllers.CLBlogController.GetAllBlogs (BlogManagementSystem)
2025-04-14 10:34:20.2845 | INFO | Microsoft.AspNetCore.Mvc.Infrastructure.ObjectResultExecutor | Executing OkObjectResult, writing value of type 'BlogManagementSystem.Models.Response'.
2025-04-14 10:34:20.2845 | INFO | Microsoft.AspNetCore.Mvc.Infrastructure.ControllerActionInvoker | Executed action BlogManagementSystem.Controllers.CLBlogController.GetAllBlogs (BlogManagementSystem) in 3.6704ms
2025-04-14 10:34:20.2845 | INFO | Microsoft.AspNetCore.Routing.EndpointMiddleware | Executed endpoint 'BlogManagementSystem.Controllers.CLBlogController.GetAllBlogs (BlogManagementSystem)'
2025-04-14 10:34:20.2845 | INFO | Microsoft.AspNetCore.Hosting.Diagnostics | Request finished HTTP/1.1 GET http://localhost:5095/api/CLBlog/get-all-blogs?pageSize=5&pageNumber=1&sorting=g01F02%20DESC - - - 200 208 application/json;+charset=utf-8 4.1745ms
2025-04-14 10:34:47.3870 | INFO | Microsoft.AspNetCore.Hosting.Diagnostics | Request starting HTTP/1.1 GET http://localhost:5095/api/CLBlog/get-all-blogs?pageSize=5&pageNumber=1&sorting=g01F02%20DESC - -
2025-04-14 10:34:47.3870 | INFO | Microsoft.AspNetCore.Cors.Infrastructure.CorsService | CORS policy execution successful.
2025-04-14 10:34:47.3870 | INFO | Microsoft.AspNetCore.Routing.EndpointMiddleware | Executing endpoint 'BlogManagementSystem.Controllers.CLBlogController.GetAllBlogs (BlogManagementSystem)'
2025-04-14 10:34:47.3870 | INFO | Microsoft.AspNetCore.Mvc.Infrastructure.ControllerActionInvoker | Route matched with {action = "GetAllBlogs", controller = "CLBlog"}. Executing controller action with signature Microsoft.AspNetCore.Mvc.IActionResult GetAllBlogs(Int32, Int32, System.String) on controller BlogManagementSystem.Controllers.CLBlogController (BlogManagementSystem).
2025-04-14 10:34:47.3870 | INFO | BlogManagementSystem.Filters.LogActionFilter | Executing action: BlogManagementSystem.Controllers.CLBlogController.GetAllBlogs (BlogManagementSystem)
2025-04-14 10:34:47.3870 | INFO | BlogManagementSystem.Controllers.CLBlogController | Fetching all blog posts.
2025-04-14 10:34:47.3909 | INFO | BlogManagementSystem.Filters.LogActionFilter | Action executed successfully: BlogManagementSystem.Controllers.CLBlogController.GetAllBlogs (BlogManagementSystem)
2025-04-14 10:34:47.3909 | INFO | Microsoft.AspNetCore.Mvc.Infrastructure.ObjectResultExecutor | Executing OkObjectResult, writing value of type 'BlogManagementSystem.Models.Response'.
2025-04-14 10:34:47.3909 | INFO | Microsoft.AspNetCore.Mvc.Infrastructure.ControllerActionInvoker | Executed action BlogManagementSystem.Controllers.CLBlogController.GetAllBlogs (BlogManagementSystem) in 3.7172ms
2025-04-14 10:34:47.3909 | INFO | Microsoft.AspNetCore.Routing.EndpointMiddleware | Executed endpoint 'BlogManagementSystem.Controllers.CLBlogController.GetAllBlogs (BlogManagementSystem)'
2025-04-14 10:34:47.3909 | INFO | Microsoft.AspNetCore.Hosting.Diagnostics | Request finished HTTP/1.1 GET http://localhost:5095/api/CLBlog/get-all-blogs?pageSize=5&pageNumber=1&sorting=g01F02%20DESC - - - 200 208 application/json;+charset=utf-8 4.2527ms
2025-04-14 10:35:00.9168 | INFO | Microsoft.AspNetCore.Hosting.Diagnostics | Request starting HTTP/1.1 GET http://localhost:5095/api/CLBlog/get-all-blogs?pageSize=5&pageNumber=1&sorting=g01F02%20DESC - -
2025-04-14 10:35:00.9168 | INFO | Microsoft.AspNetCore.Cors.Infrastructure.CorsService | CORS policy execution successful.
2025-04-14 10:35:00.9168 | INFO | Microsoft.AspNetCore.Routing.EndpointMiddleware | Executing endpoint 'BlogManagementSystem.Controllers.CLBlogController.GetAllBlogs (BlogManagementSystem)'
2025-04-14 10:35:00.9168 | INFO | Microsoft.AspNetCore.Mvc.Infrastructure.ControllerActionInvoker | Route matched with {action = "GetAllBlogs", controller = "CLBlog"}. Executing controller action with signature Microsoft.AspNetCore.Mvc.IActionResult GetAllBlogs(Int32, Int32, System.String) on controller BlogManagementSystem.Controllers.CLBlogController (BlogManagementSystem).
2025-04-14 10:35:00.9168 | INFO | BlogManagementSystem.Filters.LogActionFilter | Executing action: BlogManagementSystem.Controllers.CLBlogController.GetAllBlogs (BlogManagementSystem)
2025-04-14 10:35:00.9168 | INFO | BlogManagementSystem.Controllers.CLBlogController | Fetching all blog posts.
2025-04-14 10:35:00.9168 | INFO | BlogManagementSystem.Filters.LogActionFilter | Action executed successfully: BlogManagementSystem.Controllers.CLBlogController.GetAllBlogs (BlogManagementSystem)
2025-04-14 10:35:00.9168 | INFO | Microsoft.AspNetCore.Mvc.Infrastructure.ObjectResultExecutor | Executing OkObjectResult, writing value of type 'BlogManagementSystem.Models.Response'.
2025-04-14 10:35:00.9168 | INFO | Microsoft.AspNetCore.Mvc.Infrastructure.ControllerActionInvoker | Executed action BlogManagementSystem.Controllers.CLBlogController.GetAllBlogs (BlogManagementSystem) in 3.5718ms
2025-04-14 10:35:00.9168 | INFO | Microsoft.AspNetCore.Routing.EndpointMiddleware | Executed endpoint 'BlogManagementSystem.Controllers.CLBlogController.GetAllBlogs (BlogManagementSystem)'
2025-04-14 10:35:00.9168 | INFO | Microsoft.AspNetCore.Hosting.Diagnostics | Request finished HTTP/1.1 GET http://localhost:5095/api/CLBlog/get-all-blogs?pageSize=5&pageNumber=1&sorting=g01F02%20DESC - - - 200 208 application/json;+charset=utf-8 4.1312ms
2025-04-14 10:35:01.4077 | INFO | Microsoft.AspNetCore.Hosting.Diagnostics | Request starting HTTP/1.1 GET http://localhost:5095/api/CLBlog/get-all-blogs?pageSize=5&pageNumber=1&sorting=g01F02%20DESC - -
2025-04-14 10:35:01.4077 | INFO | Microsoft.AspNetCore.Cors.Infrastructure.CorsService | CORS policy execution successful.
2025-04-14 10:35:01.4077 | INFO | Microsoft.AspNetCore.Routing.EndpointMiddleware | Executing endpoint 'BlogManagementSystem.Controllers.CLBlogController.GetAllBlogs (BlogManagementSystem)'
2025-04-14 10:35:01.4077 | INFO | Microsoft.AspNetCore.Mvc.Infrastructure.ControllerActionInvoker | Route matched with {action = "GetAllBlogs", controller = "CLBlog"}. Executing controller action with signature Microsoft.AspNetCore.Mvc.IActionResult GetAllBlogs(Int32, Int32, System.String) on controller BlogManagementSystem.Controllers.CLBlogController (BlogManagementSystem).
2025-04-14 10:35:01.4077 | INFO | BlogManagementSystem.Filters.LogActionFilter | Executing action: BlogManagementSystem.Controllers.CLBlogController.GetAllBlogs (BlogManagementSystem)
2025-04-14 10:35:01.4077 | INFO | BlogManagementSystem.Controllers.CLBlogController | Fetching all blog posts.
2025-04-14 10:35:01.4077 | INFO | BlogManagementSystem.Filters.LogActionFilter | Action executed successfully: BlogManagementSystem.Controllers.CLBlogController.GetAllBlogs (BlogManagementSystem)
2025-04-14 10:35:01.4077 | INFO | Microsoft.AspNetCore.Mvc.Infrastructure.ObjectResultExecutor | Executing OkObjectResult, writing value of type 'BlogManagementSystem.Models.Response'.
2025-04-14 10:35:01.4077 | INFO | Microsoft.AspNetCore.Mvc.Infrastructure.ControllerActionInvoker | Executed action BlogManagementSystem.Controllers.CLBlogController.GetAllBlogs (BlogManagementSystem) in 3.3722ms
2025-04-14 10:35:01.4077 | INFO | Microsoft.AspNetCore.Routing.EndpointMiddleware | Executed endpoint 'BlogManagementSystem.Controllers.CLBlogController.GetAllBlogs (BlogManagementSystem)'
2025-04-14 10:35:01.4077 | INFO | Microsoft.AspNetCore.Hosting.Diagnostics | Request finished HTTP/1.1 GET http://localhost:5095/api/CLBlog/get-all-blogs?pageSize=5&pageNumber=1&sorting=g01F02%20DESC - - - 200 208 application/json;+charset=utf-8 4.0340ms
2025-04-14 10:36:13.6181 | INFO | Microsoft.AspNetCore.Hosting.Diagnostics | Request starting HTTP/1.1 GET http://localhost:5095/api/CLBlog/get-all-blogs?pageSize=5&pageNumber=1&sorting=g01F02%20DESC - -
2025-04-14 10:36:13.6181 | INFO | Microsoft.AspNetCore.Cors.Infrastructure.CorsService | CORS policy execution successful.
2025-04-14 10:36:13.6181 | INFO | Microsoft.AspNetCore.Routing.EndpointMiddleware | Executing endpoint 'BlogManagementSystem.Controllers.CLBlogController.GetAllBlogs (BlogManagementSystem)'
2025-04-14 10:36:13.6181 | INFO | Microsoft.AspNetCore.Mvc.Infrastructure.ControllerActionInvoker | Route matched with {action = "GetAllBlogs", controller = "CLBlog"}. Executing controller action with signature Microsoft.AspNetCore.Mvc.IActionResult GetAllBlogs(Int32, Int32, System.String) on controller BlogManagementSystem.Controllers.CLBlogController (BlogManagementSystem).
2025-04-14 10:36:13.6181 | INFO | BlogManagementSystem.Filters.LogActionFilter | Executing action: BlogManagementSystem.Controllers.CLBlogController.GetAllBlogs (BlogManagementSystem)
2025-04-14 10:36:13.6181 | INFO | BlogManagementSystem.Controllers.CLBlogController | Fetching all blog posts.
2025-04-14 10:36:13.6181 | INFO | BlogManagementSystem.Filters.LogActionFilter | Action executed successfully: BlogManagementSystem.Controllers.CLBlogController.GetAllBlogs (BlogManagementSystem)
2025-04-14 10:36:13.6181 | INFO | Microsoft.AspNetCore.Mvc.Infrastructure.ObjectResultExecutor | Executing OkObjectResult, writing value of type 'BlogManagementSystem.Models.Response'.
2025-04-14 10:36:13.6181 | INFO | Microsoft.AspNetCore.Mvc.Infrastructure.ControllerActionInvoker | Executed action BlogManagementSystem.Controllers.CLBlogController.GetAllBlogs (BlogManagementSystem) in 3.4733ms
2025-04-14 10:36:13.6181 | INFO | Microsoft.AspNetCore.Routing.EndpointMiddleware | Executed endpoint 'BlogManagementSystem.Controllers.CLBlogController.GetAllBlogs (BlogManagementSystem)'
2025-04-14 10:36:13.6181 | INFO | Microsoft.AspNetCore.Hosting.Diagnostics | Request finished HTTP/1.1 GET http://localhost:5095/api/CLBlog/get-all-blogs?pageSize=5&pageNumber=1&sorting=g01F02%20DESC - - - 200 208 application/json;+charset=utf-8 4.0260ms
2025-04-14 10:36:38.1402 | INFO | Microsoft.AspNetCore.Hosting.Diagnostics | Request starting HTTP/1.1 GET http://localhost:5095/api/CLBlog/get-all-blogs?pageSize=5&pageNumber=1&sorting=g01F02%20DESC - -
2025-04-14 10:36:38.1402 | INFO | Microsoft.AspNetCore.Cors.Infrastructure.CorsService | CORS policy execution successful.
2025-04-14 10:36:38.1402 | INFO | Microsoft.AspNetCore.Routing.EndpointMiddleware | Executing endpoint 'BlogManagementSystem.Controllers.CLBlogController.GetAllBlogs (BlogManagementSystem)'
2025-04-14 10:36:38.1402 | INFO | Microsoft.AspNetCore.Mvc.Infrastructure.ControllerActionInvoker | Route matched with {action = "GetAllBlogs", controller = "CLBlog"}. Executing controller action with signature Microsoft.AspNetCore.Mvc.IActionResult GetAllBlogs(Int32, Int32, System.String) on controller BlogManagementSystem.Controllers.CLBlogController (BlogManagementSystem).
2025-04-14 10:36:38.1402 | INFO | BlogManagementSystem.Filters.LogActionFilter | Executing action: BlogManagementSystem.Controllers.CLBlogController.GetAllBlogs (BlogManagementSystem)
2025-04-14 10:36:38.1402 | INFO | BlogManagementSystem.Controllers.CLBlogController | Fetching all blog posts.
2025-04-14 10:36:38.1437 | INFO | BlogManagementSystem.Filters.LogActionFilter | Action executed successfully: BlogManagementSystem.Controllers.CLBlogController.GetAllBlogs (BlogManagementSystem)
2025-04-14 10:36:38.1437 | INFO | Microsoft.AspNetCore.Mvc.Infrastructure.ObjectResultExecutor | Executing OkObjectResult, writing value of type 'BlogManagementSystem.Models.Response'.
2025-04-14 10:36:38.1437 | INFO | Microsoft.AspNetCore.Mvc.Infrastructure.ControllerActionInvoker | Executed action BlogManagementSystem.Controllers.CLBlogController.GetAllBlogs (BlogManagementSystem) in 3.2999ms
2025-04-14 10:36:38.1437 | INFO | Microsoft.AspNetCore.Routing.EndpointMiddleware | Executed endpoint 'BlogManagementSystem.Controllers.CLBlogController.GetAllBlogs (BlogManagementSystem)'
2025-04-14 10:36:38.1437 | INFO | Microsoft.AspNetCore.Hosting.Diagnostics | Request finished HTTP/1.1 GET http://localhost:5095/api/CLBlog/get-all-blogs?pageSize=5&pageNumber=1&sorting=g01F02%20DESC - - - 200 208 application/json;+charset=utf-8 3.8200ms
2025-04-14 10:36:38.5876 | INFO | Microsoft.AspNetCore.Hosting.Diagnostics | Request starting HTTP/1.1 GET http://localhost:5095/api/CLBlog/get-all-blogs?pageSize=5&pageNumber=1&sorting=g01F02%20DESC - -
2025-04-14 10:36:38.5876 | INFO | Microsoft.AspNetCore.Cors.Infrastructure.CorsService | CORS policy execution successful.
2025-04-14 10:36:38.5876 | INFO | Microsoft.AspNetCore.Routing.EndpointMiddleware | Executing endpoint 'BlogManagementSystem.Controllers.CLBlogController.GetAllBlogs (BlogManagementSystem)'
2025-04-14 10:36:38.5876 | INFO | Microsoft.AspNetCore.Mvc.Infrastructure.ControllerActionInvoker | Route matched with {action = "GetAllBlogs", controller = "CLBlog"}. Executing controller action with signature Microsoft.AspNetCore.Mvc.IActionResult GetAllBlogs(Int32, Int32, System.String) on controller BlogManagementSystem.Controllers.CLBlogController (BlogManagementSystem).
2025-04-14 10:36:38.5876 | INFO | BlogManagementSystem.Filters.LogActionFilter | Executing action: BlogManagementSystem.Controllers.CLBlogController.GetAllBlogs (BlogManagementSystem)
2025-04-14 10:36:38.5876 | INFO | BlogManagementSystem.Controllers.CLBlogController | Fetching all blog posts.
2025-04-14 10:36:38.5876 | INFO | BlogManagementSystem.Filters.LogActionFilter | Action executed successfully: BlogManagementSystem.Controllers.CLBlogController.GetAllBlogs (BlogManagementSystem)
2025-04-14 10:36:38.5876 | INFO | Microsoft.AspNetCore.Mvc.Infrastructure.ObjectResultExecutor | Executing OkObjectResult, writing value of type 'BlogManagementSystem.Models.Response'.
2025-04-14 10:36:38.5876 | INFO | Microsoft.AspNetCore.Mvc.Infrastructure.ControllerActionInvoker | Executed action BlogManagementSystem.Controllers.CLBlogController.GetAllBlogs (BlogManagementSystem) in 3.4813ms
2025-04-14 10:36:38.5876 | INFO | Microsoft.AspNetCore.Routing.EndpointMiddleware | Executed endpoint 'BlogManagementSystem.Controllers.CLBlogController.GetAllBlogs (BlogManagementSystem)'
2025-04-14 10:36:38.5876 | INFO | Microsoft.AspNetCore.Hosting.Diagnostics | Request finished HTTP/1.1 GET http://localhost:5095/api/CLBlog/get-all-blogs?pageSize=5&pageNumber=1&sorting=g01F02%20DESC - - - 200 208 application/json;+charset=utf-8 3.9475ms
2025-04-14 10:36:53.4063 | INFO | Microsoft.AspNetCore.Hosting.Diagnostics | Request starting HTTP/1.1 GET http://localhost:5095/api/CLBlog/get-all-blogs?pageSize=5&pageNumber=1&sorting=g01F02%20DESC - -
2025-04-14 10:36:53.4063 | INFO | Microsoft.AspNetCore.Cors.Infrastructure.CorsService | CORS policy execution successful.
2025-04-14 10:36:53.4063 | INFO | Microsoft.AspNetCore.Routing.EndpointMiddleware | Executing endpoint 'BlogManagementSystem.Controllers.CLBlogController.GetAllBlogs (BlogManagementSystem)'
2025-04-14 10:36:53.4063 | INFO | Microsoft.AspNetCore.Mvc.Infrastructure.ControllerActionInvoker | Route matched with {action = "GetAllBlogs", controller = "CLBlog"}. Executing controller action with signature Microsoft.AspNetCore.Mvc.IActionResult GetAllBlogs(Int32, Int32, System.String) on controller BlogManagementSystem.Controllers.CLBlogController (BlogManagementSystem).
2025-04-14 10:36:53.4063 | INFO | BlogManagementSystem.Filters.LogActionFilter | Executing action: BlogManagementSystem.Controllers.CLBlogController.GetAllBlogs (BlogManagementSystem)
2025-04-14 10:36:53.4063 | INFO | BlogManagementSystem.Controllers.CLBlogController | Fetching all blog posts.
2025-04-14 10:36:53.4102 | INFO | BlogManagementSystem.Filters.LogActionFilter | Action executed successfully: BlogManagementSystem.Controllers.CLBlogController.GetAllBlogs (BlogManagementSystem)
2025-04-14 10:36:53.4102 | INFO | Microsoft.AspNetCore.Mvc.Infrastructure.ObjectResultExecutor | Executing OkObjectResult, writing value of type 'BlogManagementSystem.Models.Response'.
2025-04-14 10:36:53.4102 | INFO | Microsoft.AspNetCore.Mvc.Infrastructure.ControllerActionInvoker | Executed action BlogManagementSystem.Controllers.CLBlogController.GetAllBlogs (BlogManagementSystem) in 3.7526ms
2025-04-14 10:36:53.4102 | INFO | Microsoft.AspNetCore.Routing.EndpointMiddleware | Executed endpoint 'BlogManagementSystem.Controllers.CLBlogController.GetAllBlogs (BlogManagementSystem)'
2025-04-14 10:36:53.4102 | INFO | Microsoft.AspNetCore.Hosting.Diagnostics | Request finished HTTP/1.1 GET http://localhost:5095/api/CLBlog/get-all-blogs?pageSize=5&pageNumber=1&sorting=g01F02%20DESC - - - 200 208 application/json;+charset=utf-8 4.2184ms
2025-04-14 10:36:57.8406 | INFO | Microsoft.AspNetCore.Hosting.Diagnostics | Request starting HTTP/1.1 OPTIONS http://localhost:5095/api/CLBlog/add-blog - -
2025-04-14 10:36:57.8406 | INFO | Microsoft.AspNetCore.Cors.Infrastructure.CorsService | CORS policy execution successful.
2025-04-14 10:36:57.8406 | INFO | Microsoft.AspNetCore.Hosting.Diagnostics | Request finished HTTP/1.1 OPTIONS http://localhost:5095/api/CLBlog/add-blog - - - 204 - - 0.9742ms
2025-04-14 10:36:57.8406 | INFO | Microsoft.AspNetCore.Hosting.Diagnostics | Request starting HTTP/1.1 POST http://localhost:5095/api/CLBlog/add-blog application/json 31
2025-04-14 10:36:57.8406 | INFO | Microsoft.AspNetCore.Cors.Infrastructure.CorsService | CORS policy execution successful.
2025-04-14 10:36:57.8406 | INFO | Microsoft.AspNetCore.Routing.EndpointMiddleware | Executing endpoint 'BlogManagementSystem.Controllers.CLBlogController.AddBlog (BlogManagementSystem)'
2025-04-14 10:36:57.8449 | INFO | Microsoft.AspNetCore.Mvc.Infrastructure.ControllerActionInvoker | Route matched with {action = "AddBlog", controller = "CLBlog"}. Executing controller action with signature Microsoft.AspNetCore.Mvc.IActionResult AddBlog(BlogManagementSystem.Models.DTO.DTOBLG01) on controller BlogManagementSystem.Controllers.CLBlogController (BlogManagementSystem).
2025-04-14 10:36:57.8670 | INFO | BlogManagementSystem.Filters.LogActionFilter | Executing action: BlogManagementSystem.Controllers.CLBlogController.AddBlog (BlogManagementSystem)
2025-04-14 10:36:57.8670 | INFO | BlogManagementSystem.Controllers.CLBlogController | Creating a new blog post.
2025-04-14 10:36:57.8871 | INFO | BlogManagementSystem.Filters.LogActionFilter | Action executed successfully: BlogManagementSystem.Controllers.CLBlogController.AddBlog (BlogManagementSystem)
2025-04-14 10:36:57.8871 | INFO | Microsoft.AspNetCore.Mvc.Infrastructure.ObjectResultExecutor | Executing OkObjectResult, writing value of type 'BlogManagementSystem.Models.Response'.
2025-04-14 10:36:57.8871 | INFO | Microsoft.AspNetCore.Mvc.Infrastructure.ControllerActionInvoker | Executed action BlogManagementSystem.Controllers.CLBlogController.AddBlog (BlogManagementSystem) in 42.4582ms
2025-04-14 10:36:57.8871 | INFO | Microsoft.AspNetCore.Routing.EndpointMiddleware | Executed endpoint 'BlogManagementSystem.Controllers.CLBlogController.AddBlog (BlogManagementSystem)'
2025-04-14 10:36:57.8871 | INFO | Microsoft.AspNetCore.Hosting.Diagnostics | Request finished HTTP/1.1 POST http://localhost:5095/api/CLBlog/add-blog application/json 31 - 200 52 application/json;+charset=utf-8 44.8913ms
2025-04-14 10:37:01.2572 | INFO | Microsoft.AspNetCore.Hosting.Diagnostics | Request starting HTTP/1.1 OPTIONS http://localhost:5095/api/CLBlog/add-blog - -
2025-04-14 10:37:01.2572 | INFO | Microsoft.AspNetCore.Cors.Infrastructure.CorsService | CORS policy execution successful.
2025-04-14 10:37:01.2572 | INFO | Microsoft.AspNetCore.Hosting.Diagnostics | Request finished HTTP/1.1 OPTIONS http://localhost:5095/api/CLBlog/add-blog - - - 204 - - 0.3965ms
2025-04-14 10:37:01.2572 | INFO | Microsoft.AspNetCore.Hosting.Diagnostics | Request starting HTTP/1.1 POST http://localhost:5095/api/CLBlog/add-blog application/json 31
2025-04-14 10:37:01.2572 | INFO | Microsoft.AspNetCore.Cors.Infrastructure.CorsService | CORS policy execution successful.
2025-04-14 10:37:01.2572 | INFO | Microsoft.AspNetCore.Routing.EndpointMiddleware | Executing endpoint 'BlogManagementSystem.Controllers.CLBlogController.AddBlog (BlogManagementSystem)'
2025-04-14 10:37:01.2572 | INFO | Microsoft.AspNetCore.Mvc.Infrastructure.ControllerActionInvoker | Route matched with {action = "AddBlog", controller = "CLBlog"}. Executing controller action with signature Microsoft.AspNetCore.Mvc.IActionResult AddBlog(BlogManagementSystem.Models.DTO.DTOBLG01) on controller BlogManagementSystem.Controllers.CLBlogController (BlogManagementSystem).
2025-04-14 10:37:01.2572 | INFO | BlogManagementSystem.Filters.LogActionFilter | Executing action: BlogManagementSystem.Controllers.CLBlogController.AddBlog (BlogManagementSystem)
2025-04-14 10:37:01.2572 | INFO | BlogManagementSystem.Controllers.CLBlogController | Creating a new blog post.
2025-04-14 10:37:01.2772 | ERROR | BlogManagementSystem.Filters.LogActionFilter | Error occurred during action execution: Duplicate entry '2147483647' for key 'blg01.PRIMARY'
2025-04-14 10:37:01.2772 | INFO | Microsoft.AspNetCore.Mvc.Infrastructure.ControllerActionInvoker | Executed action BlogManagementSystem.Controllers.CLBlogController.AddBlog (BlogManagementSystem) in 18.6321ms
2025-04-14 10:37:01.2772 | INFO | Microsoft.AspNetCore.Routing.EndpointMiddleware | Executed endpoint 'BlogManagementSystem.Controllers.CLBlogController.AddBlog (BlogManagementSystem)'
2025-04-14 10:37:01.2772 | ERROR | Microsoft.AspNetCore.Diagnostics.DeveloperExceptionPageMiddleware | An unhandled exception has occurred while executing the request.
2025-04-14 10:37:01.2894 | INFO | Microsoft.AspNetCore.Hosting.Diagnostics | Request finished HTTP/1.1 POST http://localhost:5095/api/CLBlog/add-blog application/json 31 - 500 - text/plain;+charset=utf-8 30.6251ms
2025-04-14 10:37:04.9490 | INFO | Microsoft.AspNetCore.Hosting.Diagnostics | Request starting HTTP/1.1 GET http://localhost:5095/api/CLBlog/get-all-blogs?pageSize=5&pageNumber=1&sorting=g01F02%20DESC - -
2025-04-14 10:37:04.9490 | INFO | Microsoft.AspNetCore.Cors.Infrastructure.CorsService | CORS policy execution successful.
2025-04-14 10:37:04.9490 | INFO | Microsoft.AspNetCore.Routing.EndpointMiddleware | Executing endpoint 'BlogManagementSystem.Controllers.CLBlogController.GetAllBlogs (BlogManagementSystem)'
2025-04-14 10:37:04.9490 | INFO | Microsoft.AspNetCore.Mvc.Infrastructure.ControllerActionInvoker | Route matched with {action = "GetAllBlogs", controller = "CLBlog"}. Executing controller action with signature Microsoft.AspNetCore.Mvc.IActionResult GetAllBlogs(Int32, Int32, System.String) on controller BlogManagementSystem.Controllers.CLBlogController (BlogManagementSystem).
2025-04-14 10:37:04.9490 | INFO | BlogManagementSystem.Filters.LogActionFilter | Executing action: BlogManagementSystem.Controllers.CLBlogController.GetAllBlogs (BlogManagementSystem)
2025-04-14 10:37:04.9490 | INFO | BlogManagementSystem.Controllers.CLBlogController | Fetching all blog posts.
2025-04-14 10:37:04.9542 | INFO | BlogManagementSystem.Filters.LogActionFilter | Action executed successfully: BlogManagementSystem.Controllers.CLBlogController.GetAllBlogs (BlogManagementSystem)
2025-04-14 10:37:04.9542 | INFO | Microsoft.AspNetCore.Mvc.Infrastructure.ObjectResultExecutor | Executing OkObjectResult, writing value of type 'BlogManagementSystem.Models.Response'.
2025-04-14 10:37:04.9542 | INFO | Microsoft.AspNetCore.Mvc.Infrastructure.ControllerActionInvoker | Executed action BlogManagementSystem.Controllers.CLBlogController.GetAllBlogs (BlogManagementSystem) in 5.3605ms
2025-04-14 10:37:04.9542 | INFO | Microsoft.AspNetCore.Routing.EndpointMiddleware | Executed endpoint 'BlogManagementSystem.Controllers.CLBlogController.GetAllBlogs (BlogManagementSystem)'
2025-04-14 10:37:04.9542 | INFO | Microsoft.AspNetCore.Hosting.Diagnostics | Request finished HTTP/1.1 GET http://localhost:5095/api/CLBlog/get-all-blogs?pageSize=5&pageNumber=1&sorting=g01F02%20DESC - - - 200 260 application/json;+charset=utf-8 5.8870ms
2025-04-14 10:39:13.6570 | INFO | Microsoft.AspNetCore.Hosting.Diagnostics | Request starting HTTP/1.1 GET http://localhost:5095/api/CLBlog/get-all-blogs?pageSize=5&pageNumber=1&sorting=g01F02%20DESC - -
2025-04-14 10:39:13.6570 | INFO | Microsoft.AspNetCore.Cors.Infrastructure.CorsService | CORS policy execution successful.
2025-04-14 10:39:13.6570 | INFO | Microsoft.AspNetCore.Routing.EndpointMiddleware | Executing endpoint 'BlogManagementSystem.Controllers.CLBlogController.GetAllBlogs (BlogManagementSystem)'
2025-04-14 10:39:13.6570 | INFO | Microsoft.AspNetCore.Mvc.Infrastructure.ControllerActionInvoker | Route matched with {action = "GetAllBlogs", controller = "CLBlog"}. Executing controller action with signature Microsoft.AspNetCore.Mvc.IActionResult GetAllBlogs(Int32, Int32, System.String) on controller BlogManagementSystem.Controllers.CLBlogController (BlogManagementSystem).
2025-04-14 10:39:13.6570 | INFO | BlogManagementSystem.Filters.LogActionFilter | Executing action: BlogManagementSystem.Controllers.CLBlogController.GetAllBlogs (BlogManagementSystem)
2025-04-14 10:39:13.6570 | INFO | BlogManagementSystem.Controllers.CLBlogController | Fetching all blog posts.
2025-04-14 10:39:13.6606 | INFO | BlogManagementSystem.Filters.LogActionFilter | Action executed successfully: BlogManagementSystem.Controllers.CLBlogController.GetAllBlogs (BlogManagementSystem)
2025-04-14 10:39:13.6606 | INFO | Microsoft.AspNetCore.Mvc.Infrastructure.ObjectResultExecutor | Executing OkObjectResult, writing value of type 'BlogManagementSystem.Models.Response'.
2025-04-14 10:39:13.6606 | INFO | Microsoft.AspNetCore.Mvc.Infrastructure.ControllerActionInvoker | Executed action BlogManagementSystem.Controllers.CLBlogController.GetAllBlogs (BlogManagementSystem) in 3.3824ms
2025-04-14 10:39:13.6606 | INFO | Microsoft.AspNetCore.Routing.EndpointMiddleware | Executed endpoint 'BlogManagementSystem.Controllers.CLBlogController.GetAllBlogs (BlogManagementSystem)'
2025-04-14 10:39:13.6606 | INFO | Microsoft.AspNetCore.Hosting.Diagnostics | Request finished HTTP/1.1 GET http://localhost:5095/api/CLBlog/get-all-blogs?pageSize=5&pageNumber=1&sorting=g01F02%20DESC - - - 200 260 application/json;+charset=utf-8 4.0964ms
2025-04-14 10:39:26.2891 | INFO | Microsoft.AspNetCore.Hosting.Diagnostics | Request starting HTTP/1.1 OPTIONS http://localhost:5095/api/CLBlog/add-blog - -
2025-04-14 10:39:26.2891 | INFO | Microsoft.AspNetCore.Cors.Infrastructure.CorsService | CORS policy execution successful.
2025-04-14 10:39:26.2891 | INFO | Microsoft.AspNetCore.Hosting.Diagnostics | Request finished HTTP/1.1 OPTIONS http://localhost:5095/api/CLBlog/add-blog - - - 204 - - 0.2459ms
2025-04-14 10:39:26.2891 | INFO | Microsoft.AspNetCore.Hosting.Diagnostics | Request starting HTTP/1.1 POST http://localhost:5095/api/CLBlog/add-blog application/json 34
2025-04-14 10:39:26.2891 | INFO | Microsoft.AspNetCore.Cors.Infrastructure.CorsService | CORS policy execution successful.
2025-04-14 10:39:26.2891 | INFO | Microsoft.AspNetCore.Routing.EndpointMiddleware | Executing endpoint 'BlogManagementSystem.Controllers.CLBlogController.AddBlog (BlogManagementSystem)'
2025-04-14 10:39:26.2891 | INFO | Microsoft.AspNetCore.Mvc.Infrastructure.ControllerActionInvoker | Route matched with {action = "AddBlog", controller = "CLBlog"}. Executing controller action with signature Microsoft.AspNetCore.Mvc.IActionResult AddBlog(BlogManagementSystem.Models.DTO.DTOBLG01) on controller BlogManagementSystem.Controllers.CLBlogController (BlogManagementSystem).
2025-04-14 10:39:26.2891 | INFO | BlogManagementSystem.Filters.LogActionFilter | Executing action: BlogManagementSystem.Controllers.CLBlogController.AddBlog (BlogManagementSystem)
2025-04-14 10:39:26.2891 | INFO | BlogManagementSystem.Controllers.CLBlogController | Creating a new blog post.
2025-04-14 10:39:26.2891 | ERROR | BlogManagementSystem.Filters.LogActionFilter | Error occurred during action execution: Duplicate entry '2147483647' for key 'blg01.PRIMARY'
2025-04-14 10:39:26.2891 | INFO | Microsoft.AspNetCore.Mvc.Infrastructure.ControllerActionInvoker | Executed action BlogManagementSystem.Controllers.CLBlogController.AddBlog (BlogManagementSystem) in 3.3715ms
2025-04-14 10:39:26.2891 | INFO | Microsoft.AspNetCore.Routing.EndpointMiddleware | Executed endpoint 'BlogManagementSystem.Controllers.CLBlogController.AddBlog (BlogManagementSystem)'
2025-04-14 10:39:26.2891 | ERROR | Microsoft.AspNetCore.Diagnostics.DeveloperExceptionPageMiddleware | An unhandled exception has occurred while executing the request.
2025-04-14 10:39:26.2891 | INFO | Microsoft.AspNetCore.Hosting.Diagnostics | Request finished HTTP/1.1 POST http://localhost:5095/api/CLBlog/add-blog application/json 34 - 500 - text/plain;+charset=utf-8 6.0317ms
2025-04-14 10:39:35.1985 | INFO | Microsoft.AspNetCore.Hosting.Diagnostics | Request starting HTTP/1.1 GET http://localhost:5095/api/CLBlog/get-all-blogs?pageSize=5&pageNumber=1&sorting=g01F02%20DESC - -
2025-04-14 10:39:35.1985 | INFO | Microsoft.AspNetCore.Cors.Infrastructure.CorsService | CORS policy execution successful.
2025-04-14 10:39:35.1985 | INFO | Microsoft.AspNetCore.Routing.EndpointMiddleware | Executing endpoint 'BlogManagementSystem.Controllers.CLBlogController.GetAllBlogs (BlogManagementSystem)'
2025-04-14 10:39:35.1985 | INFO | Microsoft.AspNetCore.Mvc.Infrastructure.ControllerActionInvoker | Route matched with {action = "GetAllBlogs", controller = "CLBlog"}. Executing controller action with signature Microsoft.AspNetCore.Mvc.IActionResult GetAllBlogs(Int32, Int32, System.String) on controller BlogManagementSystem.Controllers.CLBlogController (BlogManagementSystem).
2025-04-14 10:39:35.1985 | INFO | BlogManagementSystem.Filters.LogActionFilter | Executing action: BlogManagementSystem.Controllers.CLBlogController.GetAllBlogs (BlogManagementSystem)
2025-04-14 10:39:35.1985 | INFO | BlogManagementSystem.Controllers.CLBlogController | Fetching all blog posts.
2025-04-14 10:39:35.1985 | INFO | BlogManagementSystem.Filters.LogActionFilter | Action executed successfully: BlogManagementSystem.Controllers.CLBlogController.GetAllBlogs (BlogManagementSystem)
2025-04-14 10:39:35.1985 | INFO | Microsoft.AspNetCore.Mvc.Infrastructure.ObjectResultExecutor | Executing OkObjectResult, writing value of type 'BlogManagementSystem.Models.Response'.
2025-04-14 10:39:35.1985 | INFO | Microsoft.AspNetCore.Mvc.Infrastructure.ControllerActionInvoker | Executed action BlogManagementSystem.Controllers.CLBlogController.GetAllBlogs (BlogManagementSystem) in 4.8589ms
2025-04-14 10:39:35.1985 | INFO | Microsoft.AspNetCore.Routing.EndpointMiddleware | Executed endpoint 'BlogManagementSystem.Controllers.CLBlogController.GetAllBlogs (BlogManagementSystem)'
2025-04-14 10:39:35.1985 | INFO | Microsoft.AspNetCore.Hosting.Diagnostics | Request finished HTTP/1.1 GET http://localhost:5095/api/CLBlog/get-all-blogs?pageSize=5&pageNumber=1&sorting=g01F02%20DESC - - - 200 260 application/json;+charset=utf-8 5.3496ms
2025-04-14 10:39:41.0489 | INFO | Microsoft.AspNetCore.Hosting.Diagnostics | Request starting HTTP/1.1 OPTIONS http://localhost:5095/api/CLBlog/add-blog - -
2025-04-14 10:39:41.0489 | INFO | Microsoft.AspNetCore.Cors.Infrastructure.CorsService | CORS policy execution successful.
2025-04-14 10:39:41.0489 | INFO | Microsoft.AspNetCore.Hosting.Diagnostics | Request finished HTTP/1.1 OPTIONS http://localhost:5095/api/CLBlog/add-blog - - - 204 - - 0.3347ms
2025-04-14 10:39:41.0505 | INFO | Microsoft.AspNetCore.Hosting.Diagnostics | Request starting HTTP/1.1 POST http://localhost:5095/api/CLBlog/add-blog application/json 29
2025-04-14 10:39:41.0505 | INFO | Microsoft.AspNetCore.Cors.Infrastructure.CorsService | CORS policy execution successful.
2025-04-14 10:39:41.0505 | INFO | Microsoft.AspNetCore.Routing.EndpointMiddleware | Executing endpoint 'BlogManagementSystem.Controllers.CLBlogController.AddBlog (BlogManagementSystem)'
2025-04-14 10:39:41.0505 | INFO | Microsoft.AspNetCore.Mvc.Infrastructure.ControllerActionInvoker | Route matched with {action = "AddBlog", controller = "CLBlog"}. Executing controller action with signature Microsoft.AspNetCore.Mvc.IActionResult AddBlog(BlogManagementSystem.Models.DTO.DTOBLG01) on controller BlogManagementSystem.Controllers.CLBlogController (BlogManagementSystem).
2025-04-14 10:39:41.0505 | INFO | BlogManagementSystem.Filters.LogActionFilter | Executing action: BlogManagementSystem.Controllers.CLBlogController.AddBlog (BlogManagementSystem)
2025-04-14 10:39:41.0505 | INFO | BlogManagementSystem.Controllers.CLBlogController | Creating a new blog post.
2025-04-14 10:39:41.0505 | ERROR | BlogManagementSystem.Filters.LogActionFilter | Error occurred during action execution: Duplicate entry '2147483647' for key 'blg01.PRIMARY'
2025-04-14 10:39:41.0505 | INFO | Microsoft.AspNetCore.Mvc.Infrastructure.ControllerActionInvoker | Executed action BlogManagementSystem.Controllers.CLBlogController.AddBlog (BlogManagementSystem) in 3.1139ms
2025-04-14 10:39:41.0505 | INFO | Microsoft.AspNetCore.Routing.EndpointMiddleware | Executed endpoint 'BlogManagementSystem.Controllers.CLBlogController.AddBlog (BlogManagementSystem)'
2025-04-14 10:39:41.0505 | ERROR | Microsoft.AspNetCore.Diagnostics.DeveloperExceptionPageMiddleware | An unhandled exception has occurred while executing the request.
2025-04-14 10:39:41.0505 | INFO | Microsoft.AspNetCore.Hosting.Diagnostics | Request finished HTTP/1.1 POST http://localhost:5095/api/CLBlog/add-blog application/json 29 - 500 - text/plain;+charset=utf-8 5.4840ms
2025-04-14 10:40:21.2509 | INFO | Microsoft.AspNetCore.Hosting.Diagnostics | Request starting HTTP/1.1 OPTIONS http://localhost:5095/api/CLBlog/delete-blog/+2147483647 - -
2025-04-14 10:40:21.2509 | INFO | Microsoft.AspNetCore.Cors.Infrastructure.CorsService | CORS policy execution successful.
2025-04-14 10:40:21.2509 | INFO | Microsoft.AspNetCore.Hosting.Diagnostics | Request finished HTTP/1.1 OPTIONS http://localhost:5095/api/CLBlog/delete-blog/+2147483647 - - - 204 - - 0.2621ms
2025-04-14 10:40:21.2509 | INFO | Microsoft.AspNetCore.Hosting.Diagnostics | Request starting HTTP/1.1 DELETE http://localhost:5095/api/CLBlog/delete-blog/+2147483647 application/json -
2025-04-14 10:40:21.2509 | INFO | Microsoft.AspNetCore.Cors.Infrastructure.CorsService | CORS policy execution successful.
2025-04-14 10:40:21.2528 | INFO | Microsoft.AspNetCore.Routing.EndpointMiddleware | Executing endpoint 'BlogManagementSystem.Controllers.CLBlogController.DeleteBlog (BlogManagementSystem)'
2025-04-14 10:40:21.2528 | INFO | Microsoft.AspNetCore.Mvc.Infrastructure.ControllerActionInvoker | Route matched with {action = "DeleteBlog", controller = "CLBlog"}. Executing controller action with signature Microsoft.AspNetCore.Mvc.IActionResult DeleteBlog(Int32) on controller BlogManagementSystem.Controllers.CLBlogController (BlogManagementSystem).
2025-04-14 10:40:21.2528 | INFO | BlogManagementSystem.Filters.LogActionFilter | Executing action: BlogManagementSystem.Controllers.CLBlogController.DeleteBlog (BlogManagementSystem)
2025-04-14 10:40:21.2528 | INFO | BlogManagementSystem.Controllers.CLBlogController | Deleting blog post with ID 2147483647.
2025-04-14 10:40:21.2759 | INFO | BlogManagementSystem.Filters.LogActionFilter | Action executed successfully: BlogManagementSystem.Controllers.CLBlogController.DeleteBlog (BlogManagementSystem)
2025-04-14 10:40:21.2759 | INFO | Microsoft.AspNetCore.Mvc.Infrastructure.ObjectResultExecutor | Executing OkObjectResult, writing value of type 'BlogManagementSystem.Models.Response'.
2025-04-14 10:40:21.2759 | INFO | Microsoft.AspNetCore.Mvc.Infrastructure.ControllerActionInvoker | Executed action BlogManagementSystem.Controllers.CLBlogController.DeleteBlog (BlogManagementSystem) in 21.4306ms
2025-04-14 10:40:21.2759 | INFO | Microsoft.AspNetCore.Routing.EndpointMiddleware | Executed endpoint 'BlogManagementSystem.Controllers.CLBlogController.DeleteBlog (BlogManagementSystem)'
2025-04-14 10:40:21.2759 | INFO | Microsoft.AspNetCore.Hosting.Diagnostics | Request finished HTTP/1.1 DELETE http://localhost:5095/api/CLBlog/delete-blog/+2147483647 application/json - - 200 103 application/json;+charset=utf-8 24.1936ms
2025-04-14 10:40:26.6508 | INFO | Microsoft.AspNetCore.Hosting.Diagnostics | Request starting HTTP/1.1 GET http://localhost:5095/api/CLBlog/get-all-blogs?pageSize=5&pageNumber=1&sorting=g01F02%20DESC - -
2025-04-14 10:40:26.6508 | INFO | Microsoft.AspNetCore.Cors.Infrastructure.CorsService | CORS policy execution successful.
2025-04-14 10:40:26.6508 | INFO | Microsoft.AspNetCore.Routing.EndpointMiddleware | Executing endpoint 'BlogManagementSystem.Controllers.CLBlogController.GetAllBlogs (BlogManagementSystem)'
2025-04-14 10:40:26.6508 | INFO | Microsoft.AspNetCore.Mvc.Infrastructure.ControllerActionInvoker | Route matched with {action = "GetAllBlogs", controller = "CLBlog"}. Executing controller action with signature Microsoft.AspNetCore.Mvc.IActionResult GetAllBlogs(Int32, Int32, System.String) on controller BlogManagementSystem.Controllers.CLBlogController (BlogManagementSystem).
2025-04-14 10:40:26.6508 | INFO | BlogManagementSystem.Filters.LogActionFilter | Executing action: BlogManagementSystem.Controllers.CLBlogController.GetAllBlogs (BlogManagementSystem)
2025-04-14 10:40:26.6508 | INFO | BlogManagementSystem.Controllers.CLBlogController | Fetching all blog posts.
2025-04-14 10:40:26.6508 | INFO | BlogManagementSystem.Filters.LogActionFilter | Action executed successfully: BlogManagementSystem.Controllers.CLBlogController.GetAllBlogs (BlogManagementSystem)
2025-04-14 10:40:26.6508 | INFO | Microsoft.AspNetCore.Mvc.Infrastructure.ObjectResultExecutor | Executing OkObjectResult, writing value of type 'BlogManagementSystem.Models.Response'.
2025-04-14 10:40:26.6508 | INFO | Microsoft.AspNetCore.Mvc.Infrastructure.ControllerActionInvoker | Executed action BlogManagementSystem.Controllers.CLBlogController.GetAllBlogs (BlogManagementSystem) in 3.8742ms
2025-04-14 10:40:26.6508 | INFO | Microsoft.AspNetCore.Routing.EndpointMiddleware | Executed endpoint 'BlogManagementSystem.Controllers.CLBlogController.GetAllBlogs (BlogManagementSystem)'
2025-04-14 10:40:26.6508 | INFO | Microsoft.AspNetCore.Hosting.Diagnostics | Request finished HTTP/1.1 GET http://localhost:5095/api/CLBlog/get-all-blogs?pageSize=5&pageNumber=1&sorting=g01F02%20DESC - - - 200 208 application/json;+charset=utf-8 4.4973ms
2025-04-14 10:40:34.4817 | INFO | Microsoft.AspNetCore.Hosting.Diagnostics | Request starting HTTP/1.1 OPTIONS http://localhost:5095/api/CLBlog/add-blog - -
2025-04-14 10:40:34.4817 | INFO | Microsoft.AspNetCore.Cors.Infrastructure.CorsService | CORS policy execution successful.
2025-04-14 10:40:34.4817 | INFO | Microsoft.AspNetCore.Hosting.Diagnostics | Request finished HTTP/1.1 OPTIONS http://localhost:5095/api/CLBlog/add-blog - - - 204 - - 0.2714ms
2025-04-14 10:40:34.4817 | INFO | Microsoft.AspNetCore.Hosting.Diagnostics | Request starting HTTP/1.1 POST http://localhost:5095/api/CLBlog/add-blog application/json 29
2025-04-14 10:40:34.4817 | INFO | Microsoft.AspNetCore.Cors.Infrastructure.CorsService | CORS policy execution successful.
2025-04-14 10:40:34.4817 | INFO | Microsoft.AspNetCore.Routing.EndpointMiddleware | Executing endpoint 'BlogManagementSystem.Controllers.CLBlogController.AddBlog (BlogManagementSystem)'
2025-04-14 10:40:34.4817 | INFO | Microsoft.AspNetCore.Mvc.Infrastructure.ControllerActionInvoker | Route matched with {action = "AddBlog", controller = "CLBlog"}. Executing controller action with signature Microsoft.AspNetCore.Mvc.IActionResult AddBlog(BlogManagementSystem.Models.DTO.DTOBLG01) on controller BlogManagementSystem.Controllers.CLBlogController (BlogManagementSystem).
2025-04-14 10:40:34.4817 | INFO | BlogManagementSystem.Filters.LogActionFilter | Executing action: BlogManagementSystem.Controllers.CLBlogController.AddBlog (BlogManagementSystem)
2025-04-14 10:40:34.4817 | INFO | BlogManagementSystem.Controllers.CLBlogController | Creating a new blog post.
2025-04-14 10:40:34.4879 | INFO | BlogManagementSystem.Filters.LogActionFilter | Action executed successfully: BlogManagementSystem.Controllers.CLBlogController.AddBlog (BlogManagementSystem)
2025-04-14 10:40:34.4879 | INFO | Microsoft.AspNetCore.Mvc.Infrastructure.ObjectResultExecutor | Executing OkObjectResult, writing value of type 'BlogManagementSystem.Models.Response'.
2025-04-14 10:40:34.4879 | INFO | Microsoft.AspNetCore.Mvc.Infrastructure.ControllerActionInvoker | Executed action BlogManagementSystem.Controllers.CLBlogController.AddBlog (BlogManagementSystem) in 4.5588ms
2025-04-14 10:40:34.4879 | INFO | Microsoft.AspNetCore.Routing.EndpointMiddleware | Executed endpoint 'BlogManagementSystem.Controllers.CLBlogController.AddBlog (BlogManagementSystem)'
2025-04-14 10:40:34.4879 | INFO | Microsoft.AspNetCore.Hosting.Diagnostics | Request finished HTTP/1.1 POST http://localhost:5095/api/CLBlog/add-blog application/json 29 - 200 52 application/json;+charset=utf-8 4.8809ms
2025-04-14 10:40:34.6028 | INFO | Microsoft.AspNetCore.Hosting.Diagnostics | Request starting HTTP/1.1 GET http://localhost:5095/api/CLBlog/get-all-blogs?pageSize=5&pageNumber=1&sorting=g01F02%20DESC - -
2025-04-14 10:40:34.6028 | INFO | Microsoft.AspNetCore.Cors.Infrastructure.CorsService | CORS policy execution successful.
2025-04-14 10:40:34.6028 | INFO | Microsoft.AspNetCore.Routing.EndpointMiddleware | Executing endpoint 'BlogManagementSystem.Controllers.CLBlogController.GetAllBlogs (BlogManagementSystem)'
2025-04-14 10:40:34.6028 | INFO | Microsoft.AspNetCore.Mvc.Infrastructure.ControllerActionInvoker | Route matched with {action = "GetAllBlogs", controller = "CLBlog"}. Executing controller action with signature Microsoft.AspNetCore.Mvc.IActionResult GetAllBlogs(Int32, Int32, System.String) on controller BlogManagementSystem.Controllers.CLBlogController (BlogManagementSystem).
2025-04-14 10:40:34.6028 | INFO | BlogManagementSystem.Filters.LogActionFilter | Executing action: BlogManagementSystem.Controllers.CLBlogController.GetAllBlogs (BlogManagementSystem)
2025-04-14 10:40:34.6028 | INFO | BlogManagementSystem.Controllers.CLBlogController | Fetching all blog posts.
2025-04-14 10:40:34.6028 | INFO | BlogManagementSystem.Filters.LogActionFilter | Action executed successfully: BlogManagementSystem.Controllers.CLBlogController.GetAllBlogs (BlogManagementSystem)
2025-04-14 10:40:34.6028 | INFO | Microsoft.AspNetCore.Mvc.Infrastructure.ObjectResultExecutor | Executing OkObjectResult, writing value of type 'BlogManagementSystem.Models.Response'.
2025-04-14 10:40:34.6028 | INFO | Microsoft.AspNetCore.Mvc.Infrastructure.ControllerActionInvoker | Executed action BlogManagementSystem.Controllers.CLBlogController.GetAllBlogs (BlogManagementSystem) in 3.2769ms
2025-04-14 10:40:34.6028 | INFO | Microsoft.AspNetCore.Routing.EndpointMiddleware | Executed endpoint 'BlogManagementSystem.Controllers.CLBlogController.GetAllBlogs (BlogManagementSystem)'
2025-04-14 10:40:34.6028 | INFO | Microsoft.AspNetCore.Hosting.Diagnostics | Request finished HTTP/1.1 GET http://localhost:5095/api/CLBlog/get-all-blogs?pageSize=5&pageNumber=1&sorting=g01F02%20DESC - - - 200 258 application/json;+charset=utf-8 3.7287ms
2025-04-14 10:40:40.4274 | INFO | Microsoft.AspNetCore.Hosting.Diagnostics | Request starting HTTP/1.1 OPTIONS http://localhost:5095/api/CLBlog/update-blog - -
2025-04-14 10:40:40.4274 | INFO | Microsoft.AspNetCore.Cors.Infrastructure.CorsService | CORS policy execution successful.
2025-04-14 10:40:40.4274 | INFO | Microsoft.AspNetCore.Hosting.Diagnostics | Request finished HTTP/1.1 OPTIONS http://localhost:5095/api/CLBlog/update-blog - - - 204 - - 0.2634ms
2025-04-14 10:40:40.4274 | INFO | Microsoft.AspNetCore.Hosting.Diagnostics | Request starting HTTP/1.1 PUT http://localhost:5095/api/CLBlog/update-blog application/json 52
2025-04-14 10:40:40.4274 | INFO | Microsoft.AspNetCore.Cors.Infrastructure.CorsService | CORS policy execution successful.
2025-04-14 10:40:40.4274 | INFO | Microsoft.AspNetCore.Routing.EndpointMiddleware | Executing endpoint 'BlogManagementSystem.Controllers.CLBlogController.UpdateBlog (BlogManagementSystem)'
2025-04-14 10:40:40.4274 | INFO | Microsoft.AspNetCore.Mvc.Infrastructure.ControllerActionInvoker | Route matched with {action = "UpdateBlog", controller = "CLBlog"}. Executing controller action with signature Microsoft.AspNetCore.Mvc.IActionResult UpdateBlog(BlogManagementSystem.Models.DTO.DTOBLG01) on controller BlogManagementSystem.Controllers.CLBlogController (BlogManagementSystem).
2025-04-14 10:40:40.4274 | INFO | BlogManagementSystem.Filters.LogActionFilter | Executing action: BlogManagementSystem.Controllers.CLBlogController.UpdateBlog (BlogManagementSystem)
2025-04-14 10:40:40.4274 | INFO | BlogManagementSystem.Controllers.CLBlogController | Updating blog post with ID 2147483647.
2025-04-14 10:40:40.4409 | INFO | BlogManagementSystem.Filters.LogActionFilter | Action executed successfully: BlogManagementSystem.Controllers.CLBlogController.UpdateBlog (BlogManagementSystem)
2025-04-14 10:40:40.4409 | INFO | Microsoft.AspNetCore.Mvc.Infrastructure.ObjectResultExecutor | Executing OkObjectResult, writing value of type 'BlogManagementSystem.Models.Response'.
2025-04-14 10:40:40.4409 | INFO | Microsoft.AspNetCore.Mvc.Infrastructure.ControllerActionInvoker | Executed action BlogManagementSystem.Controllers.CLBlogController.UpdateBlog (BlogManagementSystem) in 10.5685ms
2025-04-14 10:40:40.4409 | INFO | Microsoft.AspNetCore.Routing.EndpointMiddleware | Executed endpoint 'BlogManagementSystem.Controllers.CLBlogController.UpdateBlog (BlogManagementSystem)'
2025-04-14 10:40:40.4409 | INFO | Microsoft.AspNetCore.Hosting.Diagnostics | Request finished HTTP/1.1 PUT http://localhost:5095/api/CLBlog/update-blog application/json 52 - 200 101 application/json;+charset=utf-8 12.3642ms
2025-04-14 10:40:43.9843 | INFO | Microsoft.AspNetCore.Hosting.Diagnostics | Request starting HTTP/1.1 GET http://localhost:5095/api/CLBlog/get-all-blogs?pageSize=5&pageNumber=1&sorting=g01F02%20DESC - -
2025-04-14 10:40:43.9843 | INFO | Microsoft.AspNetCore.Cors.Infrastructure.CorsService | CORS policy execution successful.
2025-04-14 10:40:43.9843 | INFO | Microsoft.AspNetCore.Routing.EndpointMiddleware | Executing endpoint 'BlogManagementSystem.Controllers.CLBlogController.GetAllBlogs (BlogManagementSystem)'
2025-04-14 10:40:43.9843 | INFO | Microsoft.AspNetCore.Mvc.Infrastructure.ControllerActionInvoker | Route matched with {action = "GetAllBlogs", controller = "CLBlog"}. Executing controller action with signature Microsoft.AspNetCore.Mvc.IActionResult GetAllBlogs(Int32, Int32, System.String) on controller BlogManagementSystem.Controllers.CLBlogController (BlogManagementSystem).
2025-04-14 10:40:43.9843 | INFO | BlogManagementSystem.Filters.LogActionFilter | Executing action: BlogManagementSystem.Controllers.CLBlogController.GetAllBlogs (BlogManagementSystem)
2025-04-14 10:40:43.9843 | INFO | BlogManagementSystem.Controllers.CLBlogController | Fetching all blog posts.
2025-04-14 10:40:43.9877 | INFO | BlogManagementSystem.Filters.LogActionFilter | Action executed successfully: BlogManagementSystem.Controllers.CLBlogController.GetAllBlogs (BlogManagementSystem)
2025-04-14 10:40:43.9877 | INFO | Microsoft.AspNetCore.Mvc.Infrastructure.ObjectResultExecutor | Executing OkObjectResult, writing value of type 'BlogManagementSystem.Models.Response'.
2025-04-14 10:40:43.9877 | INFO | Microsoft.AspNetCore.Mvc.Infrastructure.ControllerActionInvoker | Executed action BlogManagementSystem.Controllers.CLBlogController.GetAllBlogs (BlogManagementSystem) in 3.1642ms
2025-04-14 10:40:43.9877 | INFO | Microsoft.AspNetCore.Routing.EndpointMiddleware | Executed endpoint 'BlogManagementSystem.Controllers.CLBlogController.GetAllBlogs (BlogManagementSystem)'
2025-04-14 10:40:43.9877 | INFO | Microsoft.AspNetCore.Hosting.Diagnostics | Request finished HTTP/1.1 GET http://localhost:5095/api/CLBlog/get-all-blogs?pageSize=5&pageNumber=1&sorting=g01F02%20DESC - - - 200 259 application/json;+charset=utf-8 3.6054ms
2025-04-14 10:40:50.6348 | INFO | Microsoft.AspNetCore.Hosting.Diagnostics | Request starting HTTP/1.1 OPTIONS http://localhost:5095/api/CLBlog/update-blog - -
2025-04-14 10:40:50.6348 | INFO | Microsoft.AspNetCore.Cors.Infrastructure.CorsService | CORS policy execution successful.
2025-04-14 10:40:50.6348 | INFO | Microsoft.AspNetCore.Hosting.Diagnostics | Request finished HTTP/1.1 OPTIONS http://localhost:5095/api/CLBlog/update-blog - - - 204 - - 0.3446ms
2025-04-14 10:40:50.6348 | INFO | Microsoft.AspNetCore.Hosting.Diagnostics | Request starting HTTP/1.1 PUT http://localhost:5095/api/CLBlog/update-blog application/json 53
2025-04-14 10:40:50.6348 | INFO | Microsoft.AspNetCore.Cors.Infrastructure.CorsService | CORS policy execution successful.
2025-04-14 10:40:50.6348 | INFO | Microsoft.AspNetCore.Routing.EndpointMiddleware | Executing endpoint 'BlogManagementSystem.Controllers.CLBlogController.UpdateBlog (BlogManagementSystem)'
2025-04-14 10:40:50.6348 | INFO | Microsoft.AspNetCore.Mvc.Infrastructure.ControllerActionInvoker | Route matched with {action = "UpdateBlog", controller = "CLBlog"}. Executing controller action with signature Microsoft.AspNetCore.Mvc.IActionResult UpdateBlog(BlogManagementSystem.Models.DTO.DTOBLG01) on controller BlogManagementSystem.Controllers.CLBlogController (BlogManagementSystem).
2025-04-14 10:40:50.6348 | INFO | BlogManagementSystem.Filters.LogActionFilter | Executing action: BlogManagementSystem.Controllers.CLBlogController.UpdateBlog (BlogManagementSystem)
2025-04-14 10:40:50.6348 | INFO | BlogManagementSystem.Controllers.CLBlogController | Updating blog post with ID 2147483647.
2025-04-14 10:40:50.6348 | INFO | BlogManagementSystem.Filters.LogActionFilter | Action executed successfully: BlogManagementSystem.Controllers.CLBlogController.UpdateBlog (BlogManagementSystem)
2025-04-14 10:40:50.6348 | INFO | Microsoft.AspNetCore.Mvc.Infrastructure.ObjectResultExecutor | Executing OkObjectResult, writing value of type 'BlogManagementSystem.Models.Response'.
2025-04-14 10:40:50.6348 | INFO | Microsoft.AspNetCore.Mvc.Infrastructure.ControllerActionInvoker | Executed action BlogManagementSystem.Controllers.CLBlogController.UpdateBlog (BlogManagementSystem) in 5.8213ms
2025-04-14 10:40:50.6348 | INFO | Microsoft.AspNetCore.Routing.EndpointMiddleware | Executed endpoint 'BlogManagementSystem.Controllers.CLBlogController.UpdateBlog (BlogManagementSystem)'
2025-04-14 10:40:50.6348 | INFO | Microsoft.AspNetCore.Hosting.Diagnostics | Request finished HTTP/1.1 PUT http://localhost:5095/api/CLBlog/update-blog application/json 53 - 200 102 application/json;+charset=utf-8 6.1227ms
2025-04-14 10:41:02.9487 | INFO | Microsoft.AspNetCore.Hosting.Diagnostics | Request starting HTTP/1.1 OPTIONS http://localhost:5095/api/CLBlog/delete-blog/+2147483647 - -
2025-04-14 10:41:02.9487 | INFO | Microsoft.AspNetCore.Cors.Infrastructure.CorsService | CORS policy execution successful.
2025-04-14 10:41:02.9487 | INFO | Microsoft.AspNetCore.Hosting.Diagnostics | Request finished HTTP/1.1 OPTIONS http://localhost:5095/api/CLBlog/delete-blog/+2147483647 - - - 204 - - 0.4844ms
2025-04-14 10:41:02.9487 | INFO | Microsoft.AspNetCore.Hosting.Diagnostics | Request starting HTTP/1.1 DELETE http://localhost:5095/api/CLBlog/delete-blog/+2147483647 application/json -
2025-04-14 10:41:02.9487 | INFO | Microsoft.AspNetCore.Cors.Infrastructure.CorsService | CORS policy execution successful.
2025-04-14 10:41:02.9487 | INFO | Microsoft.AspNetCore.Routing.EndpointMiddleware | Executing endpoint 'BlogManagementSystem.Controllers.CLBlogController.DeleteBlog (BlogManagementSystem)'
2025-04-14 10:41:02.9487 | INFO | Microsoft.AspNetCore.Mvc.Infrastructure.ControllerActionInvoker | Route matched with {action = "DeleteBlog", controller = "CLBlog"}. Executing controller action with signature Microsoft.AspNetCore.Mvc.IActionResult DeleteBlog(Int32) on controller BlogManagementSystem.Controllers.CLBlogController (BlogManagementSystem).
2025-04-14 10:41:02.9487 | INFO | BlogManagementSystem.Filters.LogActionFilter | Executing action: BlogManagementSystem.Controllers.CLBlogController.DeleteBlog (BlogManagementSystem)
2025-04-14 10:41:02.9487 | INFO | BlogManagementSystem.Controllers.CLBlogController | Deleting blog post with ID 2147483647.
2025-04-14 10:41:02.9573 | INFO | BlogManagementSystem.Filters.LogActionFilter | Action executed successfully: BlogManagementSystem.Controllers.CLBlogController.DeleteBlog (BlogManagementSystem)
2025-04-14 10:41:02.9573 | INFO | Microsoft.AspNetCore.Mvc.Infrastructure.ObjectResultExecutor | Executing OkObjectResult, writing value of type 'BlogManagementSystem.Models.Response'.
2025-04-14 10:41:02.9573 | INFO | Microsoft.AspNetCore.Mvc.Infrastructure.ControllerActionInvoker | Executed action BlogManagementSystem.Controllers.CLBlogController.DeleteBlog (BlogManagementSystem) in 6.7867ms
2025-04-14 10:41:02.9573 | INFO | Microsoft.AspNetCore.Routing.EndpointMiddleware | Executed endpoint 'BlogManagementSystem.Controllers.CLBlogController.DeleteBlog (BlogManagementSystem)'
2025-04-14 10:41:02.9573 | INFO | Microsoft.AspNetCore.Hosting.Diagnostics | Request finished HTTP/1.1 DELETE http://localhost:5095/api/CLBlog/delete-blog/+2147483647 application/json - - 200 103 application/json;+charset=utf-8 7.1116ms
2025-04-14 10:48:28.6303 | INFO | Microsoft.AspNetCore.Hosting.Diagnostics | Request starting HTTP/1.1 OPTIONS http://localhost:5095/api/CLBlog/add-blog - -
2025-04-14 10:48:28.6303 | INFO | Microsoft.AspNetCore.Cors.Infrastructure.CorsService | CORS policy execution successful.
2025-04-14 10:48:28.6303 | INFO | Microsoft.AspNetCore.Hosting.Diagnostics | Request finished HTTP/1.1 OPTIONS http://localhost:5095/api/CLBlog/add-blog - - - 204 - - 0.3837ms
2025-04-14 10:48:28.6303 | INFO | Microsoft.AspNetCore.Hosting.Diagnostics | Request starting HTTP/1.1 POST http://localhost:5095/api/CLBlog/add-blog application/json 25
2025-04-14 10:48:28.6303 | INFO | Microsoft.AspNetCore.Cors.Infrastructure.CorsService | CORS policy execution successful.
2025-04-14 10:48:28.6303 | INFO | Microsoft.AspNetCore.Routing.EndpointMiddleware | Executing endpoint 'BlogManagementSystem.Controllers.CLBlogController.AddBlog (BlogManagementSystem)'
2025-04-14 10:48:28.6303 | INFO | Microsoft.AspNetCore.Mvc.Infrastructure.ControllerActionInvoker | Route matched with {action = "AddBlog", controller = "CLBlog"}. Executing controller action with signature Microsoft.AspNetCore.Mvc.IActionResult AddBlog(BlogManagementSystem.Models.DTO.DTOBLG01) on controller BlogManagementSystem.Controllers.CLBlogController (BlogManagementSystem).
2025-04-14 10:48:28.6303 | INFO | Microsoft.AspNetCore.Mvc.Infrastructure.ObjectResultExecutor | Executing BadRequestObjectResult, writing value of type 'Microsoft.AspNetCore.Mvc.ValidationProblemDetails'.
2025-04-14 10:48:28.6493 | INFO | Microsoft.AspNetCore.Mvc.Infrastructure.ControllerActionInvoker | Executed action BlogManagementSystem.Controllers.CLBlogController.AddBlog (BlogManagementSystem) in 17.2414ms
2025-04-14 10:48:28.6493 | INFO | Microsoft.AspNetCore.Routing.EndpointMiddleware | Executed endpoint 'BlogManagementSystem.Controllers.CLBlogController.AddBlog (BlogManagementSystem)'
2025-04-14 10:48:28.6493 | INFO | Microsoft.AspNetCore.Hosting.Diagnostics | Request finished HTTP/1.1 POST http://localhost:5095/api/CLBlog/add-blog application/json 25 - 400 268 application/problem+json;+charset=utf-8 17.6530ms
2025-04-14 10:48:40.9592 | INFO | Microsoft.AspNetCore.Hosting.Diagnostics | Request starting HTTP/1.1 GET http://localhost:5095/api/CLBlog/get-all-blogs?pageSize=5&pageNumber=1&sorting=g01F02%20DESC - -
2025-04-14 10:48:40.9592 | INFO | Microsoft.AspNetCore.Cors.Infrastructure.CorsService | CORS policy execution successful.
2025-04-14 10:48:40.9592 | INFO | Microsoft.AspNetCore.Routing.EndpointMiddleware | Executing endpoint 'BlogManagementSystem.Controllers.CLBlogController.GetAllBlogs (BlogManagementSystem)'
2025-04-14 10:48:40.9592 | INFO | Microsoft.AspNetCore.Mvc.Infrastructure.ControllerActionInvoker | Route matched with {action = "GetAllBlogs", controller = "CLBlog"}. Executing controller action with signature Microsoft.AspNetCore.Mvc.IActionResult GetAllBlogs(Int32, Int32, System.String) on controller BlogManagementSystem.Controllers.CLBlogController (BlogManagementSystem).
2025-04-14 10:48:40.9592 | INFO | BlogManagementSystem.Filters.LogActionFilter | Executing action: BlogManagementSystem.Controllers.CLBlogController.GetAllBlogs (BlogManagementSystem)
2025-04-14 10:48:40.9592 | INFO | BlogManagementSystem.Controllers.CLBlogController | Fetching all blog posts.
2025-04-14 10:48:42.2069 | INFO | BlogManagementSystem.Filters.LogActionFilter | Action executed successfully: BlogManagementSystem.Controllers.CLBlogController.GetAllBlogs (BlogManagementSystem)
2025-04-14 10:48:42.2069 | INFO | Microsoft.AspNetCore.Mvc.Infrastructure.ObjectResultExecutor | Executing OkObjectResult, writing value of type 'BlogManagementSystem.Models.Response'.
2025-04-14 10:48:42.2069 | INFO | Microsoft.AspNetCore.Mvc.Infrastructure.ControllerActionInvoker | Executed action BlogManagementSystem.Controllers.CLBlogController.GetAllBlogs (BlogManagementSystem) in 1247.5348ms
2025-04-14 10:48:42.2069 | INFO | Microsoft.AspNetCore.Routing.EndpointMiddleware | Executed endpoint 'BlogManagementSystem.Controllers.CLBlogController.GetAllBlogs (BlogManagementSystem)'
2025-04-14 10:48:42.2069 | INFO | Microsoft.AspNetCore.Hosting.Diagnostics | Request finished HTTP/1.1 GET http://localhost:5095/api/CLBlog/get-all-blogs?pageSize=5&pageNumber=1&sorting=g01F02%20DESC - - - 200 208 application/json;+charset=utf-8 1248.1624ms
2025-04-14 10:51:07.9337 | INFO | Microsoft.AspNetCore.Hosting.Diagnostics | Request starting HTTP/1.1 GET http://localhost:5095/api/CLBlog/get-all-blogs?pageSize=5&pageNumber=1&sorting=g01F02%20DESC - -
2025-04-14 10:51:07.9337 | INFO | Microsoft.AspNetCore.Cors.Infrastructure.CorsService | CORS policy execution successful.
2025-04-14 10:51:07.9337 | INFO | Microsoft.AspNetCore.Routing.EndpointMiddleware | Executing endpoint 'BlogManagementSystem.Controllers.CLBlogController.GetAllBlogs (BlogManagementSystem)'
2025-04-14 10:51:07.9341 | INFO | Microsoft.AspNetCore.Mvc.Infrastructure.ControllerActionInvoker | Route matched with {action = "GetAllBlogs", controller = "CLBlog"}. Executing controller action with signature Microsoft.AspNetCore.Mvc.IActionResult GetAllBlogs(Int32, Int32, System.String) on controller BlogManagementSystem.Controllers.CLBlogController (BlogManagementSystem).
2025-04-14 10:51:07.9341 | INFO | BlogManagementSystem.Filters.LogActionFilter | Executing action: BlogManagementSystem.Controllers.CLBlogController.GetAllBlogs (BlogManagementSystem)
2025-04-14 10:51:07.9341 | INFO | BlogManagementSystem.Controllers.CLBlogController | Fetching all blog posts.
2025-04-14 10:51:07.9341 | INFO | BlogManagementSystem.Filters.LogActionFilter | Action executed successfully: BlogManagementSystem.Controllers.CLBlogController.GetAllBlogs (BlogManagementSystem)
2025-04-14 10:51:07.9341 | INFO | Microsoft.AspNetCore.Mvc.Infrastructure.ObjectResultExecutor | Executing OkObjectResult, writing value of type 'BlogManagementSystem.Models.Response'.
2025-04-14 10:51:07.9341 | INFO | Microsoft.AspNetCore.Mvc.Infrastructure.ControllerActionInvoker | Executed action BlogManagementSystem.Controllers.CLBlogController.GetAllBlogs (BlogManagementSystem) in 3.5345ms
2025-04-14 10:51:07.9341 | INFO | Microsoft.AspNetCore.Routing.EndpointMiddleware | Executed endpoint 'BlogManagementSystem.Controllers.CLBlogController.GetAllBlogs (BlogManagementSystem)'
2025-04-14 10:51:07.9341 | INFO | Microsoft.AspNetCore.Hosting.Diagnostics | Request finished HTTP/1.1 GET http://localhost:5095/api/CLBlog/get-all-blogs?pageSize=5&pageNumber=1&sorting=g01F02%20DESC - - - 200 208 application/json;+charset=utf-8 4.0444ms
2025-04-14 10:51:12.3930 | INFO | Microsoft.AspNetCore.Hosting.Diagnostics | Request starting HTTP/1.1 OPTIONS http://localhost:5095/api/CLBlog/add-blog - -
2025-04-14 10:51:12.3930 | INFO | Microsoft.AspNetCore.Cors.Infrastructure.CorsService | CORS policy execution successful.
2025-04-14 10:51:12.3930 | INFO | Microsoft.AspNetCore.Hosting.Diagnostics | Request finished HTTP/1.1 OPTIONS http://localhost:5095/api/CLBlog/add-blog - - - 204 - - 0.2676ms
2025-04-14 10:51:12.3930 | INFO | Microsoft.AspNetCore.Hosting.Diagnostics | Request starting HTTP/1.1 POST http://localhost:5095/api/CLBlog/add-blog application/json 33
2025-04-14 10:51:12.3930 | INFO | Microsoft.AspNetCore.Cors.Infrastructure.CorsService | CORS policy execution successful.
2025-04-14 10:51:12.3930 | INFO | Microsoft.AspNetCore.Routing.EndpointMiddleware | Executing endpoint 'BlogManagementSystem.Controllers.CLBlogController.AddBlog (BlogManagementSystem)'
2025-04-14 10:51:12.3930 | INFO | Microsoft.AspNetCore.Mvc.Infrastructure.ControllerActionInvoker | Route matched with {action = "AddBlog", controller = "CLBlog"}. Executing controller action with signature Microsoft.AspNetCore.Mvc.IActionResult AddBlog(BlogManagementSystem.Models.DTO.DTOBLG01) on controller BlogManagementSystem.Controllers.CLBlogController (BlogManagementSystem).
2025-04-14 10:51:12.3930 | INFO | BlogManagementSystem.Filters.LogActionFilter | Executing action: BlogManagementSystem.Controllers.CLBlogController.AddBlog (BlogManagementSystem)
2025-04-14 10:51:12.3930 | INFO | BlogManagementSystem.Controllers.CLBlogController | Creating a new blog post.
2025-04-14 10:51:12.3930 | INFO | BlogManagementSystem.Filters.LogActionFilter | Action executed successfully: BlogManagementSystem.Controllers.CLBlogController.AddBlog (BlogManagementSystem)
2025-04-14 10:51:12.3930 | INFO | Microsoft.AspNetCore.Mvc.Infrastructure.ObjectResultExecutor | Executing OkObjectResult, writing value of type 'BlogManagementSystem.Models.Response'.
2025-04-14 10:51:12.3930 | INFO | Microsoft.AspNetCore.Mvc.Infrastructure.ControllerActionInvoker | Executed action BlogManagementSystem.Controllers.CLBlogController.AddBlog (BlogManagementSystem) in 4.6635ms
2025-04-14 10:51:12.3930 | INFO | Microsoft.AspNetCore.Routing.EndpointMiddleware | Executed endpoint 'BlogManagementSystem.Controllers.CLBlogController.AddBlog (BlogManagementSystem)'
2025-04-14 10:51:12.3930 | INFO | Microsoft.AspNetCore.Hosting.Diagnostics | Request finished HTTP/1.1 POST http://localhost:5095/api/CLBlog/add-blog application/json 33 - 200 52 application/json;+charset=utf-8 5.0192ms
2025-04-14 10:51:20.4451 | INFO | Microsoft.AspNetCore.Hosting.Diagnostics | Request starting HTTP/1.1 GET http://localhost:5095/api/CLBlog/get-all-blogs?pageSize=5&pageNumber=1&sorting=g01F02%20DESC - -
2025-04-14 10:51:20.4451 | INFO | Microsoft.AspNetCore.Cors.Infrastructure.CorsService | CORS policy execution successful.
2025-04-14 10:51:20.4451 | INFO | Microsoft.AspNetCore.Routing.EndpointMiddleware | Executing endpoint 'BlogManagementSystem.Controllers.CLBlogController.GetAllBlogs (BlogManagementSystem)'
2025-04-14 10:51:20.4451 | INFO | Microsoft.AspNetCore.Mvc.Infrastructure.ControllerActionInvoker | Route matched with {action = "GetAllBlogs", controller = "CLBlog"}. Executing controller action with signature Microsoft.AspNetCore.Mvc.IActionResult GetAllBlogs(Int32, Int32, System.String) on controller BlogManagementSystem.Controllers.CLBlogController (BlogManagementSystem).
2025-04-14 10:51:20.4451 | INFO | BlogManagementSystem.Filters.LogActionFilter | Executing action: BlogManagementSystem.Controllers.CLBlogController.GetAllBlogs (BlogManagementSystem)
2025-04-14 10:51:20.4451 | INFO | BlogManagementSystem.Controllers.CLBlogController | Fetching all blog posts.
2025-04-14 10:51:20.4451 | INFO | BlogManagementSystem.Filters.LogActionFilter | Action executed successfully: BlogManagementSystem.Controllers.CLBlogController.GetAllBlogs (BlogManagementSystem)
2025-04-14 10:51:20.4451 | INFO | Microsoft.AspNetCore.Mvc.Infrastructure.ObjectResultExecutor | Executing OkObjectResult, writing value of type 'BlogManagementSystem.Models.Response'.
2025-04-14 10:51:20.4451 | INFO | Microsoft.AspNetCore.Mvc.Infrastructure.ControllerActionInvoker | Executed action BlogManagementSystem.Controllers.CLBlogController.GetAllBlogs (BlogManagementSystem) in 4.2326ms
2025-04-14 10:51:20.4451 | INFO | Microsoft.AspNetCore.Routing.EndpointMiddleware | Executed endpoint 'BlogManagementSystem.Controllers.CLBlogController.GetAllBlogs (BlogManagementSystem)'
2025-04-14 10:51:20.4451 | INFO | Microsoft.AspNetCore.Hosting.Diagnostics | Request finished HTTP/1.1 GET http://localhost:5095/api/CLBlog/get-all-blogs?pageSize=5&pageNumber=1&sorting=g01F02%20DESC - - - 200 262 application/json;+charset=utf-8 4.7220ms
2025-04-14 10:51:24.5625 | INFO | Microsoft.AspNetCore.Hosting.Diagnostics | Request starting HTTP/1.1 OPTIONS http://localhost:5095/api/CLBlog/update-blog - -
2025-04-14 10:51:24.5625 | INFO | Microsoft.AspNetCore.Cors.Infrastructure.CorsService | CORS policy execution successful.
2025-04-14 10:51:24.5625 | INFO | Microsoft.AspNetCore.Hosting.Diagnostics | Request finished HTTP/1.1 OPTIONS http://localhost:5095/api/CLBlog/update-blog - - - 204 - - 0.3484ms
2025-04-14 10:51:24.5625 | INFO | Microsoft.AspNetCore.Hosting.Diagnostics | Request starting HTTP/1.1 PUT http://localhost:5095/api/CLBlog/update-blog application/json 56
2025-04-14 10:51:24.5625 | INFO | Microsoft.AspNetCore.Cors.Infrastructure.CorsService | CORS policy execution successful.
2025-04-14 10:51:24.5625 | INFO | Microsoft.AspNetCore.Routing.EndpointMiddleware | Executing endpoint 'BlogManagementSystem.Controllers.CLBlogController.UpdateBlog (BlogManagementSystem)'
2025-04-14 10:51:24.5625 | INFO | Microsoft.AspNetCore.Mvc.Infrastructure.ControllerActionInvoker | Route matched with {action = "UpdateBlog", controller = "CLBlog"}. Executing controller action with signature Microsoft.AspNetCore.Mvc.IActionResult UpdateBlog(BlogManagementSystem.Models.DTO.DTOBLG01) on controller BlogManagementSystem.Controllers.CLBlogController (BlogManagementSystem).
2025-04-14 10:51:24.5625 | INFO | BlogManagementSystem.Filters.LogActionFilter | Executing action: BlogManagementSystem.Controllers.CLBlogController.UpdateBlog (BlogManagementSystem)
2025-04-14 10:51:24.5625 | INFO | BlogManagementSystem.Controllers.CLBlogController | Updating blog post with ID 2147483647.
2025-04-14 10:51:24.5625 | INFO | BlogManagementSystem.Filters.LogActionFilter | Action executed successfully: BlogManagementSystem.Controllers.CLBlogController.UpdateBlog (BlogManagementSystem)
2025-04-14 10:51:24.5625 | INFO | Microsoft.AspNetCore.Mvc.Infrastructure.ObjectResultExecutor | Executing OkObjectResult, writing value of type 'BlogManagementSystem.Models.Response'.
2025-04-14 10:51:24.5625 | INFO | Microsoft.AspNetCore.Mvc.Infrastructure.ControllerActionInvoker | Executed action BlogManagementSystem.Controllers.CLBlogController.UpdateBlog (BlogManagementSystem) in 7.9064ms
2025-04-14 10:51:24.5625 | INFO | Microsoft.AspNetCore.Routing.EndpointMiddleware | Executed endpoint 'BlogManagementSystem.Controllers.CLBlogController.UpdateBlog (BlogManagementSystem)'
2025-04-14 10:51:24.5625 | INFO | Microsoft.AspNetCore.Hosting.Diagnostics | Request finished HTTP/1.1 PUT http://localhost:5095/api/CLBlog/update-blog application/json 56 - 200 105 application/json;+charset=utf-8 8.1925ms
2025-04-14 10:51:33.1126 | INFO | Microsoft.AspNetCore.Hosting.Diagnostics | Request starting HTTP/1.1 GET http://localhost:5095/api/CLBlog/get-all-blogs?pageSize=5&pageNumber=1&sorting=g01F02%20DESC - -
2025-04-14 10:51:33.1126 | INFO | Microsoft.AspNetCore.Cors.Infrastructure.CorsService | CORS policy execution successful.
2025-04-14 10:51:33.1126 | INFO | Microsoft.AspNetCore.Routing.EndpointMiddleware | Executing endpoint 'BlogManagementSystem.Controllers.CLBlogController.GetAllBlogs (BlogManagementSystem)'
2025-04-14 10:51:33.1126 | INFO | Microsoft.AspNetCore.Mvc.Infrastructure.ControllerActionInvoker | Route matched with {action = "GetAllBlogs", controller = "CLBlog"}. Executing controller action with signature Microsoft.AspNetCore.Mvc.IActionResult GetAllBlogs(Int32, Int32, System.String) on controller BlogManagementSystem.Controllers.CLBlogController (BlogManagementSystem).
2025-04-14 10:51:33.1126 | INFO | BlogManagementSystem.Filters.LogActionFilter | Executing action: BlogManagementSystem.Controllers.CLBlogController.GetAllBlogs (BlogManagementSystem)
2025-04-14 10:51:33.1126 | INFO | BlogManagementSystem.Controllers.CLBlogController | Fetching all blog posts.
2025-04-14 10:51:33.1126 | INFO | BlogManagementSystem.Filters.LogActionFilter | Action executed successfully: BlogManagementSystem.Controllers.CLBlogController.GetAllBlogs (BlogManagementSystem)
2025-04-14 10:51:33.1126 | INFO | Microsoft.AspNetCore.Mvc.Infrastructure.ObjectResultExecutor | Executing OkObjectResult, writing value of type 'BlogManagementSystem.Models.Response'.
2025-04-14 10:51:33.1126 | INFO | Microsoft.AspNetCore.Mvc.Infrastructure.ControllerActionInvoker | Executed action BlogManagementSystem.Controllers.CLBlogController.GetAllBlogs (BlogManagementSystem) in 3.682ms
2025-04-14 10:51:33.1126 | INFO | Microsoft.AspNetCore.Routing.EndpointMiddleware | Executed endpoint 'BlogManagementSystem.Controllers.CLBlogController.GetAllBlogs (BlogManagementSystem)'
2025-04-14 10:51:33.1126 | INFO | Microsoft.AspNetCore.Hosting.Diagnostics | Request finished HTTP/1.1 GET http://localhost:5095/api/CLBlog/get-all-blogs?pageSize=5&pageNumber=1&sorting=g01F02%20DESC - - - 200 263 application/json;+charset=utf-8 4.1337ms
2025-04-14 10:51:35.0315 | INFO | Microsoft.AspNetCore.Hosting.Diagnostics | Request starting HTTP/1.1 GET http://localhost:5095/api/CLBlog/get-all-blogs?pageSize=5&pageNumber=1&sorting=g01F02%20DESC - -
2025-04-14 10:51:35.0315 | INFO | Microsoft.AspNetCore.Cors.Infrastructure.CorsService | CORS policy execution successful.
2025-04-14 10:51:35.0315 | INFO | Microsoft.AspNetCore.Routing.EndpointMiddleware | Executing endpoint 'BlogManagementSystem.Controllers.CLBlogController.GetAllBlogs (BlogManagementSystem)'
2025-04-14 10:51:35.0315 | INFO | Microsoft.AspNetCore.Mvc.Infrastructure.ControllerActionInvoker | Route matched with {action = "GetAllBlogs", controller = "CLBlog"}. Executing controller action with signature Microsoft.AspNetCore.Mvc.IActionResult GetAllBlogs(Int32, Int32, System.String) on controller BlogManagementSystem.Controllers.CLBlogController (BlogManagementSystem).
2025-04-14 10:51:35.0315 | INFO | BlogManagementSystem.Filters.LogActionFilter | Executing action: BlogManagementSystem.Controllers.CLBlogController.GetAllBlogs (BlogManagementSystem)
2025-04-14 10:51:35.0315 | INFO | BlogManagementSystem.Controllers.CLBlogController | Fetching all blog posts.
2025-04-14 10:51:35.0315 | INFO | BlogManagementSystem.Filters.LogActionFilter | Action executed successfully: BlogManagementSystem.Controllers.CLBlogController.GetAllBlogs (BlogManagementSystem)
2025-04-14 10:51:35.0315 | INFO | Microsoft.AspNetCore.Mvc.Infrastructure.ObjectResultExecutor | Executing OkObjectResult, writing value of type 'BlogManagementSystem.Models.Response'.
2025-04-14 10:51:35.0315 | INFO | Microsoft.AspNetCore.Mvc.Infrastructure.ControllerActionInvoker | Executed action BlogManagementSystem.Controllers.CLBlogController.GetAllBlogs (BlogManagementSystem) in 3.7132ms
2025-04-14 10:51:35.0315 | INFO | Microsoft.AspNetCore.Routing.EndpointMiddleware | Executed endpoint 'BlogManagementSystem.Controllers.CLBlogController.GetAllBlogs (BlogManagementSystem)'
2025-04-14 10:51:35.0315 | INFO | Microsoft.AspNetCore.Hosting.Diagnostics | Request finished HTTP/1.1 GET http://localhost:5095/api/CLBlog/get-all-blogs?pageSize=5&pageNumber=1&sorting=g01F02%20DESC - - - 200 263 application/json;+charset=utf-8 4.2866ms
2025-04-14 10:51:39.2172 | INFO | Microsoft.AspNetCore.Hosting.Diagnostics | Request starting HTTP/1.1 OPTIONS http://localhost:5095/api/CLBlog/add-blog - -
2025-04-14 10:51:39.2172 | INFO | Microsoft.AspNetCore.Cors.Infrastructure.CorsService | CORS policy execution successful.
2025-04-14 10:51:39.2172 | INFO | Microsoft.AspNetCore.Hosting.Diagnostics | Request finished HTTP/1.1 OPTIONS http://localhost:5095/api/CLBlog/add-blog - - - 204 - - 0.4763ms
2025-04-14 10:51:39.2172 | INFO | Microsoft.AspNetCore.Hosting.Diagnostics | Request starting HTTP/1.1 POST http://localhost:5095/api/CLBlog/add-blog application/json 31
2025-04-14 10:51:39.2172 | INFO | Microsoft.AspNetCore.Cors.Infrastructure.CorsService | CORS policy execution successful.
2025-04-14 10:51:39.2172 | INFO | Microsoft.AspNetCore.Routing.EndpointMiddleware | Executing endpoint 'BlogManagementSystem.Controllers.CLBlogController.AddBlog (BlogManagementSystem)'
2025-04-14 10:51:39.2172 | INFO | Microsoft.AspNetCore.Mvc.Infrastructure.ControllerActionInvoker | Route matched with {action = "AddBlog", controller = "CLBlog"}. Executing controller action with signature Microsoft.AspNetCore.Mvc.IActionResult AddBlog(BlogManagementSystem.Models.DTO.DTOBLG01) on controller BlogManagementSystem.Controllers.CLBlogController (BlogManagementSystem).
2025-04-14 10:51:39.2172 | INFO | BlogManagementSystem.Filters.LogActionFilter | Executing action: BlogManagementSystem.Controllers.CLBlogController.AddBlog (BlogManagementSystem)
2025-04-14 10:51:39.2172 | INFO | BlogManagementSystem.Controllers.CLBlogController | Creating a new blog post.
2025-04-14 10:51:39.2172 | ERROR | BlogManagementSystem.Filters.LogActionFilter | Error occurred during action execution: Duplicate entry '2147483647' for key 'blg01.PRIMARY'
2025-04-14 10:51:39.2172 | INFO | Microsoft.AspNetCore.Mvc.Infrastructure.ControllerActionInvoker | Executed action BlogManagementSystem.Controllers.CLBlogController.AddBlog (BlogManagementSystem) in 3.8126ms
2025-04-14 10:51:39.2172 | INFO | Microsoft.AspNetCore.Routing.EndpointMiddleware | Executed endpoint 'BlogManagementSystem.Controllers.CLBlogController.AddBlog (BlogManagementSystem)'
2025-04-14 10:51:39.2172 | ERROR | Microsoft.AspNetCore.Diagnostics.DeveloperExceptionPageMiddleware | An unhandled exception has occurred while executing the request.
2025-04-14 10:51:39.2172 | INFO | Microsoft.AspNetCore.Hosting.Diagnostics | Request finished HTTP/1.1 POST http://localhost:5095/api/CLBlog/add-blog application/json 31 - 500 - text/plain;+charset=utf-8 6.2283ms
2025-04-14 10:52:07.0951 | INFO | Microsoft.AspNetCore.Hosting.Diagnostics | Request starting HTTP/1.1 POST http://localhost:5095/api/CLBlog/add-blog application/json-patch+json 57
2025-04-14 10:52:07.0951 | INFO | Microsoft.AspNetCore.Cors.Infrastructure.CorsService | CORS policy execution successful.
2025-04-14 10:52:07.0951 | INFO | Microsoft.AspNetCore.Routing.EndpointMiddleware | Executing endpoint 'BlogManagementSystem.Controllers.CLBlogController.AddBlog (BlogManagementSystem)'
2025-04-14 10:52:07.0951 | INFO | Microsoft.AspNetCore.Mvc.Infrastructure.ControllerActionInvoker | Route matched with {action = "AddBlog", controller = "CLBlog"}. Executing controller action with signature Microsoft.AspNetCore.Mvc.IActionResult AddBlog(BlogManagementSystem.Models.DTO.DTOBLG01) on controller BlogManagementSystem.Controllers.CLBlogController (BlogManagementSystem).
2025-04-14 10:52:07.0951 | INFO | BlogManagementSystem.Filters.LogActionFilter | Executing action: BlogManagementSystem.Controllers.CLBlogController.AddBlog (BlogManagementSystem)
2025-04-14 10:52:07.0951 | INFO | BlogManagementSystem.Controllers.CLBlogController | Creating a new blog post.
2025-04-14 10:52:07.0951 | ERROR | BlogManagementSystem.Filters.LogActionFilter | Error occurred during action execution: Duplicate entry '2147483647' for key 'blg01.PRIMARY'
2025-04-14 10:52:07.0951 | INFO | Microsoft.AspNetCore.Mvc.Infrastructure.ControllerActionInvoker | Executed action BlogManagementSystem.Controllers.CLBlogController.AddBlog (BlogManagementSystem) in 3.8203ms
2025-04-14 10:52:07.0951 | INFO | Microsoft.AspNetCore.Routing.EndpointMiddleware | Executed endpoint 'BlogManagementSystem.Controllers.CLBlogController.AddBlog (BlogManagementSystem)'
2025-04-14 10:52:07.0951 | ERROR | Microsoft.AspNetCore.Diagnostics.DeveloperExceptionPageMiddleware | An unhandled exception has occurred while executing the request.
2025-04-14 10:52:07.0951 | INFO | Microsoft.AspNetCore.Hosting.Diagnostics | Request finished HTTP/1.1 POST http://localhost:5095/api/CLBlog/add-blog application/json-patch+json 57 - 500 - text/plain;+charset=utf-8 6.6532ms
2025-04-14 10:52:19.9124 | INFO | Microsoft.AspNetCore.Hosting.Diagnostics | Request starting HTTP/1.1 OPTIONS http://localhost:5095/api/CLBlog/delete-blog/+2147483647 - -
2025-04-14 10:52:19.9124 | INFO | Microsoft.AspNetCore.Cors.Infrastructure.CorsService | CORS policy execution successful.
2025-04-14 10:52:19.9124 | INFO | Microsoft.AspNetCore.Hosting.Diagnostics | Request finished HTTP/1.1 OPTIONS http://localhost:5095/api/CLBlog/delete-blog/+2147483647 - - - 204 - - 0.4974ms
2025-04-14 10:52:19.9124 | INFO | Microsoft.AspNetCore.Hosting.Diagnostics | Request starting HTTP/1.1 DELETE http://localhost:5095/api/CLBlog/delete-blog/+2147483647 application/json -
2025-04-14 10:52:19.9124 | INFO | Microsoft.AspNetCore.Cors.Infrastructure.CorsService | CORS policy execution successful.
2025-04-14 10:52:19.9124 | INFO | Microsoft.AspNetCore.Routing.EndpointMiddleware | Executing endpoint 'BlogManagementSystem.Controllers.CLBlogController.DeleteBlog (BlogManagementSystem)'
2025-04-14 10:52:19.9124 | INFO | Microsoft.AspNetCore.Mvc.Infrastructure.ControllerActionInvoker | Route matched with {action = "DeleteBlog", controller = "CLBlog"}. Executing controller action with signature Microsoft.AspNetCore.Mvc.IActionResult DeleteBlog(Int32) on controller BlogManagementSystem.Controllers.CLBlogController (BlogManagementSystem).
2025-04-14 10:52:19.9124 | INFO | BlogManagementSystem.Filters.LogActionFilter | Executing action: BlogManagementSystem.Controllers.CLBlogController.DeleteBlog (BlogManagementSystem)
2025-04-14 10:52:19.9124 | INFO | BlogManagementSystem.Controllers.CLBlogController | Deleting blog post with ID 2147483647.
2025-04-14 10:52:19.9219 | INFO | BlogManagementSystem.Filters.LogActionFilter | Action executed successfully: BlogManagementSystem.Controllers.CLBlogController.DeleteBlog (BlogManagementSystem)
2025-04-14 10:52:19.9219 | INFO | Microsoft.AspNetCore.Mvc.Infrastructure.ObjectResultExecutor | Executing OkObjectResult, writing value of type 'BlogManagementSystem.Models.Response'.
2025-04-14 10:52:19.9219 | INFO | Microsoft.AspNetCore.Mvc.Infrastructure.ControllerActionInvoker | Executed action BlogManagementSystem.Controllers.CLBlogController.DeleteBlog (BlogManagementSystem) in 7.6475ms
2025-04-14 10:52:19.9219 | INFO | Microsoft.AspNetCore.Routing.EndpointMiddleware | Executed endpoint 'BlogManagementSystem.Controllers.CLBlogController.DeleteBlog (BlogManagementSystem)'
2025-04-14 10:52:19.9219 | INFO | Microsoft.AspNetCore.Hosting.Diagnostics | Request finished HTTP/1.1 DELETE http://localhost:5095/api/CLBlog/delete-blog/+2147483647 application/json - - 200 106 application/json;+charset=utf-8 8.0282ms
2025-04-14 10:52:29.2896 | INFO | Microsoft.AspNetCore.Hosting.Diagnostics | Request starting HTTP/1.1 GET http://localhost:5095/api/CLBlog/get-all-blogs?pageSize=5&pageNumber=1&sorting=g01F02%20DESC - -
2025-04-14 10:52:29.2896 | INFO | Microsoft.AspNetCore.Cors.Infrastructure.CorsService | CORS policy execution successful.
2025-04-14 10:52:29.2896 | INFO | Microsoft.AspNetCore.Routing.EndpointMiddleware | Executing endpoint 'BlogManagementSystem.Controllers.CLBlogController.GetAllBlogs (BlogManagementSystem)'
2025-04-14 10:52:29.2896 | INFO | Microsoft.AspNetCore.Mvc.Infrastructure.ControllerActionInvoker | Route matched with {action = "GetAllBlogs", controller = "CLBlog"}. Executing controller action with signature Microsoft.AspNetCore.Mvc.IActionResult GetAllBlogs(Int32, Int32, System.String) on controller BlogManagementSystem.Controllers.CLBlogController (BlogManagementSystem).
2025-04-14 10:52:29.2896 | INFO | BlogManagementSystem.Filters.LogActionFilter | Executing action: BlogManagementSystem.Controllers.CLBlogController.GetAllBlogs (BlogManagementSystem)
2025-04-14 10:52:29.2896 | INFO | BlogManagementSystem.Controllers.CLBlogController | Fetching all blog posts.
2025-04-14 10:52:29.2896 | INFO | BlogManagementSystem.Filters.LogActionFilter | Action executed successfully: BlogManagementSystem.Controllers.CLBlogController.GetAllBlogs (BlogManagementSystem)
2025-04-14 10:52:29.2896 | INFO | Microsoft.AspNetCore.Mvc.Infrastructure.ObjectResultExecutor | Executing OkObjectResult, writing value of type 'BlogManagementSystem.Models.Response'.
2025-04-14 10:52:29.2896 | INFO | Microsoft.AspNetCore.Mvc.Infrastructure.ControllerActionInvoker | Executed action BlogManagementSystem.Controllers.CLBlogController.GetAllBlogs (BlogManagementSystem) in 3.8796ms
2025-04-14 10:52:29.2896 | INFO | Microsoft.AspNetCore.Routing.EndpointMiddleware | Executed endpoint 'BlogManagementSystem.Controllers.CLBlogController.GetAllBlogs (BlogManagementSystem)'
2025-04-14 10:52:29.2896 | INFO | Microsoft.AspNetCore.Hosting.Diagnostics | Request finished HTTP/1.1 GET http://localhost:5095/api/CLBlog/get-all-blogs?pageSize=5&pageNumber=1&sorting=g01F02%20DESC - - - 200 208 application/json;+charset=utf-8 4.2922ms
2025-04-14 10:52:52.5980 | INFO | Microsoft.AspNetCore.Hosting.Diagnostics | Request starting HTTP/1.1 GET http://localhost:5095/api/CLBlog/get-all-blogs?pageSize=5&pageNumber=1&sorting=g01F02%20DESC - -
2025-04-14 10:52:52.5980 | INFO | Microsoft.AspNetCore.Cors.Infrastructure.CorsService | CORS policy execution successful.
2025-04-14 10:52:52.5980 | INFO | Microsoft.AspNetCore.Routing.EndpointMiddleware | Executing endpoint 'BlogManagementSystem.Controllers.CLBlogController.GetAllBlogs (BlogManagementSystem)'
2025-04-14 10:52:52.5980 | INFO | Microsoft.AspNetCore.Mvc.Infrastructure.ControllerActionInvoker | Route matched with {action = "GetAllBlogs", controller = "CLBlog"}. Executing controller action with signature Microsoft.AspNetCore.Mvc.IActionResult GetAllBlogs(Int32, Int32, System.String) on controller BlogManagementSystem.Controllers.CLBlogController (BlogManagementSystem).
2025-04-14 10:52:52.5980 | INFO | BlogManagementSystem.Filters.LogActionFilter | Executing action: BlogManagementSystem.Controllers.CLBlogController.GetAllBlogs (BlogManagementSystem)
2025-04-14 10:52:52.5980 | INFO | BlogManagementSystem.Controllers.CLBlogController | Fetching all blog posts.
2025-04-14 10:52:52.5980 | INFO | BlogManagementSystem.Filters.LogActionFilter | Action executed successfully: BlogManagementSystem.Controllers.CLBlogController.GetAllBlogs (BlogManagementSystem)
2025-04-14 10:52:52.5980 | INFO | Microsoft.AspNetCore.Mvc.Infrastructure.ObjectResultExecutor | Executing OkObjectResult, writing value of type 'BlogManagementSystem.Models.Response'.
2025-04-14 10:52:52.5980 | INFO | Microsoft.AspNetCore.Mvc.Infrastructure.ControllerActionInvoker | Executed action BlogManagementSystem.Controllers.CLBlogController.GetAllBlogs (BlogManagementSystem) in 3.9601ms
2025-04-14 10:52:52.5980 | INFO | Microsoft.AspNetCore.Routing.EndpointMiddleware | Executed endpoint 'BlogManagementSystem.Controllers.CLBlogController.GetAllBlogs (BlogManagementSystem)'
2025-04-14 10:52:52.5980 | INFO | Microsoft.AspNetCore.Hosting.Diagnostics | Request finished HTTP/1.1 GET http://localhost:5095/api/CLBlog/get-all-blogs?pageSize=5&pageNumber=1&sorting=g01F02%20DESC - - - 200 208 application/json;+charset=utf-8 4.5930ms
2025-04-14 10:53:05.9340 | INFO | Microsoft.AspNetCore.Hosting.Diagnostics | Request starting HTTP/1.1 GET http://localhost:5095/api/CLBlog/get-all-blogs?pageSize=5&pageNumber=1&sorting=g01F02%20DESC - -
2025-04-14 10:53:05.9340 | INFO | Microsoft.AspNetCore.Cors.Infrastructure.CorsService | CORS policy execution successful.
2025-04-14 10:53:05.9340 | INFO | Microsoft.AspNetCore.Routing.EndpointMiddleware | Executing endpoint 'BlogManagementSystem.Controllers.CLBlogController.GetAllBlogs (BlogManagementSystem)'
2025-04-14 10:53:05.9340 | INFO | Microsoft.AspNetCore.Mvc.Infrastructure.ControllerActionInvoker | Route matched with {action = "GetAllBlogs", controller = "CLBlog"}. Executing controller action with signature Microsoft.AspNetCore.Mvc.IActionResult GetAllBlogs(Int32, Int32, System.String) on controller BlogManagementSystem.Controllers.CLBlogController (BlogManagementSystem).
2025-04-14 10:53:05.9340 | INFO | BlogManagementSystem.Filters.LogActionFilter | Executing action: BlogManagementSystem.Controllers.CLBlogController.GetAllBlogs (BlogManagementSystem)
2025-04-14 10:53:05.9340 | INFO | BlogManagementSystem.Controllers.CLBlogController | Fetching all blog posts.
2025-04-14 10:53:05.9373 | INFO | BlogManagementSystem.Filters.LogActionFilter | Action executed successfully: BlogManagementSystem.Controllers.CLBlogController.GetAllBlogs (BlogManagementSystem)
2025-04-14 10:53:05.9373 | INFO | Microsoft.AspNetCore.Mvc.Infrastructure.ObjectResultExecutor | Executing OkObjectResult, writing value of type 'BlogManagementSystem.Models.Response'.
2025-04-14 10:53:05.9373 | INFO | Microsoft.AspNetCore.Mvc.Infrastructure.ControllerActionInvoker | Executed action BlogManagementSystem.Controllers.CLBlogController.GetAllBlogs (BlogManagementSystem) in 3.0841ms
2025-04-14 10:53:05.9373 | INFO | Microsoft.AspNetCore.Routing.EndpointMiddleware | Executed endpoint 'BlogManagementSystem.Controllers.CLBlogController.GetAllBlogs (BlogManagementSystem)'
2025-04-14 10:53:05.9373 | INFO | Microsoft.AspNetCore.Hosting.Diagnostics | Request finished HTTP/1.1 GET http://localhost:5095/api/CLBlog/get-all-blogs?pageSize=5&pageNumber=1&sorting=g01F02%20DESC - - - 200 208 application/json;+charset=utf-8 3.6246ms
2025-04-14 10:53:10.6801 | INFO | Microsoft.AspNetCore.Hosting.Diagnostics | Request starting HTTP/1.1 OPTIONS http://localhost:5095/api/CLBlog/add-blog - -
2025-04-14 10:53:10.6801 | INFO | Microsoft.AspNetCore.Cors.Infrastructure.CorsService | CORS policy execution successful.
2025-04-14 10:53:10.6801 | INFO | Microsoft.AspNetCore.Hosting.Diagnostics | Request finished HTTP/1.1 OPTIONS http://localhost:5095/api/CLBlog/add-blog - - - 204 - - 0.3561ms
2025-04-14 10:53:10.6801 | INFO | Microsoft.AspNetCore.Hosting.Diagnostics | Request starting HTTP/1.1 POST http://localhost:5095/api/CLBlog/add-blog application/json 42
2025-04-14 10:53:10.6801 | INFO | Microsoft.AspNetCore.Cors.Infrastructure.CorsService | CORS policy execution successful.
2025-04-14 10:53:10.6801 | INFO | Microsoft.AspNetCore.Routing.EndpointMiddleware | Executing endpoint 'BlogManagementSystem.Controllers.CLBlogController.AddBlog (BlogManagementSystem)'
2025-04-14 10:53:10.6801 | INFO | Microsoft.AspNetCore.Mvc.Infrastructure.ControllerActionInvoker | Route matched with {action = "AddBlog", controller = "CLBlog"}. Executing controller action with signature Microsoft.AspNetCore.Mvc.IActionResult AddBlog(BlogManagementSystem.Models.DTO.DTOBLG01) on controller BlogManagementSystem.Controllers.CLBlogController (BlogManagementSystem).
2025-04-14 10:53:10.6801 | INFO | BlogManagementSystem.Filters.LogActionFilter | Executing action: BlogManagementSystem.Controllers.CLBlogController.AddBlog (BlogManagementSystem)
2025-04-14 10:53:10.6801 | INFO | BlogManagementSystem.Controllers.CLBlogController | Creating a new blog post.
2025-04-14 10:53:10.6801 | INFO | BlogManagementSystem.Filters.LogActionFilter | Action executed successfully: BlogManagementSystem.Controllers.CLBlogController.AddBlog (BlogManagementSystem)
2025-04-14 10:53:10.6801 | INFO | Microsoft.AspNetCore.Mvc.Infrastructure.ObjectResultExecutor | Executing OkObjectResult, writing value of type 'BlogManagementSystem.Models.Response'.
2025-04-14 10:53:10.6801 | INFO | Microsoft.AspNetCore.Mvc.Infrastructure.ControllerActionInvoker | Executed action BlogManagementSystem.Controllers.CLBlogController.AddBlog (BlogManagementSystem) in 4.3ms
2025-04-14 10:53:10.6801 | INFO | Microsoft.AspNetCore.Routing.EndpointMiddleware | Executed endpoint 'BlogManagementSystem.Controllers.CLBlogController.AddBlog (BlogManagementSystem)'
2025-04-14 10:53:10.6801 | INFO | Microsoft.AspNetCore.Hosting.Diagnostics | Request finished HTTP/1.1 POST http://localhost:5095/api/CLBlog/add-blog application/json 42 - 200 52 application/json;+charset=utf-8 4.6215ms
2025-04-14 10:53:10.8557 | INFO | Microsoft.AspNetCore.Hosting.Diagnostics | Request starting HTTP/1.1 GET http://localhost:5095/api/CLBlog/get-all-blogs?pageSize=5&pageNumber=1&sorting=g01F02%20DESC - -
2025-04-14 10:53:10.8557 | INFO | Microsoft.AspNetCore.Cors.Infrastructure.CorsService | CORS policy execution successful.
2025-04-14 10:53:10.8557 | INFO | Microsoft.AspNetCore.Routing.EndpointMiddleware | Executing endpoint 'BlogManagementSystem.Controllers.CLBlogController.GetAllBlogs (BlogManagementSystem)'
2025-04-14 10:53:10.8557 | INFO | Microsoft.AspNetCore.Mvc.Infrastructure.ControllerActionInvoker | Route matched with {action = "GetAllBlogs", controller = "CLBlog"}. Executing controller action with signature Microsoft.AspNetCore.Mvc.IActionResult GetAllBlogs(Int32, Int32, System.String) on controller BlogManagementSystem.Controllers.CLBlogController (BlogManagementSystem).
2025-04-14 10:53:10.8557 | INFO | BlogManagementSystem.Filters.LogActionFilter | Executing action: BlogManagementSystem.Controllers.CLBlogController.GetAllBlogs (BlogManagementSystem)
2025-04-14 10:53:10.8557 | INFO | BlogManagementSystem.Controllers.CLBlogController | Fetching all blog posts.
2025-04-14 10:53:10.8593 | INFO | BlogManagementSystem.Filters.LogActionFilter | Action executed successfully: BlogManagementSystem.Controllers.CLBlogController.GetAllBlogs (BlogManagementSystem)
2025-04-14 10:53:10.8593 | INFO | Microsoft.AspNetCore.Mvc.Infrastructure.ObjectResultExecutor | Executing OkObjectResult, writing value of type 'BlogManagementSystem.Models.Response'.
2025-04-14 10:53:10.8593 | INFO | Microsoft.AspNetCore.Mvc.Infrastructure.ControllerActionInvoker | Executed action BlogManagementSystem.Controllers.CLBlogController.GetAllBlogs (BlogManagementSystem) in 3.6069ms
2025-04-14 10:53:10.8593 | INFO | Microsoft.AspNetCore.Routing.EndpointMiddleware | Executed endpoint 'BlogManagementSystem.Controllers.CLBlogController.GetAllBlogs (BlogManagementSystem)'
2025-04-14 10:53:10.8593 | INFO | Microsoft.AspNetCore.Hosting.Diagnostics | Request finished HTTP/1.1 GET http://localhost:5095/api/CLBlog/get-all-blogs?pageSize=5&pageNumber=1&sorting=g01F02%20DESC - - - 200 260 application/json;+charset=utf-8 4.0177ms
2025-04-14 10:53:15.5518 | INFO | Microsoft.AspNetCore.Hosting.Diagnostics | Request starting HTTP/1.1 OPTIONS http://localhost:5095/api/CLBlog/add-blog - -
2025-04-14 10:53:15.5518 | INFO | Microsoft.AspNetCore.Cors.Infrastructure.CorsService | CORS policy execution successful.
2025-04-14 10:53:15.5518 | INFO | Microsoft.AspNetCore.Hosting.Diagnostics | Request finished HTTP/1.1 OPTIONS http://localhost:5095/api/CLBlog/add-blog - - - 204 - - 0.3643ms
2025-04-14 10:53:15.5518 | INFO | Microsoft.AspNetCore.Hosting.Diagnostics | Request starting HTTP/1.1 POST http://localhost:5095/api/CLBlog/add-blog application/json 40
2025-04-14 10:53:15.5518 | INFO | Microsoft.AspNetCore.Cors.Infrastructure.CorsService | CORS policy execution successful.
2025-04-14 10:53:15.5518 | INFO | Microsoft.AspNetCore.Routing.EndpointMiddleware | Executing endpoint 'BlogManagementSystem.Controllers.CLBlogController.AddBlog (BlogManagementSystem)'
2025-04-14 10:53:15.5518 | INFO | Microsoft.AspNetCore.Mvc.Infrastructure.ControllerActionInvoker | Route matched with {action = "AddBlog", controller = "CLBlog"}. Executing controller action with signature Microsoft.AspNetCore.Mvc.IActionResult AddBlog(BlogManagementSystem.Models.DTO.DTOBLG01) on controller BlogManagementSystem.Controllers.CLBlogController (BlogManagementSystem).
2025-04-14 10:53:15.5518 | INFO | BlogManagementSystem.Filters.LogActionFilter | Executing action: BlogManagementSystem.Controllers.CLBlogController.AddBlog (BlogManagementSystem)
2025-04-14 10:53:15.5518 | INFO | BlogManagementSystem.Controllers.CLBlogController | Creating a new blog post.
2025-04-14 10:53:15.5518 | ERROR | BlogManagementSystem.Filters.LogActionFilter | Error occurred during action execution: Duplicate entry '2147483647' for key 'blg01.PRIMARY'
2025-04-14 10:53:15.5518 | INFO | Microsoft.AspNetCore.Mvc.Infrastructure.ControllerActionInvoker | Executed action BlogManagementSystem.Controllers.CLBlogController.AddBlog (BlogManagementSystem) in 3.8912ms
2025-04-14 10:53:15.5518 | INFO | Microsoft.AspNetCore.Routing.EndpointMiddleware | Executed endpoint 'BlogManagementSystem.Controllers.CLBlogController.AddBlog (BlogManagementSystem)'
2025-04-14 10:53:15.5518 | ERROR | Microsoft.AspNetCore.Diagnostics.DeveloperExceptionPageMiddleware | An unhandled exception has occurred while executing the request.
2025-04-14 10:53:15.5518 | INFO | Microsoft.AspNetCore.Hosting.Diagnostics | Request finished HTTP/1.1 POST http://localhost:5095/api/CLBlog/add-blog application/json 40 - 500 - text/plain;+charset=utf-8 6.1722ms
2025-04-14 10:53:28.9547 | INFO | Microsoft.AspNetCore.Hosting.Diagnostics | Request starting HTTP/1.1 GET http://localhost:5095/api/CLBlog/get-all-blogs?pageSize=5&pageNumber=1&sorting=g01F02%20DESC - -
2025-04-14 10:53:28.9547 | INFO | Microsoft.AspNetCore.Cors.Infrastructure.CorsService | CORS policy execution successful.
2025-04-14 10:53:28.9547 | INFO | Microsoft.AspNetCore.Routing.EndpointMiddleware | Executing endpoint 'BlogManagementSystem.Controllers.CLBlogController.GetAllBlogs (BlogManagementSystem)'
2025-04-14 10:53:28.9547 | INFO | Microsoft.AspNetCore.Mvc.Infrastructure.ControllerActionInvoker | Route matched with {action = "GetAllBlogs", controller = "CLBlog"}. Executing controller action with signature Microsoft.AspNetCore.Mvc.IActionResult GetAllBlogs(Int32, Int32, System.String) on controller BlogManagementSystem.Controllers.CLBlogController (BlogManagementSystem).
2025-04-14 10:53:28.9547 | INFO | BlogManagementSystem.Filters.LogActionFilter | Executing action: BlogManagementSystem.Controllers.CLBlogController.GetAllBlogs (BlogManagementSystem)
2025-04-14 10:53:28.9547 | INFO | BlogManagementSystem.Controllers.CLBlogController | Fetching all blog posts.
2025-04-14 10:53:28.9547 | INFO | BlogManagementSystem.Filters.LogActionFilter | Action executed successfully: BlogManagementSystem.Controllers.CLBlogController.GetAllBlogs (BlogManagementSystem)
2025-04-14 10:53:28.9547 | INFO | Microsoft.AspNetCore.Mvc.Infrastructure.ObjectResultExecutor | Executing OkObjectResult, writing value of type 'BlogManagementSystem.Models.Response'.
2025-04-14 10:53:28.9547 | INFO | Microsoft.AspNetCore.Mvc.Infrastructure.ControllerActionInvoker | Executed action BlogManagementSystem.Controllers.CLBlogController.GetAllBlogs (BlogManagementSystem) in 3.7461ms
2025-04-14 10:53:28.9547 | INFO | Microsoft.AspNetCore.Routing.EndpointMiddleware | Executed endpoint 'BlogManagementSystem.Controllers.CLBlogController.GetAllBlogs (BlogManagementSystem)'
2025-04-14 10:53:28.9547 | INFO | Microsoft.AspNetCore.Hosting.Diagnostics | Request finished HTTP/1.1 GET http://localhost:5095/api/CLBlog/get-all-blogs?pageSize=5&pageNumber=1&sorting=g01F02%20DESC - - - 200 260 application/json;+charset=utf-8 4.2761ms
2025-04-14 10:53:29.3977 | INFO | Microsoft.AspNetCore.Hosting.Diagnostics | Request starting HTTP/1.1 GET http://localhost:5095/api/CLBlog/get-all-blogs?pageSize=5&pageNumber=1&sorting=g01F02%20DESC - -
2025-04-14 10:53:29.3977 | INFO | Microsoft.AspNetCore.Cors.Infrastructure.CorsService | CORS policy execution successful.
2025-04-14 10:53:29.3977 | INFO | Microsoft.AspNetCore.Routing.EndpointMiddleware | Executing endpoint 'BlogManagementSystem.Controllers.CLBlogController.GetAllBlogs (BlogManagementSystem)'
2025-04-14 10:53:29.3977 | INFO | Microsoft.AspNetCore.Mvc.Infrastructure.ControllerActionInvoker | Route matched with {action = "GetAllBlogs", controller = "CLBlog"}. Executing controller action with signature Microsoft.AspNetCore.Mvc.IActionResult GetAllBlogs(Int32, Int32, System.String) on controller BlogManagementSystem.Controllers.CLBlogController (BlogManagementSystem).
2025-04-14 10:53:29.3977 | INFO | BlogManagementSystem.Filters.LogActionFilter | Executing action: BlogManagementSystem.Controllers.CLBlogController.GetAllBlogs (BlogManagementSystem)
2025-04-14 10:53:29.3977 | INFO | BlogManagementSystem.Controllers.CLBlogController | Fetching all blog posts.
2025-04-14 10:53:29.3977 | INFO | BlogManagementSystem.Filters.LogActionFilter | Action executed successfully: BlogManagementSystem.Controllers.CLBlogController.GetAllBlogs (BlogManagementSystem)
2025-04-14 10:53:29.3977 | INFO | Microsoft.AspNetCore.Mvc.Infrastructure.ObjectResultExecutor | Executing OkObjectResult, writing value of type 'BlogManagementSystem.Models.Response'.
2025-04-14 10:53:29.3977 | INFO | Microsoft.AspNetCore.Mvc.Infrastructure.ControllerActionInvoker | Executed action BlogManagementSystem.Controllers.CLBlogController.GetAllBlogs (BlogManagementSystem) in 3.5328ms
2025-04-14 10:53:29.3977 | INFO | Microsoft.AspNetCore.Routing.EndpointMiddleware | Executed endpoint 'BlogManagementSystem.Controllers.CLBlogController.GetAllBlogs (BlogManagementSystem)'
2025-04-14 10:53:29.3977 | INFO | Microsoft.AspNetCore.Hosting.Diagnostics | Request finished HTTP/1.1 GET http://localhost:5095/api/CLBlog/get-all-blogs?pageSize=5&pageNumber=1&sorting=g01F02%20DESC - - - 200 260 application/json;+charset=utf-8 3.9773ms
2025-04-14 10:53:50.9523 | INFO | Microsoft.AspNetCore.Hosting.Diagnostics | Request starting HTTP/1.1 OPTIONS http://localhost:5095/api/CLBlog/delete-blog/+2147483647 - -
2025-04-14 10:53:50.9523 | INFO | Microsoft.AspNetCore.Cors.Infrastructure.CorsService | CORS policy execution successful.
2025-04-14 10:53:50.9523 | INFO | Microsoft.AspNetCore.Hosting.Diagnostics | Request finished HTTP/1.1 OPTIONS http://localhost:5095/api/CLBlog/delete-blog/+2147483647 - - - 204 - - 0.2999ms
2025-04-14 10:53:50.9543 | INFO | Microsoft.AspNetCore.Hosting.Diagnostics | Request starting HTTP/1.1 DELETE http://localhost:5095/api/CLBlog/delete-blog/+2147483647 application/json -
2025-04-14 10:53:50.9543 | INFO | Microsoft.AspNetCore.Cors.Infrastructure.CorsService | CORS policy execution successful.
2025-04-14 10:53:50.9543 | INFO | Microsoft.AspNetCore.Routing.EndpointMiddleware | Executing endpoint 'BlogManagementSystem.Controllers.CLBlogController.DeleteBlog (BlogManagementSystem)'
2025-04-14 10:53:50.9543 | INFO | Microsoft.AspNetCore.Mvc.Infrastructure.ControllerActionInvoker | Route matched with {action = "DeleteBlog", controller = "CLBlog"}. Executing controller action with signature Microsoft.AspNetCore.Mvc.IActionResult DeleteBlog(Int32) on controller BlogManagementSystem.Controllers.CLBlogController (BlogManagementSystem).
2025-04-14 10:53:50.9543 | INFO | BlogManagementSystem.Filters.LogActionFilter | Executing action: BlogManagementSystem.Controllers.CLBlogController.DeleteBlog (BlogManagementSystem)
2025-04-14 10:53:50.9543 | INFO | BlogManagementSystem.Controllers.CLBlogController | Deleting blog post with ID 2147483647.
2025-04-14 10:53:50.9543 | INFO | BlogManagementSystem.Filters.LogActionFilter | Action executed successfully: BlogManagementSystem.Controllers.CLBlogController.DeleteBlog (BlogManagementSystem)
2025-04-14 10:53:50.9543 | INFO | Microsoft.AspNetCore.Mvc.Infrastructure.ObjectResultExecutor | Executing OkObjectResult, writing value of type 'BlogManagementSystem.Models.Response'.
2025-04-14 10:53:50.9543 | INFO | Microsoft.AspNetCore.Mvc.Infrastructure.ControllerActionInvoker | Executed action BlogManagementSystem.Controllers.CLBlogController.DeleteBlog (BlogManagementSystem) in 6.847ms
2025-04-14 10:53:50.9543 | INFO | Microsoft.AspNetCore.Routing.EndpointMiddleware | Executed endpoint 'BlogManagementSystem.Controllers.CLBlogController.DeleteBlog (BlogManagementSystem)'
2025-04-14 10:53:50.9543 | INFO | Microsoft.AspNetCore.Hosting.Diagnostics | Request finished HTTP/1.1 DELETE http://localhost:5095/api/CLBlog/delete-blog/+2147483647 application/json - - 200 103 application/json;+charset=utf-8 7.3415ms
2025-04-14 10:53:54.6879 | INFO | Microsoft.AspNetCore.Hosting.Diagnostics | Request starting HTTP/1.1 GET http://localhost:5095/api/CLBlog/get-all-blogs?pageSize=5&pageNumber=1&sorting=g01F02%20DESC - -
2025-04-14 10:53:54.6879 | INFO | Microsoft.AspNetCore.Cors.Infrastructure.CorsService | CORS policy execution successful.
2025-04-14 10:53:54.6879 | INFO | Microsoft.AspNetCore.Routing.EndpointMiddleware | Executing endpoint 'BlogManagementSystem.Controllers.CLBlogController.GetAllBlogs (BlogManagementSystem)'
2025-04-14 10:53:54.6879 | INFO | Microsoft.AspNetCore.Mvc.Infrastructure.ControllerActionInvoker | Route matched with {action = "GetAllBlogs", controller = "CLBlog"}. Executing controller action with signature Microsoft.AspNetCore.Mvc.IActionResult GetAllBlogs(Int32, Int32, System.String) on controller BlogManagementSystem.Controllers.CLBlogController (BlogManagementSystem).
2025-04-14 10:53:54.6879 | INFO | BlogManagementSystem.Filters.LogActionFilter | Executing action: BlogManagementSystem.Controllers.CLBlogController.GetAllBlogs (BlogManagementSystem)
2025-04-14 10:53:54.6879 | INFO | BlogManagementSystem.Controllers.CLBlogController | Fetching all blog posts.
2025-04-14 10:53:54.6879 | INFO | BlogManagementSystem.Filters.LogActionFilter | Action executed successfully: BlogManagementSystem.Controllers.CLBlogController.GetAllBlogs (BlogManagementSystem)
2025-04-14 10:53:54.6879 | INFO | Microsoft.AspNetCore.Mvc.Infrastructure.ObjectResultExecutor | Executing OkObjectResult, writing value of type 'BlogManagementSystem.Models.Response'.
2025-04-14 10:53:54.6879 | INFO | Microsoft.AspNetCore.Mvc.Infrastructure.ControllerActionInvoker | Executed action BlogManagementSystem.Controllers.CLBlogController.GetAllBlogs (BlogManagementSystem) in 4.1976ms
2025-04-14 10:53:54.6879 | INFO | Microsoft.AspNetCore.Routing.EndpointMiddleware | Executed endpoint 'BlogManagementSystem.Controllers.CLBlogController.GetAllBlogs (BlogManagementSystem)'
2025-04-14 10:53:54.6879 | INFO | Microsoft.AspNetCore.Hosting.Diagnostics | Request finished HTTP/1.1 GET http://localhost:5095/api/CLBlog/get-all-blogs?pageSize=5&pageNumber=1&sorting=g01F02%20DESC - - - 200 208 application/json;+charset=utf-8 4.7027ms
2025-04-14 10:54:01.2320 | INFO | Microsoft.AspNetCore.Hosting.Diagnostics | Request starting HTTP/1.1 POST http://localhost:5095/api/CLBlog/add-blog application/json-patch+json 57
2025-04-14 10:54:01.2320 | INFO | Microsoft.AspNetCore.Cors.Infrastructure.CorsService | CORS policy execution successful.
2025-04-14 10:54:01.2320 | INFO | Microsoft.AspNetCore.Routing.EndpointMiddleware | Executing endpoint 'BlogManagementSystem.Controllers.CLBlogController.AddBlog (BlogManagementSystem)'
2025-04-14 10:54:01.2320 | INFO | Microsoft.AspNetCore.Mvc.Infrastructure.ControllerActionInvoker | Route matched with {action = "AddBlog", controller = "CLBlog"}. Executing controller action with signature Microsoft.AspNetCore.Mvc.IActionResult AddBlog(BlogManagementSystem.Models.DTO.DTOBLG01) on controller BlogManagementSystem.Controllers.CLBlogController (BlogManagementSystem).
2025-04-14 10:54:01.2320 | INFO | BlogManagementSystem.Filters.LogActionFilter | Executing action: BlogManagementSystem.Controllers.CLBlogController.AddBlog (BlogManagementSystem)
2025-04-14 10:54:01.2320 | INFO | BlogManagementSystem.Controllers.CLBlogController | Creating a new blog post.
2025-04-14 10:54:01.2376 | INFO | BlogManagementSystem.Filters.LogActionFilter | Action executed successfully: BlogManagementSystem.Controllers.CLBlogController.AddBlog (BlogManagementSystem)
2025-04-14 10:54:01.2376 | INFO | Microsoft.AspNetCore.Mvc.Infrastructure.ObjectResultExecutor | Executing OkObjectResult, writing value of type 'BlogManagementSystem.Models.Response'.
2025-04-14 10:54:01.2376 | INFO | Microsoft.AspNetCore.Mvc.Infrastructure.ControllerActionInvoker | Executed action BlogManagementSystem.Controllers.CLBlogController.AddBlog (BlogManagementSystem) in 5.242ms
2025-04-14 10:54:01.2376 | INFO | Microsoft.AspNetCore.Routing.EndpointMiddleware | Executed endpoint 'BlogManagementSystem.Controllers.CLBlogController.AddBlog (BlogManagementSystem)'
2025-04-14 10:54:01.2376 | INFO | Microsoft.AspNetCore.Hosting.Diagnostics | Request finished HTTP/1.1 POST http://localhost:5095/api/CLBlog/add-blog application/json-patch+json 57 - 200 52 application/json;+charset=utf-8 5.9163ms
2025-04-14 10:54:08.9290 | INFO | Microsoft.AspNetCore.Hosting.Diagnostics | Request starting HTTP/1.1 POST http://localhost:5095/api/CLBlog/add-blog application/json-patch+json 60
2025-04-14 10:54:08.9290 | INFO | Microsoft.AspNetCore.Cors.Infrastructure.CorsService | CORS policy execution successful.
2025-04-14 10:54:08.9290 | INFO | Microsoft.AspNetCore.Routing.EndpointMiddleware | Executing endpoint 'BlogManagementSystem.Controllers.CLBlogController.AddBlog (BlogManagementSystem)'
2025-04-14 10:54:08.9290 | INFO | Microsoft.AspNetCore.Mvc.Infrastructure.ControllerActionInvoker | Route matched with {action = "AddBlog", controller = "CLBlog"}. Executing controller action with signature Microsoft.AspNetCore.Mvc.IActionResult AddBlog(BlogManagementSystem.Models.DTO.DTOBLG01) on controller BlogManagementSystem.Controllers.CLBlogController (BlogManagementSystem).
2025-04-14 10:54:08.9290 | INFO | BlogManagementSystem.Filters.LogActionFilter | Executing action: BlogManagementSystem.Controllers.CLBlogController.AddBlog (BlogManagementSystem)
2025-04-14 10:54:08.9290 | INFO | BlogManagementSystem.Controllers.CLBlogController | Creating a new blog post.
2025-04-14 10:54:08.9290 | ERROR | BlogManagementSystem.Filters.LogActionFilter | Error occurred during action execution: Duplicate entry '2147483647' for key 'blg01.PRIMARY'
2025-04-14 10:54:08.9290 | INFO | Microsoft.AspNetCore.Mvc.Infrastructure.ControllerActionInvoker | Executed action BlogManagementSystem.Controllers.CLBlogController.AddBlog (BlogManagementSystem) in 3.2765ms
2025-04-14 10:54:08.9290 | INFO | Microsoft.AspNetCore.Routing.EndpointMiddleware | Executed endpoint 'BlogManagementSystem.Controllers.CLBlogController.AddBlog (BlogManagementSystem)'
2025-04-14 10:54:08.9290 | ERROR | Microsoft.AspNetCore.Diagnostics.DeveloperExceptionPageMiddleware | An unhandled exception has occurred while executing the request.
2025-04-14 10:54:08.9290 | INFO | Microsoft.AspNetCore.Hosting.Diagnostics | Request finished HTTP/1.1 POST http://localhost:5095/api/CLBlog/add-blog application/json-patch+json 60 - 500 - text/plain;+charset=utf-8 5.8235ms
2025-04-14 11:00:24.7387 | INFO | Microsoft.AspNetCore.Hosting.Diagnostics | Request starting HTTP/1.1 GET http://localhost:5095/api/CLBlog/get-all-blogs?pageSize=5&pageNumber=1&sorting=g01F02%20DESC - -
2025-04-14 11:00:24.7387 | INFO | Microsoft.AspNetCore.Cors.Infrastructure.CorsService | CORS policy execution successful.
2025-04-14 11:00:24.7387 | INFO | Microsoft.AspNetCore.Routing.EndpointMiddleware | Executing endpoint 'BlogManagementSystem.Controllers.CLBlogController.GetAllBlogs (BlogManagementSystem)'
2025-04-14 11:00:24.7387 | INFO | Microsoft.AspNetCore.Mvc.Infrastructure.ControllerActionInvoker | Route matched with {action = "GetAllBlogs", controller = "CLBlog"}. Executing controller action with signature Microsoft.AspNetCore.Mvc.IActionResult GetAllBlogs(Int32, Int32, System.String) on controller BlogManagementSystem.Controllers.CLBlogController (BlogManagementSystem).
2025-04-14 11:00:24.7387 | INFO | BlogManagementSystem.Filters.LogActionFilter | Executing action: BlogManagementSystem.Controllers.CLBlogController.GetAllBlogs (BlogManagementSystem)
2025-04-14 11:00:24.7387 | INFO | BlogManagementSystem.Controllers.CLBlogController | Fetching all blog posts.
2025-04-14 11:00:24.7582 | INFO | BlogManagementSystem.Filters.LogActionFilter | Action executed successfully: BlogManagementSystem.Controllers.CLBlogController.GetAllBlogs (BlogManagementSystem)
2025-04-14 11:00:24.7582 | INFO | Microsoft.AspNetCore.Mvc.Infrastructure.ObjectResultExecutor | Executing OkObjectResult, writing value of type 'BlogManagementSystem.Models.Response'.
2025-04-14 11:00:24.7582 | INFO | Microsoft.AspNetCore.Mvc.Infrastructure.ControllerActionInvoker | Executed action BlogManagementSystem.Controllers.CLBlogController.GetAllBlogs (BlogManagementSystem) in 19.3896ms
2025-04-14 11:00:24.7582 | INFO | Microsoft.AspNetCore.Routing.EndpointMiddleware | Executed endpoint 'BlogManagementSystem.Controllers.CLBlogController.GetAllBlogs (BlogManagementSystem)'
2025-04-14 11:00:24.7582 | INFO | Microsoft.AspNetCore.Hosting.Diagnostics | Request finished HTTP/1.1 GET http://localhost:5095/api/CLBlog/get-all-blogs?pageSize=5&pageNumber=1&sorting=g01F02%20DESC - - - 200 106 application/json;+charset=utf-8 19.7772ms
2025-04-14 11:00:31.9087 | INFO | Microsoft.AspNetCore.Hosting.Diagnostics | Request starting HTTP/1.1 OPTIONS http://localhost:5095/api/CLBlog/add-blog - -
2025-04-14 11:00:31.9087 | INFO | Microsoft.AspNetCore.Cors.Infrastructure.CorsService | CORS policy execution successful.
2025-04-14 11:00:31.9087 | INFO | Microsoft.AspNetCore.Hosting.Diagnostics | Request finished HTTP/1.1 OPTIONS http://localhost:5095/api/CLBlog/add-blog - - - 204 - - 0.2529ms
2025-04-14 11:00:31.9087 | INFO | Microsoft.AspNetCore.Hosting.Diagnostics | Request starting HTTP/1.1 POST http://localhost:5095/api/CLBlog/add-blog application/json 40
2025-04-14 11:00:31.9087 | INFO | Microsoft.AspNetCore.Cors.Infrastructure.CorsService | CORS policy execution successful.
2025-04-14 11:00:31.9087 | INFO | Microsoft.AspNetCore.Routing.EndpointMiddleware | Executing endpoint 'BlogManagementSystem.Controllers.CLBlogController.AddBlog (BlogManagementSystem)'
2025-04-14 11:00:31.9087 | INFO | Microsoft.AspNetCore.Mvc.Infrastructure.ControllerActionInvoker | Route matched with {action = "AddBlog", controller = "CLBlog"}. Executing controller action with signature Microsoft.AspNetCore.Mvc.IActionResult AddBlog(BlogManagementSystem.Models.DTO.DTOBLG01) on controller BlogManagementSystem.Controllers.CLBlogController (BlogManagementSystem).
2025-04-14 11:00:31.9087 | INFO | BlogManagementSystem.Filters.LogActionFilter | Executing action: BlogManagementSystem.Controllers.CLBlogController.AddBlog (BlogManagementSystem)
2025-04-14 11:00:31.9087 | INFO | BlogManagementSystem.Controllers.CLBlogController | Creating a new blog post.
2025-04-14 11:00:31.9148 | INFO | BlogManagementSystem.Filters.LogActionFilter | Action executed successfully: BlogManagementSystem.Controllers.CLBlogController.AddBlog (BlogManagementSystem)
2025-04-14 11:00:31.9148 | INFO | Microsoft.AspNetCore.Mvc.Infrastructure.ObjectResultExecutor | Executing OkObjectResult, writing value of type 'BlogManagementSystem.Models.Response'.
2025-04-14 11:00:31.9148 | INFO | Microsoft.AspNetCore.Mvc.Infrastructure.ControllerActionInvoker | Executed action BlogManagementSystem.Controllers.CLBlogController.AddBlog (BlogManagementSystem) in 4.8473ms
2025-04-14 11:00:31.9148 | INFO | Microsoft.AspNetCore.Routing.EndpointMiddleware | Executed endpoint 'BlogManagementSystem.Controllers.CLBlogController.AddBlog (BlogManagementSystem)'
2025-04-14 11:00:31.9148 | INFO | Microsoft.AspNetCore.Hosting.Diagnostics | Request finished HTTP/1.1 POST http://localhost:5095/api/CLBlog/add-blog application/json 40 - 200 52 application/json;+charset=utf-8 5.1425ms
2025-04-14 11:00:32.0330 | INFO | Microsoft.AspNetCore.Hosting.Diagnostics | Request starting HTTP/1.1 GET http://localhost:5095/api/CLBlog/get-all-blogs?pageSize=5&pageNumber=1&sorting=g01F02%20DESC - -
2025-04-14 11:00:32.0330 | INFO | Microsoft.AspNetCore.Cors.Infrastructure.CorsService | CORS policy execution successful.
2025-04-14 11:00:32.0330 | INFO | Microsoft.AspNetCore.Routing.EndpointMiddleware | Executing endpoint 'BlogManagementSystem.Controllers.CLBlogController.GetAllBlogs (BlogManagementSystem)'
2025-04-14 11:00:32.0330 | INFO | Microsoft.AspNetCore.Mvc.Infrastructure.ControllerActionInvoker | Route matched with {action = "GetAllBlogs", controller = "CLBlog"}. Executing controller action with signature Microsoft.AspNetCore.Mvc.IActionResult GetAllBlogs(Int32, Int32, System.String) on controller BlogManagementSystem.Controllers.CLBlogController (BlogManagementSystem).
2025-04-14 11:00:32.0330 | INFO | BlogManagementSystem.Filters.LogActionFilter | Executing action: BlogManagementSystem.Controllers.CLBlogController.GetAllBlogs (BlogManagementSystem)
2025-04-14 11:00:32.0330 | INFO | BlogManagementSystem.Controllers.CLBlogController | Fetching all blog posts.
2025-04-14 11:00:32.0330 | INFO | BlogManagementSystem.Filters.LogActionFilter | Action executed successfully: BlogManagementSystem.Controllers.CLBlogController.GetAllBlogs (BlogManagementSystem)
2025-04-14 11:00:32.0330 | INFO | Microsoft.AspNetCore.Mvc.Infrastructure.ObjectResultExecutor | Executing OkObjectResult, writing value of type 'BlogManagementSystem.Models.Response'.
2025-04-14 11:00:32.0330 | INFO | Microsoft.AspNetCore.Mvc.Infrastructure.ControllerActionInvoker | Executed action BlogManagementSystem.Controllers.CLBlogController.GetAllBlogs (BlogManagementSystem) in 3.082ms
2025-04-14 11:00:32.0330 | INFO | Microsoft.AspNetCore.Routing.EndpointMiddleware | Executed endpoint 'BlogManagementSystem.Controllers.CLBlogController.GetAllBlogs (BlogManagementSystem)'
2025-04-14 11:00:32.0330 | INFO | Microsoft.AspNetCore.Hosting.Diagnostics | Request finished HTTP/1.1 GET http://localhost:5095/api/CLBlog/get-all-blogs?pageSize=5&pageNumber=1&sorting=g01F02%20DESC - - - 200 147 application/json;+charset=utf-8 3.4489ms
2025-04-14 11:01:03.6091 | INFO | Microsoft.AspNetCore.Hosting.Diagnostics | Request starting HTTP/1.1 GET http://localhost:5095/api/CLBlog/get-all-blogs?pageSize=5&pageNumber=1&sorting=g01F02%20DESC - -
2025-04-14 11:01:03.6091 | INFO | Microsoft.AspNetCore.Cors.Infrastructure.CorsService | CORS policy execution successful.
2025-04-14 11:01:03.6091 | INFO | Microsoft.AspNetCore.Routing.EndpointMiddleware | Executing endpoint 'BlogManagementSystem.Controllers.CLBlogController.GetAllBlogs (BlogManagementSystem)'
2025-04-14 11:01:03.6091 | INFO | Microsoft.AspNetCore.Mvc.Infrastructure.ControllerActionInvoker | Route matched with {action = "GetAllBlogs", controller = "CLBlog"}. Executing controller action with signature Microsoft.AspNetCore.Mvc.IActionResult GetAllBlogs(Int32, Int32, System.String) on controller BlogManagementSystem.Controllers.CLBlogController (BlogManagementSystem).
2025-04-14 11:01:03.6091 | INFO | BlogManagementSystem.Filters.LogActionFilter | Executing action: BlogManagementSystem.Controllers.CLBlogController.GetAllBlogs (BlogManagementSystem)
2025-04-14 11:01:03.6091 | INFO | BlogManagementSystem.Controllers.CLBlogController | Fetching all blog posts.
2025-04-14 11:01:03.6091 | INFO | BlogManagementSystem.Filters.LogActionFilter | Action executed successfully: BlogManagementSystem.Controllers.CLBlogController.GetAllBlogs (BlogManagementSystem)
2025-04-14 11:01:03.6091 | INFO | Microsoft.AspNetCore.Mvc.Infrastructure.ObjectResultExecutor | Executing OkObjectResult, writing value of type 'BlogManagementSystem.Models.Response'.
2025-04-14 11:01:03.6091 | INFO | Microsoft.AspNetCore.Mvc.Infrastructure.ControllerActionInvoker | Executed action BlogManagementSystem.Controllers.CLBlogController.GetAllBlogs (BlogManagementSystem) in 2.9316ms
2025-04-14 11:01:03.6091 | INFO | Microsoft.AspNetCore.Routing.EndpointMiddleware | Executed endpoint 'BlogManagementSystem.Controllers.CLBlogController.GetAllBlogs (BlogManagementSystem)'
2025-04-14 11:01:03.6091 | INFO | Microsoft.AspNetCore.Hosting.Diagnostics | Request finished HTTP/1.1 GET http://localhost:5095/api/CLBlog/get-all-blogs?pageSize=5&pageNumber=1&sorting=g01F02%20DESC - - - 200 147 application/json;+charset=utf-8 3.3243ms
2025-04-14 11:01:03.8134 | INFO | Microsoft.AspNetCore.Hosting.Diagnostics | Request starting HTTP/1.1 GET http://localhost:5095/api/CLBlog/get-all-blogs?pageSize=5&pageNumber=1&sorting=g01F02%20DESC - -
2025-04-14 11:01:03.8134 | INFO | Microsoft.AspNetCore.Cors.Infrastructure.CorsService | CORS policy execution successful.
2025-04-14 11:01:03.8134 | INFO | Microsoft.AspNetCore.Routing.EndpointMiddleware | Executing endpoint 'BlogManagementSystem.Controllers.CLBlogController.GetAllBlogs (BlogManagementSystem)'
2025-04-14 11:01:03.8134 | INFO | Microsoft.AspNetCore.Mvc.Infrastructure.ControllerActionInvoker | Route matched with {action = "GetAllBlogs", controller = "CLBlog"}. Executing controller action with signature Microsoft.AspNetCore.Mvc.IActionResult GetAllBlogs(Int32, Int32, System.String) on controller BlogManagementSystem.Controllers.CLBlogController (BlogManagementSystem).
2025-04-14 11:01:03.8134 | INFO | BlogManagementSystem.Filters.LogActionFilter | Executing action: BlogManagementSystem.Controllers.CLBlogController.GetAllBlogs (BlogManagementSystem)
2025-04-14 11:01:03.8134 | INFO | BlogManagementSystem.Controllers.CLBlogController | Fetching all blog posts.
2025-04-14 11:01:03.8134 | INFO | BlogManagementSystem.Filters.LogActionFilter | Action executed successfully: BlogManagementSystem.Controllers.CLBlogController.GetAllBlogs (BlogManagementSystem)
2025-04-14 11:01:03.8134 | INFO | Microsoft.AspNetCore.Mvc.Infrastructure.ObjectResultExecutor | Executing OkObjectResult, writing value of type 'BlogManagementSystem.Models.Response'.
2025-04-14 11:01:03.8134 | INFO | Microsoft.AspNetCore.Mvc.Infrastructure.ControllerActionInvoker | Executed action BlogManagementSystem.Controllers.CLBlogController.GetAllBlogs (BlogManagementSystem) in 3.0156ms
2025-04-14 11:01:03.8134 | INFO | Microsoft.AspNetCore.Routing.EndpointMiddleware | Executed endpoint 'BlogManagementSystem.Controllers.CLBlogController.GetAllBlogs (BlogManagementSystem)'
2025-04-14 11:01:03.8134 | INFO | Microsoft.AspNetCore.Hosting.Diagnostics | Request finished HTTP/1.1 GET http://localhost:5095/api/CLBlog/get-all-blogs?pageSize=5&pageNumber=1&sorting=g01F02%20DESC - - - 200 147 application/json;+charset=utf-8 3.3251ms
2025-04-14 11:01:12.9327 | INFO | Microsoft.AspNetCore.Hosting.Diagnostics | Request starting HTTP/1.1 OPTIONS http://localhost:5095/api/CLBlog/add-blog - -
2025-04-14 11:01:12.9327 | INFO | Microsoft.AspNetCore.Cors.Infrastructure.CorsService | CORS policy execution successful.
2025-04-14 11:01:12.9327 | INFO | Microsoft.AspNetCore.Hosting.Diagnostics | Request finished HTTP/1.1 OPTIONS http://localhost:5095/api/CLBlog/add-blog - - - 204 - - 0.2482ms
2025-04-14 11:01:12.9327 | INFO | Microsoft.AspNetCore.Hosting.Diagnostics | Request starting HTTP/1.1 POST http://localhost:5095/api/CLBlog/add-blog application/json 42
2025-04-14 11:01:12.9327 | INFO | Microsoft.AspNetCore.Cors.Infrastructure.CorsService | CORS policy execution successful.
2025-04-14 11:01:12.9327 | INFO | Microsoft.AspNetCore.Routing.EndpointMiddleware | Executing endpoint 'BlogManagementSystem.Controllers.CLBlogController.AddBlog (BlogManagementSystem)'
2025-04-14 11:01:12.9327 | INFO | Microsoft.AspNetCore.Mvc.Infrastructure.ControllerActionInvoker | Route matched with {action = "AddBlog", controller = "CLBlog"}. Executing controller action with signature Microsoft.AspNetCore.Mvc.IActionResult AddBlog(BlogManagementSystem.Models.DTO.DTOBLG01) on controller BlogManagementSystem.Controllers.CLBlogController (BlogManagementSystem).
2025-04-14 11:01:12.9327 | INFO | BlogManagementSystem.Filters.LogActionFilter | Executing action: BlogManagementSystem.Controllers.CLBlogController.AddBlog (BlogManagementSystem)
2025-04-14 11:01:12.9327 | INFO | BlogManagementSystem.Controllers.CLBlogController | Creating a new blog post.
2025-04-14 11:01:12.9327 | INFO | BlogManagementSystem.Filters.LogActionFilter | Action executed successfully: BlogManagementSystem.Controllers.CLBlogController.AddBlog (BlogManagementSystem)
2025-04-14 11:01:12.9327 | INFO | Microsoft.AspNetCore.Mvc.Infrastructure.ObjectResultExecutor | Executing OkObjectResult, writing value of type 'BlogManagementSystem.Models.Response'.
2025-04-14 11:01:12.9327 | INFO | Microsoft.AspNetCore.Mvc.Infrastructure.ControllerActionInvoker | Executed action BlogManagementSystem.Controllers.CLBlogController.AddBlog (BlogManagementSystem) in 6.1144ms
2025-04-14 11:01:12.9327 | INFO | Microsoft.AspNetCore.Routing.EndpointMiddleware | Executed endpoint 'BlogManagementSystem.Controllers.CLBlogController.AddBlog (BlogManagementSystem)'
2025-04-14 11:01:12.9327 | INFO | Microsoft.AspNetCore.Hosting.Diagnostics | Request finished HTTP/1.1 POST http://localhost:5095/api/CLBlog/add-blog application/json 42 - 200 52 application/json;+charset=utf-8 6.5028ms
2025-04-14 11:01:13.0547 | INFO | Microsoft.AspNetCore.Hosting.Diagnostics | Request starting HTTP/1.1 GET http://localhost:5095/api/CLBlog/get-all-blogs?pageSize=5&pageNumber=1&sorting=g01F02%20DESC - -
2025-04-14 11:01:13.0547 | INFO | Microsoft.AspNetCore.Cors.Infrastructure.CorsService | CORS policy execution successful.
2025-04-14 11:01:13.0547 | INFO | Microsoft.AspNetCore.Routing.EndpointMiddleware | Executing endpoint 'BlogManagementSystem.Controllers.CLBlogController.GetAllBlogs (BlogManagementSystem)'
2025-04-14 11:01:13.0547 | INFO | Microsoft.AspNetCore.Mvc.Infrastructure.ControllerActionInvoker | Route matched with {action = "GetAllBlogs", controller = "CLBlog"}. Executing controller action with signature Microsoft.AspNetCore.Mvc.IActionResult GetAllBlogs(Int32, Int32, System.String) on controller BlogManagementSystem.Controllers.CLBlogController (BlogManagementSystem).
2025-04-14 11:01:13.0547 | INFO | BlogManagementSystem.Filters.LogActionFilter | Executing action: BlogManagementSystem.Controllers.CLBlogController.GetAllBlogs (BlogManagementSystem)
2025-04-14 11:01:13.0547 | INFO | BlogManagementSystem.Controllers.CLBlogController | Fetching all blog posts.
2025-04-14 11:01:13.0547 | INFO | BlogManagementSystem.Filters.LogActionFilter | Action executed successfully: BlogManagementSystem.Controllers.CLBlogController.GetAllBlogs (BlogManagementSystem)
2025-04-14 11:01:13.0547 | INFO | Microsoft.AspNetCore.Mvc.Infrastructure.ObjectResultExecutor | Executing OkObjectResult, writing value of type 'BlogManagementSystem.Models.Response'.
2025-04-14 11:01:13.0547 | INFO | Microsoft.AspNetCore.Mvc.Infrastructure.ControllerActionInvoker | Executed action BlogManagementSystem.Controllers.CLBlogController.GetAllBlogs (BlogManagementSystem) in 3.6768ms
2025-04-14 11:01:13.0547 | INFO | Microsoft.AspNetCore.Routing.EndpointMiddleware | Executed endpoint 'BlogManagementSystem.Controllers.CLBlogController.GetAllBlogs (BlogManagementSystem)'
2025-04-14 11:01:13.0547 | INFO | Microsoft.AspNetCore.Hosting.Diagnostics | Request finished HTTP/1.1 GET http://localhost:5095/api/CLBlog/get-all-blogs?pageSize=5&pageNumber=1&sorting=g01F02%20DESC - - - 200 190 application/json;+charset=utf-8 4.0580ms
2025-04-14 11:01:18.1184 | INFO | Microsoft.AspNetCore.Hosting.Diagnostics | Request starting HTTP/1.1 OPTIONS http://localhost:5095/api/CLBlog/update-blog - -
2025-04-14 11:01:18.1184 | INFO | Microsoft.AspNetCore.Cors.Infrastructure.CorsService | CORS policy execution successful.
2025-04-14 11:01:18.1184 | INFO | Microsoft.AspNetCore.Hosting.Diagnostics | Request finished HTTP/1.1 OPTIONS http://localhost:5095/api/CLBlog/update-blog - - - 204 - - 0.2366ms
2025-04-14 11:01:18.1184 | INFO | Microsoft.AspNetCore.Hosting.Diagnostics | Request starting HTTP/1.1 PUT http://localhost:5095/api/CLBlog/update-blog application/json 45
2025-04-14 11:01:18.1184 | INFO | Microsoft.AspNetCore.Cors.Infrastructure.CorsService | CORS policy execution successful.
2025-04-14 11:01:18.1184 | INFO | Microsoft.AspNetCore.Routing.EndpointMiddleware | Executing endpoint 'BlogManagementSystem.Controllers.CLBlogController.UpdateBlog (BlogManagementSystem)'
2025-04-14 11:01:18.1184 | INFO | Microsoft.AspNetCore.Mvc.Infrastructure.ControllerActionInvoker | Route matched with {action = "UpdateBlog", controller = "CLBlog"}. Executing controller action with signature Microsoft.AspNetCore.Mvc.IActionResult UpdateBlog(BlogManagementSystem.Models.DTO.DTOBLG01) on controller BlogManagementSystem.Controllers.CLBlogController (BlogManagementSystem).
2025-04-14 11:01:18.1184 | INFO | BlogManagementSystem.Filters.LogActionFilter | Executing action: BlogManagementSystem.Controllers.CLBlogController.UpdateBlog (BlogManagementSystem)
2025-04-14 11:01:18.1184 | INFO | BlogManagementSystem.Controllers.CLBlogController | Updating blog post with ID 3.
2025-04-14 11:01:18.1184 | INFO | BlogManagementSystem.Filters.LogActionFilter | Action executed successfully: BlogManagementSystem.Controllers.CLBlogController.UpdateBlog (BlogManagementSystem)
2025-04-14 11:01:18.1184 | INFO | Microsoft.AspNetCore.Mvc.Infrastructure.ObjectResultExecutor | Executing OkObjectResult, writing value of type 'BlogManagementSystem.Models.Response'.
2025-04-14 11:01:18.1184 | INFO | Microsoft.AspNetCore.Mvc.Infrastructure.ControllerActionInvoker | Executed action BlogManagementSystem.Controllers.CLBlogController.UpdateBlog (BlogManagementSystem) in 5.9728ms
2025-04-14 11:01:18.1184 | INFO | Microsoft.AspNetCore.Routing.EndpointMiddleware | Executed endpoint 'BlogManagementSystem.Controllers.CLBlogController.UpdateBlog (BlogManagementSystem)'
2025-04-14 11:01:18.1184 | INFO | Microsoft.AspNetCore.Hosting.Diagnostics | Request finished HTTP/1.1 PUT http://localhost:5095/api/CLBlog/update-blog application/json 45 - 200 94 application/json;+charset=utf-8 6.3234ms
2025-04-14 11:01:38.9270 | INFO | Microsoft.AspNetCore.Hosting.Diagnostics | Request starting HTTP/1.1 OPTIONS http://localhost:5095/api/CLBlog/add-blog - -
2025-04-14 11:01:38.9270 | INFO | Microsoft.AspNetCore.Cors.Infrastructure.CorsService | CORS policy execution successful.
2025-04-14 11:01:38.9270 | INFO | Microsoft.AspNetCore.Hosting.Diagnostics | Request finished HTTP/1.1 OPTIONS http://localhost:5095/api/CLBlog/add-blog - - - 204 - - 0.3229ms
2025-04-14 11:01:38.9270 | INFO | Microsoft.AspNetCore.Hosting.Diagnostics | Request starting HTTP/1.1 POST http://localhost:5095/api/CLBlog/add-blog application/json 40
2025-04-14 11:01:38.9270 | INFO | Microsoft.AspNetCore.Cors.Infrastructure.CorsService | CORS policy execution successful.
2025-04-14 11:01:38.9270 | INFO | Microsoft.AspNetCore.Routing.EndpointMiddleware | Executing endpoint 'BlogManagementSystem.Controllers.CLBlogController.AddBlog (BlogManagementSystem)'
2025-04-14 11:01:38.9270 | INFO | Microsoft.AspNetCore.Mvc.Infrastructure.ControllerActionInvoker | Route matched with {action = "AddBlog", controller = "CLBlog"}. Executing controller action with signature Microsoft.AspNetCore.Mvc.IActionResult AddBlog(BlogManagementSystem.Models.DTO.DTOBLG01) on controller BlogManagementSystem.Controllers.CLBlogController (BlogManagementSystem).
2025-04-14 11:01:38.9270 | INFO | BlogManagementSystem.Filters.LogActionFilter | Executing action: BlogManagementSystem.Controllers.CLBlogController.AddBlog (BlogManagementSystem)
2025-04-14 11:01:38.9270 | INFO | BlogManagementSystem.Controllers.CLBlogController | Creating a new blog post.
2025-04-14 11:01:38.9332 | INFO | BlogManagementSystem.Filters.LogActionFilter | Action executed successfully: BlogManagementSystem.Controllers.CLBlogController.AddBlog (BlogManagementSystem)
2025-04-14 11:01:38.9332 | INFO | Microsoft.AspNetCore.Mvc.Infrastructure.ObjectResultExecutor | Executing OkObjectResult, writing value of type 'BlogManagementSystem.Models.Response'.
2025-04-14 11:01:38.9332 | INFO | Microsoft.AspNetCore.Mvc.Infrastructure.ControllerActionInvoker | Executed action BlogManagementSystem.Controllers.CLBlogController.AddBlog (BlogManagementSystem) in 4.8044ms
2025-04-14 11:01:38.9332 | INFO | Microsoft.AspNetCore.Routing.EndpointMiddleware | Executed endpoint 'BlogManagementSystem.Controllers.CLBlogController.AddBlog (BlogManagementSystem)'
2025-04-14 11:01:38.9332 | INFO | Microsoft.AspNetCore.Hosting.Diagnostics | Request finished HTTP/1.1 POST http://localhost:5095/api/CLBlog/add-blog application/json 40 - 200 52 application/json;+charset=utf-8 5.1298ms
2025-04-14 11:01:43.2894 | INFO | Microsoft.AspNetCore.Hosting.Diagnostics | Request starting HTTP/1.1 GET http://localhost:5095/api/CLBlog/get-all-blogs?pageSize=5&pageNumber=1&sorting=g01F02%20DESC - -
2025-04-14 11:01:43.2894 | INFO | Microsoft.AspNetCore.Cors.Infrastructure.CorsService | CORS policy execution successful.
2025-04-14 11:01:43.2894 | INFO | Microsoft.AspNetCore.Routing.EndpointMiddleware | Executing endpoint 'BlogManagementSystem.Controllers.CLBlogController.GetAllBlogs (BlogManagementSystem)'
2025-04-14 11:01:43.2894 | INFO | Microsoft.AspNetCore.Mvc.Infrastructure.ControllerActionInvoker | Route matched with {action = "GetAllBlogs", controller = "CLBlog"}. Executing controller action with signature Microsoft.AspNetCore.Mvc.IActionResult GetAllBlogs(Int32, Int32, System.String) on controller BlogManagementSystem.Controllers.CLBlogController (BlogManagementSystem).
2025-04-14 11:01:43.2894 | INFO | BlogManagementSystem.Filters.LogActionFilter | Executing action: BlogManagementSystem.Controllers.CLBlogController.GetAllBlogs (BlogManagementSystem)
2025-04-14 11:01:43.2894 | INFO | BlogManagementSystem.Controllers.CLBlogController | Fetching all blog posts.
2025-04-14 11:01:43.2894 | INFO | BlogManagementSystem.Filters.LogActionFilter | Action executed successfully: BlogManagementSystem.Controllers.CLBlogController.GetAllBlogs (BlogManagementSystem)
2025-04-14 11:01:43.2894 | INFO | Microsoft.AspNetCore.Mvc.Infrastructure.ObjectResultExecutor | Executing OkObjectResult, writing value of type 'BlogManagementSystem.Models.Response'.
2025-04-14 11:01:43.2894 | INFO | Microsoft.AspNetCore.Mvc.Infrastructure.ControllerActionInvoker | Executed action BlogManagementSystem.Controllers.CLBlogController.GetAllBlogs (BlogManagementSystem) in 4.0718ms
2025-04-14 11:01:43.2894 | INFO | Microsoft.AspNetCore.Routing.EndpointMiddleware | Executed endpoint 'BlogManagementSystem.Controllers.CLBlogController.GetAllBlogs (BlogManagementSystem)'
2025-04-14 11:01:43.2894 | INFO | Microsoft.AspNetCore.Hosting.Diagnostics | Request finished HTTP/1.1 GET http://localhost:5095/api/CLBlog/get-all-blogs?pageSize=5&pageNumber=1&sorting=g01F02%20DESC - - - 200 232 application/json;+charset=utf-8 4.6339ms
2025-04-14 11:02:58.5053 | INFO | Microsoft.AspNetCore.Hosting.Diagnostics | Request starting HTTP/1.1 GET http://localhost:5095/api/CLBlog/get-all-blogs?pageSize=5&pageNumber=1&sorting=g01F02%20DESC - -
2025-04-14 11:02:58.5053 | INFO | Microsoft.AspNetCore.Cors.Infrastructure.CorsService | CORS policy execution successful.
2025-04-14 11:02:58.5053 | INFO | Microsoft.AspNetCore.Routing.EndpointMiddleware | Executing endpoint 'BlogManagementSystem.Controllers.CLBlogController.GetAllBlogs (BlogManagementSystem)'
2025-04-14 11:02:58.5053 | INFO | Microsoft.AspNetCore.Mvc.Infrastructure.ControllerActionInvoker | Route matched with {action = "GetAllBlogs", controller = "CLBlog"}. Executing controller action with signature Microsoft.AspNetCore.Mvc.IActionResult GetAllBlogs(Int32, Int32, System.String) on controller BlogManagementSystem.Controllers.CLBlogController (BlogManagementSystem).
2025-04-14 11:02:58.5053 | INFO | BlogManagementSystem.Filters.LogActionFilter | Executing action: BlogManagementSystem.Controllers.CLBlogController.GetAllBlogs (BlogManagementSystem)
2025-04-14 11:02:58.5053 | INFO | BlogManagementSystem.Controllers.CLBlogController | Fetching all blog posts.
2025-04-14 11:02:58.5090 | INFO | BlogManagementSystem.Filters.LogActionFilter | Action executed successfully: BlogManagementSystem.Controllers.CLBlogController.GetAllBlogs (BlogManagementSystem)
2025-04-14 11:02:58.5090 | INFO | Microsoft.AspNetCore.Mvc.Infrastructure.ObjectResultExecutor | Executing OkObjectResult, writing value of type 'BlogManagementSystem.Models.Response'.
2025-04-14 11:02:58.5090 | INFO | Microsoft.AspNetCore.Mvc.Infrastructure.ControllerActionInvoker | Executed action BlogManagementSystem.Controllers.CLBlogController.GetAllBlogs (BlogManagementSystem) in 3.5796ms
2025-04-14 11:02:58.5090 | INFO | Microsoft.AspNetCore.Routing.EndpointMiddleware | Executed endpoint 'BlogManagementSystem.Controllers.CLBlogController.GetAllBlogs (BlogManagementSystem)'
2025-04-14 11:02:58.5090 | INFO | Microsoft.AspNetCore.Hosting.Diagnostics | Request finished HTTP/1.1 GET http://localhost:5095/api/CLBlog/get-all-blogs?pageSize=5&pageNumber=1&sorting=g01F02%20DESC - - - 200 232 application/json;+charset=utf-8 4.0500ms
2025-04-14 11:03:07.1476 | INFO | Microsoft.AspNetCore.Hosting.Diagnostics | Request starting HTTP/1.1 GET http://localhost:5095/api/CLBlog/get-all-blogs?pageSize=5&pageNumber=1&sorting=g01F02%20DESC - -
2025-04-14 11:03:07.1476 | INFO | Microsoft.AspNetCore.Cors.Infrastructure.CorsService | CORS policy execution successful.
2025-04-14 11:03:07.1476 | INFO | Microsoft.AspNetCore.Routing.EndpointMiddleware | Executing endpoint 'BlogManagementSystem.Controllers.CLBlogController.GetAllBlogs (BlogManagementSystem)'
2025-04-14 11:03:07.1476 | INFO | Microsoft.AspNetCore.Mvc.Infrastructure.ControllerActionInvoker | Route matched with {action = "GetAllBlogs", controller = "CLBlog"}. Executing controller action with signature Microsoft.AspNetCore.Mvc.IActionResult GetAllBlogs(Int32, Int32, System.String) on controller BlogManagementSystem.Controllers.CLBlogController (BlogManagementSystem).
2025-04-14 11:03:07.1476 | INFO | BlogManagementSystem.Filters.LogActionFilter | Executing action: BlogManagementSystem.Controllers.CLBlogController.GetAllBlogs (BlogManagementSystem)
2025-04-14 11:03:07.1476 | INFO | BlogManagementSystem.Controllers.CLBlogController | Fetching all blog posts.
2025-04-14 11:03:07.1515 | INFO | BlogManagementSystem.Filters.LogActionFilter | Action executed successfully: BlogManagementSystem.Controllers.CLBlogController.GetAllBlogs (BlogManagementSystem)
2025-04-14 11:03:07.1515 | INFO | Microsoft.AspNetCore.Mvc.Infrastructure.ObjectResultExecutor | Executing OkObjectResult, writing value of type 'BlogManagementSystem.Models.Response'.
2025-04-14 11:03:07.1515 | INFO | Microsoft.AspNetCore.Mvc.Infrastructure.ControllerActionInvoker | Executed action BlogManagementSystem.Controllers.CLBlogController.GetAllBlogs (BlogManagementSystem) in 3.6079ms
2025-04-14 11:03:07.1515 | INFO | Microsoft.AspNetCore.Routing.EndpointMiddleware | Executed endpoint 'BlogManagementSystem.Controllers.CLBlogController.GetAllBlogs (BlogManagementSystem)'
2025-04-14 11:03:07.1515 | INFO | Microsoft.AspNetCore.Hosting.Diagnostics | Request finished HTTP/1.1 GET http://localhost:5095/api/CLBlog/get-all-blogs?pageSize=5&pageNumber=1&sorting=g01F02%20DESC - - - 200 232 application/json;+charset=utf-8 4.1682ms
2025-04-14 11:03:09.6264 | INFO | Microsoft.AspNetCore.Hosting.Diagnostics | Request starting HTTP/1.1 GET http://localhost:5095/api/CLBlog/get-all-blogs?pageSize=5&pageNumber=1&sorting=g01F02%20DESC - -
2025-04-14 11:03:09.6264 | INFO | Microsoft.AspNetCore.Cors.Infrastructure.CorsService | CORS policy execution successful.
2025-04-14 11:03:09.6264 | INFO | Microsoft.AspNetCore.Routing.EndpointMiddleware | Executing endpoint 'BlogManagementSystem.Controllers.CLBlogController.GetAllBlogs (BlogManagementSystem)'
2025-04-14 11:03:09.6264 | INFO | Microsoft.AspNetCore.Mvc.Infrastructure.ControllerActionInvoker | Route matched with {action = "GetAllBlogs", controller = "CLBlog"}. Executing controller action with signature Microsoft.AspNetCore.Mvc.IActionResult GetAllBlogs(Int32, Int32, System.String) on controller BlogManagementSystem.Controllers.CLBlogController (BlogManagementSystem).
2025-04-14 11:03:09.6264 | INFO | BlogManagementSystem.Filters.LogActionFilter | Executing action: BlogManagementSystem.Controllers.CLBlogController.GetAllBlogs (BlogManagementSystem)
2025-04-14 11:03:09.6264 | INFO | BlogManagementSystem.Controllers.CLBlogController | Fetching all blog posts.
2025-04-14 11:03:09.6264 | INFO | BlogManagementSystem.Filters.LogActionFilter | Action executed successfully: BlogManagementSystem.Controllers.CLBlogController.GetAllBlogs (BlogManagementSystem)
2025-04-14 11:03:09.6264 | INFO | Microsoft.AspNetCore.Mvc.Infrastructure.ObjectResultExecutor | Executing OkObjectResult, writing value of type 'BlogManagementSystem.Models.Response'.
2025-04-14 11:03:09.6264 | INFO | Microsoft.AspNetCore.Mvc.Infrastructure.ControllerActionInvoker | Executed action BlogManagementSystem.Controllers.CLBlogController.GetAllBlogs (BlogManagementSystem) in 3.5796ms
2025-04-14 11:03:09.6264 | INFO | Microsoft.AspNetCore.Routing.EndpointMiddleware | Executed endpoint 'BlogManagementSystem.Controllers.CLBlogController.GetAllBlogs (BlogManagementSystem)'
2025-04-14 11:03:09.6264 | INFO | Microsoft.AspNetCore.Hosting.Diagnostics | Request finished HTTP/1.1 GET http://localhost:5095/api/CLBlog/get-all-blogs?pageSize=5&pageNumber=1&sorting=g01F02%20DESC - - - 200 232 application/json;+charset=utf-8 4.1941ms
2025-04-14 11:03:11.9627 | INFO | Microsoft.AspNetCore.Hosting.Diagnostics | Request starting HTTP/1.1 GET http://localhost:5095/api/CLBlog/get-all-blogs?pageSize=5&pageNumber=1&sorting=g01F02%20DESC - -
2025-04-14 11:03:11.9627 | INFO | Microsoft.AspNetCore.Cors.Infrastructure.CorsService | CORS policy execution successful.
2025-04-14 11:03:11.9627 | INFO | Microsoft.AspNetCore.Routing.EndpointMiddleware | Executing endpoint 'BlogManagementSystem.Controllers.CLBlogController.GetAllBlogs (BlogManagementSystem)'
2025-04-14 11:03:11.9627 | INFO | Microsoft.AspNetCore.Mvc.Infrastructure.ControllerActionInvoker | Route matched with {action = "GetAllBlogs", controller = "CLBlog"}. Executing controller action with signature Microsoft.AspNetCore.Mvc.IActionResult GetAllBlogs(Int32, Int32, System.String) on controller BlogManagementSystem.Controllers.CLBlogController (BlogManagementSystem).
2025-04-14 11:03:11.9627 | INFO | BlogManagementSystem.Filters.LogActionFilter | Executing action: BlogManagementSystem.Controllers.CLBlogController.GetAllBlogs (BlogManagementSystem)
2025-04-14 11:03:11.9627 | INFO | BlogManagementSystem.Controllers.CLBlogController | Fetching all blog posts.
2025-04-14 11:03:11.9627 | INFO | BlogManagementSystem.Filters.LogActionFilter | Action executed successfully: BlogManagementSystem.Controllers.CLBlogController.GetAllBlogs (BlogManagementSystem)
2025-04-14 11:03:11.9627 | INFO | Microsoft.AspNetCore.Mvc.Infrastructure.ObjectResultExecutor | Executing OkObjectResult, writing value of type 'BlogManagementSystem.Models.Response'.
2025-04-14 11:03:11.9627 | INFO | Microsoft.AspNetCore.Mvc.Infrastructure.ControllerActionInvoker | Executed action BlogManagementSystem.Controllers.CLBlogController.GetAllBlogs (BlogManagementSystem) in 3.3976ms
2025-04-14 11:03:11.9627 | INFO | Microsoft.AspNetCore.Routing.EndpointMiddleware | Executed endpoint 'BlogManagementSystem.Controllers.CLBlogController.GetAllBlogs (BlogManagementSystem)'
2025-04-14 11:03:11.9627 | INFO | Microsoft.AspNetCore.Hosting.Diagnostics | Request finished HTTP/1.1 GET http://localhost:5095/api/CLBlog/get-all-blogs?pageSize=5&pageNumber=1&sorting=g01F02%20DESC - - - 200 232 application/json;+charset=utf-8 3.9204ms
2025-04-14 11:03:20.1431 | INFO | Microsoft.AspNetCore.Hosting.Diagnostics | Request starting HTTP/1.1 GET http://localhost:5095/api/CLBlog/get-all-blogs?pageSize=5&pageNumber=1&sorting=g01F02%20DESC - -
2025-04-14 11:03:20.1431 | INFO | Microsoft.AspNetCore.Cors.Infrastructure.CorsService | CORS policy execution successful.
2025-04-14 11:03:20.1431 | INFO | Microsoft.AspNetCore.Routing.EndpointMiddleware | Executing endpoint 'BlogManagementSystem.Controllers.CLBlogController.GetAllBlogs (BlogManagementSystem)'
2025-04-14 11:03:20.1431 | INFO | Microsoft.AspNetCore.Mvc.Infrastructure.ControllerActionInvoker | Route matched with {action = "GetAllBlogs", controller = "CLBlog"}. Executing controller action with signature Microsoft.AspNetCore.Mvc.IActionResult GetAllBlogs(Int32, Int32, System.String) on controller BlogManagementSystem.Controllers.CLBlogController (BlogManagementSystem).
2025-04-14 11:03:20.1431 | INFO | BlogManagementSystem.Filters.LogActionFilter | Executing action: BlogManagementSystem.Controllers.CLBlogController.GetAllBlogs (BlogManagementSystem)
2025-04-14 11:03:20.1431 | INFO | BlogManagementSystem.Controllers.CLBlogController | Fetching all blog posts.
2025-04-14 11:03:20.1431 | INFO | BlogManagementSystem.Filters.LogActionFilter | Action executed successfully: BlogManagementSystem.Controllers.CLBlogController.GetAllBlogs (BlogManagementSystem)
2025-04-14 11:03:20.1431 | INFO | Microsoft.AspNetCore.Mvc.Infrastructure.ObjectResultExecutor | Executing OkObjectResult, writing value of type 'BlogManagementSystem.Models.Response'.
2025-04-14 11:03:20.1431 | INFO | Microsoft.AspNetCore.Mvc.Infrastructure.ControllerActionInvoker | Executed action BlogManagementSystem.Controllers.CLBlogController.GetAllBlogs (BlogManagementSystem) in 4.0081ms
2025-04-14 11:03:20.1431 | INFO | Microsoft.AspNetCore.Routing.EndpointMiddleware | Executed endpoint 'BlogManagementSystem.Controllers.CLBlogController.GetAllBlogs (BlogManagementSystem)'
2025-04-14 11:03:20.1431 | INFO | Microsoft.AspNetCore.Hosting.Diagnostics | Request finished HTTP/1.1 GET http://localhost:5095/api/CLBlog/get-all-blogs?pageSize=5&pageNumber=1&sorting=g01F02%20DESC - - - 200 232 application/json;+charset=utf-8 4.5602ms
2025-04-14 11:03:20.8456 | INFO | Microsoft.AspNetCore.Hosting.Diagnostics | Request starting HTTP/1.1 GET http://localhost:5095/api/CLBlog/get-all-blogs?pageSize=5&pageNumber=1&sorting=g01F02%20DESC - -
2025-04-14 11:03:20.8456 | INFO | Microsoft.AspNetCore.Cors.Infrastructure.CorsService | CORS policy execution successful.
2025-04-14 11:03:20.8456 | INFO | Microsoft.AspNetCore.Routing.EndpointMiddleware | Executing endpoint 'BlogManagementSystem.Controllers.CLBlogController.GetAllBlogs (BlogManagementSystem)'
2025-04-14 11:03:20.8456 | INFO | Microsoft.AspNetCore.Mvc.Infrastructure.ControllerActionInvoker | Route matched with {action = "GetAllBlogs", controller = "CLBlog"}. Executing controller action with signature Microsoft.AspNetCore.Mvc.IActionResult GetAllBlogs(Int32, Int32, System.String) on controller BlogManagementSystem.Controllers.CLBlogController (BlogManagementSystem).
2025-04-14 11:03:20.8456 | INFO | BlogManagementSystem.Filters.LogActionFilter | Executing action: BlogManagementSystem.Controllers.CLBlogController.GetAllBlogs (BlogManagementSystem)
2025-04-14 11:03:20.8456 | INFO | BlogManagementSystem.Controllers.CLBlogController | Fetching all blog posts.
2025-04-14 11:03:20.8456 | INFO | BlogManagementSystem.Filters.LogActionFilter | Action executed successfully: BlogManagementSystem.Controllers.CLBlogController.GetAllBlogs (BlogManagementSystem)
2025-04-14 11:03:20.8456 | INFO | Microsoft.AspNetCore.Mvc.Infrastructure.ObjectResultExecutor | Executing OkObjectResult, writing value of type 'BlogManagementSystem.Models.Response'.
2025-04-14 11:03:20.8456 | INFO | Microsoft.AspNetCore.Mvc.Infrastructure.ControllerActionInvoker | Executed action BlogManagementSystem.Controllers.CLBlogController.GetAllBlogs (BlogManagementSystem) in 3.7159ms
2025-04-14 11:03:20.8456 | INFO | Microsoft.AspNetCore.Routing.EndpointMiddleware | Executed endpoint 'BlogManagementSystem.Controllers.CLBlogController.GetAllBlogs (BlogManagementSystem)'
2025-04-14 11:03:20.8456 | INFO | Microsoft.AspNetCore.Hosting.Diagnostics | Request finished HTTP/1.1 GET http://localhost:5095/api/CLBlog/get-all-blogs?pageSize=5&pageNumber=1&sorting=g01F02%20DESC - - - 200 232 application/json;+charset=utf-8 4.1294ms
2025-04-14 11:03:41.1184 | INFO | Microsoft.AspNetCore.Hosting.Diagnostics | Request starting HTTP/1.1 GET http://localhost:5095/api/CLBlog/get-all-blogs?pageSize=5&pageNumber=1&sorting=g01F02%20DESC - -
2025-04-14 11:03:41.1184 | INFO | Microsoft.AspNetCore.Cors.Infrastructure.CorsService | CORS policy execution successful.
2025-04-14 11:03:41.1184 | INFO | Microsoft.AspNetCore.Routing.EndpointMiddleware | Executing endpoint 'BlogManagementSystem.Controllers.CLBlogController.GetAllBlogs (BlogManagementSystem)'
2025-04-14 11:03:41.1188 | INFO | Microsoft.AspNetCore.Mvc.Infrastructure.ControllerActionInvoker | Route matched with {action = "GetAllBlogs", controller = "CLBlog"}. Executing controller action with signature Microsoft.AspNetCore.Mvc.IActionResult GetAllBlogs(Int32, Int32, System.String) on controller BlogManagementSystem.Controllers.CLBlogController (BlogManagementSystem).
2025-04-14 11:03:41.1188 | INFO | BlogManagementSystem.Filters.LogActionFilter | Executing action: BlogManagementSystem.Controllers.CLBlogController.GetAllBlogs (BlogManagementSystem)
2025-04-14 11:03:41.1188 | INFO | BlogManagementSystem.Controllers.CLBlogController | Fetching all blog posts.
2025-04-14 11:03:41.1188 | INFO | BlogManagementSystem.Filters.LogActionFilter | Action executed successfully: BlogManagementSystem.Controllers.CLBlogController.GetAllBlogs (BlogManagementSystem)
2025-04-14 11:03:41.1188 | INFO | Microsoft.AspNetCore.Mvc.Infrastructure.ObjectResultExecutor | Executing OkObjectResult, writing value of type 'BlogManagementSystem.Models.Response'.
2025-04-14 11:03:41.1188 | INFO | Microsoft.AspNetCore.Mvc.Infrastructure.ControllerActionInvoker | Executed action BlogManagementSystem.Controllers.CLBlogController.GetAllBlogs (BlogManagementSystem) in 3.0759ms
2025-04-14 11:03:41.1188 | INFO | Microsoft.AspNetCore.Routing.EndpointMiddleware | Executed endpoint 'BlogManagementSystem.Controllers.CLBlogController.GetAllBlogs (BlogManagementSystem)'
2025-04-14 11:03:41.1188 | INFO | Microsoft.AspNetCore.Hosting.Diagnostics | Request finished HTTP/1.1 GET http://localhost:5095/api/CLBlog/get-all-blogs?pageSize=5&pageNumber=1&sorting=g01F02%20DESC - - - 200 232 application/json;+charset=utf-8 3.6173ms
2025-04-14 11:04:12.3430 | INFO | Microsoft.AspNetCore.Hosting.Diagnostics | Request starting HTTP/1.1 GET http://localhost:5095/api/CLBlog/get-all-blogs?pageSize=5&pageNumber=1&sorting=g01F02%20DESC - -
2025-04-14 11:04:12.3430 | INFO | Microsoft.AspNetCore.Cors.Infrastructure.CorsService | CORS policy execution successful.
2025-04-14 11:04:12.3430 | INFO | Microsoft.AspNetCore.Routing.EndpointMiddleware | Executing endpoint 'BlogManagementSystem.Controllers.CLBlogController.GetAllBlogs (BlogManagementSystem)'
2025-04-14 11:04:12.3430 | INFO | Microsoft.AspNetCore.Mvc.Infrastructure.ControllerActionInvoker | Route matched with {action = "GetAllBlogs", controller = "CLBlog"}. Executing controller action with signature Microsoft.AspNetCore.Mvc.IActionResult GetAllBlogs(Int32, Int32, System.String) on controller BlogManagementSystem.Controllers.CLBlogController (BlogManagementSystem).
2025-04-14 11:04:12.3430 | INFO | BlogManagementSystem.Filters.LogActionFilter | Executing action: BlogManagementSystem.Controllers.CLBlogController.GetAllBlogs (BlogManagementSystem)
2025-04-14 11:04:12.3430 | INFO | BlogManagementSystem.Controllers.CLBlogController | Fetching all blog posts.
2025-04-14 11:04:12.3430 | INFO | BlogManagementSystem.Filters.LogActionFilter | Action executed successfully: BlogManagementSystem.Controllers.CLBlogController.GetAllBlogs (BlogManagementSystem)
2025-04-14 11:04:12.3430 | INFO | Microsoft.AspNetCore.Mvc.Infrastructure.ObjectResultExecutor | Executing OkObjectResult, writing value of type 'BlogManagementSystem.Models.Response'.
2025-04-14 11:04:12.3430 | INFO | Microsoft.AspNetCore.Mvc.Infrastructure.ControllerActionInvoker | Executed action BlogManagementSystem.Controllers.CLBlogController.GetAllBlogs (BlogManagementSystem) in 3.7419ms
2025-04-14 11:04:12.3430 | INFO | Microsoft.AspNetCore.Routing.EndpointMiddleware | Executed endpoint 'BlogManagementSystem.Controllers.CLBlogController.GetAllBlogs (BlogManagementSystem)'
2025-04-14 11:04:12.3430 | INFO | Microsoft.AspNetCore.Hosting.Diagnostics | Request finished HTTP/1.1 GET http://localhost:5095/api/CLBlog/get-all-blogs?pageSize=5&pageNumber=1&sorting=g01F02%20DESC - - - 200 232 application/json;+charset=utf-8 4.1752ms
2025-04-14 11:09:56.1278 | INFO | Microsoft.AspNetCore.Hosting.Diagnostics | Request starting HTTP/1.1 GET http://localhost:5095//api/CLBlog/get-all-blogs?pageSize=5&pageNumber=1&sorting=g01F02%20DESC - -
2025-04-14 11:09:56.1278 | INFO | Microsoft.AspNetCore.Cors.Infrastructure.CorsService | CORS policy execution successful.
2025-04-14 11:09:56.1278 | INFO | Microsoft.AspNetCore.Hosting.Diagnostics | Request finished HTTP/1.1 GET http://localhost:5095//api/CLBlog/get-all-blogs?pageSize=5&pageNumber=1&sorting=g01F02%20DESC - - - 404 0 - 0.3193ms
2025-04-14 11:09:56.5504 | INFO | Microsoft.AspNetCore.Hosting.Diagnostics | Request starting HTTP/1.1 GET http://localhost:5095//api/CLBlog/get-all-blogs?pageSize=5&pageNumber=1&sorting=g01F02%20DESC - -
2025-04-14 11:09:56.5504 | INFO | Microsoft.AspNetCore.Cors.Infrastructure.CorsService | CORS policy execution successful.
2025-04-14 11:09:56.5504 | INFO | Microsoft.AspNetCore.Hosting.Diagnostics | Request finished HTTP/1.1 GET http://localhost:5095//api/CLBlog/get-all-blogs?pageSize=5&pageNumber=1&sorting=g01F02%20DESC - - - 404 0 - 0.2832ms
2025-04-14 11:10:02.4747 | INFO | Microsoft.AspNetCore.Hosting.Diagnostics | Request starting HTTP/1.1 GET http://localhost:5095/api/CLBlog/get-all-blogs?pageSize=5&pageNumber=1&sorting=g01F02%20DESC - -
2025-04-14 11:10:02.4747 | INFO | Microsoft.AspNetCore.Cors.Infrastructure.CorsService | CORS policy execution successful.
2025-04-14 11:10:02.4747 | INFO | Microsoft.AspNetCore.Routing.EndpointMiddleware | Executing endpoint 'BlogManagementSystem.Controllers.CLBlogController.GetAllBlogs (BlogManagementSystem)'
2025-04-14 11:10:02.4747 | INFO | Microsoft.AspNetCore.Mvc.Infrastructure.ControllerActionInvoker | Route matched with {action = "GetAllBlogs", controller = "CLBlog"}. Executing controller action with signature Microsoft.AspNetCore.Mvc.IActionResult GetAllBlogs(Int32, Int32, System.String) on controller BlogManagementSystem.Controllers.CLBlogController (BlogManagementSystem).
2025-04-14 11:10:02.4747 | INFO | BlogManagementSystem.Filters.LogActionFilter | Executing action: BlogManagementSystem.Controllers.CLBlogController.GetAllBlogs (BlogManagementSystem)
2025-04-14 11:10:02.4747 | INFO | BlogManagementSystem.Controllers.CLBlogController | Fetching all blog posts.
2025-04-14 11:10:02.5111 | INFO | BlogManagementSystem.Filters.LogActionFilter | Action executed successfully: BlogManagementSystem.Controllers.CLBlogController.GetAllBlogs (BlogManagementSystem)
2025-04-14 11:10:02.5111 | INFO | Microsoft.AspNetCore.Mvc.Infrastructure.ObjectResultExecutor | Executing OkObjectResult, writing value of type 'BlogManagementSystem.Models.Response'.
2025-04-14 11:10:02.5111 | INFO | Microsoft.AspNetCore.Mvc.Infrastructure.ControllerActionInvoker | Executed action BlogManagementSystem.Controllers.CLBlogController.GetAllBlogs (BlogManagementSystem) in 36.2235ms
2025-04-14 11:10:02.5111 | INFO | Microsoft.AspNetCore.Routing.EndpointMiddleware | Executed endpoint 'BlogManagementSystem.Controllers.CLBlogController.GetAllBlogs (BlogManagementSystem)'
2025-04-14 11:10:02.5111 | INFO | Microsoft.AspNetCore.Hosting.Diagnostics | Request finished HTTP/1.1 GET http://localhost:5095/api/CLBlog/get-all-blogs?pageSize=5&pageNumber=1&sorting=g01F02%20DESC - - - 200 232 application/json;+charset=utf-8 36.7953ms
2025-04-14 11:10:08.5409 | INFO | Microsoft.AspNetCore.Hosting.Diagnostics | Request starting HTTP/1.1 OPTIONS http://localhost:5095/api/CLBlog/update-blog - -
2025-04-14 11:10:08.5409 | INFO | Microsoft.AspNetCore.Cors.Infrastructure.CorsService | CORS policy execution successful.
2025-04-14 11:10:08.5409 | INFO | Microsoft.AspNetCore.Hosting.Diagnostics | Request finished HTTP/1.1 OPTIONS http://localhost:5095/api/CLBlog/update-blog - - - 204 - - 0.2921ms
2025-04-14 11:10:08.5409 | INFO | Microsoft.AspNetCore.Hosting.Diagnostics | Request starting HTTP/1.1 PUT http://localhost:5095/api/CLBlog/update-blog application/json 43
2025-04-14 11:10:08.5409 | INFO | Microsoft.AspNetCore.Cors.Infrastructure.CorsService | CORS policy execution successful.
2025-04-14 11:10:08.5409 | INFO | Microsoft.AspNetCore.Routing.EndpointMiddleware | Executing endpoint 'BlogManagementSystem.Controllers.CLBlogController.UpdateBlog (BlogManagementSystem)'
2025-04-14 11:10:08.5409 | INFO | Microsoft.AspNetCore.Mvc.Infrastructure.ControllerActionInvoker | Route matched with {action = "UpdateBlog", controller = "CLBlog"}. Executing controller action with signature Microsoft.AspNetCore.Mvc.IActionResult UpdateBlog(BlogManagementSystem.Models.DTO.DTOBLG01) on controller BlogManagementSystem.Controllers.CLBlogController (BlogManagementSystem).
2025-04-14 11:10:08.5409 | INFO | BlogManagementSystem.Filters.LogActionFilter | Executing action: BlogManagementSystem.Controllers.CLBlogController.UpdateBlog (BlogManagementSystem)
2025-04-14 11:10:08.5409 | INFO | BlogManagementSystem.Controllers.CLBlogController | Updating blog post with ID 4.
2025-04-14 11:10:08.5491 | INFO | BlogManagementSystem.Filters.LogActionFilter | Action executed successfully: BlogManagementSystem.Controllers.CLBlogController.UpdateBlog (BlogManagementSystem)
2025-04-14 11:10:08.5491 | INFO | Microsoft.AspNetCore.Mvc.Infrastructure.ObjectResultExecutor | Executing OkObjectResult, writing value of type 'BlogManagementSystem.Models.Response'.
2025-04-14 11:10:08.5491 | INFO | Microsoft.AspNetCore.Mvc.Infrastructure.ControllerActionInvoker | Executed action BlogManagementSystem.Controllers.CLBlogController.UpdateBlog (BlogManagementSystem) in 6.3748ms
2025-04-14 11:10:08.5491 | INFO | Microsoft.AspNetCore.Routing.EndpointMiddleware | Executed endpoint 'BlogManagementSystem.Controllers.CLBlogController.UpdateBlog (BlogManagementSystem)'
2025-04-14 11:10:08.5491 | INFO | Microsoft.AspNetCore.Hosting.Diagnostics | Request finished HTTP/1.1 PUT http://localhost:5095/api/CLBlog/update-blog application/json 43 - 200 92 application/json;+charset=utf-8 6.6850ms
2025-04-14 11:12:36.0595 | INFO | Microsoft.AspNetCore.Hosting.Diagnostics | Request starting HTTP/1.1 GET http://localhost:5095/api/CLBlog/get-all-blogs?pageSize=5&pageNumber=1&sorting=g01F02%20DESC - -
2025-04-14 11:12:36.0595 | INFO | Microsoft.AspNetCore.Cors.Infrastructure.CorsService | CORS policy execution successful.
2025-04-14 11:12:36.0595 | INFO | Microsoft.AspNetCore.Routing.EndpointMiddleware | Executing endpoint 'BlogManagementSystem.Controllers.CLBlogController.GetAllBlogs (BlogManagementSystem)'
2025-04-14 11:12:36.0595 | INFO | Microsoft.AspNetCore.Mvc.Infrastructure.ControllerActionInvoker | Route matched with {action = "GetAllBlogs", controller = "CLBlog"}. Executing controller action with signature Microsoft.AspNetCore.Mvc.IActionResult GetAllBlogs(Int32, Int32, System.String) on controller BlogManagementSystem.Controllers.CLBlogController (BlogManagementSystem).
2025-04-14 11:12:36.0595 | INFO | BlogManagementSystem.Filters.LogActionFilter | Executing action: BlogManagementSystem.Controllers.CLBlogController.GetAllBlogs (BlogManagementSystem)
2025-04-14 11:12:36.0595 | INFO | BlogManagementSystem.Controllers.CLBlogController | Fetching all blog posts.
2025-04-14 11:12:36.0595 | INFO | BlogManagementSystem.Filters.LogActionFilter | Action executed successfully: BlogManagementSystem.Controllers.CLBlogController.GetAllBlogs (BlogManagementSystem)
2025-04-14 11:12:36.0595 | INFO | Microsoft.AspNetCore.Mvc.Infrastructure.ObjectResultExecutor | Executing OkObjectResult, writing value of type 'BlogManagementSystem.Models.Response'.
2025-04-14 11:12:36.0595 | INFO | Microsoft.AspNetCore.Mvc.Infrastructure.ControllerActionInvoker | Executed action BlogManagementSystem.Controllers.CLBlogController.GetAllBlogs (BlogManagementSystem) in 4.5834ms
2025-04-14 11:12:36.0595 | INFO | Microsoft.AspNetCore.Routing.EndpointMiddleware | Executed endpoint 'BlogManagementSystem.Controllers.CLBlogController.GetAllBlogs (BlogManagementSystem)'
2025-04-14 11:12:36.0595 | INFO | Microsoft.AspNetCore.Hosting.Diagnostics | Request finished HTTP/1.1 GET http://localhost:5095/api/CLBlog/get-all-blogs?pageSize=5&pageNumber=1&sorting=g01F02%20DESC - - - 200 233 application/json;+charset=utf-8 5.0402ms
2025-04-14 11:12:43.5258 | INFO | Microsoft.AspNetCore.Hosting.Diagnostics | Request starting HTTP/1.1 OPTIONS http://localhost:5095/api/CLBlog/add-blog - -
2025-04-14 11:12:43.5258 | INFO | Microsoft.AspNetCore.Cors.Infrastructure.CorsService | CORS policy execution successful.
2025-04-14 11:12:43.5258 | INFO | Microsoft.AspNetCore.Hosting.Diagnostics | Request finished HTTP/1.1 OPTIONS http://localhost:5095/api/CLBlog/add-blog - - - 204 - - 0.3444ms
2025-04-14 11:12:43.5258 | INFO | Microsoft.AspNetCore.Hosting.Diagnostics | Request starting HTTP/1.1 POST http://localhost:5095/api/CLBlog/add-blog application/json 42
2025-04-14 11:12:43.5258 | INFO | Microsoft.AspNetCore.Cors.Infrastructure.CorsService | CORS policy execution successful.
2025-04-14 11:12:43.5258 | INFO | Microsoft.AspNetCore.Routing.EndpointMiddleware | Executing endpoint 'BlogManagementSystem.Controllers.CLBlogController.AddBlog (BlogManagementSystem)'
2025-04-14 11:12:43.5258 | INFO | Microsoft.AspNetCore.Mvc.Infrastructure.ControllerActionInvoker | Route matched with {action = "AddBlog", controller = "CLBlog"}. Executing controller action with signature Microsoft.AspNetCore.Mvc.IActionResult AddBlog(BlogManagementSystem.Models.DTO.DTOBLG01) on controller BlogManagementSystem.Controllers.CLBlogController (BlogManagementSystem).
2025-04-14 11:12:43.5258 | INFO | BlogManagementSystem.Filters.LogActionFilter | Executing action: BlogManagementSystem.Controllers.CLBlogController.AddBlog (BlogManagementSystem)
2025-04-14 11:12:43.5258 | INFO | BlogManagementSystem.Controllers.CLBlogController | Creating a new blog post.
2025-04-14 11:12:43.5348 | INFO | BlogManagementSystem.Filters.LogActionFilter | Action executed successfully: BlogManagementSystem.Controllers.CLBlogController.AddBlog (BlogManagementSystem)
2025-04-14 11:12:43.5348 | INFO | Microsoft.AspNetCore.Mvc.Infrastructure.ObjectResultExecutor | Executing OkObjectResult, writing value of type 'BlogManagementSystem.Models.Response'.
2025-04-14 11:12:43.5348 | INFO | Microsoft.AspNetCore.Mvc.Infrastructure.ControllerActionInvoker | Executed action BlogManagementSystem.Controllers.CLBlogController.AddBlog (BlogManagementSystem) in 6.7098ms
2025-04-14 11:12:43.5348 | INFO | Microsoft.AspNetCore.Routing.EndpointMiddleware | Executed endpoint 'BlogManagementSystem.Controllers.CLBlogController.AddBlog (BlogManagementSystem)'
2025-04-14 11:12:43.5348 | INFO | Microsoft.AspNetCore.Hosting.Diagnostics | Request finished HTTP/1.1 POST http://localhost:5095/api/CLBlog/add-blog application/json 42 - 200 52 application/json;+charset=utf-8 7.1309ms
2025-04-14 11:12:52.5866 | INFO | Microsoft.AspNetCore.Hosting.Diagnostics | Request starting HTTP/1.1 GET http://localhost:5095/api/CLBlog/get-all-blogs?pageSize=5&pageNumber=1&sorting=g01F02%20DESC - -
2025-04-14 11:12:52.5866 | INFO | Microsoft.AspNetCore.Cors.Infrastructure.CorsService | CORS policy execution successful.
2025-04-14 11:12:52.5866 | INFO | Microsoft.AspNetCore.Routing.EndpointMiddleware | Executing endpoint 'BlogManagementSystem.Controllers.CLBlogController.GetAllBlogs (BlogManagementSystem)'
2025-04-14 11:12:52.5866 | INFO | Microsoft.AspNetCore.Mvc.Infrastructure.ControllerActionInvoker | Route matched with {action = "GetAllBlogs", controller = "CLBlog"}. Executing controller action with signature Microsoft.AspNetCore.Mvc.IActionResult GetAllBlogs(Int32, Int32, System.String) on controller BlogManagementSystem.Controllers.CLBlogController (BlogManagementSystem).
2025-04-14 11:12:52.5866 | INFO | BlogManagementSystem.Filters.LogActionFilter | Executing action: BlogManagementSystem.Controllers.CLBlogController.GetAllBlogs (BlogManagementSystem)
2025-04-14 11:12:52.5866 | INFO | BlogManagementSystem.Controllers.CLBlogController | Fetching all blog posts.
2025-04-14 11:12:52.5866 | INFO | BlogManagementSystem.Filters.LogActionFilter | Action executed successfully: BlogManagementSystem.Controllers.CLBlogController.GetAllBlogs (BlogManagementSystem)
2025-04-14 11:12:52.5866 | INFO | Microsoft.AspNetCore.Mvc.Infrastructure.ObjectResultExecutor | Executing OkObjectResult, writing value of type 'BlogManagementSystem.Models.Response'.
2025-04-14 11:12:52.5866 | INFO | Microsoft.AspNetCore.Mvc.Infrastructure.ControllerActionInvoker | Executed action BlogManagementSystem.Controllers.CLBlogController.GetAllBlogs (BlogManagementSystem) in 3.3495ms
2025-04-14 11:12:52.5866 | INFO | Microsoft.AspNetCore.Routing.EndpointMiddleware | Executed endpoint 'BlogManagementSystem.Controllers.CLBlogController.GetAllBlogs (BlogManagementSystem)'
2025-04-14 11:12:52.5866 | INFO | Microsoft.AspNetCore.Hosting.Diagnostics | Request finished HTTP/1.1 GET http://localhost:5095/api/CLBlog/get-all-blogs?pageSize=5&pageNumber=1&sorting=g01F02%20DESC - - - 200 276 application/json;+charset=utf-8 3.7897ms
2025-04-14 11:12:58.7995 | INFO | Microsoft.AspNetCore.Hosting.Diagnostics | Request starting HTTP/1.1 OPTIONS http://localhost:5095/api/CLBlog/update-blog - -
2025-04-14 11:12:58.7998 | INFO | Microsoft.AspNetCore.Cors.Infrastructure.CorsService | CORS policy execution successful.
2025-04-14 11:12:58.7998 | INFO | Microsoft.AspNetCore.Hosting.Diagnostics | Request finished HTTP/1.1 OPTIONS http://localhost:5095/api/CLBlog/update-blog - - - 204 - - 0.4152ms
2025-04-14 11:12:58.7998 | INFO | Microsoft.AspNetCore.Hosting.Diagnostics | Request starting HTTP/1.1 PUT http://localhost:5095/api/CLBlog/update-blog application/json 48
2025-04-14 11:12:58.7998 | INFO | Microsoft.AspNetCore.Cors.Infrastructure.CorsService | CORS policy execution successful.
2025-04-14 11:12:58.7998 | INFO | Microsoft.AspNetCore.Routing.EndpointMiddleware | Executing endpoint 'BlogManagementSystem.Controllers.CLBlogController.UpdateBlog (BlogManagementSystem)'
2025-04-14 11:12:58.7998 | INFO | Microsoft.AspNetCore.Mvc.Infrastructure.ControllerActionInvoker | Route matched with {action = "UpdateBlog", controller = "CLBlog"}. Executing controller action with signature Microsoft.AspNetCore.Mvc.IActionResult UpdateBlog(BlogManagementSystem.Models.DTO.DTOBLG01) on controller BlogManagementSystem.Controllers.CLBlogController (BlogManagementSystem).
2025-04-14 11:12:58.7998 | INFO | BlogManagementSystem.Filters.LogActionFilter | Executing action: BlogManagementSystem.Controllers.CLBlogController.UpdateBlog (BlogManagementSystem)
2025-04-14 11:12:58.7998 | INFO | BlogManagementSystem.Controllers.CLBlogController | Updating blog post with ID 3.
2025-04-14 11:12:58.7998 | INFO | BlogManagementSystem.Filters.LogActionFilter | Action executed successfully: BlogManagementSystem.Controllers.CLBlogController.UpdateBlog (BlogManagementSystem)
2025-04-14 11:12:58.7998 | INFO | Microsoft.AspNetCore.Mvc.Infrastructure.ObjectResultExecutor | Executing OkObjectResult, writing value of type 'BlogManagementSystem.Models.Response'.
2025-04-14 11:12:58.7998 | INFO | Microsoft.AspNetCore.Mvc.Infrastructure.ControllerActionInvoker | Executed action BlogManagementSystem.Controllers.CLBlogController.UpdateBlog (BlogManagementSystem) in 7.0807ms
2025-04-14 11:12:58.7998 | INFO | Microsoft.AspNetCore.Routing.EndpointMiddleware | Executed endpoint 'BlogManagementSystem.Controllers.CLBlogController.UpdateBlog (BlogManagementSystem)'
2025-04-14 11:12:58.7998 | INFO | Microsoft.AspNetCore.Hosting.Diagnostics | Request finished HTTP/1.1 PUT http://localhost:5095/api/CLBlog/update-blog application/json 48 - 200 95 application/json;+charset=utf-8 7.4897ms
2025-04-14 11:13:11.8877 | INFO | Microsoft.AspNetCore.Hosting.Diagnostics | Request starting HTTP/1.1 GET http://localhost:5095/api/CLBlog/get-all-blogs?pageSize=5&pageNumber=1&sorting=g01F02%20DESC - -
2025-04-14 11:13:11.8877 | INFO | Microsoft.AspNetCore.Cors.Infrastructure.CorsService | CORS policy execution successful.
2025-04-14 11:13:11.8877 | INFO | Microsoft.AspNetCore.Routing.EndpointMiddleware | Executing endpoint 'BlogManagementSystem.Controllers.CLBlogController.GetAllBlogs (BlogManagementSystem)'
2025-04-14 11:13:11.8877 | INFO | Microsoft.AspNetCore.Mvc.Infrastructure.ControllerActionInvoker | Route matched with {action = "GetAllBlogs", controller = "CLBlog"}. Executing controller action with signature Microsoft.AspNetCore.Mvc.IActionResult GetAllBlogs(Int32, Int32, System.String) on controller BlogManagementSystem.Controllers.CLBlogController (BlogManagementSystem).
2025-04-14 11:13:11.8877 | INFO | BlogManagementSystem.Filters.LogActionFilter | Executing action: BlogManagementSystem.Controllers.CLBlogController.GetAllBlogs (BlogManagementSystem)
2025-04-14 11:13:11.8877 | INFO | BlogManagementSystem.Controllers.CLBlogController | Fetching all blog posts.
2025-04-14 11:13:11.8877 | INFO | BlogManagementSystem.Filters.LogActionFilter | Action executed successfully: BlogManagementSystem.Controllers.CLBlogController.GetAllBlogs (BlogManagementSystem)
2025-04-14 11:13:11.8877 | INFO | Microsoft.AspNetCore.Mvc.Infrastructure.ObjectResultExecutor | Executing OkObjectResult, writing value of type 'BlogManagementSystem.Models.Response'.
2025-04-14 11:13:11.8877 | INFO | Microsoft.AspNetCore.Mvc.Infrastructure.ControllerActionInvoker | Executed action BlogManagementSystem.Controllers.CLBlogController.GetAllBlogs (BlogManagementSystem) in 4.6204ms
2025-04-14 11:13:11.8877 | INFO | Microsoft.AspNetCore.Routing.EndpointMiddleware | Executed endpoint 'BlogManagementSystem.Controllers.CLBlogController.GetAllBlogs (BlogManagementSystem)'
2025-04-14 11:13:11.8877 | INFO | Microsoft.AspNetCore.Hosting.Diagnostics | Request finished HTTP/1.1 GET http://localhost:5095/api/CLBlog/get-all-blogs?pageSize=5&pageNumber=1&sorting=g01F02%20DESC - - - 200 279 application/json;+charset=utf-8 6.1777ms
2025-04-14 11:13:16.2083 | INFO | Microsoft.AspNetCore.Hosting.Diagnostics | Request starting HTTP/1.1 GET http://localhost:5095/api/CLBlog/get-all-blogs?pageSize=5&pageNumber=1&sorting=g01F02%20DESC - -
2025-04-14 11:13:16.2083 | INFO | Microsoft.AspNetCore.Cors.Infrastructure.CorsService | CORS policy execution successful.
2025-04-14 11:13:16.2083 | INFO | Microsoft.AspNetCore.Routing.EndpointMiddleware | Executing endpoint 'BlogManagementSystem.Controllers.CLBlogController.GetAllBlogs (BlogManagementSystem)'
2025-04-14 11:13:16.2083 | INFO | Microsoft.AspNetCore.Mvc.Infrastructure.ControllerActionInvoker | Route matched with {action = "GetAllBlogs", controller = "CLBlog"}. Executing controller action with signature Microsoft.AspNetCore.Mvc.IActionResult GetAllBlogs(Int32, Int32, System.String) on controller BlogManagementSystem.Controllers.CLBlogController (BlogManagementSystem).
2025-04-14 11:13:16.2083 | INFO | BlogManagementSystem.Filters.LogActionFilter | Executing action: BlogManagementSystem.Controllers.CLBlogController.GetAllBlogs (BlogManagementSystem)
2025-04-14 11:13:16.2083 | INFO | BlogManagementSystem.Controllers.CLBlogController | Fetching all blog posts.
2025-04-14 11:13:16.2083 | INFO | BlogManagementSystem.Filters.LogActionFilter | Action executed successfully: BlogManagementSystem.Controllers.CLBlogController.GetAllBlogs (BlogManagementSystem)
2025-04-14 11:13:16.2083 | INFO | Microsoft.AspNetCore.Mvc.Infrastructure.ObjectResultExecutor | Executing OkObjectResult, writing value of type 'BlogManagementSystem.Models.Response'.
2025-04-14 11:13:16.2083 | INFO | Microsoft.AspNetCore.Mvc.Infrastructure.ControllerActionInvoker | Executed action BlogManagementSystem.Controllers.CLBlogController.GetAllBlogs (BlogManagementSystem) in 3.298ms
2025-04-14 11:13:16.2083 | INFO | Microsoft.AspNetCore.Routing.EndpointMiddleware | Executed endpoint 'BlogManagementSystem.Controllers.CLBlogController.GetAllBlogs (BlogManagementSystem)'
2025-04-14 11:13:16.2083 | INFO | Microsoft.AspNetCore.Hosting.Diagnostics | Request finished HTTP/1.1 GET http://localhost:5095/api/CLBlog/get-all-blogs?pageSize=5&pageNumber=1&sorting=g01F02%20DESC - - - 200 279 application/json;+charset=utf-8 3.7747ms
2025-04-14 11:13:25.2615 | INFO | Microsoft.AspNetCore.Hosting.Diagnostics | Request starting HTTP/1.1 OPTIONS http://localhost:5095/api/CLBlog/delete-blog/4 - -
2025-04-14 11:13:25.2615 | INFO | Microsoft.AspNetCore.Cors.Infrastructure.CorsService | CORS policy execution successful.
2025-04-14 11:13:25.2615 | INFO | Microsoft.AspNetCore.Hosting.Diagnostics | Request finished HTTP/1.1 OPTIONS http://localhost:5095/api/CLBlog/delete-blog/4 - - - 204 - - 0.3205ms
2025-04-14 11:13:25.2615 | INFO | Microsoft.AspNetCore.Hosting.Diagnostics | Request starting HTTP/1.1 DELETE http://localhost:5095/api/CLBlog/delete-blog/4 application/json -
2025-04-14 11:13:25.2615 | INFO | Microsoft.AspNetCore.Cors.Infrastructure.CorsService | CORS policy execution successful.
2025-04-14 11:13:25.2615 | INFO | Microsoft.AspNetCore.Routing.EndpointMiddleware | Executing endpoint 'BlogManagementSystem.Controllers.CLBlogController.DeleteBlog (BlogManagementSystem)'
2025-04-14 11:13:25.2615 | INFO | Microsoft.AspNetCore.Mvc.Infrastructure.ControllerActionInvoker | Route matched with {action = "DeleteBlog", controller = "CLBlog"}. Executing controller action with signature Microsoft.AspNetCore.Mvc.IActionResult DeleteBlog(Int32) on controller BlogManagementSystem.Controllers.CLBlogController (BlogManagementSystem).
2025-04-14 11:13:25.2615 | INFO | BlogManagementSystem.Filters.LogActionFilter | Executing action: BlogManagementSystem.Controllers.CLBlogController.DeleteBlog (BlogManagementSystem)
2025-04-14 11:13:25.2615 | INFO | BlogManagementSystem.Controllers.CLBlogController | Deleting blog post with ID 4.
2025-04-14 11:13:25.2713 | INFO | BlogManagementSystem.Filters.LogActionFilter | Action executed successfully: BlogManagementSystem.Controllers.CLBlogController.DeleteBlog (BlogManagementSystem)
2025-04-14 11:13:25.2713 | INFO | Microsoft.AspNetCore.Mvc.Infrastructure.ObjectResultExecutor | Executing OkObjectResult, writing value of type 'BlogManagementSystem.Models.Response'.
2025-04-14 11:13:25.2713 | INFO | Microsoft.AspNetCore.Mvc.Infrastructure.ControllerActionInvoker | Executed action BlogManagementSystem.Controllers.CLBlogController.DeleteBlog (BlogManagementSystem) in 7.9032ms
2025-04-14 11:13:25.2713 | INFO | Microsoft.AspNetCore.Routing.EndpointMiddleware | Executed endpoint 'BlogManagementSystem.Controllers.CLBlogController.DeleteBlog (BlogManagementSystem)'
2025-04-14 11:13:25.2713 | INFO | Microsoft.AspNetCore.Hosting.Diagnostics | Request finished HTTP/1.1 DELETE http://localhost:5095/api/CLBlog/delete-blog/4 application/json - - 200 93 application/json;+charset=utf-8 8.3791ms
2025-04-14 11:19:37.0814 | INFO | Microsoft.AspNetCore.Hosting.Diagnostics | Request starting HTTP/1.1 GET http://localhost:5095/api/CLBlog/get-all-blogs?pageSize=5&pageNumber=1&sorting=g01F02%20DESC - -
2025-04-14 11:19:37.0814 | INFO | Microsoft.AspNetCore.Cors.Infrastructure.CorsService | CORS policy execution successful.
2025-04-14 11:19:37.0814 | INFO | Microsoft.AspNetCore.Routing.EndpointMiddleware | Executing endpoint 'BlogManagementSystem.Controllers.CLBlogController.GetAllBlogs (BlogManagementSystem)'
2025-04-14 11:19:37.0814 | INFO | Microsoft.AspNetCore.Mvc.Infrastructure.ControllerActionInvoker | Route matched with {action = "GetAllBlogs", controller = "CLBlog"}. Executing controller action with signature Microsoft.AspNetCore.Mvc.IActionResult GetAllBlogs(Int32, Int32, System.String) on controller BlogManagementSystem.Controllers.CLBlogController (BlogManagementSystem).
2025-04-14 11:19:37.0814 | INFO | BlogManagementSystem.Filters.LogActionFilter | Executing action: BlogManagementSystem.Controllers.CLBlogController.GetAllBlogs (BlogManagementSystem)
2025-04-14 11:19:37.0814 | INFO | BlogManagementSystem.Controllers.CLBlogController | Fetching all blog posts.
2025-04-14 11:19:37.1056 | INFO | BlogManagementSystem.Filters.LogActionFilter | Action executed successfully: BlogManagementSystem.Controllers.CLBlogController.GetAllBlogs (BlogManagementSystem)
2025-04-14 11:19:37.1056 | INFO | Microsoft.AspNetCore.Mvc.Infrastructure.ObjectResultExecutor | Executing OkObjectResult, writing value of type 'BlogManagementSystem.Models.Response'.
2025-04-14 11:19:37.1056 | INFO | Microsoft.AspNetCore.Mvc.Infrastructure.ControllerActionInvoker | Executed action BlogManagementSystem.Controllers.CLBlogController.GetAllBlogs (BlogManagementSystem) in 23.9331ms
2025-04-14 11:19:37.1056 | INFO | Microsoft.AspNetCore.Routing.EndpointMiddleware | Executed endpoint 'BlogManagementSystem.Controllers.CLBlogController.GetAllBlogs (BlogManagementSystem)'
2025-04-14 11:19:37.1056 | INFO | Microsoft.AspNetCore.Hosting.Diagnostics | Request finished HTTP/1.1 GET http://localhost:5095/api/CLBlog/get-all-blogs?pageSize=5&pageNumber=1&sorting=g01F02%20DESC - - - 200 237 application/json;+charset=utf-8 24.4920ms
2025-04-14 11:31:34.4842 | INFO | Microsoft.AspNetCore.Hosting.Diagnostics | Request starting HTTP/1.1 GET http://localhost:5095/api/CLBlog/get-all-blogs?pageSize=10&pageNumber=1 - -
2025-04-14 11:31:34.4842 | INFO | Microsoft.AspNetCore.Routing.EndpointMiddleware | Executing endpoint 'BlogManagementSystem.Controllers.CLBlogController.GetAllBlogs (BlogManagementSystem)'
2025-04-14 11:31:34.4842 | INFO | Microsoft.AspNetCore.Mvc.Infrastructure.ControllerActionInvoker | Route matched with {action = "GetAllBlogs", controller = "CLBlog"}. Executing controller action with signature Microsoft.AspNetCore.Mvc.IActionResult GetAllBlogs(Int32, Int32, System.String) on controller BlogManagementSystem.Controllers.CLBlogController (BlogManagementSystem).
2025-04-14 11:31:34.4842 | INFO | BlogManagementSystem.Filters.LogActionFilter | Executing action: BlogManagementSystem.Controllers.CLBlogController.GetAllBlogs (BlogManagementSystem)
2025-04-14 11:31:34.4842 | INFO | BlogManagementSystem.Controllers.CLBlogController | Fetching all blog posts.
2025-04-14 11:31:34.5212 | INFO | BlogManagementSystem.Filters.LogActionFilter | Action executed successfully: BlogManagementSystem.Controllers.CLBlogController.GetAllBlogs (BlogManagementSystem)
2025-04-14 11:31:34.5212 | INFO | Microsoft.AspNetCore.Mvc.Infrastructure.ObjectResultExecutor | Executing OkObjectResult, writing value of type 'BlogManagementSystem.Models.Response'.
2025-04-14 11:31:34.5212 | INFO | Microsoft.AspNetCore.Mvc.Infrastructure.ControllerActionInvoker | Executed action BlogManagementSystem.Controllers.CLBlogController.GetAllBlogs (BlogManagementSystem) in 36.8361ms
2025-04-14 11:31:34.5212 | INFO | Microsoft.AspNetCore.Routing.EndpointMiddleware | Executed endpoint 'BlogManagementSystem.Controllers.CLBlogController.GetAllBlogs (BlogManagementSystem)'
2025-04-14 11:31:34.5212 | INFO | Microsoft.AspNetCore.Hosting.Diagnostics | Request finished HTTP/1.1 GET http://localhost:5095/api/CLBlog/get-all-blogs?pageSize=10&pageNumber=1 - - - 200 237 application/json;+charset=utf-8 37.2449ms
2025-04-14 11:33:14.8234 | INFO | Microsoft.AspNetCore.Hosting.Diagnostics | Request starting HTTP/1.1 GET http://localhost:5095/api/CLBlog/get-all-blogs?pageSize=5&pageNumber=1&sorting=g01F02%20DESC - -
2025-04-14 11:33:14.8234 | INFO | Microsoft.AspNetCore.Cors.Infrastructure.CorsService | CORS policy execution successful.
2025-04-14 11:33:14.8234 | INFO | Microsoft.AspNetCore.Routing.EndpointMiddleware | Executing endpoint 'BlogManagementSystem.Controllers.CLBlogController.GetAllBlogs (BlogManagementSystem)'
2025-04-14 11:33:14.8234 | INFO | Microsoft.AspNetCore.Mvc.Infrastructure.ControllerActionInvoker | Route matched with {action = "GetAllBlogs", controller = "CLBlog"}. Executing controller action with signature Microsoft.AspNetCore.Mvc.IActionResult GetAllBlogs(Int32, Int32, System.String) on controller BlogManagementSystem.Controllers.CLBlogController (BlogManagementSystem).
2025-04-14 11:33:14.8234 | INFO | BlogManagementSystem.Filters.LogActionFilter | Executing action: BlogManagementSystem.Controllers.CLBlogController.GetAllBlogs (BlogManagementSystem)
2025-04-14 11:33:14.8234 | INFO | BlogManagementSystem.Controllers.CLBlogController | Fetching all blog posts.
2025-04-14 11:33:14.8234 | INFO | BlogManagementSystem.Filters.LogActionFilter | Action executed successfully: BlogManagementSystem.Controllers.CLBlogController.GetAllBlogs (BlogManagementSystem)
2025-04-14 11:33:14.8234 | INFO | Microsoft.AspNetCore.Mvc.Infrastructure.ObjectResultExecutor | Executing OkObjectResult, writing value of type 'BlogManagementSystem.Models.Response'.
2025-04-14 11:33:14.8234 | INFO | Microsoft.AspNetCore.Mvc.Infrastructure.ControllerActionInvoker | Executed action BlogManagementSystem.Controllers.CLBlogController.GetAllBlogs (BlogManagementSystem) in 7.5541ms
2025-04-14 11:33:14.8234 | INFO | Microsoft.AspNetCore.Routing.EndpointMiddleware | Executed endpoint 'BlogManagementSystem.Controllers.CLBlogController.GetAllBlogs (BlogManagementSystem)'
2025-04-14 11:33:14.8234 | INFO | Microsoft.AspNetCore.Hosting.Diagnostics | Request finished HTTP/1.1 GET http://localhost:5095/api/CLBlog/get-all-blogs?pageSize=5&pageNumber=1&sorting=g01F02%20DESC - - - 200 237 application/json;+charset=utf-8 8.1254ms
2025-04-14 11:33:20.4537 | INFO | Microsoft.AspNetCore.Hosting.Diagnostics | Request starting HTTP/1.1 GET http://localhost:5095/api/CLBlog/get-blog-by-id/2 - -
2025-04-14 11:33:20.4537 | INFO | Microsoft.AspNetCore.Cors.Infrastructure.CorsService | CORS policy execution successful.
2025-04-14 11:33:20.4537 | INFO | Microsoft.AspNetCore.Hosting.Diagnostics | Request finished HTTP/1.1 GET http://localhost:5095/api/CLBlog/get-blog-by-id/2 - - - 404 0 - 0.2652ms
2025-04-14 11:33:53.5817 | INFO | Microsoft.AspNetCore.Hosting.Diagnostics | Request starting HTTP/1.1 GET http://localhost:5095/api/CLBlog/get-blog-by-id/1 - -
2025-04-14 11:33:53.5817 | INFO | Microsoft.AspNetCore.Cors.Infrastructure.CorsService | CORS policy execution successful.
2025-04-14 11:33:53.5817 | INFO | Microsoft.AspNetCore.Hosting.Diagnostics | Request finished HTTP/1.1 GET http://localhost:5095/api/CLBlog/get-blog-by-id/1 - - - 404 0 - 0.2668ms
2025-04-14 11:34:30.9046 | INFO | Microsoft.AspNetCore.Hosting.Diagnostics | Request starting HTTP/1.1 GET http://localhost:5095/api/CLBlog/get-blog-by-id?id=1 - -
2025-04-14 11:34:30.9046 | INFO | Microsoft.AspNetCore.Routing.EndpointMiddleware | Executing endpoint 'BlogManagementSystem.Controllers.CLBlogController.GetBlogByID (BlogManagementSystem)'
2025-04-14 11:34:30.9046 | INFO | Microsoft.AspNetCore.Mvc.Infrastructure.ControllerActionInvoker | Route matched with {action = "GetBlogByID", controller = "CLBlog"}. Executing controller action with signature Microsoft.AspNetCore.Mvc.IActionResult GetBlogByID(Int32) on controller BlogManagementSystem.Controllers.CLBlogController (BlogManagementSystem).
2025-04-14 11:34:30.9046 | INFO | BlogManagementSystem.Filters.LogActionFilter | Executing action: BlogManagementSystem.Controllers.CLBlogController.GetBlogByID (BlogManagementSystem)
2025-04-14 11:34:30.9046 | INFO | BlogManagementSystem.Controllers.CLBlogController | Fetching blog post with ID 1.
2025-04-14 11:34:30.9046 | INFO | BlogManagementSystem.Filters.LogActionFilter | Action executed successfully: BlogManagementSystem.Controllers.CLBlogController.GetBlogByID (BlogManagementSystem)
2025-04-14 11:34:30.9046 | INFO | Microsoft.AspNetCore.Mvc.Infrastructure.ObjectResultExecutor | Executing OkObjectResult, writing value of type 'BlogManagementSystem.Models.Response'.
2025-04-14 11:34:30.9046 | INFO | Microsoft.AspNetCore.Mvc.Infrastructure.ControllerActionInvoker | Executed action BlogManagementSystem.Controllers.CLBlogController.GetBlogByID (BlogManagementSystem) in 2.3171ms
2025-04-14 11:34:30.9046 | INFO | Microsoft.AspNetCore.Routing.EndpointMiddleware | Executed endpoint 'BlogManagementSystem.Controllers.CLBlogController.GetBlogByID (BlogManagementSystem)'
2025-04-14 11:34:30.9046 | INFO | Microsoft.AspNetCore.Hosting.Diagnostics | Request finished HTTP/1.1 GET http://localhost:5095/api/CLBlog/get-blog-by-id?id=1 - - - 200 106 application/json;+charset=utf-8 5.9866ms
2025-04-14 11:34:47.8300 | INFO | Microsoft.AspNetCore.Hosting.Diagnostics | Request starting HTTP/1.1 GET http://localhost:5095/api/CLBlog/get-blog-by-id/1 - -
2025-04-14 11:34:47.8300 | INFO | Microsoft.AspNetCore.Cors.Infrastructure.CorsService | CORS policy execution successful.
2025-04-14 11:34:47.8300 | INFO | Microsoft.AspNetCore.Hosting.Diagnostics | Request finished HTTP/1.1 GET http://localhost:5095/api/CLBlog/get-blog-by-id/1 - - - 404 0 - 0.3259ms
2025-04-14 11:35:28.8941 | INFO | BlogManagementSystem.Startup | NLog configuration loaded successfully.
2025-04-14 11:35:29.2817 | INFO | Microsoft.Hosting.Lifetime | Now listening on: http://localhost:5095
2025-04-14 11:35:29.2927 | INFO | Microsoft.Hosting.Lifetime | Application started. Press Ctrl+C to shut down.
2025-04-14 11:35:29.2927 | INFO | Microsoft.Hosting.Lifetime | Hosting environment: Development
2025-04-14 11:35:29.2927 | INFO | Microsoft.Hosting.Lifetime | Content root path: F:\Maulik Bhatt\jTable\Blog Management System (API)\API\BlogManagementSystem
2025-04-14 11:35:29.5597 | INFO | Microsoft.AspNetCore.Hosting.Diagnostics | Request starting HTTP/1.1 GET http://localhost:5095/swagger/index.html - -
2025-04-14 11:35:29.8828 | INFO | Microsoft.AspNetCore.Hosting.Diagnostics | Request starting HTTP/1.1 GET http://localhost:5095/_framework/aspnetcore-browser-refresh.js - -
2025-04-14 11:35:29.8828 | INFO | Microsoft.AspNetCore.Hosting.Diagnostics | Request starting HTTP/1.1 GET http://localhost:5095/_vs/browserLink - -
2025-04-14 11:35:29.8828 | INFO | Microsoft.AspNetCore.Hosting.Diagnostics | Request finished HTTP/1.1 GET http://localhost:5095/swagger/index.html - - - 200 - text/html;charset=utf-8 327.5196ms
2025-04-14 11:35:29.8828 | INFO | Microsoft.AspNetCore.Hosting.Diagnostics | Request finished HTTP/1.1 GET http://localhost:5095/_framework/aspnetcore-browser-refresh.js - - - 200 12010 application/javascript;+charset=utf-8 2.7514ms
2025-04-14 11:35:29.9050 | INFO | Microsoft.AspNetCore.Hosting.Diagnostics | Request finished HTTP/1.1 GET http://localhost:5095/_vs/browserLink - - - 200 - text/javascript;+charset=UTF-8 22.1843ms
2025-04-14 11:35:30.0961 | INFO | Microsoft.AspNetCore.Hosting.Diagnostics | Request starting HTTP/1.1 GET http://localhost:5095/swagger/v1/swagger.json - -
2025-04-14 11:35:30.2331 | INFO | Microsoft.AspNetCore.Hosting.Diagnostics | Request finished HTTP/1.1 GET http://localhost:5095/swagger/v1/swagger.json - - - 200 - application/json;charset=utf-8 137.0159ms
2025-04-14 11:35:37.9566 | INFO | Microsoft.AspNetCore.Hosting.Diagnostics | Request starting HTTP/1.1 GET http://localhost:5095/api/CLBlog/get-all-blogs?pageSize=5&pageNumber=1&sorting=g01F02%20DESC - -
2025-04-14 11:35:37.9566 | INFO | Microsoft.AspNetCore.Cors.Infrastructure.CorsService | CORS policy execution successful.
2025-04-14 11:35:37.9900 | INFO | Microsoft.AspNetCore.Routing.EndpointMiddleware | Executing endpoint 'BlogManagementSystem.Controllers.CLBlogController.GetAllBlogs (BlogManagementSystem)'
2025-04-14 11:35:38.0275 | INFO | Microsoft.AspNetCore.Mvc.Infrastructure.ControllerActionInvoker | Route matched with {action = "GetAllBlogs", controller = "CLBlog"}. Executing controller action with signature Microsoft.AspNetCore.Mvc.IActionResult GetAllBlogs(Int32, Int32, System.String) on controller BlogManagementSystem.Controllers.CLBlogController (BlogManagementSystem).
2025-04-14 11:35:38.0505 | INFO | BlogManagementSystem.Filters.LogActionFilter | Executing action: BlogManagementSystem.Controllers.CLBlogController.GetAllBlogs (BlogManagementSystem)
2025-04-14 11:35:38.0505 | INFO | BlogManagementSystem.Controllers.CLBlogController | Fetching all blog posts.
2025-04-14 11:35:38.6056 | INFO | BlogManagementSystem.Filters.LogActionFilter | Action executed successfully: BlogManagementSystem.Controllers.CLBlogController.GetAllBlogs (BlogManagementSystem)
2025-04-14 11:35:38.6056 | INFO | Microsoft.AspNetCore.Mvc.Infrastructure.ObjectResultExecutor | Executing OkObjectResult, writing value of type 'BlogManagementSystem.Models.Response'.
2025-04-14 11:35:38.6301 | INFO | Microsoft.AspNetCore.Mvc.Infrastructure.ControllerActionInvoker | Executed action BlogManagementSystem.Controllers.CLBlogController.GetAllBlogs (BlogManagementSystem) in 598.901ms
2025-04-14 11:35:38.6301 | INFO | Microsoft.AspNetCore.Routing.EndpointMiddleware | Executed endpoint 'BlogManagementSystem.Controllers.CLBlogController.GetAllBlogs (BlogManagementSystem)'
2025-04-14 11:35:38.6301 | INFO | Microsoft.AspNetCore.Hosting.Diagnostics | Request finished HTTP/1.1 GET http://localhost:5095/api/CLBlog/get-all-blogs?pageSize=5&pageNumber=1&sorting=g01F02%20DESC - - - 200 237 application/json;+charset=utf-8 673.8018ms
2025-04-14 11:35:40.4781 | INFO | Microsoft.AspNetCore.Hosting.Diagnostics | Request starting HTTP/1.1 GET http://localhost:5095/api/CLBlog/get-blog-by-id/2 - -
2025-04-14 11:35:40.4781 | INFO | Microsoft.AspNetCore.Cors.Infrastructure.CorsService | CORS policy execution successful.
2025-04-14 11:35:40.4781 | INFO | Microsoft.AspNetCore.Routing.EndpointMiddleware | Executing endpoint 'BlogManagementSystem.Controllers.CLBlogController.GetBlogByID (BlogManagementSystem)'
2025-04-14 11:35:40.4781 | INFO | Microsoft.AspNetCore.Mvc.Infrastructure.ControllerActionInvoker | Route matched with {action = "GetBlogByID", controller = "CLBlog"}. Executing controller action with signature Microsoft.AspNetCore.Mvc.IActionResult GetBlogByID(Int32) on controller BlogManagementSystem.Controllers.CLBlogController (BlogManagementSystem).
2025-04-14 11:35:40.4781 | INFO | BlogManagementSystem.Filters.LogActionFilter | Executing action: BlogManagementSystem.Controllers.CLBlogController.GetBlogByID (BlogManagementSystem)
2025-04-14 11:35:40.4781 | INFO | BlogManagementSystem.Controllers.CLBlogController | Fetching blog post with ID 2.
2025-04-14 11:35:40.5117 | INFO | BlogManagementSystem.Filters.LogActionFilter | Action executed successfully: BlogManagementSystem.Controllers.CLBlogController.GetBlogByID (BlogManagementSystem)
2025-04-14 11:35:40.5117 | INFO | Microsoft.AspNetCore.Mvc.Infrastructure.ObjectResultExecutor | Executing OkObjectResult, writing value of type 'BlogManagementSystem.Models.Response'.
2025-04-14 11:35:40.5117 | INFO | Microsoft.AspNetCore.Mvc.Infrastructure.ControllerActionInvoker | Executed action BlogManagementSystem.Controllers.CLBlogController.GetBlogByID (BlogManagementSystem) in 28.4117ms
2025-04-14 11:35:40.5117 | INFO | Microsoft.AspNetCore.Routing.EndpointMiddleware | Executed endpoint 'BlogManagementSystem.Controllers.CLBlogController.GetBlogByID (BlogManagementSystem)'
2025-04-14 11:35:40.5117 | INFO | Microsoft.AspNetCore.Hosting.Diagnostics | Request finished HTTP/1.1 GET http://localhost:5095/api/CLBlog/get-blog-by-id/2 - - - 200 102 application/json;+charset=utf-8 37.1153ms
2025-04-14 11:36:16.5419 | INFO | Microsoft.AspNetCore.Hosting.Diagnostics | Request starting HTTP/1.1 GET http://localhost:5095/api/CLBlog/get-all-blogs?pageSize=5&pageNumber=1&sorting=g01F02%20DESC - -
2025-04-14 11:36:16.5419 | INFO | Microsoft.AspNetCore.Cors.Infrastructure.CorsService | CORS policy execution successful.
2025-04-14 11:36:16.5419 | INFO | Microsoft.AspNetCore.Routing.EndpointMiddleware | Executing endpoint 'BlogManagementSystem.Controllers.CLBlogController.GetAllBlogs (BlogManagementSystem)'
2025-04-14 11:36:16.5419 | INFO | Microsoft.AspNetCore.Mvc.Infrastructure.ControllerActionInvoker | Route matched with {action = "GetAllBlogs", controller = "CLBlog"}. Executing controller action with signature Microsoft.AspNetCore.Mvc.IActionResult GetAllBlogs(Int32, Int32, System.String) on controller BlogManagementSystem.Controllers.CLBlogController (BlogManagementSystem).
2025-04-14 11:36:16.5419 | INFO | BlogManagementSystem.Filters.LogActionFilter | Executing action: BlogManagementSystem.Controllers.CLBlogController.GetAllBlogs (BlogManagementSystem)
2025-04-14 11:36:16.5419 | INFO | BlogManagementSystem.Controllers.CLBlogController | Fetching all blog posts.
2025-04-14 11:36:16.5419 | INFO | BlogManagementSystem.Filters.LogActionFilter | Action executed successfully: BlogManagementSystem.Controllers.CLBlogController.GetAllBlogs (BlogManagementSystem)
2025-04-14 11:36:16.5419 | INFO | Microsoft.AspNetCore.Mvc.Infrastructure.ObjectResultExecutor | Executing OkObjectResult, writing value of type 'BlogManagementSystem.Models.Response'.
2025-04-14 11:36:16.5419 | INFO | Microsoft.AspNetCore.Mvc.Infrastructure.ControllerActionInvoker | Executed action BlogManagementSystem.Controllers.CLBlogController.GetAllBlogs (BlogManagementSystem) in 6.0065ms
2025-04-14 11:36:16.5419 | INFO | Microsoft.AspNetCore.Routing.EndpointMiddleware | Executed endpoint 'BlogManagementSystem.Controllers.CLBlogController.GetAllBlogs (BlogManagementSystem)'
2025-04-14 11:36:16.5419 | INFO | Microsoft.AspNetCore.Hosting.Diagnostics | Request finished HTTP/1.1 GET http://localhost:5095/api/CLBlog/get-all-blogs?pageSize=5&pageNumber=1&sorting=g01F02%20DESC - - - 200 237 application/json;+charset=utf-8 7.3323ms
2025-04-14 11:36:19.9592 | INFO | Microsoft.AspNetCore.Hosting.Diagnostics | Request starting HTTP/1.1 GET http://localhost:5095/api/CLBlog/get-blog-by-id/2 - -
2025-04-14 11:36:19.9592 | INFO | Microsoft.AspNetCore.Cors.Infrastructure.CorsService | CORS policy execution successful.
2025-04-14 11:36:19.9592 | INFO | Microsoft.AspNetCore.Routing.EndpointMiddleware | Executing endpoint 'BlogManagementSystem.Controllers.CLBlogController.GetBlogByID (BlogManagementSystem)'
2025-04-14 11:36:19.9592 | INFO | Microsoft.AspNetCore.Mvc.Infrastructure.ControllerActionInvoker | Route matched with {action = "GetBlogByID", controller = "CLBlog"}. Executing controller action with signature Microsoft.AspNetCore.Mvc.IActionResult GetBlogByID(Int32) on controller BlogManagementSystem.Controllers.CLBlogController (BlogManagementSystem).
2025-04-14 11:36:19.9592 | INFO | BlogManagementSystem.Filters.LogActionFilter | Executing action: BlogManagementSystem.Controllers.CLBlogController.GetBlogByID (BlogManagementSystem)
2025-04-14 11:36:19.9592 | INFO | BlogManagementSystem.Controllers.CLBlogController | Fetching blog post with ID 2.
2025-04-14 11:36:19.9627 | INFO | BlogManagementSystem.Filters.LogActionFilter | Action executed successfully: BlogManagementSystem.Controllers.CLBlogController.GetBlogByID (BlogManagementSystem)
2025-04-14 11:36:19.9627 | INFO | Microsoft.AspNetCore.Mvc.Infrastructure.ObjectResultExecutor | Executing OkObjectResult, writing value of type 'BlogManagementSystem.Models.Response'.
2025-04-14 11:36:19.9627 | INFO | Microsoft.AspNetCore.Mvc.Infrastructure.ControllerActionInvoker | Executed action BlogManagementSystem.Controllers.CLBlogController.GetBlogByID (BlogManagementSystem) in 3.2501ms
2025-04-14 11:36:19.9627 | INFO | Microsoft.AspNetCore.Routing.EndpointMiddleware | Executed endpoint 'BlogManagementSystem.Controllers.CLBlogController.GetBlogByID (BlogManagementSystem)'
2025-04-14 11:36:19.9627 | INFO | Microsoft.AspNetCore.Hosting.Diagnostics | Request finished HTTP/1.1 GET http://localhost:5095/api/CLBlog/get-blog-by-id/2 - - - 200 102 application/json;+charset=utf-8 4.1591ms
2025-04-14 11:36:33.8899 | INFO | Microsoft.AspNetCore.Hosting.Diagnostics | Request starting HTTP/1.1 GET http://localhost:5095/api/CLBlog/get-all-blogs?pageSize=5&pageNumber=1&sorting=g01F02%20DESC - -
2025-04-14 11:36:33.8899 | INFO | Microsoft.AspNetCore.Cors.Infrastructure.CorsService | CORS policy execution successful.
2025-04-14 11:36:33.8899 | INFO | Microsoft.AspNetCore.Routing.EndpointMiddleware | Executing endpoint 'BlogManagementSystem.Controllers.CLBlogController.GetAllBlogs (BlogManagementSystem)'
2025-04-14 11:36:33.8899 | INFO | Microsoft.AspNetCore.Mvc.Infrastructure.ControllerActionInvoker | Route matched with {action = "GetAllBlogs", controller = "CLBlog"}. Executing controller action with signature Microsoft.AspNetCore.Mvc.IActionResult GetAllBlogs(Int32, Int32, System.String) on controller BlogManagementSystem.Controllers.CLBlogController (BlogManagementSystem).
2025-04-14 11:36:33.8899 | INFO | BlogManagementSystem.Filters.LogActionFilter | Executing action: BlogManagementSystem.Controllers.CLBlogController.GetAllBlogs (BlogManagementSystem)
2025-04-14 11:36:33.8899 | INFO | BlogManagementSystem.Controllers.CLBlogController | Fetching all blog posts.
2025-04-14 11:36:33.8899 | INFO | BlogManagementSystem.Filters.LogActionFilter | Action executed successfully: BlogManagementSystem.Controllers.CLBlogController.GetAllBlogs (BlogManagementSystem)
2025-04-14 11:36:33.8899 | INFO | Microsoft.AspNetCore.Mvc.Infrastructure.ObjectResultExecutor | Executing OkObjectResult, writing value of type 'BlogManagementSystem.Models.Response'.
2025-04-14 11:36:33.8899 | INFO | Microsoft.AspNetCore.Mvc.Infrastructure.ControllerActionInvoker | Executed action BlogManagementSystem.Controllers.CLBlogController.GetAllBlogs (BlogManagementSystem) in 5.6621ms
2025-04-14 11:36:33.8899 | INFO | Microsoft.AspNetCore.Routing.EndpointMiddleware | Executed endpoint 'BlogManagementSystem.Controllers.CLBlogController.GetAllBlogs (BlogManagementSystem)'
2025-04-14 11:36:33.8899 | INFO | Microsoft.AspNetCore.Hosting.Diagnostics | Request finished HTTP/1.1 GET http://localhost:5095/api/CLBlog/get-all-blogs?pageSize=5&pageNumber=1&sorting=g01F02%20DESC - - - 200 237 application/json;+charset=utf-8 6.9507ms
2025-04-14 11:36:36.0482 | INFO | Microsoft.AspNetCore.Hosting.Diagnostics | Request starting HTTP/1.1 GET http://localhost:5095/api/CLBlog/get-blog-by-id/2 - -
2025-04-14 11:36:36.0482 | INFO | Microsoft.AspNetCore.Cors.Infrastructure.CorsService | CORS policy execution successful.
2025-04-14 11:36:36.0482 | INFO | Microsoft.AspNetCore.Routing.EndpointMiddleware | Executing endpoint 'BlogManagementSystem.Controllers.CLBlogController.GetBlogByID (BlogManagementSystem)'
2025-04-14 11:36:36.0482 | INFO | Microsoft.AspNetCore.Mvc.Infrastructure.ControllerActionInvoker | Route matched with {action = "GetBlogByID", controller = "CLBlog"}. Executing controller action with signature Microsoft.AspNetCore.Mvc.IActionResult GetBlogByID(Int32) on controller BlogManagementSystem.Controllers.CLBlogController (BlogManagementSystem).
2025-04-14 11:36:36.0482 | INFO | BlogManagementSystem.Filters.LogActionFilter | Executing action: BlogManagementSystem.Controllers.CLBlogController.GetBlogByID (BlogManagementSystem)
2025-04-14 11:36:36.0482 | INFO | BlogManagementSystem.Controllers.CLBlogController | Fetching blog post with ID 2.
2025-04-14 11:36:36.0482 | INFO | BlogManagementSystem.Filters.LogActionFilter | Action executed successfully: BlogManagementSystem.Controllers.CLBlogController.GetBlogByID (BlogManagementSystem)
2025-04-14 11:36:36.0482 | INFO | Microsoft.AspNetCore.Mvc.Infrastructure.ObjectResultExecutor | Executing OkObjectResult, writing value of type 'BlogManagementSystem.Models.Response'.
2025-04-14 11:36:36.0482 | INFO | Microsoft.AspNetCore.Mvc.Infrastructure.ControllerActionInvoker | Executed action BlogManagementSystem.Controllers.CLBlogController.GetBlogByID (BlogManagementSystem) in 2.1096ms
2025-04-14 11:36:36.0482 | INFO | Microsoft.AspNetCore.Routing.EndpointMiddleware | Executed endpoint 'BlogManagementSystem.Controllers.CLBlogController.GetBlogByID (BlogManagementSystem)'
2025-04-14 11:36:36.0482 | INFO | Microsoft.AspNetCore.Hosting.Diagnostics | Request finished HTTP/1.1 GET http://localhost:5095/api/CLBlog/get-blog-by-id/2 - - - 200 102 application/json;+charset=utf-8 2.7343ms
2025-04-14 11:36:52.8580 | INFO | Microsoft.AspNetCore.Hosting.Diagnostics | Request starting HTTP/1.1 GET http://localhost:5095/api/CLBlog/get-all-blogs?pageSize=5&pageNumber=1&sorting=g01F02%20DESC - -
2025-04-14 11:36:52.8580 | INFO | Microsoft.AspNetCore.Cors.Infrastructure.CorsService | CORS policy execution successful.
2025-04-14 11:36:52.8580 | INFO | Microsoft.AspNetCore.Routing.EndpointMiddleware | Executing endpoint 'BlogManagementSystem.Controllers.CLBlogController.GetAllBlogs (BlogManagementSystem)'
2025-04-14 11:36:52.8580 | INFO | Microsoft.AspNetCore.Mvc.Infrastructure.ControllerActionInvoker | Route matched with {action = "GetAllBlogs", controller = "CLBlog"}. Executing controller action with signature Microsoft.AspNetCore.Mvc.IActionResult GetAllBlogs(Int32, Int32, System.String) on controller BlogManagementSystem.Controllers.CLBlogController (BlogManagementSystem).
2025-04-14 11:36:52.8580 | INFO | BlogManagementSystem.Filters.LogActionFilter | Executing action: BlogManagementSystem.Controllers.CLBlogController.GetAllBlogs (BlogManagementSystem)
2025-04-14 11:36:52.8580 | INFO | BlogManagementSystem.Controllers.CLBlogController | Fetching all blog posts.
2025-04-14 11:36:52.8580 | INFO | BlogManagementSystem.Filters.LogActionFilter | Action executed successfully: BlogManagementSystem.Controllers.CLBlogController.GetAllBlogs (BlogManagementSystem)
2025-04-14 11:36:52.8580 | INFO | Microsoft.AspNetCore.Mvc.Infrastructure.ObjectResultExecutor | Executing OkObjectResult, writing value of type 'BlogManagementSystem.Models.Response'.
2025-04-14 11:36:52.8580 | INFO | Microsoft.AspNetCore.Mvc.Infrastructure.ControllerActionInvoker | Executed action BlogManagementSystem.Controllers.CLBlogController.GetAllBlogs (BlogManagementSystem) in 4.5267ms
2025-04-14 11:36:52.8580 | INFO | Microsoft.AspNetCore.Routing.EndpointMiddleware | Executed endpoint 'BlogManagementSystem.Controllers.CLBlogController.GetAllBlogs (BlogManagementSystem)'
2025-04-14 11:36:52.8580 | INFO | Microsoft.AspNetCore.Hosting.Diagnostics | Request finished HTTP/1.1 GET http://localhost:5095/api/CLBlog/get-all-blogs?pageSize=5&pageNumber=1&sorting=g01F02%20DESC - - - 200 237 application/json;+charset=utf-8 5.5871ms
2025-04-14 11:36:55.6783 | INFO | Microsoft.AspNetCore.Hosting.Diagnostics | Request starting HTTP/1.1 GET http://localhost:5095/api/CLBlog/get-all-blogs?pageSize=5&pageNumber=1&sorting=g01F02%20DESC - -
2025-04-14 11:36:55.6783 | INFO | Microsoft.AspNetCore.Cors.Infrastructure.CorsService | CORS policy execution successful.
2025-04-14 11:36:55.6783 | INFO | Microsoft.AspNetCore.Routing.EndpointMiddleware | Executing endpoint 'BlogManagementSystem.Controllers.CLBlogController.GetAllBlogs (BlogManagementSystem)'
2025-04-14 11:36:55.6783 | INFO | Microsoft.AspNetCore.Mvc.Infrastructure.ControllerActionInvoker | Route matched with {action = "GetAllBlogs", controller = "CLBlog"}. Executing controller action with signature Microsoft.AspNetCore.Mvc.IActionResult GetAllBlogs(Int32, Int32, System.String) on controller BlogManagementSystem.Controllers.CLBlogController (BlogManagementSystem).
2025-04-14 11:36:55.6783 | INFO | BlogManagementSystem.Filters.LogActionFilter | Executing action: BlogManagementSystem.Controllers.CLBlogController.GetAllBlogs (BlogManagementSystem)
2025-04-14 11:36:55.6783 | INFO | BlogManagementSystem.Controllers.CLBlogController | Fetching all blog posts.
2025-04-14 11:36:55.6832 | INFO | BlogManagementSystem.Filters.LogActionFilter | Action executed successfully: BlogManagementSystem.Controllers.CLBlogController.GetAllBlogs (BlogManagementSystem)
2025-04-14 11:36:55.6832 | INFO | Microsoft.AspNetCore.Mvc.Infrastructure.ObjectResultExecutor | Executing OkObjectResult, writing value of type 'BlogManagementSystem.Models.Response'.
2025-04-14 11:36:55.6832 | INFO | Microsoft.AspNetCore.Mvc.Infrastructure.ControllerActionInvoker | Executed action BlogManagementSystem.Controllers.CLBlogController.GetAllBlogs (BlogManagementSystem) in 4.6309ms
2025-04-14 11:36:55.6832 | INFO | Microsoft.AspNetCore.Routing.EndpointMiddleware | Executed endpoint 'BlogManagementSystem.Controllers.CLBlogController.GetAllBlogs (BlogManagementSystem)'
2025-04-14 11:36:55.6832 | INFO | Microsoft.AspNetCore.Hosting.Diagnostics | Request finished HTTP/1.1 GET http://localhost:5095/api/CLBlog/get-all-blogs?pageSize=5&pageNumber=1&sorting=g01F02%20DESC - - - 200 237 application/json;+charset=utf-8 5.6575ms
2025-04-14 11:36:57.9985 | INFO | Microsoft.AspNetCore.Hosting.Diagnostics | Request starting HTTP/1.1 GET http://localhost:5095/api/CLBlog/get-all-blogs?pageSize=5&pageNumber=1&sorting=g01F02%20DESC - -
2025-04-14 11:36:57.9985 | INFO | Microsoft.AspNetCore.Cors.Infrastructure.CorsService | CORS policy execution successful.
2025-04-14 11:36:57.9985 | INFO | Microsoft.AspNetCore.Routing.EndpointMiddleware | Executing endpoint 'BlogManagementSystem.Controllers.CLBlogController.GetAllBlogs (BlogManagementSystem)'
2025-04-14 11:36:57.9985 | INFO | Microsoft.AspNetCore.Mvc.Infrastructure.ControllerActionInvoker | Route matched with {action = "GetAllBlogs", controller = "CLBlog"}. Executing controller action with signature Microsoft.AspNetCore.Mvc.IActionResult GetAllBlogs(Int32, Int32, System.String) on controller BlogManagementSystem.Controllers.CLBlogController (BlogManagementSystem).
2025-04-14 11:36:57.9985 | INFO | BlogManagementSystem.Filters.LogActionFilter | Executing action: BlogManagementSystem.Controllers.CLBlogController.GetAllBlogs (BlogManagementSystem)
2025-04-14 11:36:57.9985 | INFO | BlogManagementSystem.Controllers.CLBlogController | Fetching all blog posts.
2025-04-14 11:36:57.9985 | INFO | BlogManagementSystem.Filters.LogActionFilter | Action executed successfully: BlogManagementSystem.Controllers.CLBlogController.GetAllBlogs (BlogManagementSystem)
2025-04-14 11:36:57.9985 | INFO | Microsoft.AspNetCore.Mvc.Infrastructure.ObjectResultExecutor | Executing OkObjectResult, writing value of type 'BlogManagementSystem.Models.Response'.
2025-04-14 11:36:57.9985 | INFO | Microsoft.AspNetCore.Mvc.Infrastructure.ControllerActionInvoker | Executed action BlogManagementSystem.Controllers.CLBlogController.GetAllBlogs (BlogManagementSystem) in 5.4632ms
2025-04-14 11:36:57.9985 | INFO | Microsoft.AspNetCore.Routing.EndpointMiddleware | Executed endpoint 'BlogManagementSystem.Controllers.CLBlogController.GetAllBlogs (BlogManagementSystem)'
2025-04-14 11:36:57.9985 | INFO | Microsoft.AspNetCore.Hosting.Diagnostics | Request finished HTTP/1.1 GET http://localhost:5095/api/CLBlog/get-all-blogs?pageSize=5&pageNumber=1&sorting=g01F02%20DESC - - - 200 237 application/json;+charset=utf-8 6.3266ms
2025-04-14 11:37:01.8320 | INFO | Microsoft.AspNetCore.Hosting.Diagnostics | Request starting HTTP/1.1 GET http://localhost:5095/api/CLBlog/get-blog-by-id/2 - -
2025-04-14 11:37:01.8320 | INFO | Microsoft.AspNetCore.Cors.Infrastructure.CorsService | CORS policy execution successful.
2025-04-14 11:37:01.8320 | INFO | Microsoft.AspNetCore.Routing.EndpointMiddleware | Executing endpoint 'BlogManagementSystem.Controllers.CLBlogController.GetBlogByID (BlogManagementSystem)'
2025-04-14 11:37:01.8320 | INFO | Microsoft.AspNetCore.Mvc.Infrastructure.ControllerActionInvoker | Route matched with {action = "GetBlogByID", controller = "CLBlog"}. Executing controller action with signature Microsoft.AspNetCore.Mvc.IActionResult GetBlogByID(Int32) on controller BlogManagementSystem.Controllers.CLBlogController (BlogManagementSystem).
2025-04-14 11:37:01.8320 | INFO | BlogManagementSystem.Filters.LogActionFilter | Executing action: BlogManagementSystem.Controllers.CLBlogController.GetBlogByID (BlogManagementSystem)
2025-04-14 11:37:01.8320 | INFO | BlogManagementSystem.Controllers.CLBlogController | Fetching blog post with ID 2.
2025-04-14 11:37:01.8320 | INFO | BlogManagementSystem.Filters.LogActionFilter | Action executed successfully: BlogManagementSystem.Controllers.CLBlogController.GetBlogByID (BlogManagementSystem)
2025-04-14 11:37:01.8320 | INFO | Microsoft.AspNetCore.Mvc.Infrastructure.ObjectResultExecutor | Executing OkObjectResult, writing value of type 'BlogManagementSystem.Models.Response'.
2025-04-14 11:37:01.8320 | INFO | Microsoft.AspNetCore.Mvc.Infrastructure.ControllerActionInvoker | Executed action BlogManagementSystem.Controllers.CLBlogController.GetBlogByID (BlogManagementSystem) in 2.0181ms
2025-04-14 11:37:01.8320 | INFO | Microsoft.AspNetCore.Routing.EndpointMiddleware | Executed endpoint 'BlogManagementSystem.Controllers.CLBlogController.GetBlogByID (BlogManagementSystem)'
2025-04-14 11:37:01.8320 | INFO | Microsoft.AspNetCore.Hosting.Diagnostics | Request finished HTTP/1.1 GET http://localhost:5095/api/CLBlog/get-blog-by-id/2 - - - 200 102 application/json;+charset=utf-8 2.7052ms
2025-04-14 11:48:22.8464 | INFO | Microsoft.AspNetCore.Hosting.Diagnostics | Request starting HTTP/1.1 GET http://localhost:5095/api/CLBlog/get-all-blogs?pageSize=5&pageNumber=1&sorting=g01F02%20DESC - -
2025-04-14 11:48:22.8464 | INFO | Microsoft.AspNetCore.Cors.Infrastructure.CorsService | CORS policy execution successful.
2025-04-14 11:48:22.8464 | INFO | Microsoft.AspNetCore.Routing.EndpointMiddleware | Executing endpoint 'BlogManagementSystem.Controllers.CLBlogController.GetAllBlogs (BlogManagementSystem)'
2025-04-14 11:48:22.8464 | INFO | Microsoft.AspNetCore.Mvc.Infrastructure.ControllerActionInvoker | Route matched with {action = "GetAllBlogs", controller = "CLBlog"}. Executing controller action with signature Microsoft.AspNetCore.Mvc.IActionResult GetAllBlogs(Int32, Int32, System.String) on controller BlogManagementSystem.Controllers.CLBlogController (BlogManagementSystem).
2025-04-14 11:48:22.8464 | INFO | BlogManagementSystem.Filters.LogActionFilter | Executing action: BlogManagementSystem.Controllers.CLBlogController.GetAllBlogs (BlogManagementSystem)
2025-04-14 11:48:22.8464 | INFO | BlogManagementSystem.Controllers.CLBlogController | Fetching all blog posts.
2025-04-14 11:48:22.8860 | INFO | BlogManagementSystem.Filters.LogActionFilter | Action executed successfully: BlogManagementSystem.Controllers.CLBlogController.GetAllBlogs (BlogManagementSystem)
2025-04-14 11:48:22.8860 | INFO | Microsoft.AspNetCore.Mvc.Infrastructure.ObjectResultExecutor | Executing OkObjectResult, writing value of type 'BlogManagementSystem.Models.Response'.
2025-04-14 11:48:22.8860 | INFO | Microsoft.AspNetCore.Mvc.Infrastructure.ControllerActionInvoker | Executed action BlogManagementSystem.Controllers.CLBlogController.GetAllBlogs (BlogManagementSystem) in 39.6536ms
2025-04-14 11:48:22.8860 | INFO | Microsoft.AspNetCore.Routing.EndpointMiddleware | Executed endpoint 'BlogManagementSystem.Controllers.CLBlogController.GetAllBlogs (BlogManagementSystem)'
2025-04-14 11:48:22.8860 | INFO | Microsoft.AspNetCore.Hosting.Diagnostics | Request finished HTTP/1.1 GET http://localhost:5095/api/CLBlog/get-all-blogs?pageSize=5&pageNumber=1&sorting=g01F02%20DESC - - - 200 237 application/json;+charset=utf-8 40.5383ms
2025-04-14 11:48:28.9034 | INFO | Microsoft.AspNetCore.Hosting.Diagnostics | Request starting HTTP/1.1 GET http://localhost:5095/api/CLBlog/get-all-blogs?pageSize=5&pageNumber=1&sorting=g01F02%20DESC - -
2025-04-14 11:48:28.9034 | INFO | Microsoft.AspNetCore.Cors.Infrastructure.CorsService | CORS policy execution successful.
2025-04-14 11:48:28.9034 | INFO | Microsoft.AspNetCore.Routing.EndpointMiddleware | Executing endpoint 'BlogManagementSystem.Controllers.CLBlogController.GetAllBlogs (BlogManagementSystem)'
2025-04-14 11:48:28.9034 | INFO | Microsoft.AspNetCore.Mvc.Infrastructure.ControllerActionInvoker | Route matched with {action = "GetAllBlogs", controller = "CLBlog"}. Executing controller action with signature Microsoft.AspNetCore.Mvc.IActionResult GetAllBlogs(Int32, Int32, System.String) on controller BlogManagementSystem.Controllers.CLBlogController (BlogManagementSystem).
2025-04-14 11:48:28.9034 | INFO | BlogManagementSystem.Filters.LogActionFilter | Executing action: BlogManagementSystem.Controllers.CLBlogController.GetAllBlogs (BlogManagementSystem)
2025-04-14 11:48:28.9034 | INFO | BlogManagementSystem.Controllers.CLBlogController | Fetching all blog posts.
2025-04-14 11:48:28.9034 | INFO | BlogManagementSystem.Filters.LogActionFilter | Action executed successfully: BlogManagementSystem.Controllers.CLBlogController.GetAllBlogs (BlogManagementSystem)
2025-04-14 11:48:28.9034 | INFO | Microsoft.AspNetCore.Mvc.Infrastructure.ObjectResultExecutor | Executing OkObjectResult, writing value of type 'BlogManagementSystem.Models.Response'.
2025-04-14 11:48:28.9034 | INFO | Microsoft.AspNetCore.Mvc.Infrastructure.ControllerActionInvoker | Executed action BlogManagementSystem.Controllers.CLBlogController.GetAllBlogs (BlogManagementSystem) in 3.9823ms
2025-04-14 11:48:28.9034 | INFO | Microsoft.AspNetCore.Routing.EndpointMiddleware | Executed endpoint 'BlogManagementSystem.Controllers.CLBlogController.GetAllBlogs (BlogManagementSystem)'
2025-04-14 11:48:28.9034 | INFO | Microsoft.AspNetCore.Hosting.Diagnostics | Request finished HTTP/1.1 GET http://localhost:5095/api/CLBlog/get-all-blogs?pageSize=5&pageNumber=1&sorting=g01F02%20DESC - - - 200 237 application/json;+charset=utf-8 4.6058ms
2025-04-14 11:48:33.5821 | INFO | Microsoft.AspNetCore.Hosting.Diagnostics | Request starting HTTP/1.1 GET http://localhost:5095/api/CLBlog/get-blog-by-id/5 - -
2025-04-14 11:48:33.5821 | INFO | Microsoft.AspNetCore.Cors.Infrastructure.CorsService | CORS policy execution successful.
2025-04-14 11:48:33.5821 | INFO | Microsoft.AspNetCore.Routing.EndpointMiddleware | Executing endpoint 'BlogManagementSystem.Controllers.CLBlogController.GetBlogByID (BlogManagementSystem)'
2025-04-14 11:48:33.5821 | INFO | Microsoft.AspNetCore.Mvc.Infrastructure.ControllerActionInvoker | Route matched with {action = "GetBlogByID", controller = "CLBlog"}. Executing controller action with signature Microsoft.AspNetCore.Mvc.IActionResult GetBlogByID(Int32) on controller BlogManagementSystem.Controllers.CLBlogController (BlogManagementSystem).
2025-04-14 11:48:33.5821 | INFO | BlogManagementSystem.Filters.LogActionFilter | Executing action: BlogManagementSystem.Controllers.CLBlogController.GetBlogByID (BlogManagementSystem)
2025-04-14 11:48:33.5821 | INFO | BlogManagementSystem.Controllers.CLBlogController | Fetching blog post with ID 5.
2025-04-14 11:48:33.5846 | INFO | BlogManagementSystem.Filters.LogActionFilter | Action executed successfully: BlogManagementSystem.Controllers.CLBlogController.GetBlogByID (BlogManagementSystem)
2025-04-14 11:48:33.5846 | INFO | Microsoft.AspNetCore.Mvc.Infrastructure.ObjectResultExecutor | Executing OkObjectResult, writing value of type 'BlogManagementSystem.Models.Response'.
2025-04-14 11:48:33.5846 | INFO | Microsoft.AspNetCore.Mvc.Infrastructure.ControllerActionInvoker | Executed action BlogManagementSystem.Controllers.CLBlogController.GetBlogByID (BlogManagementSystem) in 2.4394ms
2025-04-14 11:48:33.5846 | INFO | Microsoft.AspNetCore.Routing.EndpointMiddleware | Executed endpoint 'BlogManagementSystem.Controllers.CLBlogController.GetBlogByID (BlogManagementSystem)'
2025-04-14 11:48:33.5846 | INFO | Microsoft.AspNetCore.Hosting.Diagnostics | Request finished HTTP/1.1 GET http://localhost:5095/api/CLBlog/get-blog-by-id/5 - - - 200 104 application/json;+charset=utf-8 3.1841ms
2025-04-14 11:48:36.3190 | INFO | Microsoft.AspNetCore.Hosting.Diagnostics | Request starting HTTP/1.1 OPTIONS http://localhost:5095/api/CLBlog/add-blog - -
2025-04-14 11:48:36.3190 | INFO | Microsoft.AspNetCore.Cors.Infrastructure.CorsService | CORS policy execution successful.
2025-04-14 11:48:36.3190 | INFO | Microsoft.AspNetCore.Hosting.Diagnostics | Request finished HTTP/1.1 OPTIONS http://localhost:5095/api/CLBlog/add-blog - - - 204 - - 1.0673ms
2025-04-14 11:48:36.3190 | INFO | Microsoft.AspNetCore.Hosting.Diagnostics | Request starting HTTP/1.1 POST http://localhost:5095/api/CLBlog/add-blog application/json 43
2025-04-14 11:48:36.3190 | INFO | Microsoft.AspNetCore.Cors.Infrastructure.CorsService | CORS policy execution successful.
2025-04-14 11:48:36.3190 | INFO | Microsoft.AspNetCore.Routing.EndpointMiddleware | Executing endpoint 'BlogManagementSystem.Controllers.CLBlogController.AddBlog (BlogManagementSystem)'
2025-04-14 11:48:36.3190 | INFO | Microsoft.AspNetCore.Mvc.Infrastructure.ControllerActionInvoker | Route matched with {action = "AddBlog", controller = "CLBlog"}. Executing controller action with signature Microsoft.AspNetCore.Mvc.IActionResult AddBlog(BlogManagementSystem.Models.DTO.DTOBLG01) on controller BlogManagementSystem.Controllers.CLBlogController (BlogManagementSystem).
2025-04-14 11:48:36.3470 | INFO | BlogManagementSystem.Filters.LogActionFilter | Executing action: BlogManagementSystem.Controllers.CLBlogController.AddBlog (BlogManagementSystem)
2025-04-14 11:48:36.3470 | INFO | BlogManagementSystem.Controllers.CLBlogController | Creating a new blog post.
2025-04-14 11:48:36.3623 | INFO | BlogManagementSystem.Filters.LogActionFilter | Action executed successfully: BlogManagementSystem.Controllers.CLBlogController.AddBlog (BlogManagementSystem)
2025-04-14 11:48:36.3623 | INFO | Microsoft.AspNetCore.Mvc.Infrastructure.ObjectResultExecutor | Executing OkObjectResult, writing value of type 'BlogManagementSystem.Models.Response'.
2025-04-14 11:48:36.3623 | INFO | Microsoft.AspNetCore.Mvc.Infrastructure.ControllerActionInvoker | Executed action BlogManagementSystem.Controllers.CLBlogController.AddBlog (BlogManagementSystem) in 39.5535ms
2025-04-14 11:48:36.3623 | INFO | Microsoft.AspNetCore.Routing.EndpointMiddleware | Executed endpoint 'BlogManagementSystem.Controllers.CLBlogController.AddBlog (BlogManagementSystem)'
2025-04-14 11:48:36.3623 | INFO | Microsoft.AspNetCore.Hosting.Diagnostics | Request finished HTTP/1.1 POST http://localhost:5095/api/CLBlog/add-blog application/json 43 - 200 52 application/json;+charset=utf-8 41.8092ms
2025-04-14 11:48:36.3682 | INFO | Microsoft.AspNetCore.Hosting.Diagnostics | Request starting HTTP/1.1 GET http://localhost:5095/api/CLBlog/get-all-blogs?pageSize=5&pageNumber=1&sorting=g01F02%20DESC - -
2025-04-14 11:48:36.3682 | INFO | Microsoft.AspNetCore.Cors.Infrastructure.CorsService | CORS policy execution successful.
2025-04-14 11:48:36.3682 | INFO | Microsoft.AspNetCore.Routing.EndpointMiddleware | Executing endpoint 'BlogManagementSystem.Controllers.CLBlogController.GetAllBlogs (BlogManagementSystem)'
2025-04-14 11:48:36.3682 | INFO | Microsoft.AspNetCore.Mvc.Infrastructure.ControllerActionInvoker | Route matched with {action = "GetAllBlogs", controller = "CLBlog"}. Executing controller action with signature Microsoft.AspNetCore.Mvc.IActionResult GetAllBlogs(Int32, Int32, System.String) on controller BlogManagementSystem.Controllers.CLBlogController (BlogManagementSystem).
2025-04-14 11:48:36.3682 | INFO | BlogManagementSystem.Filters.LogActionFilter | Executing action: BlogManagementSystem.Controllers.CLBlogController.GetAllBlogs (BlogManagementSystem)
2025-04-14 11:48:36.3682 | INFO | BlogManagementSystem.Controllers.CLBlogController | Fetching all blog posts.
2025-04-14 11:48:36.3682 | INFO | BlogManagementSystem.Filters.LogActionFilter | Action executed successfully: BlogManagementSystem.Controllers.CLBlogController.GetAllBlogs (BlogManagementSystem)
2025-04-14 11:48:36.3682 | INFO | Microsoft.AspNetCore.Mvc.Infrastructure.ObjectResultExecutor | Executing OkObjectResult, writing value of type 'BlogManagementSystem.Models.Response'.
2025-04-14 11:48:36.3682 | INFO | Microsoft.AspNetCore.Mvc.Infrastructure.ControllerActionInvoker | Executed action BlogManagementSystem.Controllers.CLBlogController.GetAllBlogs (BlogManagementSystem) in 3.9673ms
2025-04-14 11:48:36.3682 | INFO | Microsoft.AspNetCore.Routing.EndpointMiddleware | Executed endpoint 'BlogManagementSystem.Controllers.CLBlogController.GetAllBlogs (BlogManagementSystem)'
2025-04-14 11:48:36.3682 | INFO | Microsoft.AspNetCore.Hosting.Diagnostics | Request finished HTTP/1.1 GET http://localhost:5095/api/CLBlog/get-all-blogs?pageSize=5&pageNumber=1&sorting=g01F02%20DESC - - - 200 281 application/json;+charset=utf-8 4.5591ms
2025-04-14 11:48:39.5785 | INFO | Microsoft.AspNetCore.Hosting.Diagnostics | Request starting HTTP/1.1 GET http://localhost:5095/api/CLBlog/get-all-blogs?pageSize=5&pageNumber=1&sorting=g01F02%20DESC - -
2025-04-14 11:48:39.5785 | INFO | Microsoft.AspNetCore.Cors.Infrastructure.CorsService | CORS policy execution successful.
2025-04-14 11:48:39.5785 | INFO | Microsoft.AspNetCore.Routing.EndpointMiddleware | Executing endpoint 'BlogManagementSystem.Controllers.CLBlogController.GetAllBlogs (BlogManagementSystem)'
2025-04-14 11:48:39.5785 | INFO | Microsoft.AspNetCore.Mvc.Infrastructure.ControllerActionInvoker | Route matched with {action = "GetAllBlogs", controller = "CLBlog"}. Executing controller action with signature Microsoft.AspNetCore.Mvc.IActionResult GetAllBlogs(Int32, Int32, System.String) on controller BlogManagementSystem.Controllers.CLBlogController (BlogManagementSystem).
2025-04-14 11:48:39.5785 | INFO | BlogManagementSystem.Filters.LogActionFilter | Executing action: BlogManagementSystem.Controllers.CLBlogController.GetAllBlogs (BlogManagementSystem)
2025-04-14 11:48:39.5785 | INFO | BlogManagementSystem.Controllers.CLBlogController | Fetching all blog posts.
2025-04-14 11:48:39.5785 | INFO | BlogManagementSystem.Filters.LogActionFilter | Action executed successfully: BlogManagementSystem.Controllers.CLBlogController.GetAllBlogs (BlogManagementSystem)
2025-04-14 11:48:39.5785 | INFO | Microsoft.AspNetCore.Mvc.Infrastructure.ObjectResultExecutor | Executing OkObjectResult, writing value of type 'BlogManagementSystem.Models.Response'.
2025-04-14 11:48:39.5785 | INFO | Microsoft.AspNetCore.Mvc.Infrastructure.ControllerActionInvoker | Executed action BlogManagementSystem.Controllers.CLBlogController.GetAllBlogs (BlogManagementSystem) in 3.726ms
2025-04-14 11:48:39.5832 | INFO | Microsoft.AspNetCore.Routing.EndpointMiddleware | Executed endpoint 'BlogManagementSystem.Controllers.CLBlogController.GetAllBlogs (BlogManagementSystem)'
2025-04-14 11:48:39.5832 | INFO | Microsoft.AspNetCore.Hosting.Diagnostics | Request finished HTTP/1.1 GET http://localhost:5095/api/CLBlog/get-all-blogs?pageSize=5&pageNumber=1&sorting=g01F02%20DESC - - - 200 281 application/json;+charset=utf-8 4.7892ms
2025-04-14 11:48:42.2857 | INFO | Microsoft.AspNetCore.Hosting.Diagnostics | Request starting HTTP/1.1 GET http://localhost:5095/api/CLBlog/get-blog-by-id/6 - -
2025-04-14 11:48:42.2857 | INFO | Microsoft.AspNetCore.Cors.Infrastructure.CorsService | CORS policy execution successful.
2025-04-14 11:48:42.2857 | INFO | Microsoft.AspNetCore.Routing.EndpointMiddleware | Executing endpoint 'BlogManagementSystem.Controllers.CLBlogController.GetBlogByID (BlogManagementSystem)'
2025-04-14 11:48:42.2857 | INFO | Microsoft.AspNetCore.Mvc.Infrastructure.ControllerActionInvoker | Route matched with {action = "GetBlogByID", controller = "CLBlog"}. Executing controller action with signature Microsoft.AspNetCore.Mvc.IActionResult GetBlogByID(Int32) on controller BlogManagementSystem.Controllers.CLBlogController (BlogManagementSystem).
2025-04-14 11:48:42.2857 | INFO | BlogManagementSystem.Filters.LogActionFilter | Executing action: BlogManagementSystem.Controllers.CLBlogController.GetBlogByID (BlogManagementSystem)
2025-04-14 11:48:42.2857 | INFO | BlogManagementSystem.Controllers.CLBlogController | Fetching blog post with ID 6.
2025-04-14 11:48:42.2887 | INFO | BlogManagementSystem.Filters.LogActionFilter | Action executed successfully: BlogManagementSystem.Controllers.CLBlogController.GetBlogByID (BlogManagementSystem)
2025-04-14 11:48:42.2887 | INFO | Microsoft.AspNetCore.Mvc.Infrastructure.ObjectResultExecutor | Executing OkObjectResult, writing value of type 'BlogManagementSystem.Models.Response'.
2025-04-14 11:48:42.2887 | INFO | Microsoft.AspNetCore.Mvc.Infrastructure.ControllerActionInvoker | Executed action BlogManagementSystem.Controllers.CLBlogController.GetBlogByID (BlogManagementSystem) in 2.5787ms
2025-04-14 11:48:42.2887 | INFO | Microsoft.AspNetCore.Routing.EndpointMiddleware | Executed endpoint 'BlogManagementSystem.Controllers.CLBlogController.GetBlogByID (BlogManagementSystem)'
2025-04-14 11:48:42.2887 | INFO | Microsoft.AspNetCore.Hosting.Diagnostics | Request finished HTTP/1.1 GET http://localhost:5095/api/CLBlog/get-blog-by-id/6 - - - 200 105 application/json;+charset=utf-8 3.4789ms
2025-04-14 11:48:46.1508 | INFO | Microsoft.AspNetCore.Hosting.Diagnostics | Request starting HTTP/1.1 OPTIONS http://localhost:5095/api/CLBlog/add-blog - -
2025-04-14 11:48:46.1508 | INFO | Microsoft.AspNetCore.Cors.Infrastructure.CorsService | CORS policy execution successful.
2025-04-14 11:48:46.1508 | INFO | Microsoft.AspNetCore.Hosting.Diagnostics | Request finished HTTP/1.1 OPTIONS http://localhost:5095/api/CLBlog/add-blog - - - 204 - - 0.7666ms
2025-04-14 11:48:46.1508 | INFO | Microsoft.AspNetCore.Hosting.Diagnostics | Request starting HTTP/1.1 POST http://localhost:5095/api/CLBlog/add-blog application/json 47
2025-04-14 11:48:46.1508 | INFO | Microsoft.AspNetCore.Cors.Infrastructure.CorsService | CORS policy execution successful.
2025-04-14 11:48:46.1508 | INFO | Microsoft.AspNetCore.Routing.EndpointMiddleware | Executing endpoint 'BlogManagementSystem.Controllers.CLBlogController.AddBlog (BlogManagementSystem)'
2025-04-14 11:48:46.1508 | INFO | Microsoft.AspNetCore.Mvc.Infrastructure.ControllerActionInvoker | Route matched with {action = "AddBlog", controller = "CLBlog"}. Executing controller action with signature Microsoft.AspNetCore.Mvc.IActionResult AddBlog(BlogManagementSystem.Models.DTO.DTOBLG01) on controller BlogManagementSystem.Controllers.CLBlogController (BlogManagementSystem).
2025-04-14 11:48:46.1508 | INFO | BlogManagementSystem.Filters.LogActionFilter | Executing action: BlogManagementSystem.Controllers.CLBlogController.AddBlog (BlogManagementSystem)
2025-04-14 11:48:46.1508 | INFO | BlogManagementSystem.Controllers.CLBlogController | Creating a new blog post.
2025-04-14 11:48:46.1508 | INFO | BlogManagementSystem.Filters.LogActionFilter | Action executed successfully: BlogManagementSystem.Controllers.CLBlogController.AddBlog (BlogManagementSystem)
2025-04-14 11:48:46.1508 | INFO | Microsoft.AspNetCore.Mvc.Infrastructure.ObjectResultExecutor | Executing OkObjectResult, writing value of type 'BlogManagementSystem.Models.Response'.
2025-04-14 11:48:46.1508 | INFO | Microsoft.AspNetCore.Mvc.Infrastructure.ControllerActionInvoker | Executed action BlogManagementSystem.Controllers.CLBlogController.AddBlog (BlogManagementSystem) in 6.7827ms
2025-04-14 11:48:46.1508 | INFO | Microsoft.AspNetCore.Routing.EndpointMiddleware | Executed endpoint 'BlogManagementSystem.Controllers.CLBlogController.AddBlog (BlogManagementSystem)'
2025-04-14 11:48:46.1508 | INFO | Microsoft.AspNetCore.Hosting.Diagnostics | Request finished HTTP/1.1 POST http://localhost:5095/api/CLBlog/add-blog application/json 47 - 200 52 application/json;+charset=utf-8 7.3522ms
2025-04-14 11:48:46.1659 | INFO | Microsoft.AspNetCore.Hosting.Diagnostics | Request starting HTTP/1.1 GET http://localhost:5095/api/CLBlog/get-all-blogs?pageSize=5&pageNumber=1&sorting=g01F02%20DESC - -
2025-04-14 11:48:46.1659 | INFO | Microsoft.AspNetCore.Cors.Infrastructure.CorsService | CORS policy execution successful.
2025-04-14 11:48:46.1659 | INFO | Microsoft.AspNetCore.Routing.EndpointMiddleware | Executing endpoint 'BlogManagementSystem.Controllers.CLBlogController.GetAllBlogs (BlogManagementSystem)'
2025-04-14 11:48:46.1659 | INFO | Microsoft.AspNetCore.Mvc.Infrastructure.ControllerActionInvoker | Route matched with {action = "GetAllBlogs", controller = "CLBlog"}. Executing controller action with signature Microsoft.AspNetCore.Mvc.IActionResult GetAllBlogs(Int32, Int32, System.String) on controller BlogManagementSystem.Controllers.CLBlogController (BlogManagementSystem).
2025-04-14 11:48:46.1659 | INFO | BlogManagementSystem.Filters.LogActionFilter | Executing action: BlogManagementSystem.Controllers.CLBlogController.GetAllBlogs (BlogManagementSystem)
2025-04-14 11:48:46.1659 | INFO | BlogManagementSystem.Controllers.CLBlogController | Fetching all blog posts.
2025-04-14 11:48:46.1659 | INFO | BlogManagementSystem.Filters.LogActionFilter | Action executed successfully: BlogManagementSystem.Controllers.CLBlogController.GetAllBlogs (BlogManagementSystem)
2025-04-14 11:48:46.1659 | INFO | Microsoft.AspNetCore.Mvc.Infrastructure.ObjectResultExecutor | Executing OkObjectResult, writing value of type 'BlogManagementSystem.Models.Response'.
2025-04-14 11:48:46.1659 | INFO | Microsoft.AspNetCore.Mvc.Infrastructure.ControllerActionInvoker | Executed action BlogManagementSystem.Controllers.CLBlogController.GetAllBlogs (BlogManagementSystem) in 4.6813ms
2025-04-14 11:48:46.1659 | INFO | Microsoft.AspNetCore.Routing.EndpointMiddleware | Executed endpoint 'BlogManagementSystem.Controllers.CLBlogController.GetAllBlogs (BlogManagementSystem)'
2025-04-14 11:48:46.1659 | INFO | Microsoft.AspNetCore.Hosting.Diagnostics | Request finished HTTP/1.1 GET http://localhost:5095/api/CLBlog/get-all-blogs?pageSize=5&pageNumber=1&sorting=g01F02%20DESC - - - 200 286 application/json;+charset=utf-8 5.3188ms
2025-04-14 11:56:45.6004 | INFO | Microsoft.AspNetCore.Hosting.Diagnostics | Request starting HTTP/1.1 GET http://localhost:5095/api/CLBlog/get-all-blogs?pageSize=5&pageNumber=1&sorting=g01F02%20DESC - -
2025-04-14 11:56:45.6004 | INFO | Microsoft.AspNetCore.Cors.Infrastructure.CorsService | CORS policy execution successful.
2025-04-14 11:56:45.6004 | INFO | Microsoft.AspNetCore.Routing.EndpointMiddleware | Executing endpoint 'BlogManagementSystem.Controllers.CLBlogController.GetAllBlogs (BlogManagementSystem)'
2025-04-14 11:56:45.6004 | INFO | Microsoft.AspNetCore.Mvc.Infrastructure.ControllerActionInvoker | Route matched with {action = "GetAllBlogs", controller = "CLBlog"}. Executing controller action with signature Microsoft.AspNetCore.Mvc.IActionResult GetAllBlogs(Int32, Int32, System.String) on controller BlogManagementSystem.Controllers.CLBlogController (BlogManagementSystem).
2025-04-14 11:56:45.6004 | INFO | BlogManagementSystem.Filters.LogActionFilter | Executing action: BlogManagementSystem.Controllers.CLBlogController.GetAllBlogs (BlogManagementSystem)
2025-04-14 11:56:45.6004 | INFO | BlogManagementSystem.Controllers.CLBlogController | Fetching all blog posts.
2025-04-14 11:56:45.6578 | INFO | BlogManagementSystem.Filters.LogActionFilter | Action executed successfully: BlogManagementSystem.Controllers.CLBlogController.GetAllBlogs (BlogManagementSystem)
2025-04-14 11:56:45.6578 | INFO | Microsoft.AspNetCore.Mvc.Infrastructure.ObjectResultExecutor | Executing OkObjectResult, writing value of type 'BlogManagementSystem.Models.Response'.
2025-04-14 11:56:45.6578 | INFO | Microsoft.AspNetCore.Mvc.Infrastructure.ControllerActionInvoker | Executed action BlogManagementSystem.Controllers.CLBlogController.GetAllBlogs (BlogManagementSystem) in 56.5852ms
2025-04-14 11:56:45.6578 | INFO | Microsoft.AspNetCore.Routing.EndpointMiddleware | Executed endpoint 'BlogManagementSystem.Controllers.CLBlogController.GetAllBlogs (BlogManagementSystem)'
2025-04-14 11:56:45.6578 | INFO | Microsoft.AspNetCore.Hosting.Diagnostics | Request finished HTTP/1.1 GET http://localhost:5095/api/CLBlog/get-all-blogs?pageSize=5&pageNumber=1&sorting=g01F02%20DESC - - - 200 286 application/json;+charset=utf-8 57.8962ms
2025-04-14 11:57:07.0588 | INFO | Microsoft.AspNetCore.Hosting.Diagnostics | Request starting HTTP/1.1 GET http://localhost:5095/api/CLBlog/get-all-blogs?pageSize=5&pageNumber=1&sorting=g01F02%20DESC - -
2025-04-14 11:57:07.0588 | INFO | Microsoft.AspNetCore.Cors.Infrastructure.CorsService | CORS policy execution successful.
2025-04-14 11:57:07.0588 | INFO | Microsoft.AspNetCore.Routing.EndpointMiddleware | Executing endpoint 'BlogManagementSystem.Controllers.CLBlogController.GetAllBlogs (BlogManagementSystem)'
2025-04-14 11:57:07.0588 | INFO | Microsoft.AspNetCore.Mvc.Infrastructure.ControllerActionInvoker | Route matched with {action = "GetAllBlogs", controller = "CLBlog"}. Executing controller action with signature Microsoft.AspNetCore.Mvc.IActionResult GetAllBlogs(Int32, Int32, System.String) on controller BlogManagementSystem.Controllers.CLBlogController (BlogManagementSystem).
2025-04-14 11:57:07.0588 | INFO | BlogManagementSystem.Filters.LogActionFilter | Executing action: BlogManagementSystem.Controllers.CLBlogController.GetAllBlogs (BlogManagementSystem)
2025-04-14 11:57:07.0588 | INFO | BlogManagementSystem.Controllers.CLBlogController | Fetching all blog posts.
2025-04-14 11:57:07.0637 | INFO | BlogManagementSystem.Filters.LogActionFilter | Action executed successfully: BlogManagementSystem.Controllers.CLBlogController.GetAllBlogs (BlogManagementSystem)
2025-04-14 11:57:07.0637 | INFO | Microsoft.AspNetCore.Mvc.Infrastructure.ObjectResultExecutor | Executing OkObjectResult, writing value of type 'BlogManagementSystem.Models.Response'.
2025-04-14 11:57:07.0637 | INFO | Microsoft.AspNetCore.Mvc.Infrastructure.ControllerActionInvoker | Executed action BlogManagementSystem.Controllers.CLBlogController.GetAllBlogs (BlogManagementSystem) in 4.644ms
2025-04-14 11:57:07.0637 | INFO | Microsoft.AspNetCore.Routing.EndpointMiddleware | Executed endpoint 'BlogManagementSystem.Controllers.CLBlogController.GetAllBlogs (BlogManagementSystem)'
2025-04-14 11:57:07.0637 | INFO | Microsoft.AspNetCore.Hosting.Diagnostics | Request finished HTTP/1.1 GET http://localhost:5095/api/CLBlog/get-all-blogs?pageSize=5&pageNumber=1&sorting=g01F02%20DESC - - - 200 286 application/json;+charset=utf-8 5.4779ms
2025-04-14 11:57:07.4615 | INFO | Microsoft.AspNetCore.Hosting.Diagnostics | Request starting HTTP/1.1 GET http://localhost:5095/api/CLBlog/get-all-blogs?pageSize=5&pageNumber=1&sorting=g01F02%20DESC - -
2025-04-14 11:57:07.4615 | INFO | Microsoft.AspNetCore.Cors.Infrastructure.CorsService | CORS policy execution successful.
2025-04-14 11:57:07.4615 | INFO | Microsoft.AspNetCore.Routing.EndpointMiddleware | Executing endpoint 'BlogManagementSystem.Controllers.CLBlogController.GetAllBlogs (BlogManagementSystem)'
2025-04-14 11:57:07.4615 | INFO | Microsoft.AspNetCore.Mvc.Infrastructure.ControllerActionInvoker | Route matched with {action = "GetAllBlogs", controller = "CLBlog"}. Executing controller action with signature Microsoft.AspNetCore.Mvc.IActionResult GetAllBlogs(Int32, Int32, System.String) on controller BlogManagementSystem.Controllers.CLBlogController (BlogManagementSystem).
2025-04-14 11:57:07.4615 | INFO | BlogManagementSystem.Filters.LogActionFilter | Executing action: BlogManagementSystem.Controllers.CLBlogController.GetAllBlogs (BlogManagementSystem)
2025-04-14 11:57:07.4615 | INFO | BlogManagementSystem.Controllers.CLBlogController | Fetching all blog posts.
2025-04-14 11:57:07.4615 | INFO | BlogManagementSystem.Filters.LogActionFilter | Action executed successfully: BlogManagementSystem.Controllers.CLBlogController.GetAllBlogs (BlogManagementSystem)
2025-04-14 11:57:07.4615 | INFO | Microsoft.AspNetCore.Mvc.Infrastructure.ObjectResultExecutor | Executing OkObjectResult, writing value of type 'BlogManagementSystem.Models.Response'.
2025-04-14 11:57:07.4615 | INFO | Microsoft.AspNetCore.Mvc.Infrastructure.ControllerActionInvoker | Executed action BlogManagementSystem.Controllers.CLBlogController.GetAllBlogs (BlogManagementSystem) in 4.6751ms
2025-04-14 11:57:07.4615 | INFO | Microsoft.AspNetCore.Routing.EndpointMiddleware | Executed endpoint 'BlogManagementSystem.Controllers.CLBlogController.GetAllBlogs (BlogManagementSystem)'
2025-04-14 11:57:07.4669 | INFO | Microsoft.AspNetCore.Hosting.Diagnostics | Request finished HTTP/1.1 GET http://localhost:5095/api/CLBlog/get-all-blogs?pageSize=5&pageNumber=1&sorting=g01F02%20DESC - - - 200 286 application/json;+charset=utf-8 5.4686ms
2025-04-14 11:57:13.7945 | INFO | Microsoft.AspNetCore.Hosting.Diagnostics | Request starting HTTP/1.1 GET http://localhost:5095/api/CLBlog/get-blog-by-id/2 - -
2025-04-14 11:57:13.7945 | INFO | Microsoft.AspNetCore.Cors.Infrastructure.CorsService | CORS policy execution successful.
2025-04-14 11:57:13.7945 | INFO | Microsoft.AspNetCore.Routing.EndpointMiddleware | Executing endpoint 'BlogManagementSystem.Controllers.CLBlogController.GetBlogByID (BlogManagementSystem)'
2025-04-14 11:57:13.7945 | INFO | Microsoft.AspNetCore.Mvc.Infrastructure.ControllerActionInvoker | Route matched with {action = "GetBlogByID", controller = "CLBlog"}. Executing controller action with signature Microsoft.AspNetCore.Mvc.IActionResult GetBlogByID(Int32) on controller BlogManagementSystem.Controllers.CLBlogController (BlogManagementSystem).
2025-04-14 11:57:13.7945 | INFO | BlogManagementSystem.Filters.LogActionFilter | Executing action: BlogManagementSystem.Controllers.CLBlogController.GetBlogByID (BlogManagementSystem)
2025-04-14 11:57:13.7945 | INFO | BlogManagementSystem.Controllers.CLBlogController | Fetching blog post with ID 2.
2025-04-14 11:57:13.7967 | INFO | BlogManagementSystem.Filters.LogActionFilter | Action executed successfully: BlogManagementSystem.Controllers.CLBlogController.GetBlogByID (BlogManagementSystem)
2025-04-14 11:57:13.7967 | INFO | Microsoft.AspNetCore.Mvc.Infrastructure.ObjectResultExecutor | Executing OkObjectResult, writing value of type 'BlogManagementSystem.Models.Response'.
2025-04-14 11:57:13.7967 | INFO | Microsoft.AspNetCore.Mvc.Infrastructure.ControllerActionInvoker | Executed action BlogManagementSystem.Controllers.CLBlogController.GetBlogByID (BlogManagementSystem) in 1.7436ms
2025-04-14 11:57:13.7967 | INFO | Microsoft.AspNetCore.Routing.EndpointMiddleware | Executed endpoint 'BlogManagementSystem.Controllers.CLBlogController.GetBlogByID (BlogManagementSystem)'
2025-04-14 11:57:13.7967 | INFO | Microsoft.AspNetCore.Hosting.Diagnostics | Request finished HTTP/1.1 GET http://localhost:5095/api/CLBlog/get-blog-by-id/2 - - - 200 102 application/json;+charset=utf-8 2.6688ms
2025-04-14 11:57:18.0595 | INFO | Microsoft.AspNetCore.Hosting.Diagnostics | Request starting HTTP/1.1 OPTIONS http://localhost:5095/api/CLBlog/add-blog - -
2025-04-14 11:57:18.0595 | INFO | Microsoft.AspNetCore.Cors.Infrastructure.CorsService | CORS policy execution successful.
2025-04-14 11:57:18.0595 | INFO | Microsoft.AspNetCore.Hosting.Diagnostics | Request finished HTTP/1.1 OPTIONS http://localhost:5095/api/CLBlog/add-blog - - - 204 - - 0.3422ms
2025-04-14 11:57:18.0595 | INFO | Microsoft.AspNetCore.Hosting.Diagnostics | Request starting HTTP/1.1 POST http://localhost:5095/api/CLBlog/add-blog application/json 41
2025-04-14 11:57:18.0595 | INFO | Microsoft.AspNetCore.Cors.Infrastructure.CorsService | CORS policy execution successful.
2025-04-14 11:57:18.0595 | INFO | Microsoft.AspNetCore.Routing.EndpointMiddleware | Executing endpoint 'BlogManagementSystem.Controllers.CLBlogController.AddBlog (BlogManagementSystem)'
2025-04-14 11:57:18.0613 | INFO | Microsoft.AspNetCore.Mvc.Infrastructure.ControllerActionInvoker | Route matched with {action = "AddBlog", controller = "CLBlog"}. Executing controller action with signature Microsoft.AspNetCore.Mvc.IActionResult AddBlog(BlogManagementSystem.Models.DTO.DTOBLG01) on controller BlogManagementSystem.Controllers.CLBlogController (BlogManagementSystem).
2025-04-14 11:57:18.0613 | INFO | BlogManagementSystem.Filters.LogActionFilter | Executing action: BlogManagementSystem.Controllers.CLBlogController.AddBlog (BlogManagementSystem)
2025-04-14 11:57:18.0613 | INFO | BlogManagementSystem.Controllers.CLBlogController | Creating a new blog post.
2025-04-14 11:57:18.0613 | INFO | BlogManagementSystem.Filters.LogActionFilter | Action executed successfully: BlogManagementSystem.Controllers.CLBlogController.AddBlog (BlogManagementSystem)
2025-04-14 11:57:18.0613 | INFO | Microsoft.AspNetCore.Mvc.Infrastructure.ObjectResultExecutor | Executing OkObjectResult, writing value of type 'BlogManagementSystem.Models.Response'.
2025-04-14 11:57:18.0613 | INFO | Microsoft.AspNetCore.Mvc.Infrastructure.ControllerActionInvoker | Executed action BlogManagementSystem.Controllers.CLBlogController.AddBlog (BlogManagementSystem) in 5.9479ms
2025-04-14 11:57:18.0613 | INFO | Microsoft.AspNetCore.Routing.EndpointMiddleware | Executed endpoint 'BlogManagementSystem.Controllers.CLBlogController.AddBlog (BlogManagementSystem)'
2025-04-14 11:57:18.0613 | INFO | Microsoft.AspNetCore.Hosting.Diagnostics | Request finished HTTP/1.1 POST http://localhost:5095/api/CLBlog/add-blog application/json 41 - 200 52 application/json;+charset=utf-8 6.4254ms
2025-04-14 11:57:18.0613 | INFO | Microsoft.AspNetCore.Hosting.Diagnostics | Request starting HTTP/1.1 GET http://localhost:5095/api/CLBlog/get-all-blogs?pageSize=5&pageNumber=1&sorting=g01F02%20DESC - -
2025-04-14 11:57:18.0613 | INFO | Microsoft.AspNetCore.Cors.Infrastructure.CorsService | CORS policy execution successful.
2025-04-14 11:57:18.0613 | INFO | Microsoft.AspNetCore.Routing.EndpointMiddleware | Executing endpoint 'BlogManagementSystem.Controllers.CLBlogController.GetAllBlogs (BlogManagementSystem)'
2025-04-14 11:57:18.0613 | INFO | Microsoft.AspNetCore.Mvc.Infrastructure.ControllerActionInvoker | Route matched with {action = "GetAllBlogs", controller = "CLBlog"}. Executing controller action with signature Microsoft.AspNetCore.Mvc.IActionResult GetAllBlogs(Int32, Int32, System.String) on controller BlogManagementSystem.Controllers.CLBlogController (BlogManagementSystem).
2025-04-14 11:57:18.0613 | INFO | BlogManagementSystem.Filters.LogActionFilter | Executing action: BlogManagementSystem.Controllers.CLBlogController.GetAllBlogs (BlogManagementSystem)
2025-04-14 11:57:18.0613 | INFO | BlogManagementSystem.Controllers.CLBlogController | Fetching all blog posts.
2025-04-14 11:57:18.0613 | INFO | BlogManagementSystem.Filters.LogActionFilter | Action executed successfully: BlogManagementSystem.Controllers.CLBlogController.GetAllBlogs (BlogManagementSystem)
2025-04-14 11:57:18.0613 | INFO | Microsoft.AspNetCore.Mvc.Infrastructure.ObjectResultExecutor | Executing OkObjectResult, writing value of type 'BlogManagementSystem.Models.Response'.
2025-04-14 11:57:18.0613 | INFO | Microsoft.AspNetCore.Mvc.Infrastructure.ControllerActionInvoker | Executed action BlogManagementSystem.Controllers.CLBlogController.GetAllBlogs (BlogManagementSystem) in 2.987ms
2025-04-14 11:57:18.0613 | INFO | Microsoft.AspNetCore.Routing.EndpointMiddleware | Executed endpoint 'BlogManagementSystem.Controllers.CLBlogController.GetAllBlogs (BlogManagementSystem)'
2025-04-14 11:57:18.0613 | INFO | Microsoft.AspNetCore.Hosting.Diagnostics | Request finished HTTP/1.1 GET http://localhost:5095/api/CLBlog/get-all-blogs?pageSize=5&pageNumber=1&sorting=g01F02%20DESC - - - 200 284 application/json;+charset=utf-8 3.4253ms
2025-04-14 11:57:19.7308 | INFO | Microsoft.AspNetCore.Hosting.Diagnostics | Request starting HTTP/1.1 GET http://localhost:5095/api/CLBlog/get-blog-by-id/8 - -
2025-04-14 11:57:19.7308 | INFO | Microsoft.AspNetCore.Cors.Infrastructure.CorsService | CORS policy execution successful.
2025-04-14 11:57:19.7308 | INFO | Microsoft.AspNetCore.Routing.EndpointMiddleware | Executing endpoint 'BlogManagementSystem.Controllers.CLBlogController.GetBlogByID (BlogManagementSystem)'
2025-04-14 11:57:19.7308 | INFO | Microsoft.AspNetCore.Mvc.Infrastructure.ControllerActionInvoker | Route matched with {action = "GetBlogByID", controller = "CLBlog"}. Executing controller action with signature Microsoft.AspNetCore.Mvc.IActionResult GetBlogByID(Int32) on controller BlogManagementSystem.Controllers.CLBlogController (BlogManagementSystem).
2025-04-14 11:57:19.7308 | INFO | BlogManagementSystem.Filters.LogActionFilter | Executing action: BlogManagementSystem.Controllers.CLBlogController.GetBlogByID (BlogManagementSystem)
2025-04-14 11:57:19.7308 | INFO | BlogManagementSystem.Controllers.CLBlogController | Fetching blog post with ID 8.
2025-04-14 11:57:19.7308 | INFO | BlogManagementSystem.Filters.LogActionFilter | Action executed successfully: BlogManagementSystem.Controllers.CLBlogController.GetBlogByID (BlogManagementSystem)
2025-04-14 11:57:19.7330 | INFO | Microsoft.AspNetCore.Mvc.Infrastructure.ObjectResultExecutor | Executing OkObjectResult, writing value of type 'BlogManagementSystem.Models.Response'.
2025-04-14 11:57:19.7330 | INFO | Microsoft.AspNetCore.Mvc.Infrastructure.ControllerActionInvoker | Executed action BlogManagementSystem.Controllers.CLBlogController.GetBlogByID (BlogManagementSystem) in 1.8242ms
2025-04-14 11:57:19.7330 | INFO | Microsoft.AspNetCore.Routing.EndpointMiddleware | Executed endpoint 'BlogManagementSystem.Controllers.CLBlogController.GetBlogByID (BlogManagementSystem)'
2025-04-14 11:57:19.7330 | INFO | Microsoft.AspNetCore.Hosting.Diagnostics | Request finished HTTP/1.1 GET http://localhost:5095/api/CLBlog/get-blog-by-id/8 - - - 200 103 application/json;+charset=utf-8 2.6284ms
2025-04-14 11:57:22.8102 | INFO | Microsoft.AspNetCore.Hosting.Diagnostics | Request starting HTTP/1.1 POST http://localhost:5095/api/CLBlog/add-blog application/json 40
2025-04-14 11:57:22.8102 | INFO | Microsoft.AspNetCore.Cors.Infrastructure.CorsService | CORS policy execution successful.
2025-04-14 11:57:22.8102 | INFO | Microsoft.AspNetCore.Routing.EndpointMiddleware | Executing endpoint 'BlogManagementSystem.Controllers.CLBlogController.AddBlog (BlogManagementSystem)'
2025-04-14 11:57:22.8102 | INFO | Microsoft.AspNetCore.Mvc.Infrastructure.ControllerActionInvoker | Route matched with {action = "AddBlog", controller = "CLBlog"}. Executing controller action with signature Microsoft.AspNetCore.Mvc.IActionResult AddBlog(BlogManagementSystem.Models.DTO.DTOBLG01) on controller BlogManagementSystem.Controllers.CLBlogController (BlogManagementSystem).
2025-04-14 11:57:22.8102 | INFO | BlogManagementSystem.Filters.LogActionFilter | Executing action: BlogManagementSystem.Controllers.CLBlogController.AddBlog (BlogManagementSystem)
2025-04-14 11:57:22.8110 | INFO | BlogManagementSystem.Controllers.CLBlogController | Creating a new blog post.
2025-04-14 11:57:22.8110 | INFO | BlogManagementSystem.Filters.LogActionFilter | Action executed successfully: BlogManagementSystem.Controllers.CLBlogController.AddBlog (BlogManagementSystem)
2025-04-14 11:57:22.8110 | INFO | Microsoft.AspNetCore.Mvc.Infrastructure.ObjectResultExecutor | Executing OkObjectResult, writing value of type 'BlogManagementSystem.Models.Response'.
2025-04-14 11:57:22.8110 | INFO | Microsoft.AspNetCore.Mvc.Infrastructure.ControllerActionInvoker | Executed action BlogManagementSystem.Controllers.CLBlogController.AddBlog (BlogManagementSystem) in 5.7427ms
2025-04-14 11:57:22.8110 | INFO | Microsoft.AspNetCore.Routing.EndpointMiddleware | Executed endpoint 'BlogManagementSystem.Controllers.CLBlogController.AddBlog (BlogManagementSystem)'
2025-04-14 11:57:22.8110 | INFO | Microsoft.AspNetCore.Hosting.Diagnostics | Request finished HTTP/1.1 POST http://localhost:5095/api/CLBlog/add-blog application/json 40 - 200 52 application/json;+charset=utf-8 6.2309ms
2025-04-14 11:57:22.8110 | INFO | Microsoft.AspNetCore.Hosting.Diagnostics | Request starting HTTP/1.1 GET http://localhost:5095/api/CLBlog/get-all-blogs?pageSize=5&pageNumber=1&sorting=g01F02%20DESC - -
2025-04-14 11:57:22.8110 | INFO | Microsoft.AspNetCore.Cors.Infrastructure.CorsService | CORS policy execution successful.
2025-04-14 11:57:22.8110 | INFO | Microsoft.AspNetCore.Routing.EndpointMiddleware | Executing endpoint 'BlogManagementSystem.Controllers.CLBlogController.GetAllBlogs (BlogManagementSystem)'
2025-04-14 11:57:22.8110 | INFO | Microsoft.AspNetCore.Mvc.Infrastructure.ControllerActionInvoker | Route matched with {action = "GetAllBlogs", controller = "CLBlog"}. Executing controller action with signature Microsoft.AspNetCore.Mvc.IActionResult GetAllBlogs(Int32, Int32, System.String) on controller BlogManagementSystem.Controllers.CLBlogController (BlogManagementSystem).
2025-04-14 11:57:22.8110 | INFO | BlogManagementSystem.Filters.LogActionFilter | Executing action: BlogManagementSystem.Controllers.CLBlogController.GetAllBlogs (BlogManagementSystem)
2025-04-14 11:57:22.8110 | INFO | BlogManagementSystem.Controllers.CLBlogController | Fetching all blog posts.
2025-04-14 11:57:22.8110 | INFO | BlogManagementSystem.Filters.LogActionFilter | Action executed successfully: BlogManagementSystem.Controllers.CLBlogController.GetAllBlogs (BlogManagementSystem)
2025-04-14 11:57:22.8110 | INFO | Microsoft.AspNetCore.Mvc.Infrastructure.ObjectResultExecutor | Executing OkObjectResult, writing value of type 'BlogManagementSystem.Models.Response'.
2025-04-14 11:57:22.8110 | INFO | Microsoft.AspNetCore.Mvc.Infrastructure.ControllerActionInvoker | Executed action BlogManagementSystem.Controllers.CLBlogController.GetAllBlogs (BlogManagementSystem) in 3.2216ms
2025-04-14 11:57:22.8110 | INFO | Microsoft.AspNetCore.Routing.EndpointMiddleware | Executed endpoint 'BlogManagementSystem.Controllers.CLBlogController.GetAllBlogs (BlogManagementSystem)'
2025-04-14 11:57:22.8110 | INFO | Microsoft.AspNetCore.Hosting.Diagnostics | Request finished HTTP/1.1 GET http://localhost:5095/api/CLBlog/get-all-blogs?pageSize=5&pageNumber=1&sorting=g01F02%20DESC - - - 200 278 application/json;+charset=utf-8 3.6850ms
2025-04-14 11:57:30.9152 | INFO | Microsoft.AspNetCore.Hosting.Diagnostics | Request starting HTTP/1.1 GET http://localhost:5095/api/CLBlog/get-blog-by-id/8 - -
2025-04-14 11:57:30.9152 | INFO | Microsoft.AspNetCore.Cors.Infrastructure.CorsService | CORS policy execution successful.
2025-04-14 11:57:30.9152 | INFO | Microsoft.AspNetCore.Routing.EndpointMiddleware | Executing endpoint 'BlogManagementSystem.Controllers.CLBlogController.GetBlogByID (BlogManagementSystem)'
2025-04-14 11:57:30.9152 | INFO | Microsoft.AspNetCore.Mvc.Infrastructure.ControllerActionInvoker | Route matched with {action = "GetBlogByID", controller = "CLBlog"}. Executing controller action with signature Microsoft.AspNetCore.Mvc.IActionResult GetBlogByID(Int32) on controller BlogManagementSystem.Controllers.CLBlogController (BlogManagementSystem).
2025-04-14 11:57:30.9152 | INFO | BlogManagementSystem.Filters.LogActionFilter | Executing action: BlogManagementSystem.Controllers.CLBlogController.GetBlogByID (BlogManagementSystem)
2025-04-14 11:57:30.9152 | INFO | BlogManagementSystem.Controllers.CLBlogController | Fetching blog post with ID 8.
2025-04-14 11:57:30.9152 | INFO | BlogManagementSystem.Filters.LogActionFilter | Action executed successfully: BlogManagementSystem.Controllers.CLBlogController.GetBlogByID (BlogManagementSystem)
2025-04-14 11:57:30.9152 | INFO | Microsoft.AspNetCore.Mvc.Infrastructure.ObjectResultExecutor | Executing OkObjectResult, writing value of type 'BlogManagementSystem.Models.Response'.
2025-04-14 11:57:30.9152 | INFO | Microsoft.AspNetCore.Mvc.Infrastructure.ControllerActionInvoker | Executed action BlogManagementSystem.Controllers.CLBlogController.GetBlogByID (BlogManagementSystem) in 2.3155ms
2025-04-14 11:57:30.9152 | INFO | Microsoft.AspNetCore.Routing.EndpointMiddleware | Executed endpoint 'BlogManagementSystem.Controllers.CLBlogController.GetBlogByID (BlogManagementSystem)'
2025-04-14 11:57:30.9152 | INFO | Microsoft.AspNetCore.Hosting.Diagnostics | Request finished HTTP/1.1 GET http://localhost:5095/api/CLBlog/get-blog-by-id/8 - - - 200 103 application/json;+charset=utf-8 3.4549ms
2025-04-14 11:57:33.4988 | INFO | Microsoft.AspNetCore.Hosting.Diagnostics | Request starting HTTP/1.1 OPTIONS http://localhost:5095/api/CLBlog/add-blog - -
2025-04-14 11:57:33.4990 | INFO | Microsoft.AspNetCore.Cors.Infrastructure.CorsService | CORS policy execution successful.
2025-04-14 11:57:33.4990 | INFO | Microsoft.AspNetCore.Hosting.Diagnostics | Request finished HTTP/1.1 OPTIONS http://localhost:5095/api/CLBlog/add-blog - - - 204 - - 0.2888ms
2025-04-14 11:57:33.4990 | INFO | Microsoft.AspNetCore.Hosting.Diagnostics | Request starting HTTP/1.1 POST http://localhost:5095/api/CLBlog/add-blog application/json 44
2025-04-14 11:57:33.4990 | INFO | Microsoft.AspNetCore.Cors.Infrastructure.CorsService | CORS policy execution successful.
2025-04-14 11:57:33.4990 | INFO | Microsoft.AspNetCore.Routing.EndpointMiddleware | Executing endpoint 'BlogManagementSystem.Controllers.CLBlogController.AddBlog (BlogManagementSystem)'
2025-04-14 11:57:33.4990 | INFO | Microsoft.AspNetCore.Mvc.Infrastructure.ControllerActionInvoker | Route matched with {action = "AddBlog", controller = "CLBlog"}. Executing controller action with signature Microsoft.AspNetCore.Mvc.IActionResult AddBlog(BlogManagementSystem.Models.DTO.DTOBLG01) on controller BlogManagementSystem.Controllers.CLBlogController (BlogManagementSystem).
2025-04-14 11:57:33.4990 | INFO | BlogManagementSystem.Filters.LogActionFilter | Executing action: BlogManagementSystem.Controllers.CLBlogController.AddBlog (BlogManagementSystem)
2025-04-14 11:57:33.4990 | INFO | BlogManagementSystem.Controllers.CLBlogController | Creating a new blog post.
2025-04-14 11:57:33.4990 | INFO | BlogManagementSystem.Filters.LogActionFilter | Action executed successfully: BlogManagementSystem.Controllers.CLBlogController.AddBlog (BlogManagementSystem)
2025-04-14 11:57:33.4990 | INFO | Microsoft.AspNetCore.Mvc.Infrastructure.ObjectResultExecutor | Executing OkObjectResult, writing value of type 'BlogManagementSystem.Models.Response'.
2025-04-14 11:57:33.4990 | INFO | Microsoft.AspNetCore.Mvc.Infrastructure.ControllerActionInvoker | Executed action BlogManagementSystem.Controllers.CLBlogController.AddBlog (BlogManagementSystem) in 5.6145ms
2025-04-14 11:57:33.4990 | INFO | Microsoft.AspNetCore.Routing.EndpointMiddleware | Executed endpoint 'BlogManagementSystem.Controllers.CLBlogController.AddBlog (BlogManagementSystem)'
2025-04-14 11:57:33.4990 | INFO | Microsoft.AspNetCore.Hosting.Diagnostics | Request finished HTTP/1.1 POST http://localhost:5095/api/CLBlog/add-blog application/json 44 - 200 52 application/json;+charset=utf-8 6.1449ms
2025-04-14 11:57:33.4990 | INFO | Microsoft.AspNetCore.Hosting.Diagnostics | Request starting HTTP/1.1 GET http://localhost:5095/api/CLBlog/get-all-blogs?pageSize=5&pageNumber=1&sorting=g01F02%20DESC - -
2025-04-14 11:57:33.4990 | INFO | Microsoft.AspNetCore.Cors.Infrastructure.CorsService | CORS policy execution successful.
2025-04-14 11:57:33.4990 | INFO | Microsoft.AspNetCore.Routing.EndpointMiddleware | Executing endpoint 'BlogManagementSystem.Controllers.CLBlogController.GetAllBlogs (BlogManagementSystem)'
2025-04-14 11:57:33.4990 | INFO | Microsoft.AspNetCore.Mvc.Infrastructure.ControllerActionInvoker | Route matched with {action = "GetAllBlogs", controller = "CLBlog"}. Executing controller action with signature Microsoft.AspNetCore.Mvc.IActionResult GetAllBlogs(Int32, Int32, System.String) on controller BlogManagementSystem.Controllers.CLBlogController (BlogManagementSystem).
2025-04-14 11:57:33.5141 | INFO | BlogManagementSystem.Filters.LogActionFilter | Executing action: BlogManagementSystem.Controllers.CLBlogController.GetAllBlogs (BlogManagementSystem)
2025-04-14 11:57:33.5141 | INFO | BlogManagementSystem.Controllers.CLBlogController | Fetching all blog posts.
2025-04-14 11:57:33.5141 | INFO | BlogManagementSystem.Filters.LogActionFilter | Action executed successfully: BlogManagementSystem.Controllers.CLBlogController.GetAllBlogs (BlogManagementSystem)
2025-04-14 11:57:33.5141 | INFO | Microsoft.AspNetCore.Mvc.Infrastructure.ObjectResultExecutor | Executing OkObjectResult, writing value of type 'BlogManagementSystem.Models.Response'.
2025-04-14 11:57:33.5141 | INFO | Microsoft.AspNetCore.Mvc.Infrastructure.ControllerActionInvoker | Executed action BlogManagementSystem.Controllers.CLBlogController.GetAllBlogs (BlogManagementSystem) in 5.9932ms
2025-04-14 11:57:33.5141 | INFO | Microsoft.AspNetCore.Routing.EndpointMiddleware | Executed endpoint 'BlogManagementSystem.Controllers.CLBlogController.GetAllBlogs (BlogManagementSystem)'
2025-04-14 11:57:33.5141 | INFO | Microsoft.AspNetCore.Hosting.Diagnostics | Request finished HTTP/1.1 GET http://localhost:5095/api/CLBlog/get-all-blogs?pageSize=5&pageNumber=1&sorting=g01F02%20DESC - - - 200 276 application/json;+charset=utf-8 7.0063ms
2025-04-14 11:57:42.8103 | INFO | Microsoft.AspNetCore.Hosting.Diagnostics | Request starting HTTP/1.1 GET http://localhost:5095/api/CLBlog/get-blog-by-id/10 - -
2025-04-14 11:57:42.8103 | INFO | Microsoft.AspNetCore.Cors.Infrastructure.CorsService | CORS policy execution successful.
2025-04-14 11:57:42.8103 | INFO | Microsoft.AspNetCore.Routing.EndpointMiddleware | Executing endpoint 'BlogManagementSystem.Controllers.CLBlogController.GetBlogByID (BlogManagementSystem)'
2025-04-14 11:57:42.8103 | INFO | Microsoft.AspNetCore.Mvc.Infrastructure.ControllerActionInvoker | Route matched with {action = "GetBlogByID", controller = "CLBlog"}. Executing controller action with signature Microsoft.AspNetCore.Mvc.IActionResult GetBlogByID(Int32) on controller BlogManagementSystem.Controllers.CLBlogController (BlogManagementSystem).
2025-04-14 11:57:42.8103 | INFO | BlogManagementSystem.Filters.LogActionFilter | Executing action: BlogManagementSystem.Controllers.CLBlogController.GetBlogByID (BlogManagementSystem)
2025-04-14 11:57:42.8103 | INFO | BlogManagementSystem.Controllers.CLBlogController | Fetching blog post with ID 10.
2025-04-14 11:57:42.8124 | INFO | BlogManagementSystem.Filters.LogActionFilter | Action executed successfully: BlogManagementSystem.Controllers.CLBlogController.GetBlogByID (BlogManagementSystem)
2025-04-14 11:57:42.8124 | INFO | Microsoft.AspNetCore.Mvc.Infrastructure.ObjectResultExecutor | Executing OkObjectResult, writing value of type 'BlogManagementSystem.Models.Response'.
2025-04-14 11:57:42.8124 | INFO | Microsoft.AspNetCore.Mvc.Infrastructure.ControllerActionInvoker | Executed action BlogManagementSystem.Controllers.CLBlogController.GetBlogByID (BlogManagementSystem) in 1.6045ms
2025-04-14 11:57:42.8124 | INFO | Microsoft.AspNetCore.Routing.EndpointMiddleware | Executed endpoint 'BlogManagementSystem.Controllers.CLBlogController.GetBlogByID (BlogManagementSystem)'
2025-04-14 11:57:42.8124 | INFO | Microsoft.AspNetCore.Hosting.Diagnostics | Request finished HTTP/1.1 GET http://localhost:5095/api/CLBlog/get-blog-by-id/10 - - - 200 107 application/json;+charset=utf-8 2.4615ms
2025-04-14 11:57:45.5465 | INFO | Microsoft.AspNetCore.Hosting.Diagnostics | Request starting HTTP/1.1 OPTIONS http://localhost:5095/api/CLBlog/add-blog - -
2025-04-14 11:57:45.5465 | INFO | Microsoft.AspNetCore.Cors.Infrastructure.CorsService | CORS policy execution successful.
2025-04-14 11:57:45.5465 | INFO | Microsoft.AspNetCore.Hosting.Diagnostics | Request finished HTTP/1.1 OPTIONS http://localhost:5095/api/CLBlog/add-blog - - - 204 - - 0.2402ms
2025-04-14 11:57:45.5465 | INFO | Microsoft.AspNetCore.Hosting.Diagnostics | Request starting HTTP/1.1 POST http://localhost:5095/api/CLBlog/add-blog application/json 47
2025-04-14 11:57:45.5465 | INFO | Microsoft.AspNetCore.Cors.Infrastructure.CorsService | CORS policy execution successful.
2025-04-14 11:57:45.5465 | INFO | Microsoft.AspNetCore.Routing.EndpointMiddleware | Executing endpoint 'BlogManagementSystem.Controllers.CLBlogController.AddBlog (BlogManagementSystem)'
2025-04-14 11:57:45.5465 | INFO | Microsoft.AspNetCore.Mvc.Infrastructure.ControllerActionInvoker | Route matched with {action = "AddBlog", controller = "CLBlog"}. Executing controller action with signature Microsoft.AspNetCore.Mvc.IActionResult AddBlog(BlogManagementSystem.Models.DTO.DTOBLG01) on controller BlogManagementSystem.Controllers.CLBlogController (BlogManagementSystem).
2025-04-14 11:57:45.5465 | INFO | BlogManagementSystem.Filters.LogActionFilter | Executing action: BlogManagementSystem.Controllers.CLBlogController.AddBlog (BlogManagementSystem)
2025-04-14 11:57:45.5465 | INFO | BlogManagementSystem.Controllers.CLBlogController | Creating a new blog post.
2025-04-14 11:57:45.5465 | INFO | BlogManagementSystem.Filters.LogActionFilter | Action executed successfully: BlogManagementSystem.Controllers.CLBlogController.AddBlog (BlogManagementSystem)
2025-04-14 11:57:45.5465 | INFO | Microsoft.AspNetCore.Mvc.Infrastructure.ObjectResultExecutor | Executing OkObjectResult, writing value of type 'BlogManagementSystem.Models.Response'.
2025-04-14 11:57:45.5465 | INFO | Microsoft.AspNetCore.Mvc.Infrastructure.ControllerActionInvoker | Executed action BlogManagementSystem.Controllers.CLBlogController.AddBlog (BlogManagementSystem) in 4.4477ms
2025-04-14 11:57:45.5465 | INFO | Microsoft.AspNetCore.Routing.EndpointMiddleware | Executed endpoint 'BlogManagementSystem.Controllers.CLBlogController.AddBlog (BlogManagementSystem)'
2025-04-14 11:57:45.5465 | INFO | Microsoft.AspNetCore.Hosting.Diagnostics | Request finished HTTP/1.1 POST http://localhost:5095/api/CLBlog/add-blog application/json 47 - 200 52 application/json;+charset=utf-8 4.7680ms
2025-04-14 11:57:45.5465 | INFO | Microsoft.AspNetCore.Hosting.Diagnostics | Request starting HTTP/1.1 GET http://localhost:5095/api/CLBlog/get-all-blogs?pageSize=5&pageNumber=1&sorting=g01F02%20DESC - -
2025-04-14 11:57:45.5465 | INFO | Microsoft.AspNetCore.Cors.Infrastructure.CorsService | CORS policy execution successful.
2025-04-14 11:57:45.5465 | INFO | Microsoft.AspNetCore.Routing.EndpointMiddleware | Executing endpoint 'BlogManagementSystem.Controllers.CLBlogController.GetAllBlogs (BlogManagementSystem)'
2025-04-14 11:57:45.5465 | INFO | Microsoft.AspNetCore.Mvc.Infrastructure.ControllerActionInvoker | Route matched with {action = "GetAllBlogs", controller = "CLBlog"}. Executing controller action with signature Microsoft.AspNetCore.Mvc.IActionResult GetAllBlogs(Int32, Int32, System.String) on controller BlogManagementSystem.Controllers.CLBlogController (BlogManagementSystem).
2025-04-14 11:57:45.5465 | INFO | BlogManagementSystem.Filters.LogActionFilter | Executing action: BlogManagementSystem.Controllers.CLBlogController.GetAllBlogs (BlogManagementSystem)
2025-04-14 11:57:45.5465 | INFO | BlogManagementSystem.Controllers.CLBlogController | Fetching all blog posts.
2025-04-14 11:57:45.5465 | INFO | BlogManagementSystem.Filters.LogActionFilter | Action executed successfully: BlogManagementSystem.Controllers.CLBlogController.GetAllBlogs (BlogManagementSystem)
2025-04-14 11:57:45.5465 | INFO | Microsoft.AspNetCore.Mvc.Infrastructure.ObjectResultExecutor | Executing OkObjectResult, writing value of type 'BlogManagementSystem.Models.Response'.
2025-04-14 11:57:45.5465 | INFO | Microsoft.AspNetCore.Mvc.Infrastructure.ControllerActionInvoker | Executed action BlogManagementSystem.Controllers.CLBlogController.GetAllBlogs (BlogManagementSystem) in 3.5126ms
2025-04-14 11:57:45.5465 | INFO | Microsoft.AspNetCore.Routing.EndpointMiddleware | Executed endpoint 'BlogManagementSystem.Controllers.CLBlogController.GetAllBlogs (BlogManagementSystem)'
2025-04-14 11:57:45.5465 | INFO | Microsoft.AspNetCore.Hosting.Diagnostics | Request finished HTTP/1.1 GET http://localhost:5095/api/CLBlog/get-all-blogs?pageSize=5&pageNumber=1&sorting=g01F02%20DESC - - - 200 280 application/json;+charset=utf-8 4.0729ms
2025-04-14 12:36:05.6888 | INFO | Microsoft.AspNetCore.Hosting.Diagnostics | Request starting HTTP/1.1 GET http://localhost:5095/api/CLBlog/get-all-blogs?pageSize=5&pageNumber=1&sorting=g01F02%20DESC - -
2025-04-14 12:36:05.6888 | INFO | Microsoft.AspNetCore.Cors.Infrastructure.CorsService | CORS policy execution successful.
2025-04-14 12:36:05.6888 | INFO | Microsoft.AspNetCore.Routing.EndpointMiddleware | Executing endpoint 'BlogManagementSystem.Controllers.CLBlogController.GetAllBlogs (BlogManagementSystem)'
2025-04-14 12:36:05.6888 | INFO | Microsoft.AspNetCore.Mvc.Infrastructure.ControllerActionInvoker | Route matched with {action = "GetAllBlogs", controller = "CLBlog"}. Executing controller action with signature Microsoft.AspNetCore.Mvc.IActionResult GetAllBlogs(Int32, Int32, System.String) on controller BlogManagementSystem.Controllers.CLBlogController (BlogManagementSystem).
2025-04-14 12:36:05.6888 | INFO | BlogManagementSystem.Filters.LogActionFilter | Executing action: BlogManagementSystem.Controllers.CLBlogController.GetAllBlogs (BlogManagementSystem)
2025-04-14 12:36:05.6888 | INFO | BlogManagementSystem.Controllers.CLBlogController | Fetching all blog posts.
2025-04-14 12:36:05.7112 | INFO | BlogManagementSystem.Filters.LogActionFilter | Action executed successfully: BlogManagementSystem.Controllers.CLBlogController.GetAllBlogs (BlogManagementSystem)
2025-04-14 12:36:05.7112 | INFO | Microsoft.AspNetCore.Mvc.Infrastructure.ObjectResultExecutor | Executing OkObjectResult, writing value of type 'BlogManagementSystem.Models.Response'.
2025-04-14 12:36:05.7112 | INFO | Microsoft.AspNetCore.Mvc.Infrastructure.ControllerActionInvoker | Executed action BlogManagementSystem.Controllers.CLBlogController.GetAllBlogs (BlogManagementSystem) in 22.3032ms
2025-04-14 12:36:05.7112 | INFO | Microsoft.AspNetCore.Routing.EndpointMiddleware | Executed endpoint 'BlogManagementSystem.Controllers.CLBlogController.GetAllBlogs (BlogManagementSystem)'
2025-04-14 12:36:05.7112 | INFO | Microsoft.AspNetCore.Hosting.Diagnostics | Request finished HTTP/1.1 GET http://localhost:5095/api/CLBlog/get-all-blogs?pageSize=5&pageNumber=1&sorting=g01F02%20DESC - - - 200 280 application/json;+charset=utf-8 22.7879ms
2025-04-14 12:36:11.4087 | INFO | Microsoft.AspNetCore.Hosting.Diagnostics | Request starting HTTP/1.1 GET http://localhost:5095/api/CLBlog/get-blog-by-id/11 - -
2025-04-14 12:36:11.4087 | INFO | Microsoft.AspNetCore.Cors.Infrastructure.CorsService | CORS policy execution successful.
2025-04-14 12:36:11.4087 | INFO | Microsoft.AspNetCore.Routing.EndpointMiddleware | Executing endpoint 'BlogManagementSystem.Controllers.CLBlogController.GetBlogByID (BlogManagementSystem)'
2025-04-14 12:36:11.4087 | INFO | Microsoft.AspNetCore.Mvc.Infrastructure.ControllerActionInvoker | Route matched with {action = "GetBlogByID", controller = "CLBlog"}. Executing controller action with signature Microsoft.AspNetCore.Mvc.IActionResult GetBlogByID(Int32) on controller BlogManagementSystem.Controllers.CLBlogController (BlogManagementSystem).
2025-04-14 12:36:11.4087 | INFO | BlogManagementSystem.Filters.LogActionFilter | Executing action: BlogManagementSystem.Controllers.CLBlogController.GetBlogByID (BlogManagementSystem)
2025-04-14 12:36:11.4087 | INFO | BlogManagementSystem.Controllers.CLBlogController | Fetching blog post with ID 11.
2025-04-14 12:36:11.4087 | INFO | BlogManagementSystem.Filters.LogActionFilter | Action executed successfully: BlogManagementSystem.Controllers.CLBlogController.GetBlogByID (BlogManagementSystem)
2025-04-14 12:36:11.4087 | INFO | Microsoft.AspNetCore.Mvc.Infrastructure.ObjectResultExecutor | Executing OkObjectResult, writing value of type 'BlogManagementSystem.Models.Response'.
2025-04-14 12:36:11.4087 | INFO | Microsoft.AspNetCore.Mvc.Infrastructure.ControllerActionInvoker | Executed action BlogManagementSystem.Controllers.CLBlogController.GetBlogByID (BlogManagementSystem) in 1.7838ms
2025-04-14 12:36:11.4087 | INFO | Microsoft.AspNetCore.Routing.EndpointMiddleware | Executed endpoint 'BlogManagementSystem.Controllers.CLBlogController.GetBlogByID (BlogManagementSystem)'
2025-04-14 12:36:11.4087 | INFO | Microsoft.AspNetCore.Hosting.Diagnostics | Request finished HTTP/1.1 GET http://localhost:5095/api/CLBlog/get-blog-by-id/11 - - - 200 110 application/json;+charset=utf-8 2.2226ms
2025-04-14 12:36:18.0910 | INFO | Microsoft.AspNetCore.Hosting.Diagnostics | Request starting HTTP/1.1 OPTIONS http://localhost:5095/api/CLBlog/add-blog - -
2025-04-14 12:36:18.0910 | INFO | Microsoft.AspNetCore.Cors.Infrastructure.CorsService | CORS policy execution successful.
2025-04-14 12:36:18.0910 | INFO | Microsoft.AspNetCore.Hosting.Diagnostics | Request finished HTTP/1.1 OPTIONS http://localhost:5095/api/CLBlog/add-blog - - - 204 - - 0.5499ms
2025-04-14 12:36:18.0910 | INFO | Microsoft.AspNetCore.Hosting.Diagnostics | Request starting HTTP/1.1 POST http://localhost:5095/api/CLBlog/add-blog application/json 48
2025-04-14 12:36:18.0910 | INFO | Microsoft.AspNetCore.Cors.Infrastructure.CorsService | CORS policy execution successful.
2025-04-14 12:36:18.0910 | INFO | Microsoft.AspNetCore.Routing.EndpointMiddleware | Executing endpoint 'BlogManagementSystem.Controllers.CLBlogController.AddBlog (BlogManagementSystem)'
2025-04-14 12:36:18.0910 | INFO | Microsoft.AspNetCore.Mvc.Infrastructure.ControllerActionInvoker | Route matched with {action = "AddBlog", controller = "CLBlog"}. Executing controller action with signature Microsoft.AspNetCore.Mvc.IActionResult AddBlog(BlogManagementSystem.Models.DTO.DTOBLG01) on controller BlogManagementSystem.Controllers.CLBlogController (BlogManagementSystem).
2025-04-14 12:36:18.0910 | INFO | BlogManagementSystem.Filters.LogActionFilter | Executing action: BlogManagementSystem.Controllers.CLBlogController.AddBlog (BlogManagementSystem)
2025-04-14 12:36:18.0910 | INFO | BlogManagementSystem.Controllers.CLBlogController | Creating a new blog post.
2025-04-14 12:36:18.0910 | INFO | BlogManagementSystem.Filters.LogActionFilter | Action executed successfully: BlogManagementSystem.Controllers.CLBlogController.AddBlog (BlogManagementSystem)
2025-04-14 12:36:18.0910 | INFO | Microsoft.AspNetCore.Mvc.Infrastructure.ObjectResultExecutor | Executing OkObjectResult, writing value of type 'BlogManagementSystem.Models.Response'.
2025-04-14 12:36:18.0910 | INFO | Microsoft.AspNetCore.Mvc.Infrastructure.ControllerActionInvoker | Executed action BlogManagementSystem.Controllers.CLBlogController.AddBlog (BlogManagementSystem) in 5.8583ms
2025-04-14 12:36:18.0910 | INFO | Microsoft.AspNetCore.Routing.EndpointMiddleware | Executed endpoint 'BlogManagementSystem.Controllers.CLBlogController.AddBlog (BlogManagementSystem)'
2025-04-14 12:36:18.0910 | INFO | Microsoft.AspNetCore.Hosting.Diagnostics | Request finished HTTP/1.1 POST http://localhost:5095/api/CLBlog/add-blog application/json 48 - 200 52 application/json;+charset=utf-8 6.1942ms
2025-04-14 12:36:18.1064 | INFO | Microsoft.AspNetCore.Hosting.Diagnostics | Request starting HTTP/1.1 GET http://localhost:5095/api/CLBlog/get-all-blogs?pageSize=5&pageNumber=1&sorting=g01F02%20DESC - -
2025-04-14 12:36:18.1064 | INFO | Microsoft.AspNetCore.Cors.Infrastructure.CorsService | CORS policy execution successful.
2025-04-14 12:36:18.1064 | INFO | Microsoft.AspNetCore.Routing.EndpointMiddleware | Executing endpoint 'BlogManagementSystem.Controllers.CLBlogController.GetAllBlogs (BlogManagementSystem)'
2025-04-14 12:36:18.1064 | INFO | Microsoft.AspNetCore.Mvc.Infrastructure.ControllerActionInvoker | Route matched with {action = "GetAllBlogs", controller = "CLBlog"}. Executing controller action with signature Microsoft.AspNetCore.Mvc.IActionResult GetAllBlogs(Int32, Int32, System.String) on controller BlogManagementSystem.Controllers.CLBlogController (BlogManagementSystem).
2025-04-14 12:36:18.1064 | INFO | BlogManagementSystem.Filters.LogActionFilter | Executing action: BlogManagementSystem.Controllers.CLBlogController.GetAllBlogs (BlogManagementSystem)
2025-04-14 12:36:18.1064 | INFO | BlogManagementSystem.Controllers.CLBlogController | Fetching all blog posts.
2025-04-14 12:36:18.1064 | INFO | BlogManagementSystem.Filters.LogActionFilter | Action executed successfully: BlogManagementSystem.Controllers.CLBlogController.GetAllBlogs (BlogManagementSystem)
2025-04-14 12:36:18.1064 | INFO | Microsoft.AspNetCore.Mvc.Infrastructure.ObjectResultExecutor | Executing OkObjectResult, writing value of type 'BlogManagementSystem.Models.Response'.
2025-04-14 12:36:18.1064 | INFO | Microsoft.AspNetCore.Mvc.Infrastructure.ControllerActionInvoker | Executed action BlogManagementSystem.Controllers.CLBlogController.GetAllBlogs (BlogManagementSystem) in 3.2517ms
2025-04-14 12:36:18.1064 | INFO | Microsoft.AspNetCore.Routing.EndpointMiddleware | Executed endpoint 'BlogManagementSystem.Controllers.CLBlogController.GetAllBlogs (BlogManagementSystem)'
2025-04-14 12:36:18.1064 | INFO | Microsoft.AspNetCore.Hosting.Diagnostics | Request finished HTTP/1.1 GET http://localhost:5095/api/CLBlog/get-all-blogs?pageSize=5&pageNumber=1&sorting=g01F02%20DESC - - - 200 289 application/json;+charset=utf-8 3.8980ms
2025-04-14 12:36:48.9015 | INFO | Microsoft.AspNetCore.Hosting.Diagnostics | Request starting HTTP/1.1 GET http://localhost:5095/api/CLBlog/get-all-blogs?pageSize=5&pageNumber=1&sorting=g01F02%20DESC - -
2025-04-14 12:36:48.9015 | INFO | Microsoft.AspNetCore.Cors.Infrastructure.CorsService | CORS policy execution successful.
2025-04-14 12:36:48.9015 | INFO | Microsoft.AspNetCore.Routing.EndpointMiddleware | Executing endpoint 'BlogManagementSystem.Controllers.CLBlogController.GetAllBlogs (BlogManagementSystem)'
2025-04-14 12:36:48.9015 | INFO | Microsoft.AspNetCore.Mvc.Infrastructure.ControllerActionInvoker | Route matched with {action = "GetAllBlogs", controller = "CLBlog"}. Executing controller action with signature Microsoft.AspNetCore.Mvc.IActionResult GetAllBlogs(Int32, Int32, System.String) on controller BlogManagementSystem.Controllers.CLBlogController (BlogManagementSystem).
2025-04-14 12:36:48.9015 | INFO | BlogManagementSystem.Filters.LogActionFilter | Executing action: BlogManagementSystem.Controllers.CLBlogController.GetAllBlogs (BlogManagementSystem)
2025-04-14 12:36:48.9015 | INFO | BlogManagementSystem.Controllers.CLBlogController | Fetching all blog posts.
2025-04-14 12:36:48.9015 | INFO | BlogManagementSystem.Filters.LogActionFilter | Action executed successfully: BlogManagementSystem.Controllers.CLBlogController.GetAllBlogs (BlogManagementSystem)
2025-04-14 12:36:48.9015 | INFO | Microsoft.AspNetCore.Mvc.Infrastructure.ObjectResultExecutor | Executing OkObjectResult, writing value of type 'BlogManagementSystem.Models.Response'.
2025-04-14 12:36:48.9015 | INFO | Microsoft.AspNetCore.Mvc.Infrastructure.ControllerActionInvoker | Executed action BlogManagementSystem.Controllers.CLBlogController.GetAllBlogs (BlogManagementSystem) in 3.6219ms
2025-04-14 12:36:48.9015 | INFO | Microsoft.AspNetCore.Routing.EndpointMiddleware | Executed endpoint 'BlogManagementSystem.Controllers.CLBlogController.GetAllBlogs (BlogManagementSystem)'
2025-04-14 12:36:48.9015 | INFO | Microsoft.AspNetCore.Hosting.Diagnostics | Request finished HTTP/1.1 GET http://localhost:5095/api/CLBlog/get-all-blogs?pageSize=5&pageNumber=1&sorting=g01F02%20DESC - - - 200 289 application/json;+charset=utf-8 4.1951ms
2025-04-14 12:36:51.7461 | INFO | Microsoft.AspNetCore.Hosting.Diagnostics | Request starting HTTP/1.1 GET http://localhost:5095/api/CLBlog/get-blog-by-id/12 - -
2025-04-14 12:36:51.7461 | INFO | Microsoft.AspNetCore.Cors.Infrastructure.CorsService | CORS policy execution successful.
2025-04-14 12:36:51.7461 | INFO | Microsoft.AspNetCore.Routing.EndpointMiddleware | Executing endpoint 'BlogManagementSystem.Controllers.CLBlogController.GetBlogByID (BlogManagementSystem)'
2025-04-14 12:36:51.7461 | INFO | Microsoft.AspNetCore.Mvc.Infrastructure.ControllerActionInvoker | Route matched with {action = "GetBlogByID", controller = "CLBlog"}. Executing controller action with signature Microsoft.AspNetCore.Mvc.IActionResult GetBlogByID(Int32) on controller BlogManagementSystem.Controllers.CLBlogController (BlogManagementSystem).
2025-04-14 12:36:51.7461 | INFO | BlogManagementSystem.Filters.LogActionFilter | Executing action: BlogManagementSystem.Controllers.CLBlogController.GetBlogByID (BlogManagementSystem)
2025-04-14 12:36:51.7461 | INFO | BlogManagementSystem.Controllers.CLBlogController | Fetching blog post with ID 12.
2025-04-14 12:36:51.7461 | INFO | BlogManagementSystem.Filters.LogActionFilter | Action executed successfully: BlogManagementSystem.Controllers.CLBlogController.GetBlogByID (BlogManagementSystem)
2025-04-14 12:36:51.7461 | INFO | Microsoft.AspNetCore.Mvc.Infrastructure.ObjectResultExecutor | Executing OkObjectResult, writing value of type 'BlogManagementSystem.Models.Response'.
2025-04-14 12:36:51.7461 | INFO | Microsoft.AspNetCore.Mvc.Infrastructure.ControllerActionInvoker | Executed action BlogManagementSystem.Controllers.CLBlogController.GetBlogByID (BlogManagementSystem) in 1.7263ms
2025-04-14 12:36:51.7461 | INFO | Microsoft.AspNetCore.Routing.EndpointMiddleware | Executed endpoint 'BlogManagementSystem.Controllers.CLBlogController.GetBlogByID (BlogManagementSystem)'
2025-04-14 12:36:51.7461 | INFO | Microsoft.AspNetCore.Hosting.Diagnostics | Request finished HTTP/1.1 GET http://localhost:5095/api/CLBlog/get-blog-by-id/12 - - - 200 111 application/json;+charset=utf-8 2.2058ms
2025-04-14 12:36:54.0264 | INFO | Microsoft.AspNetCore.Hosting.Diagnostics | Request starting HTTP/1.1 OPTIONS http://localhost:5095/api/CLBlog/add-blog - -
2025-04-14 12:36:54.0264 | INFO | Microsoft.AspNetCore.Cors.Infrastructure.CorsService | CORS policy execution successful.
2025-04-14 12:36:54.0264 | INFO | Microsoft.AspNetCore.Hosting.Diagnostics | Request finished HTTP/1.1 OPTIONS http://localhost:5095/api/CLBlog/add-blog - - - 204 - - 0.2713ms
2025-04-14 12:36:54.0264 | INFO | Microsoft.AspNetCore.Hosting.Diagnostics | Request starting HTTP/1.1 POST http://localhost:5095/api/CLBlog/add-blog application/json 48
2025-04-14 12:36:54.0264 | INFO | Microsoft.AspNetCore.Cors.Infrastructure.CorsService | CORS policy execution successful.
2025-04-14 12:36:54.0264 | INFO | Microsoft.AspNetCore.Routing.EndpointMiddleware | Executing endpoint 'BlogManagementSystem.Controllers.CLBlogController.AddBlog (BlogManagementSystem)'
2025-04-14 12:36:54.0264 | INFO | Microsoft.AspNetCore.Mvc.Infrastructure.ControllerActionInvoker | Route matched with {action = "AddBlog", controller = "CLBlog"}. Executing controller action with signature Microsoft.AspNetCore.Mvc.IActionResult AddBlog(BlogManagementSystem.Models.DTO.DTOBLG01) on controller BlogManagementSystem.Controllers.CLBlogController (BlogManagementSystem).
2025-04-14 12:36:54.0264 | INFO | BlogManagementSystem.Filters.LogActionFilter | Executing action: BlogManagementSystem.Controllers.CLBlogController.AddBlog (BlogManagementSystem)
2025-04-14 12:36:54.0264 | INFO | BlogManagementSystem.Controllers.CLBlogController | Creating a new blog post.
2025-04-14 12:36:54.0264 | INFO | BlogManagementSystem.Filters.LogActionFilter | Action executed successfully: BlogManagementSystem.Controllers.CLBlogController.AddBlog (BlogManagementSystem)
2025-04-14 12:36:54.0264 | INFO | Microsoft.AspNetCore.Mvc.Infrastructure.ObjectResultExecutor | Executing OkObjectResult, writing value of type 'BlogManagementSystem.Models.Response'.
2025-04-14 12:36:54.0264 | INFO | Microsoft.AspNetCore.Mvc.Infrastructure.ControllerActionInvoker | Executed action BlogManagementSystem.Controllers.CLBlogController.AddBlog (BlogManagementSystem) in 4.9921ms
2025-04-14 12:36:54.0264 | INFO | Microsoft.AspNetCore.Routing.EndpointMiddleware | Executed endpoint 'BlogManagementSystem.Controllers.CLBlogController.AddBlog (BlogManagementSystem)'
2025-04-14 12:36:54.0264 | INFO | Microsoft.AspNetCore.Hosting.Diagnostics | Request finished HTTP/1.1 POST http://localhost:5095/api/CLBlog/add-blog application/json 48 - 200 52 application/json;+charset=utf-8 5.3086ms
2025-04-14 12:36:54.0387 | INFO | Microsoft.AspNetCore.Hosting.Diagnostics | Request starting HTTP/1.1 GET http://localhost:5095/api/CLBlog/get-all-blogs?pageSize=5&pageNumber=1&sorting=g01F02%20DESC - -
2025-04-14 12:36:54.0387 | INFO | Microsoft.AspNetCore.Cors.Infrastructure.CorsService | CORS policy execution successful.
2025-04-14 12:36:54.0387 | INFO | Microsoft.AspNetCore.Routing.EndpointMiddleware | Executing endpoint 'BlogManagementSystem.Controllers.CLBlogController.GetAllBlogs (BlogManagementSystem)'
2025-04-14 12:36:54.0387 | INFO | Microsoft.AspNetCore.Mvc.Infrastructure.ControllerActionInvoker | Route matched with {action = "GetAllBlogs", controller = "CLBlog"}. Executing controller action with signature Microsoft.AspNetCore.Mvc.IActionResult GetAllBlogs(Int32, Int32, System.String) on controller BlogManagementSystem.Controllers.CLBlogController (BlogManagementSystem).
2025-04-14 12:36:54.0387 | INFO | BlogManagementSystem.Filters.LogActionFilter | Executing action: BlogManagementSystem.Controllers.CLBlogController.GetAllBlogs (BlogManagementSystem)
2025-04-14 12:36:54.0387 | INFO | BlogManagementSystem.Controllers.CLBlogController | Fetching all blog posts.
2025-04-14 12:36:54.0387 | INFO | BlogManagementSystem.Filters.LogActionFilter | Action executed successfully: BlogManagementSystem.Controllers.CLBlogController.GetAllBlogs (BlogManagementSystem)
2025-04-14 12:36:54.0387 | INFO | Microsoft.AspNetCore.Mvc.Infrastructure.ObjectResultExecutor | Executing OkObjectResult, writing value of type 'BlogManagementSystem.Models.Response'.
2025-04-14 12:36:54.0387 | INFO | Microsoft.AspNetCore.Mvc.Infrastructure.ControllerActionInvoker | Executed action BlogManagementSystem.Controllers.CLBlogController.GetAllBlogs (BlogManagementSystem) in 3.2861ms
2025-04-14 12:36:54.0387 | INFO | Microsoft.AspNetCore.Routing.EndpointMiddleware | Executed endpoint 'BlogManagementSystem.Controllers.CLBlogController.GetAllBlogs (BlogManagementSystem)'
2025-04-14 12:36:54.0387 | INFO | Microsoft.AspNetCore.Hosting.Diagnostics | Request finished HTTP/1.1 GET http://localhost:5095/api/CLBlog/get-all-blogs?pageSize=5&pageNumber=1&sorting=g01F02%20DESC - - - 200 298 application/json;+charset=utf-8 3.6568ms
2025-04-14 12:38:46.3106 | INFO | Microsoft.AspNetCore.Hosting.Diagnostics | Request starting HTTP/1.1 GET http://localhost:5095/api/CLBlog/get-all-blogs?pageSize=5&pageNumber=1&sorting=g01F02%20DESC - -
2025-04-14 12:38:46.3106 | INFO | Microsoft.AspNetCore.Cors.Infrastructure.CorsService | CORS policy execution successful.
2025-04-14 12:38:46.3106 | INFO | Microsoft.AspNetCore.Routing.EndpointMiddleware | Executing endpoint 'BlogManagementSystem.Controllers.CLBlogController.GetAllBlogs (BlogManagementSystem)'
2025-04-14 12:38:46.3106 | INFO | Microsoft.AspNetCore.Mvc.Infrastructure.ControllerActionInvoker | Route matched with {action = "GetAllBlogs", controller = "CLBlog"}. Executing controller action with signature Microsoft.AspNetCore.Mvc.IActionResult GetAllBlogs(Int32, Int32, System.String) on controller BlogManagementSystem.Controllers.CLBlogController (BlogManagementSystem).
2025-04-14 12:38:46.3106 | INFO | BlogManagementSystem.Filters.LogActionFilter | Executing action: BlogManagementSystem.Controllers.CLBlogController.GetAllBlogs (BlogManagementSystem)
2025-04-14 12:38:46.3106 | INFO | BlogManagementSystem.Controllers.CLBlogController | Fetching all blog posts.
2025-04-14 12:38:46.3106 | INFO | BlogManagementSystem.Filters.LogActionFilter | Action executed successfully: BlogManagementSystem.Controllers.CLBlogController.GetAllBlogs (BlogManagementSystem)
2025-04-14 12:38:46.3106 | INFO | Microsoft.AspNetCore.Mvc.Infrastructure.ObjectResultExecutor | Executing OkObjectResult, writing value of type 'BlogManagementSystem.Models.Response'.
2025-04-14 12:38:46.3106 | INFO | Microsoft.AspNetCore.Mvc.Infrastructure.ControllerActionInvoker | Executed action BlogManagementSystem.Controllers.CLBlogController.GetAllBlogs (BlogManagementSystem) in 5.3599ms
2025-04-14 12:38:46.3106 | INFO | Microsoft.AspNetCore.Routing.EndpointMiddleware | Executed endpoint 'BlogManagementSystem.Controllers.CLBlogController.GetAllBlogs (BlogManagementSystem)'
2025-04-14 12:38:46.3106 | INFO | Microsoft.AspNetCore.Hosting.Diagnostics | Request finished HTTP/1.1 GET http://localhost:5095/api/CLBlog/get-all-blogs?pageSize=5&pageNumber=1&sorting=g01F02%20DESC - - - 200 298 application/json;+charset=utf-8 6.5728ms
2025-04-14 12:38:51.7777 | INFO | Microsoft.AspNetCore.Hosting.Diagnostics | Request starting HTTP/1.1 GET http://localhost:5095/api/CLBlog/get-all-blogs?pageSize=5&pageNumber=1&sorting=g01F02%20DESC - -
2025-04-14 12:38:51.7777 | INFO | Microsoft.AspNetCore.Cors.Infrastructure.CorsService | CORS policy execution successful.
2025-04-14 12:38:51.7777 | INFO | Microsoft.AspNetCore.Routing.EndpointMiddleware | Executing endpoint 'BlogManagementSystem.Controllers.CLBlogController.GetAllBlogs (BlogManagementSystem)'
2025-04-14 12:38:51.7777 | INFO | Microsoft.AspNetCore.Mvc.Infrastructure.ControllerActionInvoker | Route matched with {action = "GetAllBlogs", controller = "CLBlog"}. Executing controller action with signature Microsoft.AspNetCore.Mvc.IActionResult GetAllBlogs(Int32, Int32, System.String) on controller BlogManagementSystem.Controllers.CLBlogController (BlogManagementSystem).
2025-04-14 12:38:51.7777 | INFO | BlogManagementSystem.Filters.LogActionFilter | Executing action: BlogManagementSystem.Controllers.CLBlogController.GetAllBlogs (BlogManagementSystem)
2025-04-14 12:38:51.7777 | INFO | BlogManagementSystem.Controllers.CLBlogController | Fetching all blog posts.
2025-04-14 12:38:51.7777 | INFO | BlogManagementSystem.Filters.LogActionFilter | Action executed successfully: BlogManagementSystem.Controllers.CLBlogController.GetAllBlogs (BlogManagementSystem)
2025-04-14 12:38:51.7777 | INFO | Microsoft.AspNetCore.Mvc.Infrastructure.ObjectResultExecutor | Executing OkObjectResult, writing value of type 'BlogManagementSystem.Models.Response'.
2025-04-14 12:38:51.7777 | INFO | Microsoft.AspNetCore.Mvc.Infrastructure.ControllerActionInvoker | Executed action BlogManagementSystem.Controllers.CLBlogController.GetAllBlogs (BlogManagementSystem) in 3.5036ms
2025-04-14 12:38:51.7777 | INFO | Microsoft.AspNetCore.Routing.EndpointMiddleware | Executed endpoint 'BlogManagementSystem.Controllers.CLBlogController.GetAllBlogs (BlogManagementSystem)'
2025-04-14 12:38:51.7777 | INFO | Microsoft.AspNetCore.Hosting.Diagnostics | Request finished HTTP/1.1 GET http://localhost:5095/api/CLBlog/get-all-blogs?pageSize=5&pageNumber=1&sorting=g01F02%20DESC - - - 200 298 application/json;+charset=utf-8 3.9580ms
2025-04-14 12:38:55.7546 | INFO | Microsoft.AspNetCore.Hosting.Diagnostics | Request starting HTTP/1.1 GET http://localhost:5095/api/CLBlog/get-blog-by-id/12 - -
2025-04-14 12:38:55.7546 | INFO | Microsoft.AspNetCore.Cors.Infrastructure.CorsService | CORS policy execution successful.
2025-04-14 12:38:55.7546 | INFO | Microsoft.AspNetCore.Routing.EndpointMiddleware | Executing endpoint 'BlogManagementSystem.Controllers.CLBlogController.GetBlogByID (BlogManagementSystem)'
2025-04-14 12:38:55.7546 | INFO | Microsoft.AspNetCore.Mvc.Infrastructure.ControllerActionInvoker | Route matched with {action = "GetBlogByID", controller = "CLBlog"}. Executing controller action with signature Microsoft.AspNetCore.Mvc.IActionResult GetBlogByID(Int32) on controller BlogManagementSystem.Controllers.CLBlogController (BlogManagementSystem).
2025-04-14 12:38:55.7546 | INFO | BlogManagementSystem.Filters.LogActionFilter | Executing action: BlogManagementSystem.Controllers.CLBlogController.GetBlogByID (BlogManagementSystem)
2025-04-14 12:38:55.7546 | INFO | BlogManagementSystem.Controllers.CLBlogController | Fetching blog post with ID 12.
2025-04-14 12:38:55.7546 | INFO | BlogManagementSystem.Filters.LogActionFilter | Action executed successfully: BlogManagementSystem.Controllers.CLBlogController.GetBlogByID (BlogManagementSystem)
2025-04-14 12:38:55.7546 | INFO | Microsoft.AspNetCore.Mvc.Infrastructure.ObjectResultExecutor | Executing OkObjectResult, writing value of type 'BlogManagementSystem.Models.Response'.
2025-04-14 12:38:55.7546 | INFO | Microsoft.AspNetCore.Mvc.Infrastructure.ControllerActionInvoker | Executed action BlogManagementSystem.Controllers.CLBlogController.GetBlogByID (BlogManagementSystem) in 1.4987ms
2025-04-14 12:38:55.7546 | INFO | Microsoft.AspNetCore.Routing.EndpointMiddleware | Executed endpoint 'BlogManagementSystem.Controllers.CLBlogController.GetBlogByID (BlogManagementSystem)'
2025-04-14 12:38:55.7546 | INFO | Microsoft.AspNetCore.Hosting.Diagnostics | Request finished HTTP/1.1 GET http://localhost:5095/api/CLBlog/get-blog-by-id/12 - - - 200 111 application/json;+charset=utf-8 1.8871ms
2025-04-14 12:39:27.1139 | INFO | Microsoft.AspNetCore.Hosting.Diagnostics | Request starting HTTP/1.1 GET http://localhost:5095/api/CLBlog/get-all-blogs?pageSize=5&pageNumber=1&sorting=g01F02%20DESC - -
2025-04-14 12:39:27.1139 | INFO | Microsoft.AspNetCore.Cors.Infrastructure.CorsService | CORS policy execution successful.
2025-04-14 12:39:27.1139 | INFO | Microsoft.AspNetCore.Routing.EndpointMiddleware | Executing endpoint 'BlogManagementSystem.Controllers.CLBlogController.GetAllBlogs (BlogManagementSystem)'
2025-04-14 12:39:27.1139 | INFO | Microsoft.AspNetCore.Mvc.Infrastructure.ControllerActionInvoker | Route matched with {action = "GetAllBlogs", controller = "CLBlog"}. Executing controller action with signature Microsoft.AspNetCore.Mvc.IActionResult GetAllBlogs(Int32, Int32, System.String) on controller BlogManagementSystem.Controllers.CLBlogController (BlogManagementSystem).
2025-04-14 12:39:27.1139 | INFO | BlogManagementSystem.Filters.LogActionFilter | Executing action: BlogManagementSystem.Controllers.CLBlogController.GetAllBlogs (BlogManagementSystem)
2025-04-14 12:39:27.1139 | INFO | BlogManagementSystem.Controllers.CLBlogController | Fetching all blog posts.
2025-04-14 12:39:27.1178 | INFO | BlogManagementSystem.Filters.LogActionFilter | Action executed successfully: BlogManagementSystem.Controllers.CLBlogController.GetAllBlogs (BlogManagementSystem)
2025-04-14 12:39:27.1178 | INFO | Microsoft.AspNetCore.Mvc.Infrastructure.ObjectResultExecutor | Executing OkObjectResult, writing value of type 'BlogManagementSystem.Models.Response'.
2025-04-14 12:39:27.1178 | INFO | Microsoft.AspNetCore.Mvc.Infrastructure.ControllerActionInvoker | Executed action BlogManagementSystem.Controllers.CLBlogController.GetAllBlogs (BlogManagementSystem) in 3.8131ms
2025-04-14 12:39:27.1178 | INFO | Microsoft.AspNetCore.Routing.EndpointMiddleware | Executed endpoint 'BlogManagementSystem.Controllers.CLBlogController.GetAllBlogs (BlogManagementSystem)'
2025-04-14 12:39:27.1178 | INFO | Microsoft.AspNetCore.Hosting.Diagnostics | Request finished HTTP/1.1 GET http://localhost:5095/api/CLBlog/get-all-blogs?pageSize=5&pageNumber=1&sorting=g01F02%20DESC - - - 200 298 application/json;+charset=utf-8 4.2826ms
2025-04-14 12:39:27.3558 | INFO | Microsoft.AspNetCore.Hosting.Diagnostics | Request starting HTTP/1.1 GET http://localhost:5095/api/CLBlog/get-blog-by-id/12 - -
2025-04-14 12:39:27.3558 | INFO | Microsoft.AspNetCore.Cors.Infrastructure.CorsService | CORS policy execution successful.
2025-04-14 12:39:27.3558 | INFO | Microsoft.AspNetCore.Routing.EndpointMiddleware | Executing endpoint 'BlogManagementSystem.Controllers.CLBlogController.GetBlogByID (BlogManagementSystem)'
2025-04-14 12:39:27.3558 | INFO | Microsoft.AspNetCore.Mvc.Infrastructure.ControllerActionInvoker | Route matched with {action = "GetBlogByID", controller = "CLBlog"}. Executing controller action with signature Microsoft.AspNetCore.Mvc.IActionResult GetBlogByID(Int32) on controller BlogManagementSystem.Controllers.CLBlogController (BlogManagementSystem).
2025-04-14 12:39:27.3558 | INFO | BlogManagementSystem.Filters.LogActionFilter | Executing action: BlogManagementSystem.Controllers.CLBlogController.GetBlogByID (BlogManagementSystem)
2025-04-14 12:39:27.3558 | INFO | BlogManagementSystem.Controllers.CLBlogController | Fetching blog post with ID 12.
2025-04-14 12:39:27.3558 | INFO | BlogManagementSystem.Filters.LogActionFilter | Action executed successfully: BlogManagementSystem.Controllers.CLBlogController.GetBlogByID (BlogManagementSystem)
2025-04-14 12:39:27.3558 | INFO | Microsoft.AspNetCore.Mvc.Infrastructure.ObjectResultExecutor | Executing OkObjectResult, writing value of type 'BlogManagementSystem.Models.Response'.
2025-04-14 12:39:27.3558 | INFO | Microsoft.AspNetCore.Mvc.Infrastructure.ControllerActionInvoker | Executed action BlogManagementSystem.Controllers.CLBlogController.GetBlogByID (BlogManagementSystem) in 1.4014ms
2025-04-14 12:39:27.3558 | INFO | Microsoft.AspNetCore.Routing.EndpointMiddleware | Executed endpoint 'BlogManagementSystem.Controllers.CLBlogController.GetBlogByID (BlogManagementSystem)'
2025-04-14 12:39:27.3558 | INFO | Microsoft.AspNetCore.Hosting.Diagnostics | Request finished HTTP/1.1 GET http://localhost:5095/api/CLBlog/get-blog-by-id/12 - - - 200 111 application/json;+charset=utf-8 1.7752ms
2025-04-14 12:40:42.5292 | INFO | Microsoft.AspNetCore.Hosting.Diagnostics | Request starting HTTP/1.1 GET http://localhost:5095/api/CLBlog/get-all-blogs?pageSize=5&pageNumber=1&sorting=g01F02%20DESC - -
2025-04-14 12:40:42.5292 | INFO | Microsoft.AspNetCore.Cors.Infrastructure.CorsService | CORS policy execution successful.
2025-04-14 12:40:42.5292 | INFO | Microsoft.AspNetCore.Routing.EndpointMiddleware | Executing endpoint 'BlogManagementSystem.Controllers.CLBlogController.GetAllBlogs (BlogManagementSystem)'
2025-04-14 12:40:42.5292 | INFO | Microsoft.AspNetCore.Mvc.Infrastructure.ControllerActionInvoker | Route matched with {action = "GetAllBlogs", controller = "CLBlog"}. Executing controller action with signature Microsoft.AspNetCore.Mvc.IActionResult GetAllBlogs(Int32, Int32, System.String) on controller BlogManagementSystem.Controllers.CLBlogController (BlogManagementSystem).
2025-04-14 12:40:42.5292 | INFO | BlogManagementSystem.Filters.LogActionFilter | Executing action: BlogManagementSystem.Controllers.CLBlogController.GetAllBlogs (BlogManagementSystem)
2025-04-14 12:40:42.5292 | INFO | BlogManagementSystem.Controllers.CLBlogController | Fetching all blog posts.
2025-04-14 12:40:42.5292 | INFO | BlogManagementSystem.Filters.LogActionFilter | Action executed successfully: BlogManagementSystem.Controllers.CLBlogController.GetAllBlogs (BlogManagementSystem)
2025-04-14 12:40:42.5292 | INFO | Microsoft.AspNetCore.Mvc.Infrastructure.ObjectResultExecutor | Executing OkObjectResult, writing value of type 'BlogManagementSystem.Models.Response'.
2025-04-14 12:40:42.5292 | INFO | Microsoft.AspNetCore.Mvc.Infrastructure.ControllerActionInvoker | Executed action BlogManagementSystem.Controllers.CLBlogController.GetAllBlogs (BlogManagementSystem) in 3.8556ms
2025-04-14 12:40:42.5292 | INFO | Microsoft.AspNetCore.Routing.EndpointMiddleware | Executed endpoint 'BlogManagementSystem.Controllers.CLBlogController.GetAllBlogs (BlogManagementSystem)'
2025-04-14 12:40:42.5292 | INFO | Microsoft.AspNetCore.Hosting.Diagnostics | Request finished HTTP/1.1 GET http://localhost:5095/api/CLBlog/get-all-blogs?pageSize=5&pageNumber=1&sorting=g01F02%20DESC - - - 200 298 application/json;+charset=utf-8 4.4648ms
2025-04-14 12:40:45.3880 | INFO | Microsoft.AspNetCore.Hosting.Diagnostics | Request starting HTTP/1.1 GET http://localhost:5095/api/CLBlog/get-blog-by-id/12 - -
2025-04-14 12:40:45.3880 | INFO | Microsoft.AspNetCore.Cors.Infrastructure.CorsService | CORS policy execution successful.
2025-04-14 12:40:45.3880 | INFO | Microsoft.AspNetCore.Routing.EndpointMiddleware | Executing endpoint 'BlogManagementSystem.Controllers.CLBlogController.GetBlogByID (BlogManagementSystem)'
2025-04-14 12:40:45.3880 | INFO | Microsoft.AspNetCore.Mvc.Infrastructure.ControllerActionInvoker | Route matched with {action = "GetBlogByID", controller = "CLBlog"}. Executing controller action with signature Microsoft.AspNetCore.Mvc.IActionResult GetBlogByID(Int32) on controller BlogManagementSystem.Controllers.CLBlogController (BlogManagementSystem).
2025-04-14 12:40:45.3880 | INFO | BlogManagementSystem.Filters.LogActionFilter | Executing action: BlogManagementSystem.Controllers.CLBlogController.GetBlogByID (BlogManagementSystem)
2025-04-14 12:40:45.3880 | INFO | BlogManagementSystem.Controllers.CLBlogController | Fetching blog post with ID 12.
2025-04-14 12:40:45.3880 | INFO | BlogManagementSystem.Filters.LogActionFilter | Action executed successfully: BlogManagementSystem.Controllers.CLBlogController.GetBlogByID (BlogManagementSystem)
2025-04-14 12:40:45.3880 | INFO | Microsoft.AspNetCore.Mvc.Infrastructure.ObjectResultExecutor | Executing OkObjectResult, writing value of type 'BlogManagementSystem.Models.Response'.
2025-04-14 12:40:45.3880 | INFO | Microsoft.AspNetCore.Mvc.Infrastructure.ControllerActionInvoker | Executed action BlogManagementSystem.Controllers.CLBlogController.GetBlogByID (BlogManagementSystem) in 1.4157ms
2025-04-14 12:40:45.3880 | INFO | Microsoft.AspNetCore.Routing.EndpointMiddleware | Executed endpoint 'BlogManagementSystem.Controllers.CLBlogController.GetBlogByID (BlogManagementSystem)'
2025-04-14 12:40:45.3880 | INFO | Microsoft.AspNetCore.Hosting.Diagnostics | Request finished HTTP/1.1 GET http://localhost:5095/api/CLBlog/get-blog-by-id/12 - - - 200 111 application/json;+charset=utf-8 1.8683ms
2025-04-14 12:42:16.3117 | INFO | Microsoft.AspNetCore.Hosting.Diagnostics | Request starting HTTP/1.1 GET http://localhost:5095/api/CLBlog/get-all-blogs?pageSize=5&pageNumber=1&sorting=g01F02%20DESC - -
2025-04-14 12:42:16.3117 | INFO | Microsoft.AspNetCore.Cors.Infrastructure.CorsService | CORS policy execution successful.
2025-04-14 12:42:16.3117 | INFO | Microsoft.AspNetCore.Routing.EndpointMiddleware | Executing endpoint 'BlogManagementSystem.Controllers.CLBlogController.GetAllBlogs (BlogManagementSystem)'
2025-04-14 12:42:16.3117 | INFO | Microsoft.AspNetCore.Mvc.Infrastructure.ControllerActionInvoker | Route matched with {action = "GetAllBlogs", controller = "CLBlog"}. Executing controller action with signature Microsoft.AspNetCore.Mvc.IActionResult GetAllBlogs(Int32, Int32, System.String) on controller BlogManagementSystem.Controllers.CLBlogController (BlogManagementSystem).
2025-04-14 12:42:16.3117 | INFO | BlogManagementSystem.Filters.LogActionFilter | Executing action: BlogManagementSystem.Controllers.CLBlogController.GetAllBlogs (BlogManagementSystem)
2025-04-14 12:42:16.3117 | INFO | BlogManagementSystem.Controllers.CLBlogController | Fetching all blog posts.
2025-04-14 12:42:16.3117 | INFO | BlogManagementSystem.Filters.LogActionFilter | Action executed successfully: BlogManagementSystem.Controllers.CLBlogController.GetAllBlogs (BlogManagementSystem)
2025-04-14 12:42:16.3117 | INFO | Microsoft.AspNetCore.Mvc.Infrastructure.ObjectResultExecutor | Executing OkObjectResult, writing value of type 'BlogManagementSystem.Models.Response'.
2025-04-14 12:42:16.3117 | INFO | Microsoft.AspNetCore.Mvc.Infrastructure.ControllerActionInvoker | Executed action BlogManagementSystem.Controllers.CLBlogController.GetAllBlogs (BlogManagementSystem) in 3.6224ms
2025-04-14 12:42:16.3117 | INFO | Microsoft.AspNetCore.Routing.EndpointMiddleware | Executed endpoint 'BlogManagementSystem.Controllers.CLBlogController.GetAllBlogs (BlogManagementSystem)'
2025-04-14 12:42:16.3117 | INFO | Microsoft.AspNetCore.Hosting.Diagnostics | Request finished HTTP/1.1 GET http://localhost:5095/api/CLBlog/get-all-blogs?pageSize=5&pageNumber=1&sorting=g01F02%20DESC - - - 200 298 application/json;+charset=utf-8 4.1017ms
2025-04-14 12:42:16.6825 | INFO | Microsoft.AspNetCore.Hosting.Diagnostics | Request starting HTTP/1.1 GET http://localhost:5095/api/CLBlog/get-all-blogs?pageSize=5&pageNumber=1&sorting=g01F02%20DESC - -
2025-04-14 12:42:16.6825 | INFO | Microsoft.AspNetCore.Cors.Infrastructure.CorsService | CORS policy execution successful.
2025-04-14 12:42:16.6825 | INFO | Microsoft.AspNetCore.Routing.EndpointMiddleware | Executing endpoint 'BlogManagementSystem.Controllers.CLBlogController.GetAllBlogs (BlogManagementSystem)'
2025-04-14 12:42:16.6825 | INFO | Microsoft.AspNetCore.Mvc.Infrastructure.ControllerActionInvoker | Route matched with {action = "GetAllBlogs", controller = "CLBlog"}. Executing controller action with signature Microsoft.AspNetCore.Mvc.IActionResult GetAllBlogs(Int32, Int32, System.String) on controller BlogManagementSystem.Controllers.CLBlogController (BlogManagementSystem).
2025-04-14 12:42:16.6825 | INFO | BlogManagementSystem.Filters.LogActionFilter | Executing action: BlogManagementSystem.Controllers.CLBlogController.GetAllBlogs (BlogManagementSystem)
2025-04-14 12:42:16.6825 | INFO | BlogManagementSystem.Controllers.CLBlogController | Fetching all blog posts.
2025-04-14 12:42:16.6867 | INFO | BlogManagementSystem.Filters.LogActionFilter | Action executed successfully: BlogManagementSystem.Controllers.CLBlogController.GetAllBlogs (BlogManagementSystem)
2025-04-14 12:42:16.6867 | INFO | Microsoft.AspNetCore.Mvc.Infrastructure.ObjectResultExecutor | Executing OkObjectResult, writing value of type 'BlogManagementSystem.Models.Response'.
2025-04-14 12:42:16.6867 | INFO | Microsoft.AspNetCore.Mvc.Infrastructure.ControllerActionInvoker | Executed action BlogManagementSystem.Controllers.CLBlogController.GetAllBlogs (BlogManagementSystem) in 4.1252ms
2025-04-14 12:42:16.6867 | INFO | Microsoft.AspNetCore.Routing.EndpointMiddleware | Executed endpoint 'BlogManagementSystem.Controllers.CLBlogController.GetAllBlogs (BlogManagementSystem)'
2025-04-14 12:42:16.6867 | INFO | Microsoft.AspNetCore.Hosting.Diagnostics | Request finished HTTP/1.1 GET http://localhost:5095/api/CLBlog/get-all-blogs?pageSize=5&pageNumber=1&sorting=g01F02%20DESC - - - 200 298 application/json;+charset=utf-8 4.5782ms
2025-04-14 12:42:19.7086 | INFO | Microsoft.AspNetCore.Hosting.Diagnostics | Request starting HTTP/1.1 GET http://localhost:5095/api/CLBlog/get-all-blogs?pageSize=5&pageNumber=1&sorting=g01F02%20DESC - -
2025-04-14 12:42:19.7086 | INFO | Microsoft.AspNetCore.Cors.Infrastructure.CorsService | CORS policy execution successful.
2025-04-14 12:42:19.7086 | INFO | Microsoft.AspNetCore.Routing.EndpointMiddleware | Executing endpoint 'BlogManagementSystem.Controllers.CLBlogController.GetAllBlogs (BlogManagementSystem)'
2025-04-14 12:42:19.7086 | INFO | Microsoft.AspNetCore.Mvc.Infrastructure.ControllerActionInvoker | Route matched with {action = "GetAllBlogs", controller = "CLBlog"}. Executing controller action with signature Microsoft.AspNetCore.Mvc.IActionResult GetAllBlogs(Int32, Int32, System.String) on controller BlogManagementSystem.Controllers.CLBlogController (BlogManagementSystem).
2025-04-14 12:42:19.7086 | INFO | BlogManagementSystem.Filters.LogActionFilter | Executing action: BlogManagementSystem.Controllers.CLBlogController.GetAllBlogs (BlogManagementSystem)
2025-04-14 12:42:19.7086 | INFO | BlogManagementSystem.Controllers.CLBlogController | Fetching all blog posts.
2025-04-14 12:42:19.7086 | INFO | BlogManagementSystem.Filters.LogActionFilter | Action executed successfully: BlogManagementSystem.Controllers.CLBlogController.GetAllBlogs (BlogManagementSystem)
2025-04-14 12:42:19.7086 | INFO | Microsoft.AspNetCore.Mvc.Infrastructure.ObjectResultExecutor | Executing OkObjectResult, writing value of type 'BlogManagementSystem.Models.Response'.
2025-04-14 12:42:19.7086 | INFO | Microsoft.AspNetCore.Mvc.Infrastructure.ControllerActionInvoker | Executed action BlogManagementSystem.Controllers.CLBlogController.GetAllBlogs (BlogManagementSystem) in 4.1915ms
2025-04-14 12:42:19.7086 | INFO | Microsoft.AspNetCore.Routing.EndpointMiddleware | Executed endpoint 'BlogManagementSystem.Controllers.CLBlogController.GetAllBlogs (BlogManagementSystem)'
2025-04-14 12:42:19.7086 | INFO | Microsoft.AspNetCore.Hosting.Diagnostics | Request finished HTTP/1.1 GET http://localhost:5095/api/CLBlog/get-all-blogs?pageSize=5&pageNumber=1&sorting=g01F02%20DESC - - - 200 298 application/json;+charset=utf-8 4.7309ms
2025-04-14 12:42:20.9806 | INFO | Microsoft.AspNetCore.Hosting.Diagnostics | Request starting HTTP/1.1 GET http://localhost:5095/api/CLBlog/get-blog-by-id/12 - -
2025-04-14 12:42:20.9806 | INFO | Microsoft.AspNetCore.Cors.Infrastructure.CorsService | CORS policy execution successful.
2025-04-14 12:42:20.9806 | INFO | Microsoft.AspNetCore.Routing.EndpointMiddleware | Executing endpoint 'BlogManagementSystem.Controllers.CLBlogController.GetBlogByID (BlogManagementSystem)'
2025-04-14 12:42:20.9806 | INFO | Microsoft.AspNetCore.Mvc.Infrastructure.ControllerActionInvoker | Route matched with {action = "GetBlogByID", controller = "CLBlog"}. Executing controller action with signature Microsoft.AspNetCore.Mvc.IActionResult GetBlogByID(Int32) on controller BlogManagementSystem.Controllers.CLBlogController (BlogManagementSystem).
2025-04-14 12:42:20.9806 | INFO | BlogManagementSystem.Filters.LogActionFilter | Executing action: BlogManagementSystem.Controllers.CLBlogController.GetBlogByID (BlogManagementSystem)
2025-04-14 12:42:20.9806 | INFO | BlogManagementSystem.Controllers.CLBlogController | Fetching blog post with ID 12.
2025-04-14 12:42:20.9806 | INFO | BlogManagementSystem.Filters.LogActionFilter | Action executed successfully: BlogManagementSystem.Controllers.CLBlogController.GetBlogByID (BlogManagementSystem)
2025-04-14 12:42:20.9806 | INFO | Microsoft.AspNetCore.Mvc.Infrastructure.ObjectResultExecutor | Executing OkObjectResult, writing value of type 'BlogManagementSystem.Models.Response'.
2025-04-14 12:42:20.9806 | INFO | Microsoft.AspNetCore.Mvc.Infrastructure.ControllerActionInvoker | Executed action BlogManagementSystem.Controllers.CLBlogController.GetBlogByID (BlogManagementSystem) in 1.6185ms
2025-04-14 12:42:20.9806 | INFO | Microsoft.AspNetCore.Routing.EndpointMiddleware | Executed endpoint 'BlogManagementSystem.Controllers.CLBlogController.GetBlogByID (BlogManagementSystem)'
2025-04-14 12:42:20.9806 | INFO | Microsoft.AspNetCore.Hosting.Diagnostics | Request finished HTTP/1.1 GET http://localhost:5095/api/CLBlog/get-blog-by-id/12 - - - 200 111 application/json;+charset=utf-8 2.0652ms
2025-04-14 12:42:24.9575 | INFO | Microsoft.AspNetCore.Hosting.Diagnostics | Request starting HTTP/1.1 OPTIONS http://localhost:5095/api/CLBlog/update-blog - -
2025-04-14 12:42:24.9575 | INFO | Microsoft.AspNetCore.Cors.Infrastructure.CorsService | CORS policy execution successful.
2025-04-14 12:42:24.9575 | INFO | Microsoft.AspNetCore.Hosting.Diagnostics | Request finished HTTP/1.1 OPTIONS http://localhost:5095/api/CLBlog/update-blog - - - 204 - - 0.2482ms
2025-04-14 12:42:24.9575 | INFO | Microsoft.AspNetCore.Hosting.Diagnostics | Request starting HTTP/1.1 PUT http://localhost:5095/api/CLBlog/update-blog application/json 38
2025-04-14 12:42:24.9575 | INFO | Microsoft.AspNetCore.Cors.Infrastructure.CorsService | CORS policy execution successful.
2025-04-14 12:42:24.9575 | INFO | Microsoft.AspNetCore.Routing.EndpointMiddleware | Executing endpoint 'BlogManagementSystem.Controllers.CLBlogController.UpdateBlog (BlogManagementSystem)'
2025-04-14 12:42:24.9575 | INFO | Microsoft.AspNetCore.Mvc.Infrastructure.ControllerActionInvoker | Route matched with {action = "UpdateBlog", controller = "CLBlog"}. Executing controller action with signature Microsoft.AspNetCore.Mvc.IActionResult UpdateBlog(BlogManagementSystem.Models.DTO.DTOBLG01) on controller BlogManagementSystem.Controllers.CLBlogController (BlogManagementSystem).
2025-04-14 12:42:24.9575 | INFO | BlogManagementSystem.Filters.LogActionFilter | Executing action: BlogManagementSystem.Controllers.CLBlogController.UpdateBlog (BlogManagementSystem)
2025-04-14 12:42:24.9575 | INFO | BlogManagementSystem.Controllers.CLBlogController | Updating blog post with ID 0.
2025-04-14 12:42:24.9575 | INFO | BlogManagementSystem.Filters.LogActionFilter | Action executed successfully: BlogManagementSystem.Controllers.CLBlogController.UpdateBlog (BlogManagementSystem)
2025-04-14 12:42:24.9575 | INFO | Microsoft.AspNetCore.Mvc.Infrastructure.ObjectResultExecutor | Executing OkObjectResult, writing value of type 'BlogManagementSystem.Models.Response'.
2025-04-14 12:42:24.9575 | INFO | Microsoft.AspNetCore.Mvc.Infrastructure.ControllerActionInvoker | Executed action BlogManagementSystem.Controllers.CLBlogController.UpdateBlog (BlogManagementSystem) in 1.8295ms
2025-04-14 12:42:24.9575 | INFO | Microsoft.AspNetCore.Routing.EndpointMiddleware | Executed endpoint 'BlogManagementSystem.Controllers.CLBlogController.UpdateBlog (BlogManagementSystem)'
2025-04-14 12:42:24.9575 | INFO | Microsoft.AspNetCore.Hosting.Diagnostics | Request finished HTTP/1.1 PUT http://localhost:5095/api/CLBlog/update-blog application/json 38 - 200 57 application/json;+charset=utf-8 3.8567ms
2025-04-14 12:42:24.9689 | INFO | Microsoft.AspNetCore.Hosting.Diagnostics | Request starting HTTP/1.1 GET http://localhost:5095/api/CLBlog/get-all-blogs?pageSize=5&pageNumber=1&sorting=g01F02%20DESC - -
2025-04-14 12:42:24.9689 | INFO | Microsoft.AspNetCore.Cors.Infrastructure.CorsService | CORS policy execution successful.
2025-04-14 12:42:24.9689 | INFO | Microsoft.AspNetCore.Routing.EndpointMiddleware | Executing endpoint 'BlogManagementSystem.Controllers.CLBlogController.GetAllBlogs (BlogManagementSystem)'
2025-04-14 12:42:24.9689 | INFO | Microsoft.AspNetCore.Mvc.Infrastructure.ControllerActionInvoker | Route matched with {action = "GetAllBlogs", controller = "CLBlog"}. Executing controller action with signature Microsoft.AspNetCore.Mvc.IActionResult GetAllBlogs(Int32, Int32, System.String) on controller BlogManagementSystem.Controllers.CLBlogController (BlogManagementSystem).
2025-04-14 12:42:24.9689 | INFO | BlogManagementSystem.Filters.LogActionFilter | Executing action: BlogManagementSystem.Controllers.CLBlogController.GetAllBlogs (BlogManagementSystem)
2025-04-14 12:42:24.9689 | INFO | BlogManagementSystem.Controllers.CLBlogController | Fetching all blog posts.
2025-04-14 12:42:24.9689 | INFO | BlogManagementSystem.Filters.LogActionFilter | Action executed successfully: BlogManagementSystem.Controllers.CLBlogController.GetAllBlogs (BlogManagementSystem)
2025-04-14 12:42:24.9689 | INFO | Microsoft.AspNetCore.Mvc.Infrastructure.ObjectResultExecutor | Executing OkObjectResult, writing value of type 'BlogManagementSystem.Models.Response'.
2025-04-14 12:42:24.9689 | INFO | Microsoft.AspNetCore.Mvc.Infrastructure.ControllerActionInvoker | Executed action BlogManagementSystem.Controllers.CLBlogController.GetAllBlogs (BlogManagementSystem) in 3.6642ms
2025-04-14 12:42:24.9689 | INFO | Microsoft.AspNetCore.Routing.EndpointMiddleware | Executed endpoint 'BlogManagementSystem.Controllers.CLBlogController.GetAllBlogs (BlogManagementSystem)'
2025-04-14 12:42:24.9689 | INFO | Microsoft.AspNetCore.Hosting.Diagnostics | Request finished HTTP/1.1 GET http://localhost:5095/api/CLBlog/get-all-blogs?pageSize=5&pageNumber=1&sorting=g01F02%20DESC - - - 200 298 application/json;+charset=utf-8 4.0260ms
2025-04-14 12:43:32.6783 | INFO | Microsoft.AspNetCore.Hosting.Diagnostics | Request starting HTTP/1.1 GET http://localhost:5095/api/CLBlog/get-all-blogs?pageSize=5&pageNumber=1&sorting=g01F02%20DESC - -
2025-04-14 12:43:32.6783 | INFO | Microsoft.AspNetCore.Cors.Infrastructure.CorsService | CORS policy execution successful.
2025-04-14 12:43:32.6783 | INFO | Microsoft.AspNetCore.Routing.EndpointMiddleware | Executing endpoint 'BlogManagementSystem.Controllers.CLBlogController.GetAllBlogs (BlogManagementSystem)'
2025-04-14 12:43:32.6783 | INFO | Microsoft.AspNetCore.Mvc.Infrastructure.ControllerActionInvoker | Route matched with {action = "GetAllBlogs", controller = "CLBlog"}. Executing controller action with signature Microsoft.AspNetCore.Mvc.IActionResult GetAllBlogs(Int32, Int32, System.String) on controller BlogManagementSystem.Controllers.CLBlogController (BlogManagementSystem).
2025-04-14 12:43:32.6783 | INFO | BlogManagementSystem.Filters.LogActionFilter | Executing action: BlogManagementSystem.Controllers.CLBlogController.GetAllBlogs (BlogManagementSystem)
2025-04-14 12:43:32.6783 | INFO | BlogManagementSystem.Controllers.CLBlogController | Fetching all blog posts.
2025-04-14 12:43:32.6901 | INFO | BlogManagementSystem.Filters.LogActionFilter | Action executed successfully: BlogManagementSystem.Controllers.CLBlogController.GetAllBlogs (BlogManagementSystem)
2025-04-14 12:43:32.6901 | INFO | Microsoft.AspNetCore.Mvc.Infrastructure.ObjectResultExecutor | Executing OkObjectResult, writing value of type 'BlogManagementSystem.Models.Response'.
2025-04-14 12:43:32.6901 | INFO | Microsoft.AspNetCore.Mvc.Infrastructure.ControllerActionInvoker | Executed action BlogManagementSystem.Controllers.CLBlogController.GetAllBlogs (BlogManagementSystem) in 11.9409ms
2025-04-14 12:43:32.6901 | INFO | Microsoft.AspNetCore.Routing.EndpointMiddleware | Executed endpoint 'BlogManagementSystem.Controllers.CLBlogController.GetAllBlogs (BlogManagementSystem)'
2025-04-14 12:43:32.6901 | INFO | Microsoft.AspNetCore.Hosting.Diagnostics | Request finished HTTP/1.1 GET http://localhost:5095/api/CLBlog/get-all-blogs?pageSize=5&pageNumber=1&sorting=g01F02%20DESC - - - 200 298 application/json;+charset=utf-8 12.7594ms
2025-04-14 12:43:35.4303 | INFO | Microsoft.AspNetCore.Hosting.Diagnostics | Request starting HTTP/1.1 GET http://localhost:5095/api/CLBlog/get-blog-by-id/12 - -
2025-04-14 12:43:35.4303 | INFO | Microsoft.AspNetCore.Cors.Infrastructure.CorsService | CORS policy execution successful.
2025-04-14 12:43:35.4303 | INFO | Microsoft.AspNetCore.Routing.EndpointMiddleware | Executing endpoint 'BlogManagementSystem.Controllers.CLBlogController.GetBlogByID (BlogManagementSystem)'
2025-04-14 12:43:35.4303 | INFO | Microsoft.AspNetCore.Mvc.Infrastructure.ControllerActionInvoker | Route matched with {action = "GetBlogByID", controller = "CLBlog"}. Executing controller action with signature Microsoft.AspNetCore.Mvc.IActionResult GetBlogByID(Int32) on controller BlogManagementSystem.Controllers.CLBlogController (BlogManagementSystem).
2025-04-14 12:43:35.4303 | INFO | BlogManagementSystem.Filters.LogActionFilter | Executing action: BlogManagementSystem.Controllers.CLBlogController.GetBlogByID (BlogManagementSystem)
2025-04-14 12:43:35.4303 | INFO | BlogManagementSystem.Controllers.CLBlogController | Fetching blog post with ID 12.
2025-04-14 12:43:35.4303 | INFO | BlogManagementSystem.Filters.LogActionFilter | Action executed successfully: BlogManagementSystem.Controllers.CLBlogController.GetBlogByID (BlogManagementSystem)
2025-04-14 12:43:35.4303 | INFO | Microsoft.AspNetCore.Mvc.Infrastructure.ObjectResultExecutor | Executing OkObjectResult, writing value of type 'BlogManagementSystem.Models.Response'.
2025-04-14 12:43:35.4303 | INFO | Microsoft.AspNetCore.Mvc.Infrastructure.ControllerActionInvoker | Executed action BlogManagementSystem.Controllers.CLBlogController.GetBlogByID (BlogManagementSystem) in 1.523ms
2025-04-14 12:43:35.4303 | INFO | Microsoft.AspNetCore.Routing.EndpointMiddleware | Executed endpoint 'BlogManagementSystem.Controllers.CLBlogController.GetBlogByID (BlogManagementSystem)'
2025-04-14 12:43:35.4303 | INFO | Microsoft.AspNetCore.Hosting.Diagnostics | Request finished HTTP/1.1 GET http://localhost:5095/api/CLBlog/get-blog-by-id/12 - - - 200 111 application/json;+charset=utf-8 1.9570ms
2025-04-14 12:43:43.6625 | INFO | Microsoft.AspNetCore.Hosting.Diagnostics | Request starting HTTP/1.1 OPTIONS http://localhost:5095/api/CLBlog/update-blog - -
2025-04-14 12:43:43.6625 | INFO | Microsoft.AspNetCore.Cors.Infrastructure.CorsService | CORS policy execution successful.
2025-04-14 12:43:43.6625 | INFO | Microsoft.AspNetCore.Hosting.Diagnostics | Request finished HTTP/1.1 OPTIONS http://localhost:5095/api/CLBlog/update-blog - - - 204 - - 0.4315ms
2025-04-14 12:43:43.6625 | INFO | Microsoft.AspNetCore.Hosting.Diagnostics | Request starting HTTP/1.1 PUT http://localhost:5095/api/CLBlog/update-blog application/json 29
2025-04-14 12:43:43.6625 | INFO | Microsoft.AspNetCore.Cors.Infrastructure.CorsService | CORS policy execution successful.
2025-04-14 12:43:43.6625 | INFO | Microsoft.AspNetCore.Routing.EndpointMiddleware | Executing endpoint 'BlogManagementSystem.Controllers.CLBlogController.UpdateBlog (BlogManagementSystem)'
2025-04-14 12:43:43.6625 | INFO | Microsoft.AspNetCore.Mvc.Infrastructure.ControllerActionInvoker | Route matched with {action = "UpdateBlog", controller = "CLBlog"}. Executing controller action with signature Microsoft.AspNetCore.Mvc.IActionResult UpdateBlog(BlogManagementSystem.Models.DTO.DTOBLG01) on controller BlogManagementSystem.Controllers.CLBlogController (BlogManagementSystem).
2025-04-14 12:43:43.6625 | INFO | BlogManagementSystem.Filters.LogActionFilter | Executing action: BlogManagementSystem.Controllers.CLBlogController.UpdateBlog (BlogManagementSystem)
2025-04-14 12:43:43.6625 | INFO | BlogManagementSystem.Controllers.CLBlogController | Updating blog post with ID 0.
2025-04-14 12:43:43.6625 | INFO | BlogManagementSystem.Filters.LogActionFilter | Action executed successfully: BlogManagementSystem.Controllers.CLBlogController.UpdateBlog (BlogManagementSystem)
2025-04-14 12:43:43.6625 | INFO | Microsoft.AspNetCore.Mvc.Infrastructure.ObjectResultExecutor | Executing OkObjectResult, writing value of type 'BlogManagementSystem.Models.Response'.
2025-04-14 12:43:43.6625 | INFO | Microsoft.AspNetCore.Mvc.Infrastructure.ControllerActionInvoker | Executed action BlogManagementSystem.Controllers.CLBlogController.UpdateBlog (BlogManagementSystem) in 0.6582ms
2025-04-14 12:43:43.6625 | INFO | Microsoft.AspNetCore.Routing.EndpointMiddleware | Executed endpoint 'BlogManagementSystem.Controllers.CLBlogController.UpdateBlog (BlogManagementSystem)'
2025-04-14 12:43:43.6625 | INFO | Microsoft.AspNetCore.Hosting.Diagnostics | Request finished HTTP/1.1 PUT http://localhost:5095/api/CLBlog/update-blog application/json 29 - 200 57 application/json;+charset=utf-8 0.9972ms
2025-04-14 12:43:43.6729 | INFO | Microsoft.AspNetCore.Hosting.Diagnostics | Request starting HTTP/1.1 GET http://localhost:5095/api/CLBlog/get-all-blogs?pageSize=5&pageNumber=1&sorting=g01F02%20DESC - -
2025-04-14 12:43:43.6729 | INFO | Microsoft.AspNetCore.Cors.Infrastructure.CorsService | CORS policy execution successful.
2025-04-14 12:43:43.6729 | INFO | Microsoft.AspNetCore.Routing.EndpointMiddleware | Executing endpoint 'BlogManagementSystem.Controllers.CLBlogController.GetAllBlogs (BlogManagementSystem)'
2025-04-14 12:43:43.6729 | INFO | Microsoft.AspNetCore.Mvc.Infrastructure.ControllerActionInvoker | Route matched with {action = "GetAllBlogs", controller = "CLBlog"}. Executing controller action with signature Microsoft.AspNetCore.Mvc.IActionResult GetAllBlogs(Int32, Int32, System.String) on controller BlogManagementSystem.Controllers.CLBlogController (BlogManagementSystem).
2025-04-14 12:43:43.6729 | INFO | BlogManagementSystem.Filters.LogActionFilter | Executing action: BlogManagementSystem.Controllers.CLBlogController.GetAllBlogs (BlogManagementSystem)
2025-04-14 12:43:43.6729 | INFO | BlogManagementSystem.Controllers.CLBlogController | Fetching all blog posts.
2025-04-14 12:43:43.6729 | INFO | BlogManagementSystem.Filters.LogActionFilter | Action executed successfully: BlogManagementSystem.Controllers.CLBlogController.GetAllBlogs (BlogManagementSystem)
2025-04-14 12:43:43.6729 | INFO | Microsoft.AspNetCore.Mvc.Infrastructure.ObjectResultExecutor | Executing OkObjectResult, writing value of type 'BlogManagementSystem.Models.Response'.
2025-04-14 12:43:43.6729 | INFO | Microsoft.AspNetCore.Mvc.Infrastructure.ControllerActionInvoker | Executed action BlogManagementSystem.Controllers.CLBlogController.GetAllBlogs (BlogManagementSystem) in 3.7654ms
2025-04-14 12:43:43.6729 | INFO | Microsoft.AspNetCore.Routing.EndpointMiddleware | Executed endpoint 'BlogManagementSystem.Controllers.CLBlogController.GetAllBlogs (BlogManagementSystem)'
2025-04-14 12:43:43.6729 | INFO | Microsoft.AspNetCore.Hosting.Diagnostics | Request finished HTTP/1.1 GET http://localhost:5095/api/CLBlog/get-all-blogs?pageSize=5&pageNumber=1&sorting=g01F02%20DESC - - - 200 298 application/json;+charset=utf-8 4.2072ms
2025-04-14 12:43:52.2387 | INFO | Microsoft.AspNetCore.Hosting.Diagnostics | Request starting HTTP/1.1 GET http://localhost:5095/api/CLBlog/get-all-blogs?pageSize=5&pageNumber=1&sorting=g01F02%20DESC - -
2025-04-14 12:43:52.2387 | INFO | Microsoft.AspNetCore.Cors.Infrastructure.CorsService | CORS policy execution successful.
2025-04-14 12:43:52.2387 | INFO | Microsoft.AspNetCore.Routing.EndpointMiddleware | Executing endpoint 'BlogManagementSystem.Controllers.CLBlogController.GetAllBlogs (BlogManagementSystem)'
2025-04-14 12:43:52.2387 | INFO | Microsoft.AspNetCore.Mvc.Infrastructure.ControllerActionInvoker | Route matched with {action = "GetAllBlogs", controller = "CLBlog"}. Executing controller action with signature Microsoft.AspNetCore.Mvc.IActionResult GetAllBlogs(Int32, Int32, System.String) on controller BlogManagementSystem.Controllers.CLBlogController (BlogManagementSystem).
2025-04-14 12:43:52.2387 | INFO | BlogManagementSystem.Filters.LogActionFilter | Executing action: BlogManagementSystem.Controllers.CLBlogController.GetAllBlogs (BlogManagementSystem)
2025-04-14 12:43:52.2387 | INFO | BlogManagementSystem.Controllers.CLBlogController | Fetching all blog posts.
2025-04-14 12:43:52.2387 | INFO | BlogManagementSystem.Filters.LogActionFilter | Action executed successfully: BlogManagementSystem.Controllers.CLBlogController.GetAllBlogs (BlogManagementSystem)
2025-04-14 12:43:52.2387 | INFO | Microsoft.AspNetCore.Mvc.Infrastructure.ObjectResultExecutor | Executing OkObjectResult, writing value of type 'BlogManagementSystem.Models.Response'.
2025-04-14 12:43:52.2387 | INFO | Microsoft.AspNetCore.Mvc.Infrastructure.ControllerActionInvoker | Executed action BlogManagementSystem.Controllers.CLBlogController.GetAllBlogs (BlogManagementSystem) in 5.3492ms
2025-04-14 12:43:52.2387 | INFO | Microsoft.AspNetCore.Routing.EndpointMiddleware | Executed endpoint 'BlogManagementSystem.Controllers.CLBlogController.GetAllBlogs (BlogManagementSystem)'
2025-04-14 12:43:52.2387 | INFO | Microsoft.AspNetCore.Hosting.Diagnostics | Request finished HTTP/1.1 GET http://localhost:5095/api/CLBlog/get-all-blogs?pageSize=5&pageNumber=1&sorting=g01F02%20DESC - - - 200 298 application/json;+charset=utf-8 6.0451ms
2025-04-14 12:43:55.4393 | INFO | Microsoft.AspNetCore.Hosting.Diagnostics | Request starting HTTP/1.1 GET http://localhost:5095/api/CLBlog/get-all-blogs?pageSize=5&pageNumber=1&sorting=g01F02%20DESC - -
2025-04-14 12:43:55.4393 | INFO | Microsoft.AspNetCore.Cors.Infrastructure.CorsService | CORS policy execution successful.
2025-04-14 12:43:55.4393 | INFO | Microsoft.AspNetCore.Routing.EndpointMiddleware | Executing endpoint 'BlogManagementSystem.Controllers.CLBlogController.GetAllBlogs (BlogManagementSystem)'
2025-04-14 12:43:55.4393 | INFO | Microsoft.AspNetCore.Mvc.Infrastructure.ControllerActionInvoker | Route matched with {action = "GetAllBlogs", controller = "CLBlog"}. Executing controller action with signature Microsoft.AspNetCore.Mvc.IActionResult GetAllBlogs(Int32, Int32, System.String) on controller BlogManagementSystem.Controllers.CLBlogController (BlogManagementSystem).
2025-04-14 12:43:55.4393 | INFO | BlogManagementSystem.Filters.LogActionFilter | Executing action: BlogManagementSystem.Controllers.CLBlogController.GetAllBlogs (BlogManagementSystem)
2025-04-14 12:43:55.4393 | INFO | BlogManagementSystem.Controllers.CLBlogController | Fetching all blog posts.
2025-04-14 12:43:55.4393 | INFO | BlogManagementSystem.Filters.LogActionFilter | Action executed successfully: BlogManagementSystem.Controllers.CLBlogController.GetAllBlogs (BlogManagementSystem)
2025-04-14 12:43:55.4393 | INFO | Microsoft.AspNetCore.Mvc.Infrastructure.ObjectResultExecutor | Executing OkObjectResult, writing value of type 'BlogManagementSystem.Models.Response'.
2025-04-14 12:43:55.4393 | INFO | Microsoft.AspNetCore.Mvc.Infrastructure.ControllerActionInvoker | Executed action BlogManagementSystem.Controllers.CLBlogController.GetAllBlogs (BlogManagementSystem) in 6.3543ms
2025-04-14 12:43:55.4393 | INFO | Microsoft.AspNetCore.Routing.EndpointMiddleware | Executed endpoint 'BlogManagementSystem.Controllers.CLBlogController.GetAllBlogs (BlogManagementSystem)'
2025-04-14 12:43:55.4393 | INFO | Microsoft.AspNetCore.Hosting.Diagnostics | Request finished HTTP/1.1 GET http://localhost:5095/api/CLBlog/get-all-blogs?pageSize=5&pageNumber=1&sorting=g01F02%20DESC - - - 200 298 application/json;+charset=utf-8 6.8861ms
2025-04-14 12:43:57.3990 | INFO | Microsoft.AspNetCore.Hosting.Diagnostics | Request starting HTTP/1.1 GET http://localhost:5095/api/CLBlog/get-all-blogs?pageSize=5&pageNumber=2&sorting=g01F02%20DESC - -
2025-04-14 12:43:57.3990 | INFO | Microsoft.AspNetCore.Cors.Infrastructure.CorsService | CORS policy execution successful.
2025-04-14 12:43:57.3990 | INFO | Microsoft.AspNetCore.Routing.EndpointMiddleware | Executing endpoint 'BlogManagementSystem.Controllers.CLBlogController.GetAllBlogs (BlogManagementSystem)'
2025-04-14 12:43:57.3990 | INFO | Microsoft.AspNetCore.Mvc.Infrastructure.ControllerActionInvoker | Route matched with {action = "GetAllBlogs", controller = "CLBlog"}. Executing controller action with signature Microsoft.AspNetCore.Mvc.IActionResult GetAllBlogs(Int32, Int32, System.String) on controller BlogManagementSystem.Controllers.CLBlogController (BlogManagementSystem).
2025-04-14 12:43:57.3990 | INFO | BlogManagementSystem.Filters.LogActionFilter | Executing action: BlogManagementSystem.Controllers.CLBlogController.GetAllBlogs (BlogManagementSystem)
2025-04-14 12:43:57.3990 | INFO | BlogManagementSystem.Controllers.CLBlogController | Fetching all blog posts.
2025-04-14 12:43:57.3990 | INFO | BlogManagementSystem.Filters.LogActionFilter | Action executed successfully: BlogManagementSystem.Controllers.CLBlogController.GetAllBlogs (BlogManagementSystem)
2025-04-14 12:43:57.3990 | INFO | Microsoft.AspNetCore.Mvc.Infrastructure.ObjectResultExecutor | Executing OkObjectResult, writing value of type 'BlogManagementSystem.Models.Response'.
2025-04-14 12:43:57.3990 | INFO | Microsoft.AspNetCore.Mvc.Infrastructure.ControllerActionInvoker | Executed action BlogManagementSystem.Controllers.CLBlogController.GetAllBlogs (BlogManagementSystem) in 3.7969ms
2025-04-14 12:43:57.3990 | INFO | Microsoft.AspNetCore.Routing.EndpointMiddleware | Executed endpoint 'BlogManagementSystem.Controllers.CLBlogController.GetAllBlogs (BlogManagementSystem)'
2025-04-14 12:43:57.3990 | INFO | Microsoft.AspNetCore.Hosting.Diagnostics | Request finished HTTP/1.1 GET http://localhost:5095/api/CLBlog/get-all-blogs?pageSize=5&pageNumber=2&sorting=g01F02%20DESC - - - 200 283 application/json;+charset=utf-8 4.4397ms
2025-04-14 12:43:59.9898 | INFO | Microsoft.AspNetCore.Hosting.Diagnostics | Request starting HTTP/1.1 GET http://localhost:5095/api/CLBlog/get-all-blogs?pageSize=5&pageNumber=3&sorting=g01F02%20DESC - -
2025-04-14 12:43:59.9898 | INFO | Microsoft.AspNetCore.Cors.Infrastructure.CorsService | CORS policy execution successful.
2025-04-14 12:43:59.9898 | INFO | Microsoft.AspNetCore.Routing.EndpointMiddleware | Executing endpoint 'BlogManagementSystem.Controllers.CLBlogController.GetAllBlogs (BlogManagementSystem)'
2025-04-14 12:43:59.9898 | INFO | Microsoft.AspNetCore.Mvc.Infrastructure.ControllerActionInvoker | Route matched with {action = "GetAllBlogs", controller = "CLBlog"}. Executing controller action with signature Microsoft.AspNetCore.Mvc.IActionResult GetAllBlogs(Int32, Int32, System.String) on controller BlogManagementSystem.Controllers.CLBlogController (BlogManagementSystem).
2025-04-14 12:43:59.9898 | INFO | BlogManagementSystem.Filters.LogActionFilter | Executing action: BlogManagementSystem.Controllers.CLBlogController.GetAllBlogs (BlogManagementSystem)
2025-04-14 12:43:59.9898 | INFO | BlogManagementSystem.Controllers.CLBlogController | Fetching all blog posts.
2025-04-14 12:43:59.9898 | INFO | BlogManagementSystem.Filters.LogActionFilter | Action executed successfully: BlogManagementSystem.Controllers.CLBlogController.GetAllBlogs (BlogManagementSystem)
2025-04-14 12:43:59.9898 | INFO | Microsoft.AspNetCore.Mvc.Infrastructure.ObjectResultExecutor | Executing OkObjectResult, writing value of type 'BlogManagementSystem.Models.Response'.
2025-04-14 12:43:59.9898 | INFO | Microsoft.AspNetCore.Mvc.Infrastructure.ControllerActionInvoker | Executed action BlogManagementSystem.Controllers.CLBlogController.GetAllBlogs (BlogManagementSystem) in 4.1321ms
2025-04-14 12:43:59.9898 | INFO | Microsoft.AspNetCore.Routing.EndpointMiddleware | Executed endpoint 'BlogManagementSystem.Controllers.CLBlogController.GetAllBlogs (BlogManagementSystem)'
2025-04-14 12:43:59.9898 | INFO | Microsoft.AspNetCore.Hosting.Diagnostics | Request finished HTTP/1.1 GET http://localhost:5095/api/CLBlog/get-all-blogs?pageSize=5&pageNumber=3&sorting=g01F02%20DESC - - - 200 148 application/json;+charset=utf-8 4.6273ms
2025-04-14 12:44:01.4637 | INFO | Microsoft.AspNetCore.Hosting.Diagnostics | Request starting HTTP/1.1 GET http://localhost:5095/api/CLBlog/get-all-blogs?pageSize=5&pageNumber=1&sorting=g01F02%20DESC - -
2025-04-14 12:44:01.4637 | INFO | Microsoft.AspNetCore.Cors.Infrastructure.CorsService | CORS policy execution successful.
2025-04-14 12:44:01.4637 | INFO | Microsoft.AspNetCore.Routing.EndpointMiddleware | Executing endpoint 'BlogManagementSystem.Controllers.CLBlogController.GetAllBlogs (BlogManagementSystem)'
2025-04-14 12:44:01.4637 | INFO | Microsoft.AspNetCore.Mvc.Infrastructure.ControllerActionInvoker | Route matched with {action = "GetAllBlogs", controller = "CLBlog"}. Executing controller action with signature Microsoft.AspNetCore.Mvc.IActionResult GetAllBlogs(Int32, Int32, System.String) on controller BlogManagementSystem.Controllers.CLBlogController (BlogManagementSystem).
2025-04-14 12:44:01.4637 | INFO | BlogManagementSystem.Filters.LogActionFilter | Executing action: BlogManagementSystem.Controllers.CLBlogController.GetAllBlogs (BlogManagementSystem)
2025-04-14 12:44:01.4637 | INFO | BlogManagementSystem.Controllers.CLBlogController | Fetching all blog posts.
2025-04-14 12:44:01.4672 | INFO | BlogManagementSystem.Filters.LogActionFilter | Action executed successfully: BlogManagementSystem.Controllers.CLBlogController.GetAllBlogs (BlogManagementSystem)
2025-04-14 12:44:01.4672 | INFO | Microsoft.AspNetCore.Mvc.Infrastructure.ObjectResultExecutor | Executing OkObjectResult, writing value of type 'BlogManagementSystem.Models.Response'.
2025-04-14 12:44:01.4672 | INFO | Microsoft.AspNetCore.Mvc.Infrastructure.ControllerActionInvoker | Executed action BlogManagementSystem.Controllers.CLBlogController.GetAllBlogs (BlogManagementSystem) in 3.2836ms
2025-04-14 12:44:01.4672 | INFO | Microsoft.AspNetCore.Routing.EndpointMiddleware | Executed endpoint 'BlogManagementSystem.Controllers.CLBlogController.GetAllBlogs (BlogManagementSystem)'
2025-04-14 12:44:01.4672 | INFO | Microsoft.AspNetCore.Hosting.Diagnostics | Request finished HTTP/1.1 GET http://localhost:5095/api/CLBlog/get-all-blogs?pageSize=5&pageNumber=1&sorting=g01F02%20DESC - - - 200 298 application/json;+charset=utf-8 3.7773ms
2025-04-14 12:44:25.3999 | INFO | Microsoft.AspNetCore.Hosting.Diagnostics | Request starting HTTP/1.1 GET http://localhost:5095/api/CLBlog/get-all-blogs?pageSize=5&pageNumber=1&sorting=g01F02%20DESC - -
2025-04-14 12:44:25.3999 | INFO | Microsoft.AspNetCore.Cors.Infrastructure.CorsService | CORS policy execution successful.
2025-04-14 12:44:25.3999 | INFO | Microsoft.AspNetCore.Routing.EndpointMiddleware | Executing endpoint 'BlogManagementSystem.Controllers.CLBlogController.GetAllBlogs (BlogManagementSystem)'
2025-04-14 12:44:25.3999 | INFO | Microsoft.AspNetCore.Mvc.Infrastructure.ControllerActionInvoker | Route matched with {action = "GetAllBlogs", controller = "CLBlog"}. Executing controller action with signature Microsoft.AspNetCore.Mvc.IActionResult GetAllBlogs(Int32, Int32, System.String) on controller BlogManagementSystem.Controllers.CLBlogController (BlogManagementSystem).
2025-04-14 12:44:25.3999 | INFO | BlogManagementSystem.Filters.LogActionFilter | Executing action: BlogManagementSystem.Controllers.CLBlogController.GetAllBlogs (BlogManagementSystem)
2025-04-14 12:44:25.3999 | INFO | BlogManagementSystem.Controllers.CLBlogController | Fetching all blog posts.
2025-04-14 12:44:25.3999 | INFO | BlogManagementSystem.Filters.LogActionFilter | Action executed successfully: BlogManagementSystem.Controllers.CLBlogController.GetAllBlogs (BlogManagementSystem)
2025-04-14 12:44:25.4040 | INFO | Microsoft.AspNetCore.Mvc.Infrastructure.ObjectResultExecutor | Executing OkObjectResult, writing value of type 'BlogManagementSystem.Models.Response'.
2025-04-14 12:44:25.4040 | INFO | Microsoft.AspNetCore.Mvc.Infrastructure.ControllerActionInvoker | Executed action BlogManagementSystem.Controllers.CLBlogController.GetAllBlogs (BlogManagementSystem) in 3.7872ms
2025-04-14 12:44:25.4040 | INFO | Microsoft.AspNetCore.Routing.EndpointMiddleware | Executed endpoint 'BlogManagementSystem.Controllers.CLBlogController.GetAllBlogs (BlogManagementSystem)'
2025-04-14 12:44:25.4040 | INFO | Microsoft.AspNetCore.Hosting.Diagnostics | Request finished HTTP/1.1 GET http://localhost:5095/api/CLBlog/get-all-blogs?pageSize=5&pageNumber=1&sorting=g01F02%20DESC - - - 200 298 application/json;+charset=utf-8 4.2617ms
2025-04-14 12:44:26.9098 | INFO | Microsoft.AspNetCore.Hosting.Diagnostics | Request starting HTTP/1.1 GET http://localhost:5095/api/CLBlog/get-blog-by-id/8 - -
2025-04-14 12:44:26.9098 | INFO | Microsoft.AspNetCore.Cors.Infrastructure.CorsService | CORS policy execution successful.
2025-04-14 12:44:26.9098 | INFO | Microsoft.AspNetCore.Routing.EndpointMiddleware | Executing endpoint 'BlogManagementSystem.Controllers.CLBlogController.GetBlogByID (BlogManagementSystem)'
2025-04-14 12:44:26.9098 | INFO | Microsoft.AspNetCore.Mvc.Infrastructure.ControllerActionInvoker | Route matched with {action = "GetBlogByID", controller = "CLBlog"}. Executing controller action with signature Microsoft.AspNetCore.Mvc.IActionResult GetBlogByID(Int32) on controller BlogManagementSystem.Controllers.CLBlogController (BlogManagementSystem).
2025-04-14 12:44:26.9098 | INFO | BlogManagementSystem.Filters.LogActionFilter | Executing action: BlogManagementSystem.Controllers.CLBlogController.GetBlogByID (BlogManagementSystem)
2025-04-14 12:44:26.9098 | INFO | BlogManagementSystem.Controllers.CLBlogController | Fetching blog post with ID 8.
2025-04-14 12:44:26.9098 | INFO | BlogManagementSystem.Filters.LogActionFilter | Action executed successfully: BlogManagementSystem.Controllers.CLBlogController.GetBlogByID (BlogManagementSystem)
2025-04-14 12:44:26.9098 | INFO | Microsoft.AspNetCore.Mvc.Infrastructure.ObjectResultExecutor | Executing OkObjectResult, writing value of type 'BlogManagementSystem.Models.Response'.
2025-04-14 12:44:26.9098 | INFO | Microsoft.AspNetCore.Mvc.Infrastructure.ControllerActionInvoker | Executed action BlogManagementSystem.Controllers.CLBlogController.GetBlogByID (BlogManagementSystem) in 1.4346ms
2025-04-14 12:44:26.9098 | INFO | Microsoft.AspNetCore.Routing.EndpointMiddleware | Executed endpoint 'BlogManagementSystem.Controllers.CLBlogController.GetBlogByID (BlogManagementSystem)'
2025-04-14 12:44:26.9098 | INFO | Microsoft.AspNetCore.Hosting.Diagnostics | Request finished HTTP/1.1 GET http://localhost:5095/api/CLBlog/get-blog-by-id/8 - - - 200 103 application/json;+charset=utf-8 1.8588ms
2025-04-14 12:44:31.5025 | INFO | Microsoft.AspNetCore.Hosting.Diagnostics | Request starting HTTP/1.1 OPTIONS http://localhost:5095/api/CLBlog/update-blog - -
2025-04-14 12:44:31.5025 | INFO | Microsoft.AspNetCore.Cors.Infrastructure.CorsService | CORS policy execution successful.
2025-04-14 12:44:31.5025 | INFO | Microsoft.AspNetCore.Hosting.Diagnostics | Request finished HTTP/1.1 OPTIONS http://localhost:5095/api/CLBlog/update-blog - - - 204 - - 0.4416ms
2025-04-14 12:44:31.5025 | INFO | Microsoft.AspNetCore.Hosting.Diagnostics | Request starting HTTP/1.1 PUT http://localhost:5095/api/CLBlog/update-blog application/json 34
2025-04-14 12:44:31.5025 | INFO | Microsoft.AspNetCore.Cors.Infrastructure.CorsService | CORS policy execution successful.
2025-04-14 12:44:31.5025 | INFO | Microsoft.AspNetCore.Routing.EndpointMiddleware | Executing endpoint 'BlogManagementSystem.Controllers.CLBlogController.UpdateBlog (BlogManagementSystem)'
2025-04-14 12:44:31.5025 | INFO | Microsoft.AspNetCore.Mvc.Infrastructure.ControllerActionInvoker | Route matched with {action = "UpdateBlog", controller = "CLBlog"}. Executing controller action with signature Microsoft.AspNetCore.Mvc.IActionResult UpdateBlog(BlogManagementSystem.Models.DTO.DTOBLG01) on controller BlogManagementSystem.Controllers.CLBlogController (BlogManagementSystem).
2025-04-14 12:44:31.5025 | INFO | BlogManagementSystem.Filters.LogActionFilter | Executing action: BlogManagementSystem.Controllers.CLBlogController.UpdateBlog (BlogManagementSystem)
2025-04-14 12:44:31.5025 | INFO | BlogManagementSystem.Controllers.CLBlogController | Updating blog post with ID 0.
2025-04-14 12:44:31.5025 | INFO | BlogManagementSystem.Filters.LogActionFilter | Action executed successfully: BlogManagementSystem.Controllers.CLBlogController.UpdateBlog (BlogManagementSystem)
2025-04-14 12:44:31.5025 | INFO | Microsoft.AspNetCore.Mvc.Infrastructure.ObjectResultExecutor | Executing OkObjectResult, writing value of type 'BlogManagementSystem.Models.Response'.
2025-04-14 12:44:31.5025 | INFO | Microsoft.AspNetCore.Mvc.Infrastructure.ControllerActionInvoker | Executed action BlogManagementSystem.Controllers.CLBlogController.UpdateBlog (BlogManagementSystem) in 0.5788ms
2025-04-14 12:44:31.5025 | INFO | Microsoft.AspNetCore.Routing.EndpointMiddleware | Executed endpoint 'BlogManagementSystem.Controllers.CLBlogController.UpdateBlog (BlogManagementSystem)'
2025-04-14 12:44:31.5025 | INFO | Microsoft.AspNetCore.Hosting.Diagnostics | Request finished HTTP/1.1 PUT http://localhost:5095/api/CLBlog/update-blog application/json 34 - 200 57 application/json;+charset=utf-8 0.8425ms
2025-04-14 12:44:31.5025 | INFO | Microsoft.AspNetCore.Hosting.Diagnostics | Request starting HTTP/1.1 GET http://localhost:5095/api/CLBlog/get-all-blogs?pageSize=5&pageNumber=1&sorting=g01F02%20DESC - -
2025-04-14 12:44:31.5025 | INFO | Microsoft.AspNetCore.Cors.Infrastructure.CorsService | CORS policy execution successful.
2025-04-14 12:44:31.5025 | INFO | Microsoft.AspNetCore.Routing.EndpointMiddleware | Executing endpoint 'BlogManagementSystem.Controllers.CLBlogController.GetAllBlogs (BlogManagementSystem)'
2025-04-14 12:44:31.5025 | INFO | Microsoft.AspNetCore.Mvc.Infrastructure.ControllerActionInvoker | Route matched with {action = "GetAllBlogs", controller = "CLBlog"}. Executing controller action with signature Microsoft.AspNetCore.Mvc.IActionResult GetAllBlogs(Int32, Int32, System.String) on controller BlogManagementSystem.Controllers.CLBlogController (BlogManagementSystem).
2025-04-14 12:44:31.5025 | INFO | BlogManagementSystem.Filters.LogActionFilter | Executing action: BlogManagementSystem.Controllers.CLBlogController.GetAllBlogs (BlogManagementSystem)
2025-04-14 12:44:31.5025 | INFO | BlogManagementSystem.Controllers.CLBlogController | Fetching all blog posts.
2025-04-14 12:44:31.5148 | INFO | BlogManagementSystem.Filters.LogActionFilter | Action executed successfully: BlogManagementSystem.Controllers.CLBlogController.GetAllBlogs (BlogManagementSystem)
2025-04-14 12:44:31.5148 | INFO | Microsoft.AspNetCore.Mvc.Infrastructure.ObjectResultExecutor | Executing OkObjectResult, writing value of type 'BlogManagementSystem.Models.Response'.
2025-04-14 12:44:31.5148 | INFO | Microsoft.AspNetCore.Mvc.Infrastructure.ControllerActionInvoker | Executed action BlogManagementSystem.Controllers.CLBlogController.GetAllBlogs (BlogManagementSystem) in 3.4601ms
2025-04-14 12:44:31.5148 | INFO | Microsoft.AspNetCore.Routing.EndpointMiddleware | Executed endpoint 'BlogManagementSystem.Controllers.CLBlogController.GetAllBlogs (BlogManagementSystem)'
2025-04-14 12:44:31.5148 | INFO | Microsoft.AspNetCore.Hosting.Diagnostics | Request finished HTTP/1.1 GET http://localhost:5095/api/CLBlog/get-all-blogs?pageSize=5&pageNumber=1&sorting=g01F02%20DESC - - - 200 298 application/json;+charset=utf-8 3.8848ms
2025-04-14 12:44:59.8678 | INFO | Microsoft.AspNetCore.Hosting.Diagnostics | Request starting HTTP/1.1 GET http://localhost:5095/api/CLBlog/get-all-blogs?pageSize=5&pageNumber=1&sorting=g01F02%20DESC - -
2025-04-14 12:44:59.8678 | INFO | Microsoft.AspNetCore.Cors.Infrastructure.CorsService | CORS policy execution successful.
2025-04-14 12:44:59.8678 | INFO | Microsoft.AspNetCore.Routing.EndpointMiddleware | Executing endpoint 'BlogManagementSystem.Controllers.CLBlogController.GetAllBlogs (BlogManagementSystem)'
2025-04-14 12:44:59.8678 | INFO | Microsoft.AspNetCore.Mvc.Infrastructure.ControllerActionInvoker | Route matched with {action = "GetAllBlogs", controller = "CLBlog"}. Executing controller action with signature Microsoft.AspNetCore.Mvc.IActionResult GetAllBlogs(Int32, Int32, System.String) on controller BlogManagementSystem.Controllers.CLBlogController (BlogManagementSystem).
2025-04-14 12:44:59.8678 | INFO | BlogManagementSystem.Filters.LogActionFilter | Executing action: BlogManagementSystem.Controllers.CLBlogController.GetAllBlogs (BlogManagementSystem)
2025-04-14 12:44:59.8678 | INFO | BlogManagementSystem.Controllers.CLBlogController | Fetching all blog posts.
2025-04-14 12:44:59.8678 | INFO | BlogManagementSystem.Filters.LogActionFilter | Action executed successfully: BlogManagementSystem.Controllers.CLBlogController.GetAllBlogs (BlogManagementSystem)
2025-04-14 12:44:59.8678 | INFO | Microsoft.AspNetCore.Mvc.Infrastructure.ObjectResultExecutor | Executing OkObjectResult, writing value of type 'BlogManagementSystem.Models.Response'.
2025-04-14 12:44:59.8678 | INFO | Microsoft.AspNetCore.Mvc.Infrastructure.ControllerActionInvoker | Executed action BlogManagementSystem.Controllers.CLBlogController.GetAllBlogs (BlogManagementSystem) in 3.6592ms
2025-04-14 12:44:59.8678 | INFO | Microsoft.AspNetCore.Routing.EndpointMiddleware | Executed endpoint 'BlogManagementSystem.Controllers.CLBlogController.GetAllBlogs (BlogManagementSystem)'
2025-04-14 12:44:59.8678 | INFO | Microsoft.AspNetCore.Hosting.Diagnostics | Request finished HTTP/1.1 GET http://localhost:5095/api/CLBlog/get-all-blogs?pageSize=5&pageNumber=1&sorting=g01F02%20DESC - - - 200 298 application/json;+charset=utf-8 4.1372ms
2025-04-14 12:45:00.2249 | INFO | Microsoft.AspNetCore.Hosting.Diagnostics | Request starting HTTP/1.1 GET http://localhost:5095/api/CLBlog/get-all-blogs?pageSize=5&pageNumber=1&sorting=g01F02%20DESC - -
2025-04-14 12:45:00.2249 | INFO | Microsoft.AspNetCore.Cors.Infrastructure.CorsService | CORS policy execution successful.
2025-04-14 12:45:00.2249 | INFO | Microsoft.AspNetCore.Routing.EndpointMiddleware | Executing endpoint 'BlogManagementSystem.Controllers.CLBlogController.GetAllBlogs (BlogManagementSystem)'
2025-04-14 12:45:00.2249 | INFO | Microsoft.AspNetCore.Mvc.Infrastructure.ControllerActionInvoker | Route matched with {action = "GetAllBlogs", controller = "CLBlog"}. Executing controller action with signature Microsoft.AspNetCore.Mvc.IActionResult GetAllBlogs(Int32, Int32, System.String) on controller BlogManagementSystem.Controllers.CLBlogController (BlogManagementSystem).
2025-04-14 12:45:00.2249 | INFO | BlogManagementSystem.Filters.LogActionFilter | Executing action: BlogManagementSystem.Controllers.CLBlogController.GetAllBlogs (BlogManagementSystem)
2025-04-14 12:45:00.2249 | INFO | BlogManagementSystem.Controllers.CLBlogController | Fetching all blog posts.
2025-04-14 12:45:00.2249 | INFO | BlogManagementSystem.Filters.LogActionFilter | Action executed successfully: BlogManagementSystem.Controllers.CLBlogController.GetAllBlogs (BlogManagementSystem)
2025-04-14 12:45:00.2249 | INFO | Microsoft.AspNetCore.Mvc.Infrastructure.ObjectResultExecutor | Executing OkObjectResult, writing value of type 'BlogManagementSystem.Models.Response'.
2025-04-14 12:45:00.2249 | INFO | Microsoft.AspNetCore.Mvc.Infrastructure.ControllerActionInvoker | Executed action BlogManagementSystem.Controllers.CLBlogController.GetAllBlogs (BlogManagementSystem) in 3.7103ms
2025-04-14 12:45:00.2249 | INFO | Microsoft.AspNetCore.Routing.EndpointMiddleware | Executed endpoint 'BlogManagementSystem.Controllers.CLBlogController.GetAllBlogs (BlogManagementSystem)'
2025-04-14 12:45:00.2249 | INFO | Microsoft.AspNetCore.Hosting.Diagnostics | Request finished HTTP/1.1 GET http://localhost:5095/api/CLBlog/get-all-blogs?pageSize=5&pageNumber=1&sorting=g01F02%20DESC - - - 200 298 application/json;+charset=utf-8 4.1822ms
2025-04-14 12:45:00.6953 | INFO | Microsoft.AspNetCore.Hosting.Diagnostics | Request starting HTTP/1.1 GET http://localhost:5095/api/CLBlog/get-all-blogs?pageSize=5&pageNumber=1&sorting=g01F02%20DESC - -
2025-04-14 12:45:00.6953 | INFO | Microsoft.AspNetCore.Cors.Infrastructure.CorsService | CORS policy execution successful.
2025-04-14 12:45:00.6953 | INFO | Microsoft.AspNetCore.Routing.EndpointMiddleware | Executing endpoint 'BlogManagementSystem.Controllers.CLBlogController.GetAllBlogs (BlogManagementSystem)'
2025-04-14 12:45:00.6953 | INFO | Microsoft.AspNetCore.Mvc.Infrastructure.ControllerActionInvoker | Route matched with {action = "GetAllBlogs", controller = "CLBlog"}. Executing controller action with signature Microsoft.AspNetCore.Mvc.IActionResult GetAllBlogs(Int32, Int32, System.String) on controller BlogManagementSystem.Controllers.CLBlogController (BlogManagementSystem).
2025-04-14 12:45:00.6953 | INFO | BlogManagementSystem.Filters.LogActionFilter | Executing action: BlogManagementSystem.Controllers.CLBlogController.GetAllBlogs (BlogManagementSystem)
2025-04-14 12:45:00.6953 | INFO | BlogManagementSystem.Controllers.CLBlogController | Fetching all blog posts.
2025-04-14 12:45:00.6953 | INFO | BlogManagementSystem.Filters.LogActionFilter | Action executed successfully: BlogManagementSystem.Controllers.CLBlogController.GetAllBlogs (BlogManagementSystem)
2025-04-14 12:45:00.6953 | INFO | Microsoft.AspNetCore.Mvc.Infrastructure.ObjectResultExecutor | Executing OkObjectResult, writing value of type 'BlogManagementSystem.Models.Response'.
2025-04-14 12:45:00.6953 | INFO | Microsoft.AspNetCore.Mvc.Infrastructure.ControllerActionInvoker | Executed action BlogManagementSystem.Controllers.CLBlogController.GetAllBlogs (BlogManagementSystem) in 3.3016ms
2025-04-14 12:45:00.6953 | INFO | Microsoft.AspNetCore.Routing.EndpointMiddleware | Executed endpoint 'BlogManagementSystem.Controllers.CLBlogController.GetAllBlogs (BlogManagementSystem)'
2025-04-14 12:45:00.6953 | INFO | Microsoft.AspNetCore.Hosting.Diagnostics | Request finished HTTP/1.1 GET http://localhost:5095/api/CLBlog/get-all-blogs?pageSize=5&pageNumber=1&sorting=g01F02%20DESC - - - 200 298 application/json;+charset=utf-8 3.7413ms
2025-04-14 12:45:03.1905 | INFO | Microsoft.AspNetCore.Hosting.Diagnostics | Request starting HTTP/1.1 GET http://localhost:5095/api/CLBlog/get-blog-by-id/12 - -
2025-04-14 12:45:03.1905 | INFO | Microsoft.AspNetCore.Cors.Infrastructure.CorsService | CORS policy execution successful.
2025-04-14 12:45:03.1905 | INFO | Microsoft.AspNetCore.Routing.EndpointMiddleware | Executing endpoint 'BlogManagementSystem.Controllers.CLBlogController.GetBlogByID (BlogManagementSystem)'
2025-04-14 12:45:03.1905 | INFO | Microsoft.AspNetCore.Mvc.Infrastructure.ControllerActionInvoker | Route matched with {action = "GetBlogByID", controller = "CLBlog"}. Executing controller action with signature Microsoft.AspNetCore.Mvc.IActionResult GetBlogByID(Int32) on controller BlogManagementSystem.Controllers.CLBlogController (BlogManagementSystem).
2025-04-14 12:45:03.1905 | INFO | BlogManagementSystem.Filters.LogActionFilter | Executing action: BlogManagementSystem.Controllers.CLBlogController.GetBlogByID (BlogManagementSystem)
2025-04-14 12:45:03.1905 | INFO | BlogManagementSystem.Controllers.CLBlogController | Fetching blog post with ID 12.
2025-04-14 12:45:03.1905 | INFO | BlogManagementSystem.Filters.LogActionFilter | Action executed successfully: BlogManagementSystem.Controllers.CLBlogController.GetBlogByID (BlogManagementSystem)
2025-04-14 12:45:03.1905 | INFO | Microsoft.AspNetCore.Mvc.Infrastructure.ObjectResultExecutor | Executing OkObjectResult, writing value of type 'BlogManagementSystem.Models.Response'.
2025-04-14 12:45:03.1905 | INFO | Microsoft.AspNetCore.Mvc.Infrastructure.ControllerActionInvoker | Executed action BlogManagementSystem.Controllers.CLBlogController.GetBlogByID (BlogManagementSystem) in 1.5787ms
2025-04-14 12:45:03.1905 | INFO | Microsoft.AspNetCore.Routing.EndpointMiddleware | Executed endpoint 'BlogManagementSystem.Controllers.CLBlogController.GetBlogByID (BlogManagementSystem)'
2025-04-14 12:45:03.1905 | INFO | Microsoft.AspNetCore.Hosting.Diagnostics | Request finished HTTP/1.1 GET http://localhost:5095/api/CLBlog/get-blog-by-id/12 - - - 200 111 application/json;+charset=utf-8 2.0563ms
2025-04-14 12:45:07.2713 | INFO | Microsoft.AspNetCore.Hosting.Diagnostics | Request starting HTTP/1.1 OPTIONS http://localhost:5095/api/CLBlog/update-blog - -
2025-04-14 12:45:07.2713 | INFO | Microsoft.AspNetCore.Cors.Infrastructure.CorsService | CORS policy execution successful.
2025-04-14 12:45:07.2713 | INFO | Microsoft.AspNetCore.Hosting.Diagnostics | Request finished HTTP/1.1 OPTIONS http://localhost:5095/api/CLBlog/update-blog - - - 204 - - 0.2744ms
2025-04-14 12:45:07.2713 | INFO | Microsoft.AspNetCore.Hosting.Diagnostics | Request starting HTTP/1.1 PUT http://localhost:5095/api/CLBlog/update-blog application/json 52
2025-04-14 12:45:07.2713 | INFO | Microsoft.AspNetCore.Cors.Infrastructure.CorsService | CORS policy execution successful.
2025-04-14 12:45:07.2713 | INFO | Microsoft.AspNetCore.Routing.EndpointMiddleware | Executing endpoint 'BlogManagementSystem.Controllers.CLBlogController.UpdateBlog (BlogManagementSystem)'
2025-04-14 12:45:07.2713 | INFO | Microsoft.AspNetCore.Mvc.Infrastructure.ControllerActionInvoker | Route matched with {action = "UpdateBlog", controller = "CLBlog"}. Executing controller action with signature Microsoft.AspNetCore.Mvc.IActionResult UpdateBlog(BlogManagementSystem.Models.DTO.DTOBLG01) on controller BlogManagementSystem.Controllers.CLBlogController (BlogManagementSystem).
2025-04-14 12:45:07.2713 | INFO | BlogManagementSystem.Filters.LogActionFilter | Executing action: BlogManagementSystem.Controllers.CLBlogController.UpdateBlog (BlogManagementSystem)
2025-04-14 12:45:07.2713 | INFO | BlogManagementSystem.Controllers.CLBlogController | Updating blog post with ID 12.
2025-04-14 12:45:07.2818 | INFO | BlogManagementSystem.Filters.LogActionFilter | Action executed successfully: BlogManagementSystem.Controllers.CLBlogController.UpdateBlog (BlogManagementSystem)
2025-04-14 12:45:07.2818 | INFO | Microsoft.AspNetCore.Mvc.Infrastructure.ObjectResultExecutor | Executing OkObjectResult, writing value of type 'BlogManagementSystem.Models.Response'.
2025-04-14 12:45:07.2818 | INFO | Microsoft.AspNetCore.Mvc.Infrastructure.ControllerActionInvoker | Executed action BlogManagementSystem.Controllers.CLBlogController.UpdateBlog (BlogManagementSystem) in 8.9263ms
2025-04-14 12:45:07.2818 | INFO | Microsoft.AspNetCore.Routing.EndpointMiddleware | Executed endpoint 'BlogManagementSystem.Controllers.CLBlogController.UpdateBlog (BlogManagementSystem)'
2025-04-14 12:45:07.2818 | INFO | Microsoft.AspNetCore.Hosting.Diagnostics | Request finished HTTP/1.1 PUT http://localhost:5095/api/CLBlog/update-blog application/json 52 - 200 101 application/json;+charset=utf-8 9.1915ms
2025-04-14 12:45:07.2818 | INFO | Microsoft.AspNetCore.Hosting.Diagnostics | Request starting HTTP/1.1 GET http://localhost:5095/api/CLBlog/get-all-blogs?pageSize=5&pageNumber=1&sorting=g01F02%20DESC - -
2025-04-14 12:45:07.2818 | INFO | Microsoft.AspNetCore.Cors.Infrastructure.CorsService | CORS policy execution successful.
2025-04-14 12:45:07.2818 | INFO | Microsoft.AspNetCore.Routing.EndpointMiddleware | Executing endpoint 'BlogManagementSystem.Controllers.CLBlogController.GetAllBlogs (BlogManagementSystem)'
2025-04-14 12:45:07.2818 | INFO | Microsoft.AspNetCore.Mvc.Infrastructure.ControllerActionInvoker | Route matched with {action = "GetAllBlogs", controller = "CLBlog"}. Executing controller action with signature Microsoft.AspNetCore.Mvc.IActionResult GetAllBlogs(Int32, Int32, System.String) on controller BlogManagementSystem.Controllers.CLBlogController (BlogManagementSystem).
2025-04-14 12:45:07.2818 | INFO | BlogManagementSystem.Filters.LogActionFilter | Executing action: BlogManagementSystem.Controllers.CLBlogController.GetAllBlogs (BlogManagementSystem)
2025-04-14 12:45:07.2818 | INFO | BlogManagementSystem.Controllers.CLBlogController | Fetching all blog posts.
2025-04-14 12:45:07.2818 | INFO | BlogManagementSystem.Filters.LogActionFilter | Action executed successfully: BlogManagementSystem.Controllers.CLBlogController.GetAllBlogs (BlogManagementSystem)
2025-04-14 12:45:07.2818 | INFO | Microsoft.AspNetCore.Mvc.Infrastructure.ObjectResultExecutor | Executing OkObjectResult, writing value of type 'BlogManagementSystem.Models.Response'.
2025-04-14 12:45:07.2818 | INFO | Microsoft.AspNetCore.Mvc.Infrastructure.ControllerActionInvoker | Executed action BlogManagementSystem.Controllers.CLBlogController.GetAllBlogs (BlogManagementSystem) in 2.8991ms
2025-04-14 12:45:07.2818 | INFO | Microsoft.AspNetCore.Routing.EndpointMiddleware | Executed endpoint 'BlogManagementSystem.Controllers.CLBlogController.GetAllBlogs (BlogManagementSystem)'
2025-04-14 12:45:07.2818 | INFO | Microsoft.AspNetCore.Hosting.Diagnostics | Request finished HTTP/1.1 GET http://localhost:5095/api/CLBlog/get-all-blogs?pageSize=5&pageNumber=1&sorting=g01F02%20DESC - - - 200 301 application/json;+charset=utf-8 3.2801ms
2025-04-14 12:45:12.4871 | INFO | Microsoft.AspNetCore.Hosting.Diagnostics | Request starting HTTP/1.1 OPTIONS http://localhost:5095/api/CLBlog/delete-blog/8 - -
2025-04-14 12:45:12.4871 | INFO | Microsoft.AspNetCore.Cors.Infrastructure.CorsService | CORS policy execution successful.
2025-04-14 12:45:12.4871 | INFO | Microsoft.AspNetCore.Hosting.Diagnostics | Request finished HTTP/1.1 OPTIONS http://localhost:5095/api/CLBlog/delete-blog/8 - - - 204 - - 0.2766ms
2025-04-14 12:45:12.4871 | INFO | Microsoft.AspNetCore.Hosting.Diagnostics | Request starting HTTP/1.1 DELETE http://localhost:5095/api/CLBlog/delete-blog/8 application/json -
2025-04-14 12:45:12.4871 | INFO | Microsoft.AspNetCore.Cors.Infrastructure.CorsService | CORS policy execution successful.
2025-04-14 12:45:12.4871 | INFO | Microsoft.AspNetCore.Routing.EndpointMiddleware | Executing endpoint 'BlogManagementSystem.Controllers.CLBlogController.DeleteBlog (BlogManagementSystem)'
2025-04-14 12:45:12.4871 | INFO | Microsoft.AspNetCore.Mvc.Infrastructure.ControllerActionInvoker | Route matched with {action = "DeleteBlog", controller = "CLBlog"}. Executing controller action with signature Microsoft.AspNetCore.Mvc.IActionResult DeleteBlog(Int32) on controller BlogManagementSystem.Controllers.CLBlogController (BlogManagementSystem).
2025-04-14 12:45:12.4871 | INFO | BlogManagementSystem.Filters.LogActionFilter | Executing action: BlogManagementSystem.Controllers.CLBlogController.DeleteBlog (BlogManagementSystem)
2025-04-14 12:45:12.4871 | INFO | BlogManagementSystem.Controllers.CLBlogController | Deleting blog post with ID 8.
2025-04-14 12:45:12.5073 | INFO | BlogManagementSystem.Filters.LogActionFilter | Action executed successfully: BlogManagementSystem.Controllers.CLBlogController.DeleteBlog (BlogManagementSystem)
2025-04-14 12:45:12.5073 | INFO | Microsoft.AspNetCore.Mvc.Infrastructure.ObjectResultExecutor | Executing OkObjectResult, writing value of type 'BlogManagementSystem.Models.Response'.
2025-04-14 12:45:12.5073 | INFO | Microsoft.AspNetCore.Mvc.Infrastructure.ControllerActionInvoker | Executed action BlogManagementSystem.Controllers.CLBlogController.DeleteBlog (BlogManagementSystem) in 15.1884ms
2025-04-14 12:45:12.5073 | INFO | Microsoft.AspNetCore.Routing.EndpointMiddleware | Executed endpoint 'BlogManagementSystem.Controllers.CLBlogController.DeleteBlog (BlogManagementSystem)'
2025-04-14 12:45:12.5073 | INFO | Microsoft.AspNetCore.Hosting.Diagnostics | Request finished HTTP/1.1 DELETE http://localhost:5095/api/CLBlog/delete-blog/8 application/json - - 200 93 application/json;+charset=utf-8 18.6353ms
2025-04-14 12:45:19.7820 | INFO | Microsoft.AspNetCore.Hosting.Diagnostics | Request starting HTTP/1.1 OPTIONS http://localhost:5095/api/CLBlog/delete-blog/10 - -
2025-04-14 12:45:19.7820 | INFO | Microsoft.AspNetCore.Cors.Infrastructure.CorsService | CORS policy execution successful.
2025-04-14 12:45:19.7820 | INFO | Microsoft.AspNetCore.Hosting.Diagnostics | Request finished HTTP/1.1 OPTIONS http://localhost:5095/api/CLBlog/delete-blog/10 - - - 204 - - 0.4192ms
2025-04-14 12:45:19.7820 | INFO | Microsoft.AspNetCore.Hosting.Diagnostics | Request starting HTTP/1.1 DELETE http://localhost:5095/api/CLBlog/delete-blog/10 application/json -
2025-04-14 12:45:19.7820 | INFO | Microsoft.AspNetCore.Cors.Infrastructure.CorsService | CORS policy execution successful.
2025-04-14 12:45:19.7820 | INFO | Microsoft.AspNetCore.Routing.EndpointMiddleware | Executing endpoint 'BlogManagementSystem.Controllers.CLBlogController.DeleteBlog (BlogManagementSystem)'
2025-04-14 12:45:19.7820 | INFO | Microsoft.AspNetCore.Mvc.Infrastructure.ControllerActionInvoker | Route matched with {action = "DeleteBlog", controller = "CLBlog"}. Executing controller action with signature Microsoft.AspNetCore.Mvc.IActionResult DeleteBlog(Int32) on controller BlogManagementSystem.Controllers.CLBlogController (BlogManagementSystem).
2025-04-14 12:45:19.7820 | INFO | BlogManagementSystem.Filters.LogActionFilter | Executing action: BlogManagementSystem.Controllers.CLBlogController.DeleteBlog (BlogManagementSystem)
2025-04-14 12:45:19.7820 | INFO | BlogManagementSystem.Controllers.CLBlogController | Deleting blog post with ID 10.
2025-04-14 12:45:19.7820 | INFO | BlogManagementSystem.Filters.LogActionFilter | Action executed successfully: BlogManagementSystem.Controllers.CLBlogController.DeleteBlog (BlogManagementSystem)
2025-04-14 12:45:19.7820 | INFO | Microsoft.AspNetCore.Mvc.Infrastructure.ObjectResultExecutor | Executing OkObjectResult, writing value of type 'BlogManagementSystem.Models.Response'.
2025-04-14 12:45:19.7820 | INFO | Microsoft.AspNetCore.Mvc.Infrastructure.ControllerActionInvoker | Executed action BlogManagementSystem.Controllers.CLBlogController.DeleteBlog (BlogManagementSystem) in 7.4648ms
2025-04-14 12:45:19.7820 | INFO | Microsoft.AspNetCore.Routing.EndpointMiddleware | Executed endpoint 'BlogManagementSystem.Controllers.CLBlogController.DeleteBlog (BlogManagementSystem)'
2025-04-14 12:45:19.7820 | INFO | Microsoft.AspNetCore.Hosting.Diagnostics | Request finished HTTP/1.1 DELETE http://localhost:5095/api/CLBlog/delete-blog/10 application/json - - 200 97 application/json;+charset=utf-8 7.7710ms
2025-04-14 12:45:32.3915 | INFO | Microsoft.AspNetCore.Hosting.Diagnostics | Request starting HTTP/1.1 GET http://localhost:5095/api/CLBlog/get-all-blogs?pageSize=5&pageNumber=1&sorting=g01F02%20DESC - -
2025-04-14 12:45:32.3915 | INFO | Microsoft.AspNetCore.Cors.Infrastructure.CorsService | CORS policy execution successful.
2025-04-14 12:45:32.3915 | INFO | Microsoft.AspNetCore.Routing.EndpointMiddleware | Executing endpoint 'BlogManagementSystem.Controllers.CLBlogController.GetAllBlogs (BlogManagementSystem)'
2025-04-14 12:45:32.3915 | INFO | Microsoft.AspNetCore.Mvc.Infrastructure.ControllerActionInvoker | Route matched with {action = "GetAllBlogs", controller = "CLBlog"}. Executing controller action with signature Microsoft.AspNetCore.Mvc.IActionResult GetAllBlogs(Int32, Int32, System.String) on controller BlogManagementSystem.Controllers.CLBlogController (BlogManagementSystem).
2025-04-14 12:45:32.3915 | INFO | BlogManagementSystem.Filters.LogActionFilter | Executing action: BlogManagementSystem.Controllers.CLBlogController.GetAllBlogs (BlogManagementSystem)
2025-04-14 12:45:32.3915 | INFO | BlogManagementSystem.Controllers.CLBlogController | Fetching all blog posts.
2025-04-14 12:45:32.3915 | INFO | BlogManagementSystem.Filters.LogActionFilter | Action executed successfully: BlogManagementSystem.Controllers.CLBlogController.GetAllBlogs (BlogManagementSystem)
2025-04-14 12:45:32.3915 | INFO | Microsoft.AspNetCore.Mvc.Infrastructure.ObjectResultExecutor | Executing OkObjectResult, writing value of type 'BlogManagementSystem.Models.Response'.
2025-04-14 12:45:32.3915 | INFO | Microsoft.AspNetCore.Mvc.Infrastructure.ControllerActionInvoker | Executed action BlogManagementSystem.Controllers.CLBlogController.GetAllBlogs (BlogManagementSystem) in 8.3475ms
2025-04-14 12:45:32.3915 | INFO | Microsoft.AspNetCore.Routing.EndpointMiddleware | Executed endpoint 'BlogManagementSystem.Controllers.CLBlogController.GetAllBlogs (BlogManagementSystem)'
2025-04-14 12:45:32.3915 | INFO | Microsoft.AspNetCore.Hosting.Diagnostics | Request finished HTTP/1.1 GET http://localhost:5095/api/CLBlog/get-all-blogs?pageSize=5&pageNumber=1&sorting=g01F02%20DESC - - - 200 54 application/json;+charset=utf-8 8.7991ms
2025-04-14 12:47:15.7657 | INFO | Microsoft.AspNetCore.Hosting.Diagnostics | Request starting HTTP/1.1 GET http://localhost:5095/api/CLBlog/get-all-blogs?pageSize=5&pageNumber=1&sorting=g01F02%20DESC - -
2025-04-14 12:47:15.7657 | INFO | Microsoft.AspNetCore.Cors.Infrastructure.CorsService | CORS policy execution successful.
2025-04-14 12:47:15.7657 | INFO | Microsoft.AspNetCore.Routing.EndpointMiddleware | Executing endpoint 'BlogManagementSystem.Controllers.CLBlogController.GetAllBlogs (BlogManagementSystem)'
2025-04-14 12:47:15.7657 | INFO | Microsoft.AspNetCore.Mvc.Infrastructure.ControllerActionInvoker | Route matched with {action = "GetAllBlogs", controller = "CLBlog"}. Executing controller action with signature Microsoft.AspNetCore.Mvc.IActionResult GetAllBlogs(Int32, Int32, System.String) on controller BlogManagementSystem.Controllers.CLBlogController (BlogManagementSystem).
2025-04-14 12:47:15.7662 | INFO | BlogManagementSystem.Filters.LogActionFilter | Executing action: BlogManagementSystem.Controllers.CLBlogController.GetAllBlogs (BlogManagementSystem)
2025-04-14 12:47:15.7662 | INFO | BlogManagementSystem.Controllers.CLBlogController | Fetching all blog posts.
2025-04-14 12:47:15.7662 | INFO | BlogManagementSystem.Filters.LogActionFilter | Action executed successfully: BlogManagementSystem.Controllers.CLBlogController.GetAllBlogs (BlogManagementSystem)
2025-04-14 12:47:15.7662 | INFO | Microsoft.AspNetCore.Mvc.Infrastructure.ObjectResultExecutor | Executing OkObjectResult, writing value of type 'BlogManagementSystem.Models.Response'.
2025-04-14 12:47:15.7662 | INFO | Microsoft.AspNetCore.Mvc.Infrastructure.ControllerActionInvoker | Executed action BlogManagementSystem.Controllers.CLBlogController.GetAllBlogs (BlogManagementSystem) in 2.2386ms
2025-04-14 12:47:15.7662 | INFO | Microsoft.AspNetCore.Routing.EndpointMiddleware | Executed endpoint 'BlogManagementSystem.Controllers.CLBlogController.GetAllBlogs (BlogManagementSystem)'
2025-04-14 12:47:15.7662 | INFO | Microsoft.AspNetCore.Hosting.Diagnostics | Request finished HTTP/1.1 GET http://localhost:5095/api/CLBlog/get-all-blogs?pageSize=5&pageNumber=1&sorting=g01F02%20DESC - - - 200 54 application/json;+charset=utf-8 2.7781ms
2025-04-14 12:47:24.3362 | INFO | Microsoft.AspNetCore.Hosting.Diagnostics | Request starting HTTP/1.1 OPTIONS http://localhost:5095/api/CLBlog/add-blog - -
2025-04-14 12:47:24.3362 | INFO | Microsoft.AspNetCore.Cors.Infrastructure.CorsService | CORS policy execution successful.
2025-04-14 12:47:24.3362 | INFO | Microsoft.AspNetCore.Hosting.Diagnostics | Request finished HTTP/1.1 OPTIONS http://localhost:5095/api/CLBlog/add-blog - - - 204 - - 0.3072ms
2025-04-14 12:47:24.3362 | INFO | Microsoft.AspNetCore.Hosting.Diagnostics | Request starting HTTP/1.1 POST http://localhost:5095/api/CLBlog/add-blog application/json 40
2025-04-14 12:47:24.3362 | INFO | Microsoft.AspNetCore.Cors.Infrastructure.CorsService | CORS policy execution successful.
2025-04-14 12:47:24.3362 | INFO | Microsoft.AspNetCore.Routing.EndpointMiddleware | Executing endpoint 'BlogManagementSystem.Controllers.CLBlogController.AddBlog (BlogManagementSystem)'
2025-04-14 12:47:24.3362 | INFO | Microsoft.AspNetCore.Mvc.Infrastructure.ControllerActionInvoker | Route matched with {action = "AddBlog", controller = "CLBlog"}. Executing controller action with signature Microsoft.AspNetCore.Mvc.IActionResult AddBlog(BlogManagementSystem.Models.DTO.DTOBLG01) on controller BlogManagementSystem.Controllers.CLBlogController (BlogManagementSystem).
2025-04-14 12:47:24.3362 | INFO | BlogManagementSystem.Filters.LogActionFilter | Executing action: BlogManagementSystem.Controllers.CLBlogController.AddBlog (BlogManagementSystem)
2025-04-14 12:47:24.3362 | INFO | BlogManagementSystem.Controllers.CLBlogController | Creating a new blog post.
2025-04-14 12:47:24.3362 | INFO | BlogManagementSystem.Filters.LogActionFilter | Action executed successfully: BlogManagementSystem.Controllers.CLBlogController.AddBlog (BlogManagementSystem)
2025-04-14 12:47:24.3362 | INFO | Microsoft.AspNetCore.Mvc.Infrastructure.ObjectResultExecutor | Executing OkObjectResult, writing value of type 'BlogManagementSystem.Models.Response'.
2025-04-14 12:47:24.3362 | INFO | Microsoft.AspNetCore.Mvc.Infrastructure.ControllerActionInvoker | Executed action BlogManagementSystem.Controllers.CLBlogController.AddBlog (BlogManagementSystem) in 5.1434ms
2025-04-14 12:47:24.3362 | INFO | Microsoft.AspNetCore.Routing.EndpointMiddleware | Executed endpoint 'BlogManagementSystem.Controllers.CLBlogController.AddBlog (BlogManagementSystem)'
2025-04-14 12:47:24.3362 | INFO | Microsoft.AspNetCore.Hosting.Diagnostics | Request finished HTTP/1.1 POST http://localhost:5095/api/CLBlog/add-blog application/json 40 - 200 52 application/json;+charset=utf-8 5.4324ms
2025-04-14 12:47:24.3487 | INFO | Microsoft.AspNetCore.Hosting.Diagnostics | Request starting HTTP/1.1 GET http://localhost:5095/api/CLBlog/get-all-blogs?pageSize=5&pageNumber=1&sorting=g01F02%20DESC - -
2025-04-14 12:47:24.3487 | INFO | Microsoft.AspNetCore.Cors.Infrastructure.CorsService | CORS policy execution successful.
2025-04-14 12:47:24.3487 | INFO | Microsoft.AspNetCore.Routing.EndpointMiddleware | Executing endpoint 'BlogManagementSystem.Controllers.CLBlogController.GetAllBlogs (BlogManagementSystem)'
2025-04-14 12:47:24.3487 | INFO | Microsoft.AspNetCore.Mvc.Infrastructure.ControllerActionInvoker | Route matched with {action = "GetAllBlogs", controller = "CLBlog"}. Executing controller action with signature Microsoft.AspNetCore.Mvc.IActionResult GetAllBlogs(Int32, Int32, System.String) on controller BlogManagementSystem.Controllers.CLBlogController (BlogManagementSystem).
2025-04-14 12:47:24.3487 | INFO | BlogManagementSystem.Filters.LogActionFilter | Executing action: BlogManagementSystem.Controllers.CLBlogController.GetAllBlogs (BlogManagementSystem)
2025-04-14 12:47:24.3487 | INFO | BlogManagementSystem.Controllers.CLBlogController | Fetching all blog posts.
2025-04-14 12:47:24.3487 | INFO | BlogManagementSystem.Filters.LogActionFilter | Action executed successfully: BlogManagementSystem.Controllers.CLBlogController.GetAllBlogs (BlogManagementSystem)
2025-04-14 12:47:24.3487 | INFO | Microsoft.AspNetCore.Mvc.Infrastructure.ObjectResultExecutor | Executing OkObjectResult, writing value of type 'BlogManagementSystem.Models.Response'.
2025-04-14 12:47:24.3487 | INFO | Microsoft.AspNetCore.Mvc.Infrastructure.ControllerActionInvoker | Executed action BlogManagementSystem.Controllers.CLBlogController.GetAllBlogs (BlogManagementSystem) in 3.263ms
2025-04-14 12:47:24.3487 | INFO | Microsoft.AspNetCore.Routing.EndpointMiddleware | Executed endpoint 'BlogManagementSystem.Controllers.CLBlogController.GetAllBlogs (BlogManagementSystem)'
2025-04-14 12:47:24.3487 | INFO | Microsoft.AspNetCore.Hosting.Diagnostics | Request finished HTTP/1.1 GET http://localhost:5095/api/CLBlog/get-all-blogs?pageSize=5&pageNumber=1&sorting=g01F02%20DESC - - - 200 102 application/json;+charset=utf-8 3.7257ms
2025-04-14 12:47:31.3228 | INFO | Microsoft.AspNetCore.Hosting.Diagnostics | Request starting HTTP/1.1 OPTIONS http://localhost:5095/api/CLBlog/update-blog - -
2025-04-14 12:47:31.3228 | INFO | Microsoft.AspNetCore.Cors.Infrastructure.CorsService | CORS policy execution successful.
2025-04-14 12:47:31.3228 | INFO | Microsoft.AspNetCore.Hosting.Diagnostics | Request finished HTTP/1.1 OPTIONS http://localhost:5095/api/CLBlog/update-blog - - - 204 - - 0.3822ms
2025-04-14 12:47:31.3228 | INFO | Microsoft.AspNetCore.Hosting.Diagnostics | Request starting HTTP/1.1 PUT http://localhost:5095/api/CLBlog/update-blog application/json 43
2025-04-14 12:47:31.3228 | INFO | Microsoft.AspNetCore.Cors.Infrastructure.CorsService | CORS policy execution successful.
2025-04-14 12:47:31.3228 | INFO | Microsoft.AspNetCore.Routing.EndpointMiddleware | Executing endpoint 'BlogManagementSystem.Controllers.CLBlogController.UpdateBlog (BlogManagementSystem)'
2025-04-14 12:47:31.3228 | INFO | Microsoft.AspNetCore.Mvc.Infrastructure.ControllerActionInvoker | Route matched with {action = "UpdateBlog", controller = "CLBlog"}. Executing controller action with signature Microsoft.AspNetCore.Mvc.IActionResult UpdateBlog(BlogManagementSystem.Models.DTO.DTOBLG01) on controller BlogManagementSystem.Controllers.CLBlogController (BlogManagementSystem).
2025-04-14 12:47:31.3228 | INFO | BlogManagementSystem.Filters.LogActionFilter | Executing action: BlogManagementSystem.Controllers.CLBlogController.UpdateBlog (BlogManagementSystem)
2025-04-14 12:47:31.3228 | INFO | BlogManagementSystem.Controllers.CLBlogController | Updating blog post with ID 1.
2025-04-14 12:47:31.3317 | INFO | BlogManagementSystem.Filters.LogActionFilter | Action executed successfully: BlogManagementSystem.Controllers.CLBlogController.UpdateBlog (BlogManagementSystem)
2025-04-14 12:47:31.3317 | INFO | Microsoft.AspNetCore.Mvc.Infrastructure.ObjectResultExecutor | Executing OkObjectResult, writing value of type 'BlogManagementSystem.Models.Response'.
2025-04-14 12:47:31.3317 | INFO | Microsoft.AspNetCore.Mvc.Infrastructure.ControllerActionInvoker | Executed action BlogManagementSystem.Controllers.CLBlogController.UpdateBlog (BlogManagementSystem) in 7.0128ms
2025-04-14 12:47:31.3317 | INFO | Microsoft.AspNetCore.Routing.EndpointMiddleware | Executed endpoint 'BlogManagementSystem.Controllers.CLBlogController.UpdateBlog (BlogManagementSystem)'
2025-04-14 12:47:31.3317 | INFO | Microsoft.AspNetCore.Hosting.Diagnostics | Request finished HTTP/1.1 PUT http://localhost:5095/api/CLBlog/update-blog application/json 43 - 200 92 application/json;+charset=utf-8 7.3305ms
2025-04-14 12:47:34.6828 | INFO | Microsoft.AspNetCore.Hosting.Diagnostics | Request starting HTTP/1.1 GET http://localhost:5095/api/CLBlog/get-all-blogs?pageSize=5&pageNumber=1&sorting=g01F02%20DESC - -
2025-04-14 12:47:34.6828 | INFO | Microsoft.AspNetCore.Cors.Infrastructure.CorsService | CORS policy execution successful.
2025-04-14 12:47:34.6828 | INFO | Microsoft.AspNetCore.Routing.EndpointMiddleware | Executing endpoint 'BlogManagementSystem.Controllers.CLBlogController.GetAllBlogs (BlogManagementSystem)'
2025-04-14 12:47:34.6828 | INFO | Microsoft.AspNetCore.Mvc.Infrastructure.ControllerActionInvoker | Route matched with {action = "GetAllBlogs", controller = "CLBlog"}. Executing controller action with signature Microsoft.AspNetCore.Mvc.IActionResult GetAllBlogs(Int32, Int32, System.String) on controller BlogManagementSystem.Controllers.CLBlogController (BlogManagementSystem).
2025-04-14 12:47:34.6828 | INFO | BlogManagementSystem.Filters.LogActionFilter | Executing action: BlogManagementSystem.Controllers.CLBlogController.GetAllBlogs (BlogManagementSystem)
2025-04-14 12:47:34.6828 | INFO | BlogManagementSystem.Controllers.CLBlogController | Fetching all blog posts.
2025-04-14 12:47:34.6828 | INFO | BlogManagementSystem.Filters.LogActionFilter | Action executed successfully: BlogManagementSystem.Controllers.CLBlogController.GetAllBlogs (BlogManagementSystem)
2025-04-14 12:47:34.6828 | INFO | Microsoft.AspNetCore.Mvc.Infrastructure.ObjectResultExecutor | Executing OkObjectResult, writing value of type 'BlogManagementSystem.Models.Response'.
2025-04-14 12:47:34.6828 | INFO | Microsoft.AspNetCore.Mvc.Infrastructure.ControllerActionInvoker | Executed action BlogManagementSystem.Controllers.CLBlogController.GetAllBlogs (BlogManagementSystem) in 3.998ms
2025-04-14 12:47:34.6828 | INFO | Microsoft.AspNetCore.Routing.EndpointMiddleware | Executed endpoint 'BlogManagementSystem.Controllers.CLBlogController.GetAllBlogs (BlogManagementSystem)'
2025-04-14 12:47:34.6828 | INFO | Microsoft.AspNetCore.Hosting.Diagnostics | Request finished HTTP/1.1 GET http://localhost:5095/api/CLBlog/get-all-blogs?pageSize=5&pageNumber=1&sorting=g01F02%20DESC - - - 200 103 application/json;+charset=utf-8 4.6374ms
2025-04-14 12:47:36.0476 | INFO | Microsoft.AspNetCore.Hosting.Diagnostics | Request starting HTTP/1.1 GET http://localhost:5095/api/CLBlog/get-blog-by-id/1 - -
2025-04-14 12:47:36.0476 | INFO | Microsoft.AspNetCore.Cors.Infrastructure.CorsService | CORS policy execution successful.
2025-04-14 12:47:36.0476 | INFO | Microsoft.AspNetCore.Routing.EndpointMiddleware | Executing endpoint 'BlogManagementSystem.Controllers.CLBlogController.GetBlogByID (BlogManagementSystem)'
2025-04-14 12:47:36.0476 | INFO | Microsoft.AspNetCore.Mvc.Infrastructure.ControllerActionInvoker | Route matched with {action = "GetBlogByID", controller = "CLBlog"}. Executing controller action with signature Microsoft.AspNetCore.Mvc.IActionResult GetBlogByID(Int32) on controller BlogManagementSystem.Controllers.CLBlogController (BlogManagementSystem).
2025-04-14 12:47:36.0476 | INFO | BlogManagementSystem.Filters.LogActionFilter | Executing action: BlogManagementSystem.Controllers.CLBlogController.GetBlogByID (BlogManagementSystem)
2025-04-14 12:47:36.0476 | INFO | BlogManagementSystem.Controllers.CLBlogController | Fetching blog post with ID 1.
2025-04-14 12:47:36.0491 | INFO | BlogManagementSystem.Filters.LogActionFilter | Action executed successfully: BlogManagementSystem.Controllers.CLBlogController.GetBlogByID (BlogManagementSystem)
2025-04-14 12:47:36.0491 | INFO | Microsoft.AspNetCore.Mvc.Infrastructure.ObjectResultExecutor | Executing OkObjectResult, writing value of type 'BlogManagementSystem.Models.Response'.
2025-04-14 12:47:36.0491 | INFO | Microsoft.AspNetCore.Mvc.Infrastructure.ControllerActionInvoker | Executed action BlogManagementSystem.Controllers.CLBlogController.GetBlogByID (BlogManagementSystem) in 1.4042ms
2025-04-14 12:47:36.0491 | INFO | Microsoft.AspNetCore.Routing.EndpointMiddleware | Executed endpoint 'BlogManagementSystem.Controllers.CLBlogController.GetBlogByID (BlogManagementSystem)'
2025-04-14 12:47:36.0491 | INFO | Microsoft.AspNetCore.Hosting.Diagnostics | Request finished HTTP/1.1 GET http://localhost:5095/api/CLBlog/get-blog-by-id/1 - - - 200 103 application/json;+charset=utf-8 1.8295ms
2025-04-14 12:47:40.2481 | INFO | Microsoft.AspNetCore.Hosting.Diagnostics | Request starting HTTP/1.1 OPTIONS http://localhost:5095/api/CLBlog/update-blog - -
2025-04-14 12:47:40.2481 | INFO | Microsoft.AspNetCore.Cors.Infrastructure.CorsService | CORS policy execution successful.
2025-04-14 12:47:40.2481 | INFO | Microsoft.AspNetCore.Hosting.Diagnostics | Request finished HTTP/1.1 OPTIONS http://localhost:5095/api/CLBlog/update-blog - - - 204 - - 0.4267ms
2025-04-14 12:47:40.2481 | INFO | Microsoft.AspNetCore.Hosting.Diagnostics | Request starting HTTP/1.1 PUT http://localhost:5095/api/CLBlog/update-blog application/json 40
2025-04-14 12:47:40.2481 | INFO | Microsoft.AspNetCore.Cors.Infrastructure.CorsService | CORS policy execution successful.
2025-04-14 12:47:40.2481 | INFO | Microsoft.AspNetCore.Routing.EndpointMiddleware | Executing endpoint 'BlogManagementSystem.Controllers.CLBlogController.UpdateBlog (BlogManagementSystem)'
2025-04-14 12:47:40.2481 | INFO | Microsoft.AspNetCore.Mvc.Infrastructure.ControllerActionInvoker | Route matched with {action = "UpdateBlog", controller = "CLBlog"}. Executing controller action with signature Microsoft.AspNetCore.Mvc.IActionResult UpdateBlog(BlogManagementSystem.Models.DTO.DTOBLG01) on controller BlogManagementSystem.Controllers.CLBlogController (BlogManagementSystem).
2025-04-14 12:47:40.2481 | INFO | BlogManagementSystem.Filters.LogActionFilter | Executing action: BlogManagementSystem.Controllers.CLBlogController.UpdateBlog (BlogManagementSystem)
2025-04-14 12:47:40.2481 | INFO | BlogManagementSystem.Controllers.CLBlogController | Updating blog post with ID 1.
2025-04-14 12:47:40.2573 | INFO | BlogManagementSystem.Filters.LogActionFilter | Action executed successfully: BlogManagementSystem.Controllers.CLBlogController.UpdateBlog (BlogManagementSystem)
2025-04-14 12:47:40.2573 | INFO | Microsoft.AspNetCore.Mvc.Infrastructure.ObjectResultExecutor | Executing OkObjectResult, writing value of type 'BlogManagementSystem.Models.Response'.
2025-04-14 12:47:40.2573 | INFO | Microsoft.AspNetCore.Mvc.Infrastructure.ControllerActionInvoker | Executed action BlogManagementSystem.Controllers.CLBlogController.UpdateBlog (BlogManagementSystem) in 7.1639ms
2025-04-14 12:47:40.2573 | INFO | Microsoft.AspNetCore.Routing.EndpointMiddleware | Executed endpoint 'BlogManagementSystem.Controllers.CLBlogController.UpdateBlog (BlogManagementSystem)'
2025-04-14 12:47:40.2573 | INFO | Microsoft.AspNetCore.Hosting.Diagnostics | Request finished HTTP/1.1 PUT http://localhost:5095/api/CLBlog/update-blog application/json 40 - 200 93 application/json;+charset=utf-8 7.4640ms
2025-04-14 12:47:40.2573 | INFO | Microsoft.AspNetCore.Hosting.Diagnostics | Request starting HTTP/1.1 GET http://localhost:5095/api/CLBlog/get-all-blogs?pageSize=5&pageNumber=1&sorting=g01F02%20DESC - -
2025-04-14 12:47:40.2573 | INFO | Microsoft.AspNetCore.Cors.Infrastructure.CorsService | CORS policy execution successful.
2025-04-14 12:47:40.2573 | INFO | Microsoft.AspNetCore.Routing.EndpointMiddleware | Executing endpoint 'BlogManagementSystem.Controllers.CLBlogController.GetAllBlogs (BlogManagementSystem)'
2025-04-14 12:47:40.2573 | INFO | Microsoft.AspNetCore.Mvc.Infrastructure.ControllerActionInvoker | Route matched with {action = "GetAllBlogs", controller = "CLBlog"}. Executing controller action with signature Microsoft.AspNetCore.Mvc.IActionResult GetAllBlogs(Int32, Int32, System.String) on controller BlogManagementSystem.Controllers.CLBlogController (BlogManagementSystem).
2025-04-14 12:47:40.2573 | INFO | BlogManagementSystem.Filters.LogActionFilter | Executing action: BlogManagementSystem.Controllers.CLBlogController.GetAllBlogs (BlogManagementSystem)
2025-04-14 12:47:40.2573 | INFO | BlogManagementSystem.Controllers.CLBlogController | Fetching all blog posts.
2025-04-14 12:47:40.2687 | INFO | BlogManagementSystem.Filters.LogActionFilter | Action executed successfully: BlogManagementSystem.Controllers.CLBlogController.GetAllBlogs (BlogManagementSystem)
2025-04-14 12:47:40.2687 | INFO | Microsoft.AspNetCore.Mvc.Infrastructure.ObjectResultExecutor | Executing OkObjectResult, writing value of type 'BlogManagementSystem.Models.Response'.
2025-04-14 12:47:40.2687 | INFO | Microsoft.AspNetCore.Mvc.Infrastructure.ControllerActionInvoker | Executed action BlogManagementSystem.Controllers.CLBlogController.GetAllBlogs (BlogManagementSystem) in 3.6864ms
2025-04-14 12:47:40.2687 | INFO | Microsoft.AspNetCore.Routing.EndpointMiddleware | Executed endpoint 'BlogManagementSystem.Controllers.CLBlogController.GetAllBlogs (BlogManagementSystem)'
2025-04-14 12:47:40.2687 | INFO | Microsoft.AspNetCore.Hosting.Diagnostics | Request finished HTTP/1.1 GET http://localhost:5095/api/CLBlog/get-all-blogs?pageSize=5&pageNumber=1&sorting=g01F02%20DESC - - - 200 102 application/json;+charset=utf-8 4.1803ms
2025-04-14 12:59:15.7273 | INFO | Microsoft.AspNetCore.Hosting.Diagnostics | Request starting HTTP/1.1 GET http://localhost:5095/api/CLBlog/get-all-blogs?pageSize=5&pageNumber=1&sorting=g01F02%20DESC - -
2025-04-14 12:59:15.7273 | INFO | Microsoft.AspNetCore.Cors.Infrastructure.CorsService | CORS policy execution successful.
2025-04-14 12:59:15.7273 | INFO | Microsoft.AspNetCore.Routing.EndpointMiddleware | Executing endpoint 'BlogManagementSystem.Controllers.CLBlogController.GetAllBlogs (BlogManagementSystem)'
2025-04-14 12:59:15.7273 | INFO | Microsoft.AspNetCore.Mvc.Infrastructure.ControllerActionInvoker | Route matched with {action = "GetAllBlogs", controller = "CLBlog"}. Executing controller action with signature Microsoft.AspNetCore.Mvc.IActionResult GetAllBlogs(Int32, Int32, System.String) on controller BlogManagementSystem.Controllers.CLBlogController (BlogManagementSystem).
2025-04-14 12:59:15.7273 | INFO | BlogManagementSystem.Filters.LogActionFilter | Executing action: BlogManagementSystem.Controllers.CLBlogController.GetAllBlogs (BlogManagementSystem)
2025-04-14 12:59:15.7273 | INFO | BlogManagementSystem.Controllers.CLBlogController | Fetching all blog posts.
2025-04-14 12:59:15.7498 | INFO | BlogManagementSystem.Filters.LogActionFilter | Action executed successfully: BlogManagementSystem.Controllers.CLBlogController.GetAllBlogs (BlogManagementSystem)
2025-04-14 12:59:15.7498 | INFO | Microsoft.AspNetCore.Mvc.Infrastructure.ObjectResultExecutor | Executing OkObjectResult, writing value of type 'BlogManagementSystem.Models.Response'.
2025-04-14 12:59:15.7498 | INFO | Microsoft.AspNetCore.Mvc.Infrastructure.ControllerActionInvoker | Executed action BlogManagementSystem.Controllers.CLBlogController.GetAllBlogs (BlogManagementSystem) in 22.3226ms
2025-04-14 12:59:15.7498 | INFO | Microsoft.AspNetCore.Routing.EndpointMiddleware | Executed endpoint 'BlogManagementSystem.Controllers.CLBlogController.GetAllBlogs (BlogManagementSystem)'
2025-04-14 12:59:15.7498 | INFO | Microsoft.AspNetCore.Hosting.Diagnostics | Request finished HTTP/1.1 GET http://localhost:5095/api/CLBlog/get-all-blogs?pageSize=5&pageNumber=1&sorting=g01F02%20DESC - - - 200 102 application/json;+charset=utf-8 22.7986ms
2025-04-14 12:59:32.9210 | INFO | Microsoft.AspNetCore.Hosting.Diagnostics | Request starting HTTP/1.1 GET http://localhost:5095/api/CLBlog/get-all-blogs?pageSize=10&pageNumber=1&sorting=g01F02%20DESC - -
2025-04-14 12:59:32.9210 | INFO | Microsoft.AspNetCore.Cors.Infrastructure.CorsService | CORS policy execution successful.
2025-04-14 12:59:32.9210 | INFO | Microsoft.AspNetCore.Routing.EndpointMiddleware | Executing endpoint 'BlogManagementSystem.Controllers.CLBlogController.GetAllBlogs (BlogManagementSystem)'
2025-04-14 12:59:32.9210 | INFO | Microsoft.AspNetCore.Mvc.Infrastructure.ControllerActionInvoker | Route matched with {action = "GetAllBlogs", controller = "CLBlog"}. Executing controller action with signature Microsoft.AspNetCore.Mvc.IActionResult GetAllBlogs(Int32, Int32, System.String) on controller BlogManagementSystem.Controllers.CLBlogController (BlogManagementSystem).
2025-04-14 12:59:32.9210 | INFO | BlogManagementSystem.Filters.LogActionFilter | Executing action: BlogManagementSystem.Controllers.CLBlogController.GetAllBlogs (BlogManagementSystem)
2025-04-14 12:59:32.9210 | INFO | BlogManagementSystem.Controllers.CLBlogController | Fetching all blog posts.
2025-04-14 12:59:32.9210 | INFO | BlogManagementSystem.Filters.LogActionFilter | Action executed successfully: BlogManagementSystem.Controllers.CLBlogController.GetAllBlogs (BlogManagementSystem)
2025-04-14 12:59:32.9210 | INFO | Microsoft.AspNetCore.Mvc.Infrastructure.ObjectResultExecutor | Executing OkObjectResult, writing value of type 'BlogManagementSystem.Models.Response'.
2025-04-14 12:59:32.9210 | INFO | Microsoft.AspNetCore.Mvc.Infrastructure.ControllerActionInvoker | Executed action BlogManagementSystem.Controllers.CLBlogController.GetAllBlogs (BlogManagementSystem) in 2.9293ms
2025-04-14 12:59:32.9210 | INFO | Microsoft.AspNetCore.Routing.EndpointMiddleware | Executed endpoint 'BlogManagementSystem.Controllers.CLBlogController.GetAllBlogs (BlogManagementSystem)'
2025-04-14 12:59:32.9210 | INFO | Microsoft.AspNetCore.Hosting.Diagnostics | Request finished HTTP/1.1 GET http://localhost:5095/api/CLBlog/get-all-blogs?pageSize=10&pageNumber=1&sorting=g01F02%20DESC - - - 200 102 application/json;+charset=utf-8 3.3564ms
2025-04-14 12:59:33.9768 | INFO | Microsoft.AspNetCore.Hosting.Diagnostics | Request starting HTTP/1.1 GET http://localhost:5095/api/CLBlog/get-all-blogs?pageSize=50&pageNumber=1&sorting=g01F02%20DESC - -
2025-04-14 12:59:33.9768 | INFO | Microsoft.AspNetCore.Cors.Infrastructure.CorsService | CORS policy execution successful.
2025-04-14 12:59:33.9768 | INFO | Microsoft.AspNetCore.Routing.EndpointMiddleware | Executing endpoint 'BlogManagementSystem.Controllers.CLBlogController.GetAllBlogs (BlogManagementSystem)'
2025-04-14 12:59:33.9768 | INFO | Microsoft.AspNetCore.Mvc.Infrastructure.ControllerActionInvoker | Route matched with {action = "GetAllBlogs", controller = "CLBlog"}. Executing controller action with signature Microsoft.AspNetCore.Mvc.IActionResult GetAllBlogs(Int32, Int32, System.String) on controller BlogManagementSystem.Controllers.CLBlogController (BlogManagementSystem).
2025-04-14 12:59:33.9768 | INFO | BlogManagementSystem.Filters.LogActionFilter | Executing action: BlogManagementSystem.Controllers.CLBlogController.GetAllBlogs (BlogManagementSystem)
2025-04-14 12:59:33.9768 | INFO | BlogManagementSystem.Controllers.CLBlogController | Fetching all blog posts.
2025-04-14 12:59:33.9768 | INFO | BlogManagementSystem.Filters.LogActionFilter | Action executed successfully: BlogManagementSystem.Controllers.CLBlogController.GetAllBlogs (BlogManagementSystem)
2025-04-14 12:59:33.9768 | INFO | Microsoft.AspNetCore.Mvc.Infrastructure.ObjectResultExecutor | Executing OkObjectResult, writing value of type 'BlogManagementSystem.Models.Response'.
2025-04-14 12:59:33.9768 | INFO | Microsoft.AspNetCore.Mvc.Infrastructure.ControllerActionInvoker | Executed action BlogManagementSystem.Controllers.CLBlogController.GetAllBlogs (BlogManagementSystem) in 2.7368ms
2025-04-14 12:59:33.9768 | INFO | Microsoft.AspNetCore.Routing.EndpointMiddleware | Executed endpoint 'BlogManagementSystem.Controllers.CLBlogController.GetAllBlogs (BlogManagementSystem)'
2025-04-14 12:59:33.9768 | INFO | Microsoft.AspNetCore.Hosting.Diagnostics | Request finished HTTP/1.1 GET http://localhost:5095/api/CLBlog/get-all-blogs?pageSize=50&pageNumber=1&sorting=g01F02%20DESC - - - 200 102 application/json;+charset=utf-8 3.1307ms
2025-04-14 12:59:37.0975 | INFO | Microsoft.AspNetCore.Hosting.Diagnostics | Request starting HTTP/1.1 GET http://localhost:5095/api/CLBlog/get-all-blogs?pageSize=25&pageNumber=1&sorting=g01F02%20DESC - -
2025-04-14 12:59:37.0975 | INFO | Microsoft.AspNetCore.Cors.Infrastructure.CorsService | CORS policy execution successful.
2025-04-14 12:59:37.0975 | INFO | Microsoft.AspNetCore.Routing.EndpointMiddleware | Executing endpoint 'BlogManagementSystem.Controllers.CLBlogController.GetAllBlogs (BlogManagementSystem)'
2025-04-14 12:59:37.0975 | INFO | Microsoft.AspNetCore.Mvc.Infrastructure.ControllerActionInvoker | Route matched with {action = "GetAllBlogs", controller = "CLBlog"}. Executing controller action with signature Microsoft.AspNetCore.Mvc.IActionResult GetAllBlogs(Int32, Int32, System.String) on controller BlogManagementSystem.Controllers.CLBlogController (BlogManagementSystem).
2025-04-14 12:59:37.0975 | INFO | BlogManagementSystem.Filters.LogActionFilter | Executing action: BlogManagementSystem.Controllers.CLBlogController.GetAllBlogs (BlogManagementSystem)
2025-04-14 12:59:37.0975 | INFO | BlogManagementSystem.Controllers.CLBlogController | Fetching all blog posts.
2025-04-14 12:59:37.0975 | INFO | BlogManagementSystem.Filters.LogActionFilter | Action executed successfully: BlogManagementSystem.Controllers.CLBlogController.GetAllBlogs (BlogManagementSystem)
2025-04-14 12:59:37.0975 | INFO | Microsoft.AspNetCore.Mvc.Infrastructure.ObjectResultExecutor | Executing OkObjectResult, writing value of type 'BlogManagementSystem.Models.Response'.
2025-04-14 12:59:37.0975 | INFO | Microsoft.AspNetCore.Mvc.Infrastructure.ControllerActionInvoker | Executed action BlogManagementSystem.Controllers.CLBlogController.GetAllBlogs (BlogManagementSystem) in 2.8863ms
2025-04-14 12:59:37.0975 | INFO | Microsoft.AspNetCore.Routing.EndpointMiddleware | Executed endpoint 'BlogManagementSystem.Controllers.CLBlogController.GetAllBlogs (BlogManagementSystem)'
2025-04-14 12:59:37.0975 | INFO | Microsoft.AspNetCore.Hosting.Diagnostics | Request finished HTTP/1.1 GET http://localhost:5095/api/CLBlog/get-all-blogs?pageSize=25&pageNumber=1&sorting=g01F02%20DESC - - - 200 102 application/json;+charset=utf-8 3.2716ms
2025-04-14 12:59:51.2869 | INFO | Microsoft.AspNetCore.Hosting.Diagnostics | Request starting HTTP/1.1 OPTIONS http://localhost:5095/api/CLBlog/add-blog - -
2025-04-14 12:59:51.2869 | INFO | Microsoft.AspNetCore.Cors.Infrastructure.CorsService | CORS policy execution successful.
2025-04-14 12:59:51.2869 | INFO | Microsoft.AspNetCore.Hosting.Diagnostics | Request finished HTTP/1.1 OPTIONS http://localhost:5095/api/CLBlog/add-blog - - - 204 - - 0.2801ms
2025-04-14 12:59:51.2869 | INFO | Microsoft.AspNetCore.Hosting.Diagnostics | Request starting HTTP/1.1 POST http://localhost:5095/api/CLBlog/add-blog application/json 40
2025-04-14 12:59:51.2869 | INFO | Microsoft.AspNetCore.Cors.Infrastructure.CorsService | CORS policy execution successful.
2025-04-14 12:59:51.2869 | INFO | Microsoft.AspNetCore.Routing.EndpointMiddleware | Executing endpoint 'BlogManagementSystem.Controllers.CLBlogController.AddBlog (BlogManagementSystem)'
2025-04-14 12:59:51.2869 | INFO | Microsoft.AspNetCore.Mvc.Infrastructure.ControllerActionInvoker | Route matched with {action = "AddBlog", controller = "CLBlog"}. Executing controller action with signature Microsoft.AspNetCore.Mvc.IActionResult AddBlog(BlogManagementSystem.Models.DTO.DTOBLG01) on controller BlogManagementSystem.Controllers.CLBlogController (BlogManagementSystem).
2025-04-14 12:59:51.2869 | INFO | BlogManagementSystem.Filters.LogActionFilter | Executing action: BlogManagementSystem.Controllers.CLBlogController.AddBlog (BlogManagementSystem)
2025-04-14 12:59:51.2869 | INFO | BlogManagementSystem.Controllers.CLBlogController | Creating a new blog post.
2025-04-14 12:59:51.2869 | INFO | BlogManagementSystem.Filters.LogActionFilter | Action executed successfully: BlogManagementSystem.Controllers.CLBlogController.AddBlog (BlogManagementSystem)
2025-04-14 12:59:51.2869 | INFO | Microsoft.AspNetCore.Mvc.Infrastructure.ObjectResultExecutor | Executing OkObjectResult, writing value of type 'BlogManagementSystem.Models.Response'.
2025-04-14 12:59:51.2869 | INFO | Microsoft.AspNetCore.Mvc.Infrastructure.ControllerActionInvoker | Executed action BlogManagementSystem.Controllers.CLBlogController.AddBlog (BlogManagementSystem) in 4.8359ms
2025-04-14 12:59:51.2869 | INFO | Microsoft.AspNetCore.Routing.EndpointMiddleware | Executed endpoint 'BlogManagementSystem.Controllers.CLBlogController.AddBlog (BlogManagementSystem)'
2025-04-14 12:59:51.2869 | INFO | Microsoft.AspNetCore.Hosting.Diagnostics | Request finished HTTP/1.1 POST http://localhost:5095/api/CLBlog/add-blog application/json 40 - 200 52 application/json;+charset=utf-8 5.2737ms
2025-04-14 12:59:51.2982 | INFO | Microsoft.AspNetCore.Hosting.Diagnostics | Request starting HTTP/1.1 GET http://localhost:5095/api/CLBlog/get-all-blogs?pageSize=25&pageNumber=1&sorting=g01F02%20DESC - -
2025-04-14 12:59:51.2982 | INFO | Microsoft.AspNetCore.Cors.Infrastructure.CorsService | CORS policy execution successful.
2025-04-14 12:59:51.2982 | INFO | Microsoft.AspNetCore.Routing.EndpointMiddleware | Executing endpoint 'BlogManagementSystem.Controllers.CLBlogController.GetAllBlogs (BlogManagementSystem)'
2025-04-14 12:59:51.2982 | INFO | Microsoft.AspNetCore.Mvc.Infrastructure.ControllerActionInvoker | Route matched with {action = "GetAllBlogs", controller = "CLBlog"}. Executing controller action with signature Microsoft.AspNetCore.Mvc.IActionResult GetAllBlogs(Int32, Int32, System.String) on controller BlogManagementSystem.Controllers.CLBlogController (BlogManagementSystem).
2025-04-14 12:59:51.2982 | INFO | BlogManagementSystem.Filters.LogActionFilter | Executing action: BlogManagementSystem.Controllers.CLBlogController.GetAllBlogs (BlogManagementSystem)
2025-04-14 12:59:51.2982 | INFO | BlogManagementSystem.Controllers.CLBlogController | Fetching all blog posts.
2025-04-14 12:59:51.2982 | INFO | BlogManagementSystem.Filters.LogActionFilter | Action executed successfully: BlogManagementSystem.Controllers.CLBlogController.GetAllBlogs (BlogManagementSystem)
2025-04-14 12:59:51.2982 | INFO | Microsoft.AspNetCore.Mvc.Infrastructure.ObjectResultExecutor | Executing OkObjectResult, writing value of type 'BlogManagementSystem.Models.Response'.
2025-04-14 12:59:51.2982 | INFO | Microsoft.AspNetCore.Mvc.Infrastructure.ControllerActionInvoker | Executed action BlogManagementSystem.Controllers.CLBlogController.GetAllBlogs (BlogManagementSystem) in 3.0043ms
2025-04-14 12:59:51.2982 | INFO | Microsoft.AspNetCore.Routing.EndpointMiddleware | Executed endpoint 'BlogManagementSystem.Controllers.CLBlogController.GetAllBlogs (BlogManagementSystem)'
2025-04-14 12:59:51.2982 | INFO | Microsoft.AspNetCore.Hosting.Diagnostics | Request finished HTTP/1.1 GET http://localhost:5095/api/CLBlog/get-all-blogs?pageSize=25&pageNumber=1&sorting=g01F02%20DESC - - - 200 143 application/json;+charset=utf-8 3.3672ms
2025-04-14 12:59:59.4066 | INFO | Microsoft.AspNetCore.Hosting.Diagnostics | Request starting HTTP/1.1 GET http://localhost:5095/api/CLBlog/get-all-blogs?pageSize=25&pageNumber=1&sorting=g01F02%20ASC - -
2025-04-14 12:59:59.4066 | INFO | Microsoft.AspNetCore.Cors.Infrastructure.CorsService | CORS policy execution successful.
2025-04-14 12:59:59.4066 | INFO | Microsoft.AspNetCore.Routing.EndpointMiddleware | Executing endpoint 'BlogManagementSystem.Controllers.CLBlogController.GetAllBlogs (BlogManagementSystem)'
2025-04-14 12:59:59.4066 | INFO | Microsoft.AspNetCore.Mvc.Infrastructure.ControllerActionInvoker | Route matched with {action = "GetAllBlogs", controller = "CLBlog"}. Executing controller action with signature Microsoft.AspNetCore.Mvc.IActionResult GetAllBlogs(Int32, Int32, System.String) on controller BlogManagementSystem.Controllers.CLBlogController (BlogManagementSystem).
2025-04-14 12:59:59.4066 | INFO | BlogManagementSystem.Filters.LogActionFilter | Executing action: BlogManagementSystem.Controllers.CLBlogController.GetAllBlogs (BlogManagementSystem)
2025-04-14 12:59:59.4066 | INFO | BlogManagementSystem.Controllers.CLBlogController | Fetching all blog posts.
2025-04-14 12:59:59.4066 | INFO | BlogManagementSystem.Filters.LogActionFilter | Action executed successfully: BlogManagementSystem.Controllers.CLBlogController.GetAllBlogs (BlogManagementSystem)
2025-04-14 12:59:59.4066 | INFO | Microsoft.AspNetCore.Mvc.Infrastructure.ObjectResultExecutor | Executing OkObjectResult, writing value of type 'BlogManagementSystem.Models.Response'.
2025-04-14 12:59:59.4066 | INFO | Microsoft.AspNetCore.Mvc.Infrastructure.ControllerActionInvoker | Executed action BlogManagementSystem.Controllers.CLBlogController.GetAllBlogs (BlogManagementSystem) in 4.2034ms
2025-04-14 12:59:59.4066 | INFO | Microsoft.AspNetCore.Routing.EndpointMiddleware | Executed endpoint 'BlogManagementSystem.Controllers.CLBlogController.GetAllBlogs (BlogManagementSystem)'
2025-04-14 12:59:59.4066 | INFO | Microsoft.AspNetCore.Hosting.Diagnostics | Request finished HTTP/1.1 GET http://localhost:5095/api/CLBlog/get-all-blogs?pageSize=25&pageNumber=1&sorting=g01F02%20ASC - - - 200 143 application/json;+charset=utf-8 4.9981ms
2025-04-14 13:00:00.1423 | INFO | Microsoft.AspNetCore.Hosting.Diagnostics | Request starting HTTP/1.1 GET http://localhost:5095/api/CLBlog/get-all-blogs?pageSize=25&pageNumber=1&sorting=g01F02%20DESC - -
2025-04-14 13:00:00.1423 | INFO | Microsoft.AspNetCore.Cors.Infrastructure.CorsService | CORS policy execution successful.
2025-04-14 13:00:00.1423 | INFO | Microsoft.AspNetCore.Routing.EndpointMiddleware | Executing endpoint 'BlogManagementSystem.Controllers.CLBlogController.GetAllBlogs (BlogManagementSystem)'
2025-04-14 13:00:00.1423 | INFO | Microsoft.AspNetCore.Mvc.Infrastructure.ControllerActionInvoker | Route matched with {action = "GetAllBlogs", controller = "CLBlog"}. Executing controller action with signature Microsoft.AspNetCore.Mvc.IActionResult GetAllBlogs(Int32, Int32, System.String) on controller BlogManagementSystem.Controllers.CLBlogController (BlogManagementSystem).
2025-04-14 13:00:00.1423 | INFO | BlogManagementSystem.Filters.LogActionFilter | Executing action: BlogManagementSystem.Controllers.CLBlogController.GetAllBlogs (BlogManagementSystem)
2025-04-14 13:00:00.1423 | INFO | BlogManagementSystem.Controllers.CLBlogController | Fetching all blog posts.
2025-04-14 13:00:00.1423 | INFO | BlogManagementSystem.Filters.LogActionFilter | Action executed successfully: BlogManagementSystem.Controllers.CLBlogController.GetAllBlogs (BlogManagementSystem)
2025-04-14 13:00:00.1423 | INFO | Microsoft.AspNetCore.Mvc.Infrastructure.ObjectResultExecutor | Executing OkObjectResult, writing value of type 'BlogManagementSystem.Models.Response'.
2025-04-14 13:00:00.1423 | INFO | Microsoft.AspNetCore.Mvc.Infrastructure.ControllerActionInvoker | Executed action BlogManagementSystem.Controllers.CLBlogController.GetAllBlogs (BlogManagementSystem) in 2.791ms
2025-04-14 13:00:00.1423 | INFO | Microsoft.AspNetCore.Routing.EndpointMiddleware | Executed endpoint 'BlogManagementSystem.Controllers.CLBlogController.GetAllBlogs (BlogManagementSystem)'
2025-04-14 13:00:00.1423 | INFO | Microsoft.AspNetCore.Hosting.Diagnostics | Request finished HTTP/1.1 GET http://localhost:5095/api/CLBlog/get-all-blogs?pageSize=25&pageNumber=1&sorting=g01F02%20DESC - - - 200 143 application/json;+charset=utf-8 3.1987ms
2025-04-14 13:00:00.6863 | INFO | Microsoft.AspNetCore.Hosting.Diagnostics | Request starting HTTP/1.1 GET http://localhost:5095/api/CLBlog/get-all-blogs?pageSize=25&pageNumber=1&sorting=g01F02%20ASC - -
2025-04-14 13:00:00.6863 | INFO | Microsoft.AspNetCore.Cors.Infrastructure.CorsService | CORS policy execution successful.
2025-04-14 13:00:00.6863 | INFO | Microsoft.AspNetCore.Routing.EndpointMiddleware | Executing endpoint 'BlogManagementSystem.Controllers.CLBlogController.GetAllBlogs (BlogManagementSystem)'
2025-04-14 13:00:00.6863 | INFO | Microsoft.AspNetCore.Mvc.Infrastructure.ControllerActionInvoker | Route matched with {action = "GetAllBlogs", controller = "CLBlog"}. Executing controller action with signature Microsoft.AspNetCore.Mvc.IActionResult GetAllBlogs(Int32, Int32, System.String) on controller BlogManagementSystem.Controllers.CLBlogController (BlogManagementSystem).
2025-04-14 13:00:00.6863 | INFO | BlogManagementSystem.Filters.LogActionFilter | Executing action: BlogManagementSystem.Controllers.CLBlogController.GetAllBlogs (BlogManagementSystem)
2025-04-14 13:00:00.6863 | INFO | BlogManagementSystem.Controllers.CLBlogController | Fetching all blog posts.
2025-04-14 13:00:00.6863 | INFO | BlogManagementSystem.Filters.LogActionFilter | Action executed successfully: BlogManagementSystem.Controllers.CLBlogController.GetAllBlogs (BlogManagementSystem)
2025-04-14 13:00:00.6863 | INFO | Microsoft.AspNetCore.Mvc.Infrastructure.ObjectResultExecutor | Executing OkObjectResult, writing value of type 'BlogManagementSystem.Models.Response'.
2025-04-14 13:00:00.6863 | INFO | Microsoft.AspNetCore.Mvc.Infrastructure.ControllerActionInvoker | Executed action BlogManagementSystem.Controllers.CLBlogController.GetAllBlogs (BlogManagementSystem) in 3.0098ms
2025-04-14 13:00:00.6863 | INFO | Microsoft.AspNetCore.Routing.EndpointMiddleware | Executed endpoint 'BlogManagementSystem.Controllers.CLBlogController.GetAllBlogs (BlogManagementSystem)'
2025-04-14 13:00:00.6863 | INFO | Microsoft.AspNetCore.Hosting.Diagnostics | Request finished HTTP/1.1 GET http://localhost:5095/api/CLBlog/get-all-blogs?pageSize=25&pageNumber=1&sorting=g01F02%20ASC - - - 200 143 application/json;+charset=utf-8 3.4356ms
2025-04-14 13:00:01.1181 | INFO | Microsoft.AspNetCore.Hosting.Diagnostics | Request starting HTTP/1.1 GET http://localhost:5095/api/CLBlog/get-all-blogs?pageSize=25&pageNumber=1&sorting=g01F02%20DESC - -
2025-04-14 13:00:01.1181 | INFO | Microsoft.AspNetCore.Cors.Infrastructure.CorsService | CORS policy execution successful.
2025-04-14 13:00:01.1181 | INFO | Microsoft.AspNetCore.Routing.EndpointMiddleware | Executing endpoint 'BlogManagementSystem.Controllers.CLBlogController.GetAllBlogs (BlogManagementSystem)'
2025-04-14 13:00:01.1181 | INFO | Microsoft.AspNetCore.Mvc.Infrastructure.ControllerActionInvoker | Route matched with {action = "GetAllBlogs", controller = "CLBlog"}. Executing controller action with signature Microsoft.AspNetCore.Mvc.IActionResult GetAllBlogs(Int32, Int32, System.String) on controller BlogManagementSystem.Controllers.CLBlogController (BlogManagementSystem).
2025-04-14 13:00:01.1181 | INFO | BlogManagementSystem.Filters.LogActionFilter | Executing action: BlogManagementSystem.Controllers.CLBlogController.GetAllBlogs (BlogManagementSystem)
2025-04-14 13:00:01.1181 | INFO | BlogManagementSystem.Controllers.CLBlogController | Fetching all blog posts.
2025-04-14 13:00:01.1181 | INFO | BlogManagementSystem.Filters.LogActionFilter | Action executed successfully: BlogManagementSystem.Controllers.CLBlogController.GetAllBlogs (BlogManagementSystem)
2025-04-14 13:00:01.1181 | INFO | Microsoft.AspNetCore.Mvc.Infrastructure.ObjectResultExecutor | Executing OkObjectResult, writing value of type 'BlogManagementSystem.Models.Response'.
2025-04-14 13:00:01.1181 | INFO | Microsoft.AspNetCore.Mvc.Infrastructure.ControllerActionInvoker | Executed action BlogManagementSystem.Controllers.CLBlogController.GetAllBlogs (BlogManagementSystem) in 2.7732ms
2025-04-14 13:00:01.1181 | INFO | Microsoft.AspNetCore.Routing.EndpointMiddleware | Executed endpoint 'BlogManagementSystem.Controllers.CLBlogController.GetAllBlogs (BlogManagementSystem)'
2025-04-14 13:00:01.1181 | INFO | Microsoft.AspNetCore.Hosting.Diagnostics | Request finished HTTP/1.1 GET http://localhost:5095/api/CLBlog/get-all-blogs?pageSize=25&pageNumber=1&sorting=g01F02%20DESC - - - 200 143 application/json;+charset=utf-8 3.0791ms
2025-04-14 13:00:01.6303 | INFO | Microsoft.AspNetCore.Hosting.Diagnostics | Request starting HTTP/1.1 GET http://localhost:5095/api/CLBlog/get-all-blogs?pageSize=25&pageNumber=1&sorting=g01F02%20ASC - -
2025-04-14 13:00:01.6303 | INFO | Microsoft.AspNetCore.Cors.Infrastructure.CorsService | CORS policy execution successful.
2025-04-14 13:00:01.6303 | INFO | Microsoft.AspNetCore.Routing.EndpointMiddleware | Executing endpoint 'BlogManagementSystem.Controllers.CLBlogController.GetAllBlogs (BlogManagementSystem)'
2025-04-14 13:00:01.6303 | INFO | Microsoft.AspNetCore.Mvc.Infrastructure.ControllerActionInvoker | Route matched with {action = "GetAllBlogs", controller = "CLBlog"}. Executing controller action with signature Microsoft.AspNetCore.Mvc.IActionResult GetAllBlogs(Int32, Int32, System.String) on controller BlogManagementSystem.Controllers.CLBlogController (BlogManagementSystem).
2025-04-14 13:00:01.6303 | INFO | BlogManagementSystem.Filters.LogActionFilter | Executing action: BlogManagementSystem.Controllers.CLBlogController.GetAllBlogs (BlogManagementSystem)
2025-04-14 13:00:01.6303 | INFO | BlogManagementSystem.Controllers.CLBlogController | Fetching all blog posts.
2025-04-14 13:00:01.6303 | INFO | BlogManagementSystem.Filters.LogActionFilter | Action executed successfully: BlogManagementSystem.Controllers.CLBlogController.GetAllBlogs (BlogManagementSystem)
2025-04-14 13:00:01.6303 | INFO | Microsoft.AspNetCore.Mvc.Infrastructure.ObjectResultExecutor | Executing OkObjectResult, writing value of type 'BlogManagementSystem.Models.Response'.
2025-04-14 13:00:01.6303 | INFO | Microsoft.AspNetCore.Mvc.Infrastructure.ControllerActionInvoker | Executed action BlogManagementSystem.Controllers.CLBlogController.GetAllBlogs (BlogManagementSystem) in 2.8567ms
2025-04-14 13:00:01.6303 | INFO | Microsoft.AspNetCore.Routing.EndpointMiddleware | Executed endpoint 'BlogManagementSystem.Controllers.CLBlogController.GetAllBlogs (BlogManagementSystem)'
2025-04-14 13:00:01.6303 | INFO | Microsoft.AspNetCore.Hosting.Diagnostics | Request finished HTTP/1.1 GET http://localhost:5095/api/CLBlog/get-all-blogs?pageSize=25&pageNumber=1&sorting=g01F02%20ASC - - - 200 143 application/json;+charset=utf-8 3.2057ms
2025-04-14 13:00:02.1983 | INFO | Microsoft.AspNetCore.Hosting.Diagnostics | Request starting HTTP/1.1 GET http://localhost:5095/api/CLBlog/get-all-blogs?pageSize=25&pageNumber=1&sorting=g01F02%20DESC - -
2025-04-14 13:00:02.1983 | INFO | Microsoft.AspNetCore.Cors.Infrastructure.CorsService | CORS policy execution successful.
2025-04-14 13:00:02.1983 | INFO | Microsoft.AspNetCore.Routing.EndpointMiddleware | Executing endpoint 'BlogManagementSystem.Controllers.CLBlogController.GetAllBlogs (BlogManagementSystem)'
2025-04-14 13:00:02.1983 | INFO | Microsoft.AspNetCore.Mvc.Infrastructure.ControllerActionInvoker | Route matched with {action = "GetAllBlogs", controller = "CLBlog"}. Executing controller action with signature Microsoft.AspNetCore.Mvc.IActionResult GetAllBlogs(Int32, Int32, System.String) on controller BlogManagementSystem.Controllers.CLBlogController (BlogManagementSystem).
2025-04-14 13:00:02.1983 | INFO | BlogManagementSystem.Filters.LogActionFilter | Executing action: BlogManagementSystem.Controllers.CLBlogController.GetAllBlogs (BlogManagementSystem)
2025-04-14 13:00:02.1983 | INFO | BlogManagementSystem.Controllers.CLBlogController | Fetching all blog posts.
2025-04-14 13:00:02.2014 | INFO | BlogManagementSystem.Filters.LogActionFilter | Action executed successfully: BlogManagementSystem.Controllers.CLBlogController.GetAllBlogs (BlogManagementSystem)
2025-04-14 13:00:02.2014 | INFO | Microsoft.AspNetCore.Mvc.Infrastructure.ObjectResultExecutor | Executing OkObjectResult, writing value of type 'BlogManagementSystem.Models.Response'.
2025-04-14 13:00:02.2014 | INFO | Microsoft.AspNetCore.Mvc.Infrastructure.ControllerActionInvoker | Executed action BlogManagementSystem.Controllers.CLBlogController.GetAllBlogs (BlogManagementSystem) in 2.9053ms
2025-04-14 13:00:02.2014 | INFO | Microsoft.AspNetCore.Routing.EndpointMiddleware | Executed endpoint 'BlogManagementSystem.Controllers.CLBlogController.GetAllBlogs (BlogManagementSystem)'
2025-04-14 13:00:02.2014 | INFO | Microsoft.AspNetCore.Hosting.Diagnostics | Request finished HTTP/1.1 GET http://localhost:5095/api/CLBlog/get-all-blogs?pageSize=25&pageNumber=1&sorting=g01F02%20DESC - - - 200 143 application/json;+charset=utf-8 3.2667ms
2025-04-14 13:00:03.3264 | INFO | Microsoft.AspNetCore.Hosting.Diagnostics | Request starting HTTP/1.1 GET http://localhost:5095/api/CLBlog/get-all-blogs?pageSize=25&pageNumber=1&sorting=g01F02%20ASC - -
2025-04-14 13:00:03.3264 | INFO | Microsoft.AspNetCore.Cors.Infrastructure.CorsService | CORS policy execution successful.
2025-04-14 13:00:03.3264 | INFO | Microsoft.AspNetCore.Routing.EndpointMiddleware | Executing endpoint 'BlogManagementSystem.Controllers.CLBlogController.GetAllBlogs (BlogManagementSystem)'
2025-04-14 13:00:03.3264 | INFO | Microsoft.AspNetCore.Mvc.Infrastructure.ControllerActionInvoker | Route matched with {action = "GetAllBlogs", controller = "CLBlog"}. Executing controller action with signature Microsoft.AspNetCore.Mvc.IActionResult GetAllBlogs(Int32, Int32, System.String) on controller BlogManagementSystem.Controllers.CLBlogController (BlogManagementSystem).
2025-04-14 13:00:03.3264 | INFO | BlogManagementSystem.Filters.LogActionFilter | Executing action: BlogManagementSystem.Controllers.CLBlogController.GetAllBlogs (BlogManagementSystem)
2025-04-14 13:00:03.3264 | INFO | BlogManagementSystem.Controllers.CLBlogController | Fetching all blog posts.
2025-04-14 13:00:03.3264 | INFO | BlogManagementSystem.Filters.LogActionFilter | Action executed successfully: BlogManagementSystem.Controllers.CLBlogController.GetAllBlogs (BlogManagementSystem)
2025-04-14 13:00:03.3264 | INFO | Microsoft.AspNetCore.Mvc.Infrastructure.ObjectResultExecutor | Executing OkObjectResult, writing value of type 'BlogManagementSystem.Models.Response'.
2025-04-14 13:00:03.3264 | INFO | Microsoft.AspNetCore.Mvc.Infrastructure.ControllerActionInvoker | Executed action BlogManagementSystem.Controllers.CLBlogController.GetAllBlogs (BlogManagementSystem) in 2.9232ms
2025-04-14 13:00:03.3264 | INFO | Microsoft.AspNetCore.Routing.EndpointMiddleware | Executed endpoint 'BlogManagementSystem.Controllers.CLBlogController.GetAllBlogs (BlogManagementSystem)'
2025-04-14 13:00:03.3264 | INFO | Microsoft.AspNetCore.Hosting.Diagnostics | Request finished HTTP/1.1 GET http://localhost:5095/api/CLBlog/get-all-blogs?pageSize=25&pageNumber=1&sorting=g01F02%20ASC - - - 200 143 application/json;+charset=utf-8 3.3210ms
2025-04-14 13:00:04.6224 | INFO | Microsoft.AspNetCore.Hosting.Diagnostics | Request starting HTTP/1.1 GET http://localhost:5095/api/CLBlog/get-all-blogs?pageSize=25&pageNumber=1&sorting=g01F02%20DESC - -
2025-04-14 13:00:04.6224 | INFO | Microsoft.AspNetCore.Cors.Infrastructure.CorsService | CORS policy execution successful.
2025-04-14 13:00:04.6224 | INFO | Microsoft.AspNetCore.Routing.EndpointMiddleware | Executing endpoint 'BlogManagementSystem.Controllers.CLBlogController.GetAllBlogs (BlogManagementSystem)'
2025-04-14 13:00:04.6224 | INFO | Microsoft.AspNetCore.Mvc.Infrastructure.ControllerActionInvoker | Route matched with {action = "GetAllBlogs", controller = "CLBlog"}. Executing controller action with signature Microsoft.AspNetCore.Mvc.IActionResult GetAllBlogs(Int32, Int32, System.String) on controller BlogManagementSystem.Controllers.CLBlogController (BlogManagementSystem).
2025-04-14 13:00:04.6230 | INFO | BlogManagementSystem.Filters.LogActionFilter | Executing action: BlogManagementSystem.Controllers.CLBlogController.GetAllBlogs (BlogManagementSystem)
2025-04-14 13:00:04.6230 | INFO | BlogManagementSystem.Controllers.CLBlogController | Fetching all blog posts.
2025-04-14 13:00:04.6230 | INFO | BlogManagementSystem.Filters.LogActionFilter | Action executed successfully: BlogManagementSystem.Controllers.CLBlogController.GetAllBlogs (BlogManagementSystem)
2025-04-14 13:00:04.6230 | INFO | Microsoft.AspNetCore.Mvc.Infrastructure.ObjectResultExecutor | Executing OkObjectResult, writing value of type 'BlogManagementSystem.Models.Response'.
2025-04-14 13:00:04.6230 | INFO | Microsoft.AspNetCore.Mvc.Infrastructure.ControllerActionInvoker | Executed action BlogManagementSystem.Controllers.CLBlogController.GetAllBlogs (BlogManagementSystem) in 2.7984ms
2025-04-14 13:00:04.6230 | INFO | Microsoft.AspNetCore.Routing.EndpointMiddleware | Executed endpoint 'BlogManagementSystem.Controllers.CLBlogController.GetAllBlogs (BlogManagementSystem)'
2025-04-14 13:00:04.6230 | INFO | Microsoft.AspNetCore.Hosting.Diagnostics | Request finished HTTP/1.1 GET http://localhost:5095/api/CLBlog/get-all-blogs?pageSize=25&pageNumber=1&sorting=g01F02%20DESC - - - 200 143 application/json;+charset=utf-8 3.3043ms
2025-04-14 13:00:15.1590 | INFO | Microsoft.AspNetCore.Hosting.Diagnostics | Request starting HTTP/1.1 GET http://localhost:5095/api/CLBlog/get-all-blogs?pageSize=25&pageNumber=1&sorting=g01F02%20ASC - -
2025-04-14 13:00:15.1590 | INFO | Microsoft.AspNetCore.Cors.Infrastructure.CorsService | CORS policy execution successful.
2025-04-14 13:00:15.1590 | INFO | Microsoft.AspNetCore.Routing.EndpointMiddleware | Executing endpoint 'BlogManagementSystem.Controllers.CLBlogController.GetAllBlogs (BlogManagementSystem)'
2025-04-14 13:00:15.1590 | INFO | Microsoft.AspNetCore.Mvc.Infrastructure.ControllerActionInvoker | Route matched with {action = "GetAllBlogs", controller = "CLBlog"}. Executing controller action with signature Microsoft.AspNetCore.Mvc.IActionResult GetAllBlogs(Int32, Int32, System.String) on controller BlogManagementSystem.Controllers.CLBlogController (BlogManagementSystem).
2025-04-14 13:00:15.1590 | INFO | BlogManagementSystem.Filters.LogActionFilter | Executing action: BlogManagementSystem.Controllers.CLBlogController.GetAllBlogs (BlogManagementSystem)
2025-04-14 13:00:15.1590 | INFO | BlogManagementSystem.Controllers.CLBlogController | Fetching all blog posts.
2025-04-14 13:00:15.1590 | INFO | BlogManagementSystem.Filters.LogActionFilter | Action executed successfully: BlogManagementSystem.Controllers.CLBlogController.GetAllBlogs (BlogManagementSystem)
2025-04-14 13:00:15.1590 | INFO | Microsoft.AspNetCore.Mvc.Infrastructure.ObjectResultExecutor | Executing OkObjectResult, writing value of type 'BlogManagementSystem.Models.Response'.
2025-04-14 13:00:15.1590 | INFO | Microsoft.AspNetCore.Mvc.Infrastructure.ControllerActionInvoker | Executed action BlogManagementSystem.Controllers.CLBlogController.GetAllBlogs (BlogManagementSystem) in 3.5681ms
2025-04-14 13:00:15.1590 | INFO | Microsoft.AspNetCore.Routing.EndpointMiddleware | Executed endpoint 'BlogManagementSystem.Controllers.CLBlogController.GetAllBlogs (BlogManagementSystem)'
2025-04-14 13:00:15.1590 | INFO | Microsoft.AspNetCore.Hosting.Diagnostics | Request finished HTTP/1.1 GET http://localhost:5095/api/CLBlog/get-all-blogs?pageSize=25&pageNumber=1&sorting=g01F02%20ASC - - - 200 143 application/json;+charset=utf-8 4.0323ms
2025-04-14 13:00:16.9024 | INFO | Microsoft.AspNetCore.Hosting.Diagnostics | Request starting HTTP/1.1 GET http://localhost:5095/api/CLBlog/get-all-blogs?pageSize=25&pageNumber=1&sorting=g01F02%20DESC - -
2025-04-14 13:00:16.9024 | INFO | Microsoft.AspNetCore.Cors.Infrastructure.CorsService | CORS policy execution successful.
2025-04-14 13:00:16.9024 | INFO | Microsoft.AspNetCore.Routing.EndpointMiddleware | Executing endpoint 'BlogManagementSystem.Controllers.CLBlogController.GetAllBlogs (BlogManagementSystem)'
2025-04-14 13:00:16.9024 | INFO | Microsoft.AspNetCore.Mvc.Infrastructure.ControllerActionInvoker | Route matched with {action = "GetAllBlogs", controller = "CLBlog"}. Executing controller action with signature Microsoft.AspNetCore.Mvc.IActionResult GetAllBlogs(Int32, Int32, System.String) on controller BlogManagementSystem.Controllers.CLBlogController (BlogManagementSystem).
2025-04-14 13:00:16.9024 | INFO | BlogManagementSystem.Filters.LogActionFilter | Executing action: BlogManagementSystem.Controllers.CLBlogController.GetAllBlogs (BlogManagementSystem)
2025-04-14 13:00:16.9024 | INFO | BlogManagementSystem.Controllers.CLBlogController | Fetching all blog posts.
2025-04-14 13:00:16.9054 | INFO | BlogManagementSystem.Filters.LogActionFilter | Action executed successfully: BlogManagementSystem.Controllers.CLBlogController.GetAllBlogs (BlogManagementSystem)
2025-04-14 13:00:16.9054 | INFO | Microsoft.AspNetCore.Mvc.Infrastructure.ObjectResultExecutor | Executing OkObjectResult, writing value of type 'BlogManagementSystem.Models.Response'.
2025-04-14 13:00:16.9054 | INFO | Microsoft.AspNetCore.Mvc.Infrastructure.ControllerActionInvoker | Executed action BlogManagementSystem.Controllers.CLBlogController.GetAllBlogs (BlogManagementSystem) in 2.8577ms
2025-04-14 13:00:16.9054 | INFO | Microsoft.AspNetCore.Routing.EndpointMiddleware | Executed endpoint 'BlogManagementSystem.Controllers.CLBlogController.GetAllBlogs (BlogManagementSystem)'
2025-04-14 13:00:16.9054 | INFO | Microsoft.AspNetCore.Hosting.Diagnostics | Request finished HTTP/1.1 GET http://localhost:5095/api/CLBlog/get-all-blogs?pageSize=25&pageNumber=1&sorting=g01F02%20DESC - - - 200 143 application/json;+charset=utf-8 3.2781ms
2025-04-14 13:00:17.3503 | INFO | Microsoft.AspNetCore.Hosting.Diagnostics | Request starting HTTP/1.1 GET http://localhost:5095/api/CLBlog/get-all-blogs?pageSize=25&pageNumber=1&sorting=g01F02%20ASC - -
2025-04-14 13:00:17.3503 | INFO | Microsoft.AspNetCore.Cors.Infrastructure.CorsService | CORS policy execution successful.
2025-04-14 13:00:17.3503 | INFO | Microsoft.AspNetCore.Routing.EndpointMiddleware | Executing endpoint 'BlogManagementSystem.Controllers.CLBlogController.GetAllBlogs (BlogManagementSystem)'
2025-04-14 13:00:17.3503 | INFO | Microsoft.AspNetCore.Mvc.Infrastructure.ControllerActionInvoker | Route matched with {action = "GetAllBlogs", controller = "CLBlog"}. Executing controller action with signature Microsoft.AspNetCore.Mvc.IActionResult GetAllBlogs(Int32, Int32, System.String) on controller BlogManagementSystem.Controllers.CLBlogController (BlogManagementSystem).
2025-04-14 13:00:17.3503 | INFO | BlogManagementSystem.Filters.LogActionFilter | Executing action: BlogManagementSystem.Controllers.CLBlogController.GetAllBlogs (BlogManagementSystem)
2025-04-14 13:00:17.3503 | INFO | BlogManagementSystem.Controllers.CLBlogController | Fetching all blog posts.
2025-04-14 13:00:17.3503 | INFO | BlogManagementSystem.Filters.LogActionFilter | Action executed successfully: BlogManagementSystem.Controllers.CLBlogController.GetAllBlogs (BlogManagementSystem)
2025-04-14 13:00:17.3503 | INFO | Microsoft.AspNetCore.Mvc.Infrastructure.ObjectResultExecutor | Executing OkObjectResult, writing value of type 'BlogManagementSystem.Models.Response'.
2025-04-14 13:00:17.3503 | INFO | Microsoft.AspNetCore.Mvc.Infrastructure.ControllerActionInvoker | Executed action BlogManagementSystem.Controllers.CLBlogController.GetAllBlogs (BlogManagementSystem) in 2.8984ms
2025-04-14 13:00:17.3503 | INFO | Microsoft.AspNetCore.Routing.EndpointMiddleware | Executed endpoint 'BlogManagementSystem.Controllers.CLBlogController.GetAllBlogs (BlogManagementSystem)'
2025-04-14 13:00:17.3503 | INFO | Microsoft.AspNetCore.Hosting.Diagnostics | Request finished HTTP/1.1 GET http://localhost:5095/api/CLBlog/get-all-blogs?pageSize=25&pageNumber=1&sorting=g01F02%20ASC - - - 200 143 application/json;+charset=utf-8 3.2600ms
2025-04-14 13:00:17.8941 | INFO | Microsoft.AspNetCore.Hosting.Diagnostics | Request starting HTTP/1.1 GET http://localhost:5095/api/CLBlog/get-all-blogs?pageSize=25&pageNumber=1&sorting=g01F02%20DESC - -
2025-04-14 13:00:17.8941 | INFO | Microsoft.AspNetCore.Cors.Infrastructure.CorsService | CORS policy execution successful.
2025-04-14 13:00:17.8941 | INFO | Microsoft.AspNetCore.Routing.EndpointMiddleware | Executing endpoint 'BlogManagementSystem.Controllers.CLBlogController.GetAllBlogs (BlogManagementSystem)'
2025-04-14 13:00:17.8941 | INFO | Microsoft.AspNetCore.Mvc.Infrastructure.ControllerActionInvoker | Route matched with {action = "GetAllBlogs", controller = "CLBlog"}. Executing controller action with signature Microsoft.AspNetCore.Mvc.IActionResult GetAllBlogs(Int32, Int32, System.String) on controller BlogManagementSystem.Controllers.CLBlogController (BlogManagementSystem).
2025-04-14 13:00:17.8941 | INFO | BlogManagementSystem.Filters.LogActionFilter | Executing action: BlogManagementSystem.Controllers.CLBlogController.GetAllBlogs (BlogManagementSystem)
2025-04-14 13:00:17.8941 | INFO | BlogManagementSystem.Controllers.CLBlogController | Fetching all blog posts.
2025-04-14 13:00:17.8941 | INFO | BlogManagementSystem.Filters.LogActionFilter | Action executed successfully: BlogManagementSystem.Controllers.CLBlogController.GetAllBlogs (BlogManagementSystem)
2025-04-14 13:00:17.8941 | INFO | Microsoft.AspNetCore.Mvc.Infrastructure.ObjectResultExecutor | Executing OkObjectResult, writing value of type 'BlogManagementSystem.Models.Response'.
2025-04-14 13:00:17.8941 | INFO | Microsoft.AspNetCore.Mvc.Infrastructure.ControllerActionInvoker | Executed action BlogManagementSystem.Controllers.CLBlogController.GetAllBlogs (BlogManagementSystem) in 2.8254ms
2025-04-14 13:00:17.8941 | INFO | Microsoft.AspNetCore.Routing.EndpointMiddleware | Executed endpoint 'BlogManagementSystem.Controllers.CLBlogController.GetAllBlogs (BlogManagementSystem)'
2025-04-14 13:00:17.8941 | INFO | Microsoft.AspNetCore.Hosting.Diagnostics | Request finished HTTP/1.1 GET http://localhost:5095/api/CLBlog/get-all-blogs?pageSize=25&pageNumber=1&sorting=g01F02%20DESC - - - 200 143 application/json;+charset=utf-8 3.1405ms
2025-04-14 13:00:18.2221 | INFO | Microsoft.AspNetCore.Hosting.Diagnostics | Request starting HTTP/1.1 GET http://localhost:5095/api/CLBlog/get-all-blogs?pageSize=25&pageNumber=1&sorting=g01F02%20ASC - -
2025-04-14 13:00:18.2221 | INFO | Microsoft.AspNetCore.Cors.Infrastructure.CorsService | CORS policy execution successful.
2025-04-14 13:00:18.2221 | INFO | Microsoft.AspNetCore.Routing.EndpointMiddleware | Executing endpoint 'BlogManagementSystem.Controllers.CLBlogController.GetAllBlogs (BlogManagementSystem)'
2025-04-14 13:00:18.2221 | INFO | Microsoft.AspNetCore.Mvc.Infrastructure.ControllerActionInvoker | Route matched with {action = "GetAllBlogs", controller = "CLBlog"}. Executing controller action with signature Microsoft.AspNetCore.Mvc.IActionResult GetAllBlogs(Int32, Int32, System.String) on controller BlogManagementSystem.Controllers.CLBlogController (BlogManagementSystem).
2025-04-14 13:00:18.2221 | INFO | BlogManagementSystem.Filters.LogActionFilter | Executing action: BlogManagementSystem.Controllers.CLBlogController.GetAllBlogs (BlogManagementSystem)
2025-04-14 13:00:18.2221 | INFO | BlogManagementSystem.Controllers.CLBlogController | Fetching all blog posts.
2025-04-14 13:00:18.2221 | INFO | BlogManagementSystem.Filters.LogActionFilter | Action executed successfully: BlogManagementSystem.Controllers.CLBlogController.GetAllBlogs (BlogManagementSystem)
2025-04-14 13:00:18.2221 | INFO | Microsoft.AspNetCore.Mvc.Infrastructure.ObjectResultExecutor | Executing OkObjectResult, writing value of type 'BlogManagementSystem.Models.Response'.
2025-04-14 13:00:18.2221 | INFO | Microsoft.AspNetCore.Mvc.Infrastructure.ControllerActionInvoker | Executed action BlogManagementSystem.Controllers.CLBlogController.GetAllBlogs (BlogManagementSystem) in 2.8755ms
2025-04-14 13:00:18.2221 | INFO | Microsoft.AspNetCore.Routing.EndpointMiddleware | Executed endpoint 'BlogManagementSystem.Controllers.CLBlogController.GetAllBlogs (BlogManagementSystem)'
2025-04-14 13:00:18.2221 | INFO | Microsoft.AspNetCore.Hosting.Diagnostics | Request finished HTTP/1.1 GET http://localhost:5095/api/CLBlog/get-all-blogs?pageSize=25&pageNumber=1&sorting=g01F02%20ASC - - - 200 143 application/json;+charset=utf-8 3.2704ms
2025-04-14 13:00:18.6544 | INFO | Microsoft.AspNetCore.Hosting.Diagnostics | Request starting HTTP/1.1 GET http://localhost:5095/api/CLBlog/get-all-blogs?pageSize=25&pageNumber=1&sorting=g01F02%20DESC - -
2025-04-14 13:00:18.6544 | INFO | Microsoft.AspNetCore.Cors.Infrastructure.CorsService | CORS policy execution successful.
2025-04-14 13:00:18.6544 | INFO | Microsoft.AspNetCore.Routing.EndpointMiddleware | Executing endpoint 'BlogManagementSystem.Controllers.CLBlogController.GetAllBlogs (BlogManagementSystem)'
2025-04-14 13:00:18.6544 | INFO | Microsoft.AspNetCore.Mvc.Infrastructure.ControllerActionInvoker | Route matched with {action = "GetAllBlogs", controller = "CLBlog"}. Executing controller action with signature Microsoft.AspNetCore.Mvc.IActionResult GetAllBlogs(Int32, Int32, System.String) on controller BlogManagementSystem.Controllers.CLBlogController (BlogManagementSystem).
2025-04-14 13:00:18.6544 | INFO | BlogManagementSystem.Filters.LogActionFilter | Executing action: BlogManagementSystem.Controllers.CLBlogController.GetAllBlogs (BlogManagementSystem)
2025-04-14 13:00:18.6544 | INFO | BlogManagementSystem.Controllers.CLBlogController | Fetching all blog posts.
2025-04-14 13:00:18.6544 | INFO | BlogManagementSystem.Filters.LogActionFilter | Action executed successfully: BlogManagementSystem.Controllers.CLBlogController.GetAllBlogs (BlogManagementSystem)
2025-04-14 13:00:18.6544 | INFO | Microsoft.AspNetCore.Mvc.Infrastructure.ObjectResultExecutor | Executing OkObjectResult, writing value of type 'BlogManagementSystem.Models.Response'.
2025-04-14 13:00:18.6544 | INFO | Microsoft.AspNetCore.Mvc.Infrastructure.ControllerActionInvoker | Executed action BlogManagementSystem.Controllers.CLBlogController.GetAllBlogs (BlogManagementSystem) in 2.8221ms
2025-04-14 13:00:18.6544 | INFO | Microsoft.AspNetCore.Routing.EndpointMiddleware | Executed endpoint 'BlogManagementSystem.Controllers.CLBlogController.GetAllBlogs (BlogManagementSystem)'
2025-04-14 13:00:18.6544 | INFO | Microsoft.AspNetCore.Hosting.Diagnostics | Request finished HTTP/1.1 GET http://localhost:5095/api/CLBlog/get-all-blogs?pageSize=25&pageNumber=1&sorting=g01F02%20DESC - - - 200 143 application/json;+charset=utf-8 3.1670ms
2025-04-14 13:00:19.3343 | INFO | Microsoft.AspNetCore.Hosting.Diagnostics | Request starting HTTP/1.1 GET http://localhost:5095/api/CLBlog/get-all-blogs?pageSize=25&pageNumber=1&sorting=g01F02%20ASC - -
2025-04-14 13:00:19.3343 | INFO | Microsoft.AspNetCore.Cors.Infrastructure.CorsService | CORS policy execution successful.
2025-04-14 13:00:19.3343 | INFO | Microsoft.AspNetCore.Routing.EndpointMiddleware | Executing endpoint 'BlogManagementSystem.Controllers.CLBlogController.GetAllBlogs (BlogManagementSystem)'
2025-04-14 13:00:19.3343 | INFO | Microsoft.AspNetCore.Mvc.Infrastructure.ControllerActionInvoker | Route matched with {action = "GetAllBlogs", controller = "CLBlog"}. Executing controller action with signature Microsoft.AspNetCore.Mvc.IActionResult GetAllBlogs(Int32, Int32, System.String) on controller BlogManagementSystem.Controllers.CLBlogController (BlogManagementSystem).
2025-04-14 13:00:19.3343 | INFO | BlogManagementSystem.Filters.LogActionFilter | Executing action: BlogManagementSystem.Controllers.CLBlogController.GetAllBlogs (BlogManagementSystem)
2025-04-14 13:00:19.3343 | INFO | BlogManagementSystem.Controllers.CLBlogController | Fetching all blog posts.
2025-04-14 13:00:19.3343 | INFO | BlogManagementSystem.Filters.LogActionFilter | Action executed successfully: BlogManagementSystem.Controllers.CLBlogController.GetAllBlogs (BlogManagementSystem)
2025-04-14 13:00:19.3343 | INFO | Microsoft.AspNetCore.Mvc.Infrastructure.ObjectResultExecutor | Executing OkObjectResult, writing value of type 'BlogManagementSystem.Models.Response'.
2025-04-14 13:00:19.3343 | INFO | Microsoft.AspNetCore.Mvc.Infrastructure.ControllerActionInvoker | Executed action BlogManagementSystem.Controllers.CLBlogController.GetAllBlogs (BlogManagementSystem) in 2.7419ms
2025-04-14 13:00:19.3343 | INFO | Microsoft.AspNetCore.Routing.EndpointMiddleware | Executed endpoint 'BlogManagementSystem.Controllers.CLBlogController.GetAllBlogs (BlogManagementSystem)'
2025-04-14 13:00:19.3343 | INFO | Microsoft.AspNetCore.Hosting.Diagnostics | Request finished HTTP/1.1 GET http://localhost:5095/api/CLBlog/get-all-blogs?pageSize=25&pageNumber=1&sorting=g01F02%20ASC - - - 200 143 application/json;+charset=utf-8 3.1182ms
2025-04-14 13:00:19.7502 | INFO | Microsoft.AspNetCore.Hosting.Diagnostics | Request starting HTTP/1.1 GET http://localhost:5095/api/CLBlog/get-all-blogs?pageSize=25&pageNumber=1&sorting=g01F02%20DESC - -
2025-04-14 13:00:19.7502 | INFO | Microsoft.AspNetCore.Cors.Infrastructure.CorsService | CORS policy execution successful.
2025-04-14 13:00:19.7502 | INFO | Microsoft.AspNetCore.Routing.EndpointMiddleware | Executing endpoint 'BlogManagementSystem.Controllers.CLBlogController.GetAllBlogs (BlogManagementSystem)'
2025-04-14 13:00:19.7502 | INFO | Microsoft.AspNetCore.Mvc.Infrastructure.ControllerActionInvoker | Route matched with {action = "GetAllBlogs", controller = "CLBlog"}. Executing controller action with signature Microsoft.AspNetCore.Mvc.IActionResult GetAllBlogs(Int32, Int32, System.String) on controller BlogManagementSystem.Controllers.CLBlogController (BlogManagementSystem).
2025-04-14 13:00:19.7502 | INFO | BlogManagementSystem.Filters.LogActionFilter | Executing action: BlogManagementSystem.Controllers.CLBlogController.GetAllBlogs (BlogManagementSystem)
2025-04-14 13:00:19.7502 | INFO | BlogManagementSystem.Controllers.CLBlogController | Fetching all blog posts.
2025-04-14 13:00:19.7502 | INFO | BlogManagementSystem.Filters.LogActionFilter | Action executed successfully: BlogManagementSystem.Controllers.CLBlogController.GetAllBlogs (BlogManagementSystem)
2025-04-14 13:00:19.7502 | INFO | Microsoft.AspNetCore.Mvc.Infrastructure.ObjectResultExecutor | Executing OkObjectResult, writing value of type 'BlogManagementSystem.Models.Response'.
2025-04-14 13:00:19.7502 | INFO | Microsoft.AspNetCore.Mvc.Infrastructure.ControllerActionInvoker | Executed action BlogManagementSystem.Controllers.CLBlogController.GetAllBlogs (BlogManagementSystem) in 2.78ms
2025-04-14 13:00:19.7502 | INFO | Microsoft.AspNetCore.Routing.EndpointMiddleware | Executed endpoint 'BlogManagementSystem.Controllers.CLBlogController.GetAllBlogs (BlogManagementSystem)'
2025-04-14 13:00:19.7502 | INFO | Microsoft.AspNetCore.Hosting.Diagnostics | Request finished HTTP/1.1 GET http://localhost:5095/api/CLBlog/get-all-blogs?pageSize=25&pageNumber=1&sorting=g01F02%20DESC - - - 200 143 application/json;+charset=utf-8 3.1264ms
2025-04-14 13:00:20.1981 | INFO | Microsoft.AspNetCore.Hosting.Diagnostics | Request starting HTTP/1.1 GET http://localhost:5095/api/CLBlog/get-all-blogs?pageSize=25&pageNumber=1&sorting=g01F02%20ASC - -
2025-04-14 13:00:20.1981 | INFO | Microsoft.AspNetCore.Cors.Infrastructure.CorsService | CORS policy execution successful.
2025-04-14 13:00:20.1981 | INFO | Microsoft.AspNetCore.Routing.EndpointMiddleware | Executing endpoint 'BlogManagementSystem.Controllers.CLBlogController.GetAllBlogs (BlogManagementSystem)'
2025-04-14 13:00:20.1981 | INFO | Microsoft.AspNetCore.Mvc.Infrastructure.ControllerActionInvoker | Route matched with {action = "GetAllBlogs", controller = "CLBlog"}. Executing controller action with signature Microsoft.AspNetCore.Mvc.IActionResult GetAllBlogs(Int32, Int32, System.String) on controller BlogManagementSystem.Controllers.CLBlogController (BlogManagementSystem).
2025-04-14 13:00:20.1981 | INFO | BlogManagementSystem.Filters.LogActionFilter | Executing action: BlogManagementSystem.Controllers.CLBlogController.GetAllBlogs (BlogManagementSystem)
2025-04-14 13:00:20.1981 | INFO | BlogManagementSystem.Controllers.CLBlogController | Fetching all blog posts.
2025-04-14 13:00:20.2013 | INFO | BlogManagementSystem.Filters.LogActionFilter | Action executed successfully: BlogManagementSystem.Controllers.CLBlogController.GetAllBlogs (BlogManagementSystem)
2025-04-14 13:00:20.2013 | INFO | Microsoft.AspNetCore.Mvc.Infrastructure.ObjectResultExecutor | Executing OkObjectResult, writing value of type 'BlogManagementSystem.Models.Response'.
2025-04-14 13:00:20.2013 | INFO | Microsoft.AspNetCore.Mvc.Infrastructure.ControllerActionInvoker | Executed action BlogManagementSystem.Controllers.CLBlogController.GetAllBlogs (BlogManagementSystem) in 2.9183ms
2025-04-14 13:00:20.2013 | INFO | Microsoft.AspNetCore.Routing.EndpointMiddleware | Executed endpoint 'BlogManagementSystem.Controllers.CLBlogController.GetAllBlogs (BlogManagementSystem)'
2025-04-14 13:00:20.2013 | INFO | Microsoft.AspNetCore.Hosting.Diagnostics | Request finished HTTP/1.1 GET http://localhost:5095/api/CLBlog/get-all-blogs?pageSize=25&pageNumber=1&sorting=g01F02%20ASC - - - 200 143 application/json;+charset=utf-8 3.4657ms
2025-04-14 13:00:20.6384 | INFO | Microsoft.AspNetCore.Hosting.Diagnostics | Request starting HTTP/1.1 GET http://localhost:5095/api/CLBlog/get-all-blogs?pageSize=25&pageNumber=1&sorting=g01F02%20DESC - -
2025-04-14 13:00:20.6384 | INFO | Microsoft.AspNetCore.Cors.Infrastructure.CorsService | CORS policy execution successful.
2025-04-14 13:00:20.6384 | INFO | Microsoft.AspNetCore.Routing.EndpointMiddleware | Executing endpoint 'BlogManagementSystem.Controllers.CLBlogController.GetAllBlogs (BlogManagementSystem)'
2025-04-14 13:00:20.6384 | INFO | Microsoft.AspNetCore.Mvc.Infrastructure.ControllerActionInvoker | Route matched with {action = "GetAllBlogs", controller = "CLBlog"}. Executing controller action with signature Microsoft.AspNetCore.Mvc.IActionResult GetAllBlogs(Int32, Int32, System.String) on controller BlogManagementSystem.Controllers.CLBlogController (BlogManagementSystem).
2025-04-14 13:00:20.6384 | INFO | BlogManagementSystem.Filters.LogActionFilter | Executing action: BlogManagementSystem.Controllers.CLBlogController.GetAllBlogs (BlogManagementSystem)
2025-04-14 13:00:20.6384 | INFO | BlogManagementSystem.Controllers.CLBlogController | Fetching all blog posts.
2025-04-14 13:00:20.6384 | INFO | BlogManagementSystem.Filters.LogActionFilter | Action executed successfully: BlogManagementSystem.Controllers.CLBlogController.GetAllBlogs (BlogManagementSystem)
2025-04-14 13:00:20.6384 | INFO | Microsoft.AspNetCore.Mvc.Infrastructure.ObjectResultExecutor | Executing OkObjectResult, writing value of type 'BlogManagementSystem.Models.Response'.
2025-04-14 13:00:20.6384 | INFO | Microsoft.AspNetCore.Mvc.Infrastructure.ControllerActionInvoker | Executed action BlogManagementSystem.Controllers.CLBlogController.GetAllBlogs (BlogManagementSystem) in 2.7618ms
2025-04-14 13:00:20.6384 | INFO | Microsoft.AspNetCore.Routing.EndpointMiddleware | Executed endpoint 'BlogManagementSystem.Controllers.CLBlogController.GetAllBlogs (BlogManagementSystem)'
2025-04-14 13:00:20.6384 | INFO | Microsoft.AspNetCore.Hosting.Diagnostics | Request finished HTTP/1.1 GET http://localhost:5095/api/CLBlog/get-all-blogs?pageSize=25&pageNumber=1&sorting=g01F02%20DESC - - - 200 143 application/json;+charset=utf-8 3.1948ms
2025-04-14 13:00:21.1504 | INFO | Microsoft.AspNetCore.Hosting.Diagnostics | Request starting HTTP/1.1 GET http://localhost:5095/api/CLBlog/get-all-blogs?pageSize=25&pageNumber=1&sorting=g01F02%20ASC - -
2025-04-14 13:00:21.1504 | INFO | Microsoft.AspNetCore.Cors.Infrastructure.CorsService | CORS policy execution successful.
2025-04-14 13:00:21.1504 | INFO | Microsoft.AspNetCore.Routing.EndpointMiddleware | Executing endpoint 'BlogManagementSystem.Controllers.CLBlogController.GetAllBlogs (BlogManagementSystem)'
2025-04-14 13:00:21.1504 | INFO | Microsoft.AspNetCore.Mvc.Infrastructure.ControllerActionInvoker | Route matched with {action = "GetAllBlogs", controller = "CLBlog"}. Executing controller action with signature Microsoft.AspNetCore.Mvc.IActionResult GetAllBlogs(Int32, Int32, System.String) on controller BlogManagementSystem.Controllers.CLBlogController (BlogManagementSystem).
2025-04-14 13:00:21.1504 | INFO | BlogManagementSystem.Filters.LogActionFilter | Executing action: BlogManagementSystem.Controllers.CLBlogController.GetAllBlogs (BlogManagementSystem)
2025-04-14 13:00:21.1504 | INFO | BlogManagementSystem.Controllers.CLBlogController | Fetching all blog posts.
2025-04-14 13:00:21.1504 | INFO | BlogManagementSystem.Filters.LogActionFilter | Action executed successfully: BlogManagementSystem.Controllers.CLBlogController.GetAllBlogs (BlogManagementSystem)
2025-04-14 13:00:21.1504 | INFO | Microsoft.AspNetCore.Mvc.Infrastructure.ObjectResultExecutor | Executing OkObjectResult, writing value of type 'BlogManagementSystem.Models.Response'.
2025-04-14 13:00:21.1504 | INFO | Microsoft.AspNetCore.Mvc.Infrastructure.ControllerActionInvoker | Executed action BlogManagementSystem.Controllers.CLBlogController.GetAllBlogs (BlogManagementSystem) in 2.8488ms
2025-04-14 13:00:21.1504 | INFO | Microsoft.AspNetCore.Routing.EndpointMiddleware | Executed endpoint 'BlogManagementSystem.Controllers.CLBlogController.GetAllBlogs (BlogManagementSystem)'
2025-04-14 13:00:21.1504 | INFO | Microsoft.AspNetCore.Hosting.Diagnostics | Request finished HTTP/1.1 GET http://localhost:5095/api/CLBlog/get-all-blogs?pageSize=25&pageNumber=1&sorting=g01F02%20ASC - - - 200 143 application/json;+charset=utf-8 3.1830ms
2025-04-14 13:00:21.5904 | INFO | Microsoft.AspNetCore.Hosting.Diagnostics | Request starting HTTP/1.1 GET http://localhost:5095/api/CLBlog/get-all-blogs?pageSize=25&pageNumber=1&sorting=g01F02%20DESC - -
2025-04-14 13:00:21.5904 | INFO | Microsoft.AspNetCore.Cors.Infrastructure.CorsService | CORS policy execution successful.
2025-04-14 13:00:21.5904 | INFO | Microsoft.AspNetCore.Routing.EndpointMiddleware | Executing endpoint 'BlogManagementSystem.Controllers.CLBlogController.GetAllBlogs (BlogManagementSystem)'
2025-04-14 13:00:21.5904 | INFO | Microsoft.AspNetCore.Mvc.Infrastructure.ControllerActionInvoker | Route matched with {action = "GetAllBlogs", controller = "CLBlog"}. Executing controller action with signature Microsoft.AspNetCore.Mvc.IActionResult GetAllBlogs(Int32, Int32, System.String) on controller BlogManagementSystem.Controllers.CLBlogController (BlogManagementSystem).
2025-04-14 13:00:21.5904 | INFO | BlogManagementSystem.Filters.LogActionFilter | Executing action: BlogManagementSystem.Controllers.CLBlogController.GetAllBlogs (BlogManagementSystem)
2025-04-14 13:00:21.5904 | INFO | BlogManagementSystem.Controllers.CLBlogController | Fetching all blog posts.
2025-04-14 13:00:21.5934 | INFO | BlogManagementSystem.Filters.LogActionFilter | Action executed successfully: BlogManagementSystem.Controllers.CLBlogController.GetAllBlogs (BlogManagementSystem)
2025-04-14 13:00:21.5934 | INFO | Microsoft.AspNetCore.Mvc.Infrastructure.ObjectResultExecutor | Executing OkObjectResult, writing value of type 'BlogManagementSystem.Models.Response'.
2025-04-14 13:00:21.5934 | INFO | Microsoft.AspNetCore.Mvc.Infrastructure.ControllerActionInvoker | Executed action BlogManagementSystem.Controllers.CLBlogController.GetAllBlogs (BlogManagementSystem) in 2.9382ms
2025-04-14 13:00:21.5934 | INFO | Microsoft.AspNetCore.Routing.EndpointMiddleware | Executed endpoint 'BlogManagementSystem.Controllers.CLBlogController.GetAllBlogs (BlogManagementSystem)'
2025-04-14 13:00:21.5934 | INFO | Microsoft.AspNetCore.Hosting.Diagnostics | Request finished HTTP/1.1 GET http://localhost:5095/api/CLBlog/get-all-blogs?pageSize=25&pageNumber=1&sorting=g01F02%20DESC - - - 200 143 application/json;+charset=utf-8 3.2562ms
2025-04-14 13:00:22.1343 | INFO | Microsoft.AspNetCore.Hosting.Diagnostics | Request starting HTTP/1.1 GET http://localhost:5095/api/CLBlog/get-all-blogs?pageSize=25&pageNumber=1&sorting=g01F02%20ASC - -
2025-04-14 13:00:22.1343 | INFO | Microsoft.AspNetCore.Cors.Infrastructure.CorsService | CORS policy execution successful.
2025-04-14 13:00:22.1343 | INFO | Microsoft.AspNetCore.Routing.EndpointMiddleware | Executing endpoint 'BlogManagementSystem.Controllers.CLBlogController.GetAllBlogs (BlogManagementSystem)'
2025-04-14 13:00:22.1343 | INFO | Microsoft.AspNetCore.Mvc.Infrastructure.ControllerActionInvoker | Route matched with {action = "GetAllBlogs", controller = "CLBlog"}. Executing controller action with signature Microsoft.AspNetCore.Mvc.IActionResult GetAllBlogs(Int32, Int32, System.String) on controller BlogManagementSystem.Controllers.CLBlogController (BlogManagementSystem).
2025-04-14 13:00:22.1343 | INFO | BlogManagementSystem.Filters.LogActionFilter | Executing action: BlogManagementSystem.Controllers.CLBlogController.GetAllBlogs (BlogManagementSystem)
2025-04-14 13:00:22.1343 | INFO | BlogManagementSystem.Controllers.CLBlogController | Fetching all blog posts.
2025-04-14 13:00:22.1343 | INFO | BlogManagementSystem.Filters.LogActionFilter | Action executed successfully: BlogManagementSystem.Controllers.CLBlogController.GetAllBlogs (BlogManagementSystem)
2025-04-14 13:00:22.1343 | INFO | Microsoft.AspNetCore.Mvc.Infrastructure.ObjectResultExecutor | Executing OkObjectResult, writing value of type 'BlogManagementSystem.Models.Response'.
2025-04-14 13:00:22.1343 | INFO | Microsoft.AspNetCore.Mvc.Infrastructure.ControllerActionInvoker | Executed action BlogManagementSystem.Controllers.CLBlogController.GetAllBlogs (BlogManagementSystem) in 2.6956ms
2025-04-14 13:00:22.1343 | INFO | Microsoft.AspNetCore.Routing.EndpointMiddleware | Executed endpoint 'BlogManagementSystem.Controllers.CLBlogController.GetAllBlogs (BlogManagementSystem)'
2025-04-14 13:00:22.1343 | INFO | Microsoft.AspNetCore.Hosting.Diagnostics | Request finished HTTP/1.1 GET http://localhost:5095/api/CLBlog/get-all-blogs?pageSize=25&pageNumber=1&sorting=g01F02%20ASC - - - 200 143 application/json;+charset=utf-8 3.0599ms
2025-04-14 13:00:22.5579 | INFO | Microsoft.AspNetCore.Hosting.Diagnostics | Request starting HTTP/1.1 GET http://localhost:5095/api/CLBlog/get-all-blogs?pageSize=25&pageNumber=1&sorting=g01F02%20DESC - -
2025-04-14 13:00:22.5579 | INFO | Microsoft.AspNetCore.Cors.Infrastructure.CorsService | CORS policy execution successful.
2025-04-14 13:00:22.5579 | INFO | Microsoft.AspNetCore.Routing.EndpointMiddleware | Executing endpoint 'BlogManagementSystem.Controllers.CLBlogController.GetAllBlogs (BlogManagementSystem)'
2025-04-14 13:00:22.5579 | INFO | Microsoft.AspNetCore.Mvc.Infrastructure.ControllerActionInvoker | Route matched with {action = "GetAllBlogs", controller = "CLBlog"}. Executing controller action with signature Microsoft.AspNetCore.Mvc.IActionResult GetAllBlogs(Int32, Int32, System.String) on controller BlogManagementSystem.Controllers.CLBlogController (BlogManagementSystem).
2025-04-14 13:00:22.5579 | INFO | BlogManagementSystem.Filters.LogActionFilter | Executing action: BlogManagementSystem.Controllers.CLBlogController.GetAllBlogs (BlogManagementSystem)
2025-04-14 13:00:22.5579 | INFO | BlogManagementSystem.Controllers.CLBlogController | Fetching all blog posts.
2025-04-14 13:00:22.5609 | INFO | BlogManagementSystem.Filters.LogActionFilter | Action executed successfully: BlogManagementSystem.Controllers.CLBlogController.GetAllBlogs (BlogManagementSystem)
2025-04-14 13:00:22.5609 | INFO | Microsoft.AspNetCore.Mvc.Infrastructure.ObjectResultExecutor | Executing OkObjectResult, writing value of type 'BlogManagementSystem.Models.Response'.
2025-04-14 13:00:22.5609 | INFO | Microsoft.AspNetCore.Mvc.Infrastructure.ControllerActionInvoker | Executed action BlogManagementSystem.Controllers.CLBlogController.GetAllBlogs (BlogManagementSystem) in 2.8878ms
2025-04-14 13:00:22.5609 | INFO | Microsoft.AspNetCore.Routing.EndpointMiddleware | Executed endpoint 'BlogManagementSystem.Controllers.CLBlogController.GetAllBlogs (BlogManagementSystem)'
2025-04-14 13:00:22.5609 | INFO | Microsoft.AspNetCore.Hosting.Diagnostics | Request finished HTTP/1.1 GET http://localhost:5095/api/CLBlog/get-all-blogs?pageSize=25&pageNumber=1&sorting=g01F02%20DESC - - - 200 143 application/json;+charset=utf-8 3.2028ms
2025-04-14 13:00:23.0942 | INFO | Microsoft.AspNetCore.Hosting.Diagnostics | Request starting HTTP/1.1 GET http://localhost:5095/api/CLBlog/get-all-blogs?pageSize=25&pageNumber=1&sorting=g01F02%20ASC - -
2025-04-14 13:00:23.0942 | INFO | Microsoft.AspNetCore.Cors.Infrastructure.CorsService | CORS policy execution successful.
2025-04-14 13:00:23.0942 | INFO | Microsoft.AspNetCore.Routing.EndpointMiddleware | Executing endpoint 'BlogManagementSystem.Controllers.CLBlogController.GetAllBlogs (BlogManagementSystem)'
2025-04-14 13:00:23.0942 | INFO | Microsoft.AspNetCore.Mvc.Infrastructure.ControllerActionInvoker | Route matched with {action = "GetAllBlogs", controller = "CLBlog"}. Executing controller action with signature Microsoft.AspNetCore.Mvc.IActionResult GetAllBlogs(Int32, Int32, System.String) on controller BlogManagementSystem.Controllers.CLBlogController (BlogManagementSystem).
2025-04-14 13:00:23.0942 | INFO | BlogManagementSystem.Filters.LogActionFilter | Executing action: BlogManagementSystem.Controllers.CLBlogController.GetAllBlogs (BlogManagementSystem)
2025-04-14 13:00:23.0942 | INFO | BlogManagementSystem.Controllers.CLBlogController | Fetching all blog posts.
2025-04-14 13:00:23.0942 | INFO | BlogManagementSystem.Filters.LogActionFilter | Action executed successfully: BlogManagementSystem.Controllers.CLBlogController.GetAllBlogs (BlogManagementSystem)
2025-04-14 13:00:23.0942 | INFO | Microsoft.AspNetCore.Mvc.Infrastructure.ObjectResultExecutor | Executing OkObjectResult, writing value of type 'BlogManagementSystem.Models.Response'.
2025-04-14 13:00:23.0942 | INFO | Microsoft.AspNetCore.Mvc.Infrastructure.ControllerActionInvoker | Executed action BlogManagementSystem.Controllers.CLBlogController.GetAllBlogs (BlogManagementSystem) in 2.713ms
2025-04-14 13:00:23.0942 | INFO | Microsoft.AspNetCore.Routing.EndpointMiddleware | Executed endpoint 'BlogManagementSystem.Controllers.CLBlogController.GetAllBlogs (BlogManagementSystem)'
2025-04-14 13:00:23.0942 | INFO | Microsoft.AspNetCore.Hosting.Diagnostics | Request finished HTTP/1.1 GET http://localhost:5095/api/CLBlog/get-all-blogs?pageSize=25&pageNumber=1&sorting=g01F02%20ASC - - - 200 143 application/json;+charset=utf-8 3.0323ms
2025-04-14 13:00:33.9587 | INFO | Microsoft.AspNetCore.Hosting.Diagnostics | Request starting HTTP/1.1 OPTIONS http://localhost:5095/api/CLBlog/add-blog - -
2025-04-14 13:00:33.9587 | INFO | Microsoft.AspNetCore.Cors.Infrastructure.CorsService | CORS policy execution successful.
2025-04-14 13:00:33.9587 | INFO | Microsoft.AspNetCore.Hosting.Diagnostics | Request finished HTTP/1.1 OPTIONS http://localhost:5095/api/CLBlog/add-blog - - - 204 - - 0.2444ms
2025-04-14 13:00:33.9587 | INFO | Microsoft.AspNetCore.Hosting.Diagnostics | Request starting HTTP/1.1 POST http://localhost:5095/api/CLBlog/add-blog application/json 41
2025-04-14 13:00:33.9587 | INFO | Microsoft.AspNetCore.Cors.Infrastructure.CorsService | CORS policy execution successful.
2025-04-14 13:00:33.9587 | INFO | Microsoft.AspNetCore.Routing.EndpointMiddleware | Executing endpoint 'BlogManagementSystem.Controllers.CLBlogController.AddBlog (BlogManagementSystem)'
2025-04-14 13:00:33.9587 | INFO | Microsoft.AspNetCore.Mvc.Infrastructure.ControllerActionInvoker | Route matched with {action = "AddBlog", controller = "CLBlog"}. Executing controller action with signature Microsoft.AspNetCore.Mvc.IActionResult AddBlog(BlogManagementSystem.Models.DTO.DTOBLG01) on controller BlogManagementSystem.Controllers.CLBlogController (BlogManagementSystem).
2025-04-14 13:00:33.9587 | INFO | BlogManagementSystem.Filters.LogActionFilter | Executing action: BlogManagementSystem.Controllers.CLBlogController.AddBlog (BlogManagementSystem)
2025-04-14 13:00:33.9587 | INFO | BlogManagementSystem.Controllers.CLBlogController | Creating a new blog post.
2025-04-14 13:00:33.9587 | INFO | BlogManagementSystem.Filters.LogActionFilter | Action executed successfully: BlogManagementSystem.Controllers.CLBlogController.AddBlog (BlogManagementSystem)
2025-04-14 13:00:33.9587 | INFO | Microsoft.AspNetCore.Mvc.Infrastructure.ObjectResultExecutor | Executing OkObjectResult, writing value of type 'BlogManagementSystem.Models.Response'.
2025-04-14 13:00:33.9587 | INFO | Microsoft.AspNetCore.Mvc.Infrastructure.ControllerActionInvoker | Executed action BlogManagementSystem.Controllers.CLBlogController.AddBlog (BlogManagementSystem) in 4.9563ms
2025-04-14 13:00:33.9587 | INFO | Microsoft.AspNetCore.Routing.EndpointMiddleware | Executed endpoint 'BlogManagementSystem.Controllers.CLBlogController.AddBlog (BlogManagementSystem)'
2025-04-14 13:00:33.9587 | INFO | Microsoft.AspNetCore.Hosting.Diagnostics | Request finished HTTP/1.1 POST http://localhost:5095/api/CLBlog/add-blog application/json 41 - 200 52 application/json;+charset=utf-8 5.2373ms
2025-04-14 13:00:33.9694 | INFO | Microsoft.AspNetCore.Hosting.Diagnostics | Request starting HTTP/1.1 GET http://localhost:5095/api/CLBlog/get-all-blogs?pageSize=25&pageNumber=1&sorting=g01F02%20ASC - -
2025-04-14 13:00:33.9694 | INFO | Microsoft.AspNetCore.Cors.Infrastructure.CorsService | CORS policy execution successful.
2025-04-14 13:00:33.9694 | INFO | Microsoft.AspNetCore.Routing.EndpointMiddleware | Executing endpoint 'BlogManagementSystem.Controllers.CLBlogController.GetAllBlogs (BlogManagementSystem)'
2025-04-14 13:00:33.9694 | INFO | Microsoft.AspNetCore.Mvc.Infrastructure.ControllerActionInvoker | Route matched with {action = "GetAllBlogs", controller = "CLBlog"}. Executing controller action with signature Microsoft.AspNetCore.Mvc.IActionResult GetAllBlogs(Int32, Int32, System.String) on controller BlogManagementSystem.Controllers.CLBlogController (BlogManagementSystem).
2025-04-14 13:00:33.9694 | INFO | BlogManagementSystem.Filters.LogActionFilter | Executing action: BlogManagementSystem.Controllers.CLBlogController.GetAllBlogs (BlogManagementSystem)
2025-04-14 13:00:33.9694 | INFO | BlogManagementSystem.Controllers.CLBlogController | Fetching all blog posts.
2025-04-14 13:00:33.9694 | INFO | BlogManagementSystem.Filters.LogActionFilter | Action executed successfully: BlogManagementSystem.Controllers.CLBlogController.GetAllBlogs (BlogManagementSystem)
2025-04-14 13:00:33.9694 | INFO | Microsoft.AspNetCore.Mvc.Infrastructure.ObjectResultExecutor | Executing OkObjectResult, writing value of type 'BlogManagementSystem.Models.Response'.
2025-04-14 13:00:33.9694 | INFO | Microsoft.AspNetCore.Mvc.Infrastructure.ControllerActionInvoker | Executed action BlogManagementSystem.Controllers.CLBlogController.GetAllBlogs (BlogManagementSystem) in 3.0191ms
2025-04-14 13:00:33.9694 | INFO | Microsoft.AspNetCore.Routing.EndpointMiddleware | Executed endpoint 'BlogManagementSystem.Controllers.CLBlogController.GetAllBlogs (BlogManagementSystem)'
2025-04-14 13:00:33.9694 | INFO | Microsoft.AspNetCore.Hosting.Diagnostics | Request finished HTTP/1.1 GET http://localhost:5095/api/CLBlog/get-all-blogs?pageSize=25&pageNumber=1&sorting=g01F02%20ASC - - - 200 185 application/json;+charset=utf-8 3.3119ms
2025-04-14 13:00:37.5584 | INFO | Microsoft.AspNetCore.Hosting.Diagnostics | Request starting HTTP/1.1 GET http://localhost:5095/api/CLBlog/get-blog-by-id/3 - -
2025-04-14 13:00:37.5584 | INFO | Microsoft.AspNetCore.Cors.Infrastructure.CorsService | CORS policy execution successful.
2025-04-14 13:00:37.5584 | INFO | Microsoft.AspNetCore.Routing.EndpointMiddleware | Executing endpoint 'BlogManagementSystem.Controllers.CLBlogController.GetBlogByID (BlogManagementSystem)'
2025-04-14 13:00:37.5584 | INFO | Microsoft.AspNetCore.Mvc.Infrastructure.ControllerActionInvoker | Route matched with {action = "GetBlogByID", controller = "CLBlog"}. Executing controller action with signature Microsoft.AspNetCore.Mvc.IActionResult GetBlogByID(Int32) on controller BlogManagementSystem.Controllers.CLBlogController (BlogManagementSystem).
2025-04-14 13:00:37.5584 | INFO | BlogManagementSystem.Filters.LogActionFilter | Executing action: BlogManagementSystem.Controllers.CLBlogController.GetBlogByID (BlogManagementSystem)
2025-04-14 13:00:37.5584 | INFO | BlogManagementSystem.Controllers.CLBlogController | Fetching blog post with ID 3.
2025-04-14 13:00:37.5584 | INFO | BlogManagementSystem.Filters.LogActionFilter | Action executed successfully: BlogManagementSystem.Controllers.CLBlogController.GetBlogByID (BlogManagementSystem)
2025-04-14 13:00:37.5584 | INFO | Microsoft.AspNetCore.Mvc.Infrastructure.ObjectResultExecutor | Executing OkObjectResult, writing value of type 'BlogManagementSystem.Models.Response'.
2025-04-14 13:00:37.5584 | INFO | Microsoft.AspNetCore.Mvc.Infrastructure.ControllerActionInvoker | Executed action BlogManagementSystem.Controllers.CLBlogController.GetBlogByID (BlogManagementSystem) in 1.3954ms
2025-04-14 13:00:37.5584 | INFO | Microsoft.AspNetCore.Routing.EndpointMiddleware | Executed endpoint 'BlogManagementSystem.Controllers.CLBlogController.GetBlogByID (BlogManagementSystem)'
2025-04-14 13:00:37.5584 | INFO | Microsoft.AspNetCore.Hosting.Diagnostics | Request finished HTTP/1.1 GET http://localhost:5095/api/CLBlog/get-blog-by-id/3 - - - 200 103 application/json;+charset=utf-8 1.8631ms
2025-04-14 13:00:43.3180 | INFO | Microsoft.AspNetCore.Hosting.Diagnostics | Request starting HTTP/1.1 OPTIONS http://localhost:5095/api/CLBlog/update-blog - -
2025-04-14 13:00:43.3180 | INFO | Microsoft.AspNetCore.Cors.Infrastructure.CorsService | CORS policy execution successful.
2025-04-14 13:00:43.3180 | INFO | Microsoft.AspNetCore.Hosting.Diagnostics | Request finished HTTP/1.1 OPTIONS http://localhost:5095/api/CLBlog/update-blog - - - 204 - - 0.2151ms
2025-04-14 13:00:43.3180 | INFO | Microsoft.AspNetCore.Hosting.Diagnostics | Request starting HTTP/1.1 PUT http://localhost:5095/api/CLBlog/update-blog application/json 42
2025-04-14 13:00:43.3180 | INFO | Microsoft.AspNetCore.Cors.Infrastructure.CorsService | CORS policy execution successful.
2025-04-14 13:00:43.3180 | INFO | Microsoft.AspNetCore.Routing.EndpointMiddleware | Executing endpoint 'BlogManagementSystem.Controllers.CLBlogController.UpdateBlog (BlogManagementSystem)'
2025-04-14 13:00:43.3180 | INFO | Microsoft.AspNetCore.Mvc.Infrastructure.ControllerActionInvoker | Route matched with {action = "UpdateBlog", controller = "CLBlog"}. Executing controller action with signature Microsoft.AspNetCore.Mvc.IActionResult UpdateBlog(BlogManagementSystem.Models.DTO.DTOBLG01) on controller BlogManagementSystem.Controllers.CLBlogController (BlogManagementSystem).
2025-04-14 13:00:43.3180 | INFO | BlogManagementSystem.Filters.LogActionFilter | Executing action: BlogManagementSystem.Controllers.CLBlogController.UpdateBlog (BlogManagementSystem)
2025-04-14 13:00:43.3180 | INFO | BlogManagementSystem.Controllers.CLBlogController | Updating blog post with ID 3.
2025-04-14 13:00:43.3180 | INFO | BlogManagementSystem.Filters.LogActionFilter | Action executed successfully: BlogManagementSystem.Controllers.CLBlogController.UpdateBlog (BlogManagementSystem)
2025-04-14 13:00:43.3180 | INFO | Microsoft.AspNetCore.Mvc.Infrastructure.ObjectResultExecutor | Executing OkObjectResult, writing value of type 'BlogManagementSystem.Models.Response'.
2025-04-14 13:00:43.3180 | INFO | Microsoft.AspNetCore.Mvc.Infrastructure.ControllerActionInvoker | Executed action BlogManagementSystem.Controllers.CLBlogController.UpdateBlog (BlogManagementSystem) in 6.6082ms
2025-04-14 13:00:43.3180 | INFO | Microsoft.AspNetCore.Routing.EndpointMiddleware | Executed endpoint 'BlogManagementSystem.Controllers.CLBlogController.UpdateBlog (BlogManagementSystem)'
2025-04-14 13:00:43.3180 | INFO | Microsoft.AspNetCore.Hosting.Diagnostics | Request finished HTTP/1.1 PUT http://localhost:5095/api/CLBlog/update-blog application/json 42 - 200 93 application/json;+charset=utf-8 6.9111ms
2025-04-14 13:00:43.3305 | INFO | Microsoft.AspNetCore.Hosting.Diagnostics | Request starting HTTP/1.1 GET http://localhost:5095/api/CLBlog/get-all-blogs?pageSize=25&pageNumber=1&sorting=g01F02%20ASC - -
2025-04-14 13:00:43.3305 | INFO | Microsoft.AspNetCore.Cors.Infrastructure.CorsService | CORS policy execution successful.
2025-04-14 13:00:43.3305 | INFO | Microsoft.AspNetCore.Routing.EndpointMiddleware | Executing endpoint 'BlogManagementSystem.Controllers.CLBlogController.GetAllBlogs (BlogManagementSystem)'
2025-04-14 13:00:43.3305 | INFO | Microsoft.AspNetCore.Mvc.Infrastructure.ControllerActionInvoker | Route matched with {action = "GetAllBlogs", controller = "CLBlog"}. Executing controller action with signature Microsoft.AspNetCore.Mvc.IActionResult GetAllBlogs(Int32, Int32, System.String) on controller BlogManagementSystem.Controllers.CLBlogController (BlogManagementSystem).
2025-04-14 13:00:43.3305 | INFO | BlogManagementSystem.Filters.LogActionFilter | Executing action: BlogManagementSystem.Controllers.CLBlogController.GetAllBlogs (BlogManagementSystem)
2025-04-14 13:00:43.3305 | INFO | BlogManagementSystem.Controllers.CLBlogController | Fetching all blog posts.
2025-04-14 13:00:43.3305 | INFO | BlogManagementSystem.Filters.LogActionFilter | Action executed successfully: BlogManagementSystem.Controllers.CLBlogController.GetAllBlogs (BlogManagementSystem)
2025-04-14 13:00:43.3305 | INFO | Microsoft.AspNetCore.Mvc.Infrastructure.ObjectResultExecutor | Executing OkObjectResult, writing value of type 'BlogManagementSystem.Models.Response'.
2025-04-14 13:00:43.3305 | INFO | Microsoft.AspNetCore.Mvc.Infrastructure.ControllerActionInvoker | Executed action BlogManagementSystem.Controllers.CLBlogController.GetAllBlogs (BlogManagementSystem) in 2.7453ms
2025-04-14 13:00:43.3305 | INFO | Microsoft.AspNetCore.Routing.EndpointMiddleware | Executed endpoint 'BlogManagementSystem.Controllers.CLBlogController.GetAllBlogs (BlogManagementSystem)'
2025-04-14 13:00:43.3305 | INFO | Microsoft.AspNetCore.Hosting.Diagnostics | Request finished HTTP/1.1 GET http://localhost:5095/api/CLBlog/get-all-blogs?pageSize=25&pageNumber=1&sorting=g01F02%20ASC - - - 200 186 application/json;+charset=utf-8 3.0514ms
2025-04-14 13:00:52.8325 | INFO | Microsoft.AspNetCore.Hosting.Diagnostics | Request starting HTTP/1.1 OPTIONS http://localhost:5095/api/CLBlog/update-blog - -
2025-04-14 13:00:52.8325 | INFO | Microsoft.AspNetCore.Cors.Infrastructure.CorsService | CORS policy execution successful.
2025-04-14 13:00:52.8325 | INFO | Microsoft.AspNetCore.Hosting.Diagnostics | Request finished HTTP/1.1 OPTIONS http://localhost:5095/api/CLBlog/update-blog - - - 204 - - 0.3364ms
2025-04-14 13:00:52.8325 | INFO | Microsoft.AspNetCore.Hosting.Diagnostics | Request starting HTTP/1.1 PUT http://localhost:5095/api/CLBlog/update-blog application/json 43
2025-04-14 13:00:52.8325 | INFO | Microsoft.AspNetCore.Cors.Infrastructure.CorsService | CORS policy execution successful.
2025-04-14 13:00:52.8325 | INFO | Microsoft.AspNetCore.Routing.EndpointMiddleware | Executing endpoint 'BlogManagementSystem.Controllers.CLBlogController.UpdateBlog (BlogManagementSystem)'
2025-04-14 13:00:52.8325 | INFO | Microsoft.AspNetCore.Mvc.Infrastructure.ControllerActionInvoker | Route matched with {action = "UpdateBlog", controller = "CLBlog"}. Executing controller action with signature Microsoft.AspNetCore.Mvc.IActionResult UpdateBlog(BlogManagementSystem.Models.DTO.DTOBLG01) on controller BlogManagementSystem.Controllers.CLBlogController (BlogManagementSystem).
2025-04-14 13:00:52.8325 | INFO | BlogManagementSystem.Filters.LogActionFilter | Executing action: BlogManagementSystem.Controllers.CLBlogController.UpdateBlog (BlogManagementSystem)
2025-04-14 13:00:52.8325 | INFO | BlogManagementSystem.Controllers.CLBlogController | Updating blog post with ID 1.
2025-04-14 13:00:52.8325 | INFO | BlogManagementSystem.Filters.LogActionFilter | Action executed successfully: BlogManagementSystem.Controllers.CLBlogController.UpdateBlog (BlogManagementSystem)
2025-04-14 13:00:52.8325 | INFO | Microsoft.AspNetCore.Mvc.Infrastructure.ObjectResultExecutor | Executing OkObjectResult, writing value of type 'BlogManagementSystem.Models.Response'.
2025-04-14 13:00:52.8325 | INFO | Microsoft.AspNetCore.Mvc.Infrastructure.ControllerActionInvoker | Executed action BlogManagementSystem.Controllers.CLBlogController.UpdateBlog (BlogManagementSystem) in 6.0081ms
2025-04-14 13:00:52.8325 | INFO | Microsoft.AspNetCore.Routing.EndpointMiddleware | Executed endpoint 'BlogManagementSystem.Controllers.CLBlogController.UpdateBlog (BlogManagementSystem)'
2025-04-14 13:00:52.8325 | INFO | Microsoft.AspNetCore.Hosting.Diagnostics | Request finished HTTP/1.1 PUT http://localhost:5095/api/CLBlog/update-blog application/json 43 - 200 92 application/json;+charset=utf-8 6.3603ms
2025-04-14 13:01:00.9075 | INFO | Microsoft.AspNetCore.Hosting.Diagnostics | Request starting HTTP/1.1 GET http://localhost:5095/api/CLBlog/get-all-blogs?pageSize=25&pageNumber=1&sorting=g01F02%20DESC - -
2025-04-14 13:01:00.9075 | INFO | Microsoft.AspNetCore.Cors.Infrastructure.CorsService | CORS policy execution successful.
2025-04-14 13:01:00.9075 | INFO | Microsoft.AspNetCore.Routing.EndpointMiddleware | Executing endpoint 'BlogManagementSystem.Controllers.CLBlogController.GetAllBlogs (BlogManagementSystem)'
2025-04-14 13:01:00.9075 | INFO | Microsoft.AspNetCore.Mvc.Infrastructure.ControllerActionInvoker | Route matched with {action = "GetAllBlogs", controller = "CLBlog"}. Executing controller action with signature Microsoft.AspNetCore.Mvc.IActionResult GetAllBlogs(Int32, Int32, System.String) on controller BlogManagementSystem.Controllers.CLBlogController (BlogManagementSystem).
2025-04-14 13:01:00.9075 | INFO | BlogManagementSystem.Filters.LogActionFilter | Executing action: BlogManagementSystem.Controllers.CLBlogController.GetAllBlogs (BlogManagementSystem)
2025-04-14 13:01:00.9075 | INFO | BlogManagementSystem.Controllers.CLBlogController | Fetching all blog posts.
2025-04-14 13:01:00.9075 | INFO | BlogManagementSystem.Filters.LogActionFilter | Action executed successfully: BlogManagementSystem.Controllers.CLBlogController.GetAllBlogs (BlogManagementSystem)
2025-04-14 13:01:00.9075 | INFO | Microsoft.AspNetCore.Mvc.Infrastructure.ObjectResultExecutor | Executing OkObjectResult, writing value of type 'BlogManagementSystem.Models.Response'.
2025-04-14 13:01:00.9075 | INFO | Microsoft.AspNetCore.Mvc.Infrastructure.ControllerActionInvoker | Executed action BlogManagementSystem.Controllers.CLBlogController.GetAllBlogs (BlogManagementSystem) in 3.1813ms
2025-04-14 13:01:00.9075 | INFO | Microsoft.AspNetCore.Routing.EndpointMiddleware | Executed endpoint 'BlogManagementSystem.Controllers.CLBlogController.GetAllBlogs (BlogManagementSystem)'
2025-04-14 13:01:00.9075 | INFO | Microsoft.AspNetCore.Hosting.Diagnostics | Request finished HTTP/1.1 GET http://localhost:5095/api/CLBlog/get-all-blogs?pageSize=25&pageNumber=1&sorting=g01F02%20DESC - - - 200 187 application/json;+charset=utf-8 3.6246ms
2025-04-14 13:01:07.2867 | INFO | Microsoft.AspNetCore.Hosting.Diagnostics | Request starting HTTP/1.1 OPTIONS http://localhost:5095/api/CLBlog/delete-blog/2 - -
2025-04-14 13:01:07.2867 | INFO | Microsoft.AspNetCore.Cors.Infrastructure.CorsService | CORS policy execution successful.
2025-04-14 13:01:07.2867 | INFO | Microsoft.AspNetCore.Hosting.Diagnostics | Request finished HTTP/1.1 OPTIONS http://localhost:5095/api/CLBlog/delete-blog/2 - - - 204 - - 0.3346ms
2025-04-14 13:01:07.2867 | INFO | Microsoft.AspNetCore.Hosting.Diagnostics | Request starting HTTP/1.1 DELETE http://localhost:5095/api/CLBlog/delete-blog/2 application/json -
2025-04-14 13:01:07.2867 | INFO | Microsoft.AspNetCore.Cors.Infrastructure.CorsService | CORS policy execution successful.
2025-04-14 13:01:07.2867 | INFO | Microsoft.AspNetCore.Routing.EndpointMiddleware | Executing endpoint 'BlogManagementSystem.Controllers.CLBlogController.DeleteBlog (BlogManagementSystem)'
2025-04-14 13:01:07.2867 | INFO | Microsoft.AspNetCore.Mvc.Infrastructure.ControllerActionInvoker | Route matched with {action = "DeleteBlog", controller = "CLBlog"}. Executing controller action with signature Microsoft.AspNetCore.Mvc.IActionResult DeleteBlog(Int32) on controller BlogManagementSystem.Controllers.CLBlogController (BlogManagementSystem).
2025-04-14 13:01:07.2867 | INFO | BlogManagementSystem.Filters.LogActionFilter | Executing action: BlogManagementSystem.Controllers.CLBlogController.DeleteBlog (BlogManagementSystem)
2025-04-14 13:01:07.2867 | INFO | BlogManagementSystem.Controllers.CLBlogController | Deleting blog post with ID 2.
2025-04-14 13:01:07.2867 | INFO | BlogManagementSystem.Filters.LogActionFilter | Action executed successfully: BlogManagementSystem.Controllers.CLBlogController.DeleteBlog (BlogManagementSystem)
2025-04-14 13:01:07.2867 | INFO | Microsoft.AspNetCore.Mvc.Infrastructure.ObjectResultExecutor | Executing OkObjectResult, writing value of type 'BlogManagementSystem.Models.Response'.
2025-04-14 13:01:07.2867 | INFO | Microsoft.AspNetCore.Mvc.Infrastructure.ControllerActionInvoker | Executed action BlogManagementSystem.Controllers.CLBlogController.DeleteBlog (BlogManagementSystem) in 6.662ms
2025-04-14 13:01:07.2867 | INFO | Microsoft.AspNetCore.Routing.EndpointMiddleware | Executed endpoint 'BlogManagementSystem.Controllers.CLBlogController.DeleteBlog (BlogManagementSystem)'
2025-04-14 13:01:07.2867 | INFO | Microsoft.AspNetCore.Hosting.Diagnostics | Request finished HTTP/1.1 DELETE http://localhost:5095/api/CLBlog/delete-blog/2 application/json - - 200 92 application/json;+charset=utf-8 6.9320ms
2025-04-14 13:01:10.0086 | INFO | Microsoft.AspNetCore.Hosting.Diagnostics | Request starting HTTP/1.1 GET http://localhost:5095/api/CLBlog/get-all-blogs?pageSize=25&pageNumber=1&sorting=g01F02%20DESC - -
2025-04-14 13:01:10.0086 | INFO | Microsoft.AspNetCore.Cors.Infrastructure.CorsService | CORS policy execution successful.
2025-04-14 13:01:10.0086 | INFO | Microsoft.AspNetCore.Routing.EndpointMiddleware | Executing endpoint 'BlogManagementSystem.Controllers.CLBlogController.GetAllBlogs (BlogManagementSystem)'
2025-04-14 13:01:10.0086 | INFO | Microsoft.AspNetCore.Mvc.Infrastructure.ControllerActionInvoker | Route matched with {action = "GetAllBlogs", controller = "CLBlog"}. Executing controller action with signature Microsoft.AspNetCore.Mvc.IActionResult GetAllBlogs(Int32, Int32, System.String) on controller BlogManagementSystem.Controllers.CLBlogController (BlogManagementSystem).
2025-04-14 13:01:10.0086 | INFO | BlogManagementSystem.Filters.LogActionFilter | Executing action: BlogManagementSystem.Controllers.CLBlogController.GetAllBlogs (BlogManagementSystem)
2025-04-14 13:01:10.0086 | INFO | BlogManagementSystem.Controllers.CLBlogController | Fetching all blog posts.
2025-04-14 13:01:10.0086 | INFO | BlogManagementSystem.Filters.LogActionFilter | Action executed successfully: BlogManagementSystem.Controllers.CLBlogController.GetAllBlogs (BlogManagementSystem)
2025-04-14 13:01:10.0086 | INFO | Microsoft.AspNetCore.Mvc.Infrastructure.ObjectResultExecutor | Executing OkObjectResult, writing value of type 'BlogManagementSystem.Models.Response'.
2025-04-14 13:01:10.0086 | INFO | Microsoft.AspNetCore.Mvc.Infrastructure.ControllerActionInvoker | Executed action BlogManagementSystem.Controllers.CLBlogController.GetAllBlogs (BlogManagementSystem) in 3.1612ms
2025-04-14 13:01:10.0086 | INFO | Microsoft.AspNetCore.Routing.EndpointMiddleware | Executed endpoint 'BlogManagementSystem.Controllers.CLBlogController.GetAllBlogs (BlogManagementSystem)'
2025-04-14 13:01:10.0086 | INFO | Microsoft.AspNetCore.Hosting.Diagnostics | Request finished HTTP/1.1 GET http://localhost:5095/api/CLBlog/get-all-blogs?pageSize=25&pageNumber=1&sorting=g01F02%20DESC - - - 200 146 application/json;+charset=utf-8 3.7842ms
2025-04-14 13:03:10.8130 | INFO | Microsoft.AspNetCore.Hosting.Diagnostics | Request starting HTTP/1.1 GET http://localhost:5095/api/CLBlog/get-all-blogs?pageSize=25&pageNumber=1&sorting=g01F02%20DESC - -
2025-04-14 13:03:10.8130 | INFO | Microsoft.AspNetCore.Cors.Infrastructure.CorsService | CORS policy execution successful.
2025-04-14 13:03:10.8133 | INFO | Microsoft.AspNetCore.Routing.EndpointMiddleware | Executing endpoint 'BlogManagementSystem.Controllers.CLBlogController.GetAllBlogs (BlogManagementSystem)'
2025-04-14 13:03:10.8133 | INFO | Microsoft.AspNetCore.Mvc.Infrastructure.ControllerActionInvoker | Route matched with {action = "GetAllBlogs", controller = "CLBlog"}. Executing controller action with signature Microsoft.AspNetCore.Mvc.IActionResult GetAllBlogs(Int32, Int32, System.String) on controller BlogManagementSystem.Controllers.CLBlogController (BlogManagementSystem).
2025-04-14 13:03:10.8133 | INFO | BlogManagementSystem.Filters.LogActionFilter | Executing action: BlogManagementSystem.Controllers.CLBlogController.GetAllBlogs (BlogManagementSystem)
2025-04-14 13:03:10.8133 | INFO | BlogManagementSystem.Controllers.CLBlogController | Fetching all blog posts.
2025-04-14 13:03:10.8133 | INFO | BlogManagementSystem.Filters.LogActionFilter | Action executed successfully: BlogManagementSystem.Controllers.CLBlogController.GetAllBlogs (BlogManagementSystem)
2025-04-14 13:03:10.8133 | INFO | Microsoft.AspNetCore.Mvc.Infrastructure.ObjectResultExecutor | Executing OkObjectResult, writing value of type 'BlogManagementSystem.Models.Response'.
2025-04-14 13:03:10.8133 | INFO | Microsoft.AspNetCore.Mvc.Infrastructure.ControllerActionInvoker | Executed action BlogManagementSystem.Controllers.CLBlogController.GetAllBlogs (BlogManagementSystem) in 2.7007ms
2025-04-14 13:03:10.8133 | INFO | Microsoft.AspNetCore.Routing.EndpointMiddleware | Executed endpoint 'BlogManagementSystem.Controllers.CLBlogController.GetAllBlogs (BlogManagementSystem)'
2025-04-14 13:03:10.8133 | INFO | Microsoft.AspNetCore.Hosting.Diagnostics | Request finished HTTP/1.1 GET http://localhost:5095/api/CLBlog/get-all-blogs?pageSize=25&pageNumber=1&sorting=g01F02%20DESC - - - 200 146 application/json;+charset=utf-8 3.2179ms
2025-04-14 13:03:32.4177 | INFO | Microsoft.AspNetCore.Hosting.Diagnostics | Request starting HTTP/1.1 OPTIONS http://localhost:5095/api/CLBlog/add-blog - -
2025-04-14 13:03:32.4177 | INFO | Microsoft.AspNetCore.Cors.Infrastructure.CorsService | CORS policy execution successful.
2025-04-14 13:03:32.4177 | INFO | Microsoft.AspNetCore.Hosting.Diagnostics | Request finished HTTP/1.1 OPTIONS http://localhost:5095/api/CLBlog/add-blog - - - 204 - - 0.2857ms
2025-04-14 13:03:32.4177 | INFO | Microsoft.AspNetCore.Hosting.Diagnostics | Request starting HTTP/1.1 POST http://localhost:5095/api/CLBlog/add-blog application/json 40
2025-04-14 13:03:32.4177 | INFO | Microsoft.AspNetCore.Cors.Infrastructure.CorsService | CORS policy execution successful.
2025-04-14 13:03:32.4177 | INFO | Microsoft.AspNetCore.Routing.EndpointMiddleware | Executing endpoint 'BlogManagementSystem.Controllers.CLBlogController.AddBlog (BlogManagementSystem)'
2025-04-14 13:03:32.4177 | INFO | Microsoft.AspNetCore.Mvc.Infrastructure.ControllerActionInvoker | Route matched with {action = "AddBlog", controller = "CLBlog"}. Executing controller action with signature Microsoft.AspNetCore.Mvc.IActionResult AddBlog(BlogManagementSystem.Models.DTO.DTOBLG01) on controller BlogManagementSystem.Controllers.CLBlogController (BlogManagementSystem).
2025-04-14 13:03:32.4177 | INFO | BlogManagementSystem.Filters.LogActionFilter | Executing action: BlogManagementSystem.Controllers.CLBlogController.AddBlog (BlogManagementSystem)
2025-04-14 13:03:32.4177 | INFO | BlogManagementSystem.Controllers.CLBlogController | Creating a new blog post.
2025-04-14 13:03:32.4239 | INFO | BlogManagementSystem.Filters.LogActionFilter | Action executed successfully: BlogManagementSystem.Controllers.CLBlogController.AddBlog (BlogManagementSystem)
2025-04-14 13:03:32.4239 | INFO | Microsoft.AspNetCore.Mvc.Infrastructure.ObjectResultExecutor | Executing OkObjectResult, writing value of type 'BlogManagementSystem.Models.Response'.
2025-04-14 13:03:32.4239 | INFO | Microsoft.AspNetCore.Mvc.Infrastructure.ControllerActionInvoker | Executed action BlogManagementSystem.Controllers.CLBlogController.AddBlog (BlogManagementSystem) in 4.9032ms
2025-04-14 13:03:32.4239 | INFO | Microsoft.AspNetCore.Routing.EndpointMiddleware | Executed endpoint 'BlogManagementSystem.Controllers.CLBlogController.AddBlog (BlogManagementSystem)'
2025-04-14 13:03:32.4239 | INFO | Microsoft.AspNetCore.Hosting.Diagnostics | Request finished HTTP/1.1 POST http://localhost:5095/api/CLBlog/add-blog application/json 40 - 200 52 application/json;+charset=utf-8 5.2074ms
2025-04-14 13:03:32.4239 | INFO | Microsoft.AspNetCore.Hosting.Diagnostics | Request starting HTTP/1.1 GET http://localhost:5095/api/CLBlog/get-all-blogs?pageSize=25&pageNumber=1&sorting=g01F02%20DESC - -
2025-04-14 13:03:32.4239 | INFO | Microsoft.AspNetCore.Cors.Infrastructure.CorsService | CORS policy execution successful.
2025-04-14 13:03:32.4239 | INFO | Microsoft.AspNetCore.Routing.EndpointMiddleware | Executing endpoint 'BlogManagementSystem.Controllers.CLBlogController.GetAllBlogs (BlogManagementSystem)'
2025-04-14 13:03:32.4239 | INFO | Microsoft.AspNetCore.Mvc.Infrastructure.ControllerActionInvoker | Route matched with {action = "GetAllBlogs", controller = "CLBlog"}. Executing controller action with signature Microsoft.AspNetCore.Mvc.IActionResult GetAllBlogs(Int32, Int32, System.String) on controller BlogManagementSystem.Controllers.CLBlogController (BlogManagementSystem).
2025-04-14 13:03:32.4239 | INFO | BlogManagementSystem.Filters.LogActionFilter | Executing action: BlogManagementSystem.Controllers.CLBlogController.GetAllBlogs (BlogManagementSystem)
2025-04-14 13:03:32.4239 | INFO | BlogManagementSystem.Controllers.CLBlogController | Fetching all blog posts.
2025-04-14 13:03:32.4239 | INFO | BlogManagementSystem.Filters.LogActionFilter | Action executed successfully: BlogManagementSystem.Controllers.CLBlogController.GetAllBlogs (BlogManagementSystem)
2025-04-14 13:03:32.4239 | INFO | Microsoft.AspNetCore.Mvc.Infrastructure.ObjectResultExecutor | Executing OkObjectResult, writing value of type 'BlogManagementSystem.Models.Response'.
2025-04-14 13:03:32.4239 | INFO | Microsoft.AspNetCore.Mvc.Infrastructure.ControllerActionInvoker | Executed action BlogManagementSystem.Controllers.CLBlogController.GetAllBlogs (BlogManagementSystem) in 2.9271ms
2025-04-14 13:03:32.4239 | INFO | Microsoft.AspNetCore.Routing.EndpointMiddleware | Executed endpoint 'BlogManagementSystem.Controllers.CLBlogController.GetAllBlogs (BlogManagementSystem)'
2025-04-14 13:03:32.4239 | INFO | Microsoft.AspNetCore.Hosting.Diagnostics | Request finished HTTP/1.1 GET http://localhost:5095/api/CLBlog/get-all-blogs?pageSize=25&pageNumber=1&sorting=g01F02%20DESC - - - 200 187 application/json;+charset=utf-8 3.2218ms
2025-04-14 13:03:34.3118 | INFO | Microsoft.AspNetCore.Hosting.Diagnostics | Request starting HTTP/1.1 GET http://localhost:5095/api/CLBlog/get-blog-by-id/4 - -
2025-04-14 13:03:34.3118 | INFO | Microsoft.AspNetCore.Cors.Infrastructure.CorsService | CORS policy execution successful.
2025-04-14 13:03:34.3118 | INFO | Microsoft.AspNetCore.Routing.EndpointMiddleware | Executing endpoint 'BlogManagementSystem.Controllers.CLBlogController.GetBlogByID (BlogManagementSystem)'
2025-04-14 13:03:34.3118 | INFO | Microsoft.AspNetCore.Mvc.Infrastructure.ControllerActionInvoker | Route matched with {action = "GetBlogByID", controller = "CLBlog"}. Executing controller action with signature Microsoft.AspNetCore.Mvc.IActionResult GetBlogByID(Int32) on controller BlogManagementSystem.Controllers.CLBlogController (BlogManagementSystem).
2025-04-14 13:03:34.3118 | INFO | BlogManagementSystem.Filters.LogActionFilter | Executing action: BlogManagementSystem.Controllers.CLBlogController.GetBlogByID (BlogManagementSystem)
2025-04-14 13:03:34.3118 | INFO | BlogManagementSystem.Controllers.CLBlogController | Fetching blog post with ID 4.
2025-04-14 13:03:34.3148 | INFO | BlogManagementSystem.Filters.LogActionFilter | Action executed successfully: BlogManagementSystem.Controllers.CLBlogController.GetBlogByID (BlogManagementSystem)
2025-04-14 13:03:34.3148 | INFO | Microsoft.AspNetCore.Mvc.Infrastructure.ObjectResultExecutor | Executing OkObjectResult, writing value of type 'BlogManagementSystem.Models.Response'.
2025-04-14 13:03:34.3148 | INFO | Microsoft.AspNetCore.Mvc.Infrastructure.ControllerActionInvoker | Executed action BlogManagementSystem.Controllers.CLBlogController.GetBlogByID (BlogManagementSystem) in 2.8673ms
2025-04-14 13:03:34.3148 | INFO | Microsoft.AspNetCore.Routing.EndpointMiddleware | Executed endpoint 'BlogManagementSystem.Controllers.CLBlogController.GetBlogByID (BlogManagementSystem)'
2025-04-14 13:03:34.3148 | INFO | Microsoft.AspNetCore.Hosting.Diagnostics | Request finished HTTP/1.1 GET http://localhost:5095/api/CLBlog/get-blog-by-id/4 - - - 200 102 application/json;+charset=utf-8 3.2473ms
2025-04-14 13:03:38.9520 | INFO | Microsoft.AspNetCore.Hosting.Diagnostics | Request starting HTTP/1.1 OPTIONS http://localhost:5095/api/CLBlog/update-blog - -
2025-04-14 13:03:38.9520 | INFO | Microsoft.AspNetCore.Cors.Infrastructure.CorsService | CORS policy execution successful.
2025-04-14 13:03:38.9520 | INFO | Microsoft.AspNetCore.Hosting.Diagnostics | Request finished HTTP/1.1 OPTIONS http://localhost:5095/api/CLBlog/update-blog - - - 204 - - 0.2410ms
2025-04-14 13:03:38.9520 | INFO | Microsoft.AspNetCore.Hosting.Diagnostics | Request starting HTTP/1.1 PUT http://localhost:5095/api/CLBlog/update-blog application/json 40
2025-04-14 13:03:38.9520 | INFO | Microsoft.AspNetCore.Cors.Infrastructure.CorsService | CORS policy execution successful.
2025-04-14 13:03:38.9520 | INFO | Microsoft.AspNetCore.Routing.EndpointMiddleware | Executing endpoint 'BlogManagementSystem.Controllers.CLBlogController.UpdateBlog (BlogManagementSystem)'
2025-04-14 13:03:38.9520 | INFO | Microsoft.AspNetCore.Mvc.Infrastructure.ControllerActionInvoker | Route matched with {action = "UpdateBlog", controller = "CLBlog"}. Executing controller action with signature Microsoft.AspNetCore.Mvc.IActionResult UpdateBlog(BlogManagementSystem.Models.DTO.DTOBLG01) on controller BlogManagementSystem.Controllers.CLBlogController (BlogManagementSystem).
2025-04-14 13:03:38.9520 | INFO | BlogManagementSystem.Filters.LogActionFilter | Executing action: BlogManagementSystem.Controllers.CLBlogController.UpdateBlog (BlogManagementSystem)
2025-04-14 13:03:38.9520 | INFO | BlogManagementSystem.Controllers.CLBlogController | Updating blog post with ID 4.
2025-04-14 13:03:38.9562 | INFO | BlogManagementSystem.Filters.LogActionFilter | Action executed successfully: BlogManagementSystem.Controllers.CLBlogController.UpdateBlog (BlogManagementSystem)
2025-04-14 13:03:38.9562 | INFO | Microsoft.AspNetCore.Mvc.Infrastructure.ObjectResultExecutor | Executing OkObjectResult, writing value of type 'BlogManagementSystem.Models.Response'.
2025-04-14 13:03:38.9562 | INFO | Microsoft.AspNetCore.Mvc.Infrastructure.ControllerActionInvoker | Executed action BlogManagementSystem.Controllers.CLBlogController.UpdateBlog (BlogManagementSystem) in 2.8862ms
2025-04-14 13:03:38.9562 | INFO | Microsoft.AspNetCore.Routing.EndpointMiddleware | Executed endpoint 'BlogManagementSystem.Controllers.CLBlogController.UpdateBlog (BlogManagementSystem)'
2025-04-14 13:03:38.9562 | INFO | Microsoft.AspNetCore.Hosting.Diagnostics | Request finished HTTP/1.1 PUT http://localhost:5095/api/CLBlog/update-blog application/json 40 - 200 92 application/json;+charset=utf-8 3.5228ms
2025-04-14 13:03:38.9562 | INFO | Microsoft.AspNetCore.Hosting.Diagnostics | Request starting HTTP/1.1 GET http://localhost:5095/api/CLBlog/get-all-blogs?pageSize=25&pageNumber=1&sorting=g01F02%20DESC - -
2025-04-14 13:03:38.9562 | INFO | Microsoft.AspNetCore.Cors.Infrastructure.CorsService | CORS policy execution successful.
2025-04-14 13:03:38.9562 | INFO | Microsoft.AspNetCore.Routing.EndpointMiddleware | Executing endpoint 'BlogManagementSystem.Controllers.CLBlogController.GetAllBlogs (BlogManagementSystem)'
2025-04-14 13:03:38.9562 | INFO | Microsoft.AspNetCore.Mvc.Infrastructure.ControllerActionInvoker | Route matched with {action = "GetAllBlogs", controller = "CLBlog"}. Executing controller action with signature Microsoft.AspNetCore.Mvc.IActionResult GetAllBlogs(Int32, Int32, System.String) on controller BlogManagementSystem.Controllers.CLBlogController (BlogManagementSystem).
2025-04-14 13:03:38.9562 | INFO | BlogManagementSystem.Filters.LogActionFilter | Executing action: BlogManagementSystem.Controllers.CLBlogController.GetAllBlogs (BlogManagementSystem)
2025-04-14 13:03:38.9562 | INFO | BlogManagementSystem.Controllers.CLBlogController | Fetching all blog posts.
2025-04-14 13:03:38.9562 | INFO | BlogManagementSystem.Filters.LogActionFilter | Action executed successfully: BlogManagementSystem.Controllers.CLBlogController.GetAllBlogs (BlogManagementSystem)
2025-04-14 13:03:38.9562 | INFO | Microsoft.AspNetCore.Mvc.Infrastructure.ObjectResultExecutor | Executing OkObjectResult, writing value of type 'BlogManagementSystem.Models.Response'.
2025-04-14 13:03:38.9562 | INFO | Microsoft.AspNetCore.Mvc.Infrastructure.ControllerActionInvoker | Executed action BlogManagementSystem.Controllers.CLBlogController.GetAllBlogs (BlogManagementSystem) in 2.9712ms
2025-04-14 13:03:38.9562 | INFO | Microsoft.AspNetCore.Routing.EndpointMiddleware | Executed endpoint 'BlogManagementSystem.Controllers.CLBlogController.GetAllBlogs (BlogManagementSystem)'
2025-04-14 13:03:38.9562 | INFO | Microsoft.AspNetCore.Hosting.Diagnostics | Request finished HTTP/1.1 GET http://localhost:5095/api/CLBlog/get-all-blogs?pageSize=25&pageNumber=1&sorting=g01F02%20DESC - - - 200 187 application/json;+charset=utf-8 3.3146ms
2025-04-14 13:03:43.8667 | INFO | Microsoft.AspNetCore.Hosting.Diagnostics | Request starting HTTP/1.1 PUT http://localhost:5095/api/CLBlog/update-blog application/json 42
2025-04-14 13:03:43.8667 | INFO | Microsoft.AspNetCore.Cors.Infrastructure.CorsService | CORS policy execution successful.
2025-04-14 13:03:43.8667 | INFO | Microsoft.AspNetCore.Routing.EndpointMiddleware | Executing endpoint 'BlogManagementSystem.Controllers.CLBlogController.UpdateBlog (BlogManagementSystem)'
2025-04-14 13:03:43.8667 | INFO | Microsoft.AspNetCore.Mvc.Infrastructure.ControllerActionInvoker | Route matched with {action = "UpdateBlog", controller = "CLBlog"}. Executing controller action with signature Microsoft.AspNetCore.Mvc.IActionResult UpdateBlog(BlogManagementSystem.Models.DTO.DTOBLG01) on controller BlogManagementSystem.Controllers.CLBlogController (BlogManagementSystem).
2025-04-14 13:03:43.8667 | INFO | BlogManagementSystem.Filters.LogActionFilter | Executing action: BlogManagementSystem.Controllers.CLBlogController.UpdateBlog (BlogManagementSystem)
2025-04-14 13:03:43.8667 | INFO | BlogManagementSystem.Controllers.CLBlogController | Updating blog post with ID 3.
2025-04-14 13:03:43.8667 | INFO | BlogManagementSystem.Filters.LogActionFilter | Action executed successfully: BlogManagementSystem.Controllers.CLBlogController.UpdateBlog (BlogManagementSystem)
2025-04-14 13:03:43.8667 | INFO | Microsoft.AspNetCore.Mvc.Infrastructure.ObjectResultExecutor | Executing OkObjectResult, writing value of type 'BlogManagementSystem.Models.Response'.
2025-04-14 13:03:43.8667 | INFO | Microsoft.AspNetCore.Mvc.Infrastructure.ControllerActionInvoker | Executed action BlogManagementSystem.Controllers.CLBlogController.UpdateBlog (BlogManagementSystem) in 6.5072ms
2025-04-14 13:03:43.8667 | INFO | Microsoft.AspNetCore.Routing.EndpointMiddleware | Executed endpoint 'BlogManagementSystem.Controllers.CLBlogController.UpdateBlog (BlogManagementSystem)'
2025-04-14 13:03:43.8667 | INFO | Microsoft.AspNetCore.Hosting.Diagnostics | Request finished HTTP/1.1 PUT http://localhost:5095/api/CLBlog/update-blog application/json 42 - 200 94 application/json;+charset=utf-8 7.1427ms
2025-04-14 13:03:47.9685 | INFO | Microsoft.AspNetCore.Hosting.Diagnostics | Request starting HTTP/1.1 GET http://localhost:5095/api/CLBlog/get-all-blogs?pageSize=25&pageNumber=1&sorting=g01F02%20DESC - -
2025-04-14 13:03:47.9685 | INFO | Microsoft.AspNetCore.Cors.Infrastructure.CorsService | CORS policy execution successful.
2025-04-14 13:03:47.9685 | INFO | Microsoft.AspNetCore.Routing.EndpointMiddleware | Executing endpoint 'BlogManagementSystem.Controllers.CLBlogController.GetAllBlogs (BlogManagementSystem)'
2025-04-14 13:03:47.9685 | INFO | Microsoft.AspNetCore.Mvc.Infrastructure.ControllerActionInvoker | Route matched with {action = "GetAllBlogs", controller = "CLBlog"}. Executing controller action with signature Microsoft.AspNetCore.Mvc.IActionResult GetAllBlogs(Int32, Int32, System.String) on controller BlogManagementSystem.Controllers.CLBlogController (BlogManagementSystem).
2025-04-14 13:03:47.9685 | INFO | BlogManagementSystem.Filters.LogActionFilter | Executing action: BlogManagementSystem.Controllers.CLBlogController.GetAllBlogs (BlogManagementSystem)
2025-04-14 13:03:47.9685 | INFO | BlogManagementSystem.Controllers.CLBlogController | Fetching all blog posts.
2025-04-14 13:03:47.9717 | INFO | BlogManagementSystem.Filters.LogActionFilter | Action executed successfully: BlogManagementSystem.Controllers.CLBlogController.GetAllBlogs (BlogManagementSystem)
2025-04-14 13:03:47.9717 | INFO | Microsoft.AspNetCore.Mvc.Infrastructure.ObjectResultExecutor | Executing OkObjectResult, writing value of type 'BlogManagementSystem.Models.Response'.
2025-04-14 13:03:47.9717 | INFO | Microsoft.AspNetCore.Mvc.Infrastructure.ControllerActionInvoker | Executed action BlogManagementSystem.Controllers.CLBlogController.GetAllBlogs (BlogManagementSystem) in 3.0428ms
2025-04-14 13:03:47.9717 | INFO | Microsoft.AspNetCore.Routing.EndpointMiddleware | Executed endpoint 'BlogManagementSystem.Controllers.CLBlogController.GetAllBlogs (BlogManagementSystem)'
2025-04-14 13:03:47.9717 | INFO | Microsoft.AspNetCore.Hosting.Diagnostics | Request finished HTTP/1.1 GET http://localhost:5095/api/CLBlog/get-all-blogs?pageSize=25&pageNumber=1&sorting=g01F02%20DESC - - - 200 185 application/json;+charset=utf-8 3.4965ms
2025-04-14 13:03:56.9093 | INFO | Microsoft.AspNetCore.Hosting.Diagnostics | Request starting HTTP/1.1 OPTIONS http://localhost:5095/api/CLBlog/add-blog - -
2025-04-14 13:03:56.9093 | INFO | Microsoft.AspNetCore.Cors.Infrastructure.CorsService | CORS policy execution successful.
2025-04-14 13:03:56.9093 | INFO | Microsoft.AspNetCore.Hosting.Diagnostics | Request finished HTTP/1.1 OPTIONS http://localhost:5095/api/CLBlog/add-blog - - - 204 - - 0.3486ms
2025-04-14 13:03:56.9093 | INFO | Microsoft.AspNetCore.Hosting.Diagnostics | Request starting HTTP/1.1 POST http://localhost:5095/api/CLBlog/add-blog application/json 41
2025-04-14 13:03:56.9093 | INFO | Microsoft.AspNetCore.Cors.Infrastructure.CorsService | CORS policy execution successful.
2025-04-14 13:03:56.9093 | INFO | Microsoft.AspNetCore.Routing.EndpointMiddleware | Executing endpoint 'BlogManagementSystem.Controllers.CLBlogController.AddBlog (BlogManagementSystem)'
2025-04-14 13:03:56.9093 | INFO | Microsoft.AspNetCore.Mvc.Infrastructure.ControllerActionInvoker | Route matched with {action = "AddBlog", controller = "CLBlog"}. Executing controller action with signature Microsoft.AspNetCore.Mvc.IActionResult AddBlog(BlogManagementSystem.Models.DTO.DTOBLG01) on controller BlogManagementSystem.Controllers.CLBlogController (BlogManagementSystem).
2025-04-14 13:03:56.9093 | INFO | BlogManagementSystem.Filters.LogActionFilter | Executing action: BlogManagementSystem.Controllers.CLBlogController.AddBlog (BlogManagementSystem)
2025-04-14 13:03:56.9093 | INFO | BlogManagementSystem.Controllers.CLBlogController | Creating a new blog post.
2025-04-14 13:03:56.9093 | INFO | BlogManagementSystem.Filters.LogActionFilter | Action executed successfully: BlogManagementSystem.Controllers.CLBlogController.AddBlog (BlogManagementSystem)
2025-04-14 13:03:56.9093 | INFO | Microsoft.AspNetCore.Mvc.Infrastructure.ObjectResultExecutor | Executing OkObjectResult, writing value of type 'BlogManagementSystem.Models.Response'.
2025-04-14 13:03:56.9093 | INFO | Microsoft.AspNetCore.Mvc.Infrastructure.ControllerActionInvoker | Executed action BlogManagementSystem.Controllers.CLBlogController.AddBlog (BlogManagementSystem) in 5.1322ms
2025-04-14 13:03:56.9093 | INFO | Microsoft.AspNetCore.Routing.EndpointMiddleware | Executed endpoint 'BlogManagementSystem.Controllers.CLBlogController.AddBlog (BlogManagementSystem)'
2025-04-14 13:03:56.9093 | INFO | Microsoft.AspNetCore.Hosting.Diagnostics | Request finished HTTP/1.1 POST http://localhost:5095/api/CLBlog/add-blog application/json 41 - 200 52 application/json;+charset=utf-8 5.5177ms
2025-04-14 13:03:56.9093 | INFO | Microsoft.AspNetCore.Hosting.Diagnostics | Request starting HTTP/1.1 GET http://localhost:5095/api/CLBlog/get-all-blogs?pageSize=25&pageNumber=1&sorting=g01F02%20DESC - -
2025-04-14 13:03:56.9093 | INFO | Microsoft.AspNetCore.Cors.Infrastructure.CorsService | CORS policy execution successful.
2025-04-14 13:03:56.9093 | INFO | Microsoft.AspNetCore.Routing.EndpointMiddleware | Executing endpoint 'BlogManagementSystem.Controllers.CLBlogController.GetAllBlogs (BlogManagementSystem)'
2025-04-14 13:03:56.9093 | INFO | Microsoft.AspNetCore.Mvc.Infrastructure.ControllerActionInvoker | Route matched with {action = "GetAllBlogs", controller = "CLBlog"}. Executing controller action with signature Microsoft.AspNetCore.Mvc.IActionResult GetAllBlogs(Int32, Int32, System.String) on controller BlogManagementSystem.Controllers.CLBlogController (BlogManagementSystem).
2025-04-14 13:03:56.9093 | INFO | BlogManagementSystem.Filters.LogActionFilter | Executing action: BlogManagementSystem.Controllers.CLBlogController.GetAllBlogs (BlogManagementSystem)
2025-04-14 13:03:56.9093 | INFO | BlogManagementSystem.Controllers.CLBlogController | Fetching all blog posts.
2025-04-14 13:03:56.9240 | INFO | BlogManagementSystem.Filters.LogActionFilter | Action executed successfully: BlogManagementSystem.Controllers.CLBlogController.GetAllBlogs (BlogManagementSystem)
2025-04-14 13:03:56.9240 | INFO | Microsoft.AspNetCore.Mvc.Infrastructure.ObjectResultExecutor | Executing OkObjectResult, writing value of type 'BlogManagementSystem.Models.Response'.
2025-04-14 13:03:56.9240 | INFO | Microsoft.AspNetCore.Mvc.Infrastructure.ControllerActionInvoker | Executed action BlogManagementSystem.Controllers.CLBlogController.GetAllBlogs (BlogManagementSystem) in 2.8728ms
2025-04-14 13:03:56.9240 | INFO | Microsoft.AspNetCore.Routing.EndpointMiddleware | Executed endpoint 'BlogManagementSystem.Controllers.CLBlogController.GetAllBlogs (BlogManagementSystem)'
2025-04-14 13:03:56.9240 | INFO | Microsoft.AspNetCore.Hosting.Diagnostics | Request finished HTTP/1.1 GET http://localhost:5095/api/CLBlog/get-all-blogs?pageSize=25&pageNumber=1&sorting=g01F02%20DESC - - - 200 227 application/json;+charset=utf-8 3.1875ms
2025-04-14 13:05:31.8708 | INFO | Microsoft.AspNetCore.Hosting.Diagnostics | Request starting HTTP/1.1 GET http://localhost:5095/api/CLBlog/get-all-blogs?pageSize=25&pageNumber=1&sorting=g01F02%20DESC - -
2025-04-14 13:05:31.8708 | INFO | Microsoft.AspNetCore.Cors.Infrastructure.CorsService | CORS policy execution successful.
2025-04-14 13:05:31.8708 | INFO | Microsoft.AspNetCore.Routing.EndpointMiddleware | Executing endpoint 'BlogManagementSystem.Controllers.CLBlogController.GetAllBlogs (BlogManagementSystem)'
2025-04-14 13:05:31.8708 | INFO | Microsoft.AspNetCore.Mvc.Infrastructure.ControllerActionInvoker | Route matched with {action = "GetAllBlogs", controller = "CLBlog"}. Executing controller action with signature Microsoft.AspNetCore.Mvc.IActionResult GetAllBlogs(Int32, Int32, System.String) on controller BlogManagementSystem.Controllers.CLBlogController (BlogManagementSystem).
2025-04-14 13:05:31.8708 | INFO | BlogManagementSystem.Filters.LogActionFilter | Executing action: BlogManagementSystem.Controllers.CLBlogController.GetAllBlogs (BlogManagementSystem)
2025-04-14 13:05:31.8708 | INFO | BlogManagementSystem.Controllers.CLBlogController | Fetching all blog posts.
2025-04-14 13:05:31.8708 | INFO | BlogManagementSystem.Filters.LogActionFilter | Action executed successfully: BlogManagementSystem.Controllers.CLBlogController.GetAllBlogs (BlogManagementSystem)
2025-04-14 13:05:31.8708 | INFO | Microsoft.AspNetCore.Mvc.Infrastructure.ObjectResultExecutor | Executing OkObjectResult, writing value of type 'BlogManagementSystem.Models.Response'.
2025-04-14 13:05:31.8708 | INFO | Microsoft.AspNetCore.Mvc.Infrastructure.ControllerActionInvoker | Executed action BlogManagementSystem.Controllers.CLBlogController.GetAllBlogs (BlogManagementSystem) in 2.952ms
2025-04-14 13:05:31.8708 | INFO | Microsoft.AspNetCore.Routing.EndpointMiddleware | Executed endpoint 'BlogManagementSystem.Controllers.CLBlogController.GetAllBlogs (BlogManagementSystem)'
2025-04-14 13:05:31.8708 | INFO | Microsoft.AspNetCore.Hosting.Diagnostics | Request finished HTTP/1.1 GET http://localhost:5095/api/CLBlog/get-all-blogs?pageSize=25&pageNumber=1&sorting=g01F02%20DESC - - - 200 227 application/json;+charset=utf-8 3.3340ms
2025-04-14 13:05:32.1164 | INFO | Microsoft.AspNetCore.Hosting.Diagnostics | Request starting HTTP/1.1 GET http://localhost:5095/api/CLBlog/get-all-blogs?pageSize=25&pageNumber=1&sorting=g01F02%20DESC - -
2025-04-14 13:05:32.1164 | INFO | Microsoft.AspNetCore.Cors.Infrastructure.CorsService | CORS policy execution successful.
2025-04-14 13:05:32.1164 | INFO | Microsoft.AspNetCore.Routing.EndpointMiddleware | Executing endpoint 'BlogManagementSystem.Controllers.CLBlogController.GetAllBlogs (BlogManagementSystem)'
2025-04-14 13:05:32.1164 | INFO | Microsoft.AspNetCore.Mvc.Infrastructure.ControllerActionInvoker | Route matched with {action = "GetAllBlogs", controller = "CLBlog"}. Executing controller action with signature Microsoft.AspNetCore.Mvc.IActionResult GetAllBlogs(Int32, Int32, System.String) on controller BlogManagementSystem.Controllers.CLBlogController (BlogManagementSystem).
2025-04-14 13:05:32.1164 | INFO | BlogManagementSystem.Filters.LogActionFilter | Executing action: BlogManagementSystem.Controllers.CLBlogController.GetAllBlogs (BlogManagementSystem)
2025-04-14 13:05:32.1164 | INFO | BlogManagementSystem.Controllers.CLBlogController | Fetching all blog posts.
2025-04-14 13:05:32.1164 | INFO | BlogManagementSystem.Filters.LogActionFilter | Action executed successfully: BlogManagementSystem.Controllers.CLBlogController.GetAllBlogs (BlogManagementSystem)
2025-04-14 13:05:32.1164 | INFO | Microsoft.AspNetCore.Mvc.Infrastructure.ObjectResultExecutor | Executing OkObjectResult, writing value of type 'BlogManagementSystem.Models.Response'.
2025-04-14 13:05:32.1164 | INFO | Microsoft.AspNetCore.Mvc.Infrastructure.ControllerActionInvoker | Executed action BlogManagementSystem.Controllers.CLBlogController.GetAllBlogs (BlogManagementSystem) in 2.8738ms
2025-04-14 13:05:32.1164 | INFO | Microsoft.AspNetCore.Routing.EndpointMiddleware | Executed endpoint 'BlogManagementSystem.Controllers.CLBlogController.GetAllBlogs (BlogManagementSystem)'
2025-04-14 13:05:32.1164 | INFO | Microsoft.AspNetCore.Hosting.Diagnostics | Request finished HTTP/1.1 GET http://localhost:5095/api/CLBlog/get-all-blogs?pageSize=25&pageNumber=1&sorting=g01F02%20DESC - - - 200 227 application/json;+charset=utf-8 3.2805ms
2025-04-14 13:05:47.4292 | INFO | Microsoft.AspNetCore.Hosting.Diagnostics | Request starting HTTP/1.1 GET http://localhost:5095/api/CLBlog/get-all-blogs?pageSize=25&pageNumber=1&sorting=g01F02%20DESC - -
2025-04-14 13:05:47.4292 | INFO | Microsoft.AspNetCore.Cors.Infrastructure.CorsService | CORS policy execution successful.
2025-04-14 13:05:47.4292 | INFO | Microsoft.AspNetCore.Routing.EndpointMiddleware | Executing endpoint 'BlogManagementSystem.Controllers.CLBlogController.GetAllBlogs (BlogManagementSystem)'
2025-04-14 13:05:47.4292 | INFO | Microsoft.AspNetCore.Mvc.Infrastructure.ControllerActionInvoker | Route matched with {action = "GetAllBlogs", controller = "CLBlog"}. Executing controller action with signature Microsoft.AspNetCore.Mvc.IActionResult GetAllBlogs(Int32, Int32, System.String) on controller BlogManagementSystem.Controllers.CLBlogController (BlogManagementSystem).
2025-04-14 13:05:47.4292 | INFO | BlogManagementSystem.Filters.LogActionFilter | Executing action: BlogManagementSystem.Controllers.CLBlogController.GetAllBlogs (BlogManagementSystem)
2025-04-14 13:05:47.4292 | INFO | BlogManagementSystem.Controllers.CLBlogController | Fetching all blog posts.
2025-04-14 13:05:47.4292 | INFO | BlogManagementSystem.Filters.LogActionFilter | Action executed successfully: BlogManagementSystem.Controllers.CLBlogController.GetAllBlogs (BlogManagementSystem)
2025-04-14 13:05:47.4292 | INFO | Microsoft.AspNetCore.Mvc.Infrastructure.ObjectResultExecutor | Executing OkObjectResult, writing value of type 'BlogManagementSystem.Models.Response'.
2025-04-14 13:05:47.4292 | INFO | Microsoft.AspNetCore.Mvc.Infrastructure.ControllerActionInvoker | Executed action BlogManagementSystem.Controllers.CLBlogController.GetAllBlogs (BlogManagementSystem) in 3.4535ms
2025-04-14 13:05:47.4292 | INFO | Microsoft.AspNetCore.Routing.EndpointMiddleware | Executed endpoint 'BlogManagementSystem.Controllers.CLBlogController.GetAllBlogs (BlogManagementSystem)'
2025-04-14 13:05:47.4292 | INFO | Microsoft.AspNetCore.Hosting.Diagnostics | Request finished HTTP/1.1 GET http://localhost:5095/api/CLBlog/get-all-blogs?pageSize=25&pageNumber=1&sorting=g01F02%20DESC - - - 200 227 application/json;+charset=utf-8 3.8984ms
2025-04-14 13:05:47.7008 | INFO | Microsoft.AspNetCore.Hosting.Diagnostics | Request starting HTTP/1.1 GET http://localhost:5095/api/CLBlog/get-all-blogs?pageSize=25&pageNumber=1&sorting=g01F02%20DESC - -
2025-04-14 13:05:47.7008 | INFO | Microsoft.AspNetCore.Cors.Infrastructure.CorsService | CORS policy execution successful.
2025-04-14 13:05:47.7008 | INFO | Microsoft.AspNetCore.Routing.EndpointMiddleware | Executing endpoint 'BlogManagementSystem.Controllers.CLBlogController.GetAllBlogs (BlogManagementSystem)'
2025-04-14 13:05:47.7008 | INFO | Microsoft.AspNetCore.Mvc.Infrastructure.ControllerActionInvoker | Route matched with {action = "GetAllBlogs", controller = "CLBlog"}. Executing controller action with signature Microsoft.AspNetCore.Mvc.IActionResult GetAllBlogs(Int32, Int32, System.String) on controller BlogManagementSystem.Controllers.CLBlogController (BlogManagementSystem).
2025-04-14 13:05:47.7008 | INFO | BlogManagementSystem.Filters.LogActionFilter | Executing action: BlogManagementSystem.Controllers.CLBlogController.GetAllBlogs (BlogManagementSystem)
2025-04-14 13:05:47.7008 | INFO | BlogManagementSystem.Controllers.CLBlogController | Fetching all blog posts.
2025-04-14 13:05:47.7008 | INFO | BlogManagementSystem.Filters.LogActionFilter | Action executed successfully: BlogManagementSystem.Controllers.CLBlogController.GetAllBlogs (BlogManagementSystem)
2025-04-14 13:05:47.7008 | INFO | Microsoft.AspNetCore.Mvc.Infrastructure.ObjectResultExecutor | Executing OkObjectResult, writing value of type 'BlogManagementSystem.Models.Response'.
2025-04-14 13:05:47.7008 | INFO | Microsoft.AspNetCore.Mvc.Infrastructure.ControllerActionInvoker | Executed action BlogManagementSystem.Controllers.CLBlogController.GetAllBlogs (BlogManagementSystem) in 2.7147ms
2025-04-14 13:05:47.7008 | INFO | Microsoft.AspNetCore.Routing.EndpointMiddleware | Executed endpoint 'BlogManagementSystem.Controllers.CLBlogController.GetAllBlogs (BlogManagementSystem)'
2025-04-14 13:05:47.7008 | INFO | Microsoft.AspNetCore.Hosting.Diagnostics | Request finished HTTP/1.1 GET http://localhost:5095/api/CLBlog/get-all-blogs?pageSize=25&pageNumber=1&sorting=g01F02%20DESC - - - 200 227 application/json;+charset=utf-8 3.0912ms
