2025-04-15 16:39:03.0387 | DEBUG | Registered model binder providers, in the following order: Microsoft.AspNetCore.Mvc.ModelBinding.Binders.BinderTypeModelBinderProvider, Microsoft.AspNetCore.Mvc.ModelBinding.Binders.ServicesModelBinderProvider, Microsoft.AspNetCore.Mvc.ModelBinding.Binders.BodyModelBinderProvider, Microsoft.AspNetCore.Mvc.ModelBinding.Binders.HeaderModelBinderProvider, Microsoft.AspNetCore.Mvc.ModelBinding.Binders.FloatingPointTypeModelBinderProvider, Microsoft.AspNetCore.Mvc.ModelBinding.Binders.EnumTypeModelBinderProvider, Microsoft.AspNetCore.Mvc.ModelBinding.Binders.DateTimeModelBinderProvider, Microsoft.AspNetCore.Mvc.ModelBinding.Binders.TryParseModelBinderProvider, Microsoft.AspNetCore.Mvc.ModelBinding.Binders.SimpleTypeModelBinderProvider, Microsoft.AspNetCore.Mvc.ModelBinding.Binders.CancellationTokenModelBinderProvider, Microsoft.AspNetCore.Mvc.ModelBinding.Binders.ByteArrayModelBinderProvider, Microsoft.AspNetCore.Mvc.ModelBinding.Binders.FormFileModelBinderProvider, Microsoft.AspNetCore.Mvc.ModelBinding.Binders.FormCollectionModelBinderProvider, Microsoft.AspNetCore.Mvc.ModelBinding.Binders.KeyValuePairModelBinderProvider, Microsoft.AspNetCore.Mvc.ModelBinding.Binders.DictionaryModelBinderProvider, Microsoft.AspNetCore.Mvc.ModelBinding.Binders.ArrayModelBinderProvider, Microsoft.AspNetCore.Mvc.ModelBinding.Binders.CollectionModelBinderProvider, Microsoft.AspNetCore.Mvc.ModelBinding.Binders.ComplexObjectModelBinderProvider 
2025-04-15 16:39:03.1476 | DEBUG | Hosting starting 
2025-04-15 16:39:03.4611 | DEBUG | Loaded hosting startup assembly WebApplication1 
2025-04-15 16:39:03.4611 | DEBUG | Loaded hosting startup assembly Microsoft.AspNetCore.Watch.BrowserRefresh 
2025-04-15 16:39:03.4611 | DEBUG | Loaded hosting startup assembly Microsoft.WebTools.BrowserLink.Net 
2025-04-15 16:39:03.4875 | DEBUG | Hosting started 
2025-04-15 16:39:03.5144 | DEBUG | Connection id "0HNBS1NN8QBLP" accepted. 
2025-04-15 16:39:03.5144 | DEBUG | Connection id "0HNBS1NN8QBLP" started. 
2025-04-15 16:39:03.6009 | DEBUG | Connection id "0HNBS1NN8QBLQ" accepted. 
2025-04-15 16:39:03.6009 | DEBUG | Connection id "0HNBS1NN8QBLQ" started. 
2025-04-15 16:39:03.6891 | DEBUG | Wildcard detected, all requests with hosts will be allowed. 
2025-04-15 16:39:03.6986 | DEBUG | Connection id "0HNBS1NN8QBLR" accepted. 
2025-04-15 16:39:03.6986 | DEBUG | Connection id "0HNBS1NN8QBLR" started. 
2025-04-15 16:39:03.7296 | DEBUG | The request path  does not match the path filter 
2025-04-15 16:39:03.7296 | DEBUG | The request has an origin header: 'http://127.0.0.1:5503'. 
2025-04-15 16:39:03.7633 | DEBUG | 1 candidate(s) found for the request path '/api/Author/GetAllBooks2' 
2025-04-15 16:39:03.7633 | DEBUG | Endpoint 'WebApplication1.Controller.AuthorController.GetAllBooks2 (WebApplication1)' with route pattern 'api/Author/GetAllBooks2' is valid for the request path '/api/Author/GetAllBooks2' 
2025-04-15 16:39:03.7633 | DEBUG | Request matched endpoint 'WebApplication1.Controller.AuthorController.GetAllBooks2 (WebApplication1)' 
2025-04-15 16:39:03.8223 | DEBUG | Execution plan of authorization filters (in the following order): None 
2025-04-15 16:39:03.8223 | DEBUG | Execution plan of resource filters (in the following order): None 
2025-04-15 16:39:03.8223 | DEBUG | Execution plan of action filters (in the following order): Microsoft.AspNetCore.Mvc.ModelBinding.UnsupportedContentTypeFilter (Order: -3000), Microsoft.AspNetCore.Mvc.Infrastructure.ModelStateInvalidFilter (Order: -2000) 
2025-04-15 16:39:03.8223 | DEBUG | Execution plan of exception filters (in the following order): None 
2025-04-15 16:39:03.8223 | DEBUG | Execution plan of result filters (in the following order): Microsoft.AspNetCore.Mvc.Infrastructure.ClientErrorResultFilter (Order: -2000) 
2025-04-15 16:39:03.8223 | DEBUG | Executing controller factory for controller WebApplication1.Controller.AuthorController (WebApplication1) 
2025-04-15 16:39:03.9164 | DEBUG | Connection id "0HNBS1NN8QBLQ" received FIN. 
2025-04-15 16:39:03.9164 | DEBUG | Connection id "0HNBS1NN8QBLQ" sending FIN because: "The client closed the connection." 
2025-04-15 16:39:03.9164 | DEBUG | Connection id "0HNBS1NN8QBLQ" disconnecting. 
2025-04-15 16:39:03.9508 | DEBUG | Connection id "0HNBS1NN8QBLS" accepted. 
2025-04-15 16:39:03.9508 | DEBUG | Connection id "0HNBS1NN8QBLS" started. 
2025-04-15 16:39:04.0278 | DEBUG | The request path  does not match the path filter 
2025-04-15 16:39:04.0278 | DEBUG | The request has an origin header: 'http://127.0.0.1:5503'. 
2025-04-15 16:39:04.0278 | DEBUG | 1 candidate(s) found for the request path '/api/Author/GetAllBooks2' 
2025-04-15 16:39:04.0278 | DEBUG | Endpoint 'WebApplication1.Controller.AuthorController.GetAllBooks2 (WebApplication1)' with route pattern 'api/Author/GetAllBooks2' is valid for the request path '/api/Author/GetAllBooks2' 
2025-04-15 16:39:04.0278 | DEBUG | Request matched endpoint 'WebApplication1.Controller.AuthorController.GetAllBooks2 (WebApplication1)' 
2025-04-15 16:39:04.0278 | DEBUG | Execution plan of authorization filters (in the following order): None 
2025-04-15 16:39:04.0278 | DEBUG | Execution plan of resource filters (in the following order): None 
2025-04-15 16:39:04.0278 | DEBUG | Execution plan of action filters (in the following order): Microsoft.AspNetCore.Mvc.ModelBinding.UnsupportedContentTypeFilter (Order: -3000), Microsoft.AspNetCore.Mvc.Infrastructure.ModelStateInvalidFilter (Order: -2000) 
2025-04-15 16:39:04.0278 | DEBUG | Execution plan of exception filters (in the following order): None 
2025-04-15 16:39:04.0278 | DEBUG | Execution plan of result filters (in the following order): Microsoft.AspNetCore.Mvc.Infrastructure.ClientErrorResultFilter (Order: -2000) 
2025-04-15 16:39:04.0278 | DEBUG | Executing controller factory for controller WebApplication1.Controller.AuthorController (WebApplication1) 
2025-04-15 16:39:04.2505 | DEBUG | Connection id "0HNBS1NN8QBLT" accepted. 
2025-04-15 16:39:04.2505 | DEBUG | Connection id "0HNBS1NN8QBLT" started. 
2025-04-15 16:39:04.2505 | DEBUG | Connection id "0HNBS1NN8QBLU" accepted. 
2025-04-15 16:39:04.2505 | DEBUG | Connection id "0HNBS1NN8QBLU" started. 
2025-04-15 16:39:04.2772 | DEBUG | Connection id "0HNBS1NN8QBLR" received FIN. 
2025-04-15 16:39:04.2772 | DEBUG | Connection id "0HNBS1NN8QBLR" sending FIN because: "The client closed the connection." 
2025-04-15 16:39:04.2772 | DEBUG | Connection id "0HNBS1NN8QBLR" disconnecting. 
2025-04-15 16:39:04.4057 | DEBUG | Connection id "0HNBS1NN8QBLV" accepted. 
2025-04-15 16:39:04.4057 | DEBUG | Connection id "0HNBS1NN8QBLV" started. 
2025-04-15 16:39:04.4057 | DEBUG | The request path  does not match the path filter 
2025-04-15 16:39:04.4057 | DEBUG | The request has an origin header: 'http://127.0.0.1:5503'. 
2025-04-15 16:39:04.4057 | DEBUG | 1 candidate(s) found for the request path '/api/Author/GetAllBooks2' 
2025-04-15 16:39:04.4057 | DEBUG | Endpoint 'WebApplication1.Controller.AuthorController.GetAllBooks2 (WebApplication1)' with route pattern 'api/Author/GetAllBooks2' is valid for the request path '/api/Author/GetAllBooks2' 
2025-04-15 16:39:04.4057 | DEBUG | Request matched endpoint 'WebApplication1.Controller.AuthorController.GetAllBooks2 (WebApplication1)' 
2025-04-15 16:39:04.4057 | DEBUG | Execution plan of authorization filters (in the following order): None 
2025-04-15 16:39:04.4057 | DEBUG | Execution plan of resource filters (in the following order): None 
2025-04-15 16:39:04.4057 | DEBUG | Execution plan of action filters (in the following order): Microsoft.AspNetCore.Mvc.ModelBinding.UnsupportedContentTypeFilter (Order: -3000), Microsoft.AspNetCore.Mvc.Infrastructure.ModelStateInvalidFilter (Order: -2000) 
2025-04-15 16:39:04.4057 | DEBUG | Execution plan of exception filters (in the following order): None 
2025-04-15 16:39:04.4057 | DEBUG | Execution plan of result filters (in the following order): Microsoft.AspNetCore.Mvc.Infrastructure.ClientErrorResultFilter (Order: -2000) 
2025-04-15 16:39:04.4057 | DEBUG | Executing controller factory for controller WebApplication1.Controller.AuthorController (WebApplication1) 
2025-04-15 16:39:04.5407 | DEBUG | The request path  does not match the path filter 
2025-04-15 16:39:04.5407 | DEBUG | No candidates found for the request path '/' 
2025-04-15 16:39:04.5407 | DEBUG | Request did not match any endpoints 
2025-04-15 16:39:04.7490 | DEBUG | Connection id "0HNBS1NN8QBLT" completed keep alive response. 
2025-04-15 16:39:04.8764 | DEBUG | Connection id "0HNBS1NN8QBLV" received FIN. 
2025-04-15 16:39:04.8764 | DEBUG | Connection id "0HNBS1NN8QBLV" sending FIN because: "The client closed the connection." 
2025-04-15 16:39:04.8764 | DEBUG | Connection id "0HNBS1NN8QBLV" disconnecting. 
2025-04-15 16:39:04.9871 | DEBUG | Connection id "0HNBS1NN8QBM0" accepted. 
2025-04-15 16:39:04.9871 | DEBUG | Connection id "0HNBS1NN8QBM0" started. 
2025-04-15 16:39:04.9871 | DEBUG | The request path  does not match the path filter 
2025-04-15 16:39:04.9871 | DEBUG | The request has an origin header: 'http://127.0.0.1:5503'. 
2025-04-15 16:39:04.9871 | DEBUG | 1 candidate(s) found for the request path '/api/Author/GetAllBooks2' 
2025-04-15 16:39:04.9871 | DEBUG | Endpoint 'WebApplication1.Controller.AuthorController.GetAllBooks2 (WebApplication1)' with route pattern 'api/Author/GetAllBooks2' is valid for the request path '/api/Author/GetAllBooks2' 
2025-04-15 16:39:04.9871 | DEBUG | Request matched endpoint 'WebApplication1.Controller.AuthorController.GetAllBooks2 (WebApplication1)' 
2025-04-15 16:39:04.9871 | DEBUG | Execution plan of authorization filters (in the following order): None 
2025-04-15 16:39:04.9871 | DEBUG | Execution plan of resource filters (in the following order): None 
2025-04-15 16:39:04.9871 | DEBUG | Execution plan of action filters (in the following order): Microsoft.AspNetCore.Mvc.ModelBinding.UnsupportedContentTypeFilter (Order: -3000), Microsoft.AspNetCore.Mvc.Infrastructure.ModelStateInvalidFilter (Order: -2000) 
2025-04-15 16:39:04.9871 | DEBUG | Execution plan of exception filters (in the following order): None 
2025-04-15 16:39:04.9871 | DEBUG | Execution plan of result filters (in the following order): Microsoft.AspNetCore.Mvc.Infrastructure.ClientErrorResultFilter (Order: -2000) 
2025-04-15 16:39:04.9871 | DEBUG | Executing controller factory for controller WebApplication1.Controller.AuthorController (WebApplication1) 
2025-04-15 16:39:05.5479 | DEBUG | Executed controller factory for controller WebApplication1.Controller.AuthorController (WebApplication1) 
2025-04-15 16:39:05.5479 | DEBUG | Executed controller factory for controller WebApplication1.Controller.AuthorController (WebApplication1) 
2025-04-15 16:39:05.5479 | DEBUG | Executed controller factory for controller WebApplication1.Controller.AuthorController (WebApplication1) 
2025-04-15 16:39:05.5479 | DEBUG | Executed controller factory for controller WebApplication1.Controller.AuthorController (WebApplication1) 
2025-04-15 16:39:05.5612 | DEBUG | Attempting to bind parameter 'skip' of type 'System.Int32' ... 
2025-04-15 16:39:05.5612 | DEBUG | Attempting to bind parameter 'skip' of type 'System.Int32' ... 
2025-04-15 16:39:05.5612 | DEBUG | Attempting to bind parameter 'skip' of type 'System.Int32' ... 
2025-04-15 16:39:05.5612 | DEBUG | Attempting to bind parameter 'skip' of type 'System.Int32' ... 
2025-04-15 16:39:05.5612 | DEBUG | Attempting to bind parameter 'skip' of type 'System.Int32' using the name 'skip' in request data ... 
2025-04-15 16:39:05.5612 | DEBUG | Attempting to bind parameter 'skip' of type 'System.Int32' using the name 'skip' in request data ... 
2025-04-15 16:39:05.5612 | DEBUG | Attempting to bind parameter 'skip' of type 'System.Int32' using the name 'skip' in request data ... 
2025-04-15 16:39:05.5612 | DEBUG | Attempting to bind parameter 'skip' of type 'System.Int32' using the name 'skip' in request data ... 
2025-04-15 16:39:05.5612 | DEBUG | Done attempting to bind parameter 'skip' of type 'System.Int32'. 
2025-04-15 16:39:05.5612 | DEBUG | Done attempting to bind parameter 'skip' of type 'System.Int32'. 
2025-04-15 16:39:05.5612 | DEBUG | Done attempting to bind parameter 'skip' of type 'System.Int32'. 
2025-04-15 16:39:05.5612 | DEBUG | Done attempting to bind parameter 'skip' of type 'System.Int32'. 
2025-04-15 16:39:05.5612 | DEBUG | Done attempting to bind parameter 'skip' of type 'System.Int32'. 
2025-04-15 16:39:05.5612 | DEBUG | Attempting to validate the bound parameter 'skip' of type 'System.Int32' ... 
2025-04-15 16:39:05.5612 | DEBUG | Done attempting to bind parameter 'skip' of type 'System.Int32'. 
2025-04-15 16:39:05.5612 | DEBUG | Attempting to validate the bound parameter 'skip' of type 'System.Int32' ... 
2025-04-15 16:39:05.5612 | DEBUG | Done attempting to bind parameter 'skip' of type 'System.Int32'. 
2025-04-15 16:39:05.5612 | DEBUG | Attempting to validate the bound parameter 'skip' of type 'System.Int32' ... 
2025-04-15 16:39:05.5612 | DEBUG | Done attempting to bind parameter 'skip' of type 'System.Int32'. 
2025-04-15 16:39:05.5612 | DEBUG | Attempting to validate the bound parameter 'skip' of type 'System.Int32' ... 
2025-04-15 16:39:05.5612 | DEBUG | Done attempting to validate the bound parameter 'skip' of type 'System.Int32'. 
2025-04-15 16:39:05.5612 | DEBUG | Done attempting to validate the bound parameter 'skip' of type 'System.Int32'. 
2025-04-15 16:39:05.5612 | DEBUG | Done attempting to validate the bound parameter 'skip' of type 'System.Int32'. 
2025-04-15 16:39:05.5612 | DEBUG | Done attempting to validate the bound parameter 'skip' of type 'System.Int32'. 
2025-04-15 16:39:05.5612 | DEBUG | Attempting to bind parameter 'take' of type 'System.Int32' ... 
2025-04-15 16:39:05.5612 | DEBUG | Attempting to bind parameter 'take' of type 'System.Int32' ... 
2025-04-15 16:39:05.5612 | DEBUG | Attempting to bind parameter 'take' of type 'System.Int32' ... 
2025-04-15 16:39:05.5612 | DEBUG | Attempting to bind parameter 'take' of type 'System.Int32' ... 
2025-04-15 16:39:05.5612 | DEBUG | Attempting to bind parameter 'take' of type 'System.Int32' using the name 'take' in request data ... 
2025-04-15 16:39:05.5612 | DEBUG | Attempting to bind parameter 'take' of type 'System.Int32' using the name 'take' in request data ... 
2025-04-15 16:39:05.5612 | DEBUG | Done attempting to bind parameter 'take' of type 'System.Int32'. 
2025-04-15 16:39:05.5612 | DEBUG | Attempting to bind parameter 'take' of type 'System.Int32' using the name 'take' in request data ... 
2025-04-15 16:39:05.5612 | DEBUG | Attempting to bind parameter 'take' of type 'System.Int32' using the name 'take' in request data ... 
2025-04-15 16:39:05.5612 | DEBUG | Done attempting to bind parameter 'take' of type 'System.Int32'. 
2025-04-15 16:39:05.5612 | DEBUG | Done attempting to bind parameter 'take' of type 'System.Int32'. 
2025-04-15 16:39:05.5612 | DEBUG | Attempting to validate the bound parameter 'take' of type 'System.Int32' ... 
2025-04-15 16:39:05.5612 | DEBUG | Done attempting to bind parameter 'take' of type 'System.Int32'. 
2025-04-15 16:39:05.5612 | DEBUG | Done attempting to bind parameter 'take' of type 'System.Int32'. 
2025-04-15 16:39:05.5612 | DEBUG | Done attempting to bind parameter 'take' of type 'System.Int32'. 
2025-04-15 16:39:05.5612 | DEBUG | Attempting to validate the bound parameter 'take' of type 'System.Int32' ... 
2025-04-15 16:39:05.5612 | DEBUG | Done attempting to bind parameter 'take' of type 'System.Int32'. 
2025-04-15 16:39:05.5612 | DEBUG | Attempting to validate the bound parameter 'take' of type 'System.Int32' ... 
2025-04-15 16:39:05.5612 | DEBUG | Done attempting to bind parameter 'take' of type 'System.Int32'. 
2025-04-15 16:39:05.5612 | DEBUG | Done attempting to validate the bound parameter 'take' of type 'System.Int32'. 
2025-04-15 16:39:05.5612 | DEBUG | Done attempting to validate the bound parameter 'take' of type 'System.Int32'. 
2025-04-15 16:39:05.5612 | DEBUG | Attempting to bind parameter 'sortFeild' of type 'System.String' ... 
2025-04-15 16:39:05.5612 | DEBUG | Attempting to bind parameter 'sortFeild' of type 'System.String' ... 
2025-04-15 16:39:05.5612 | DEBUG | Done attempting to validate the bound parameter 'take' of type 'System.Int32'. 
2025-04-15 16:39:05.5612 | DEBUG | Attempting to bind parameter 'sortFeild' of type 'System.String' ... 
2025-04-15 16:39:05.5612 | DEBUG | Attempting to validate the bound parameter 'take' of type 'System.Int32' ... 
2025-04-15 16:39:05.5612 | DEBUG | Attempting to bind parameter 'sortFeild' of type 'System.String' using the name 'sortFeild' in request data ... 
2025-04-15 16:39:05.5612 | DEBUG | Done attempting to validate the bound parameter 'take' of type 'System.Int32'. 
2025-04-15 16:39:05.5612 | DEBUG | Attempting to bind parameter 'sortFeild' of type 'System.String' using the name 'sortFeild' in request data ... 
2025-04-15 16:39:05.5612 | DEBUG | Attempting to bind parameter 'sortFeild' of type 'System.String' using the name 'sortFeild' in request data ... 
2025-04-15 16:39:05.5612 | DEBUG | Attempting to bind parameter 'sortFeild' of type 'System.String' ... 
2025-04-15 16:39:05.5612 | DEBUG | Attempting to bind parameter 'sortFeild' of type 'System.String' using the name 'sortFeild' in request data ... 
2025-04-15 16:39:05.5612 | DEBUG | Done attempting to bind parameter 'sortFeild' of type 'System.String'. 
2025-04-15 16:39:05.5612 | DEBUG | Done attempting to bind parameter 'sortFeild' of type 'System.String'. 
2025-04-15 16:39:05.5612 | DEBUG | Done attempting to bind parameter 'sortFeild' of type 'System.String'. 
2025-04-15 16:39:05.5612 | DEBUG | Done attempting to bind parameter 'sortFeild' of type 'System.String'. 
2025-04-15 16:39:05.5612 | DEBUG | Done attempting to bind parameter 'sortFeild' of type 'System.String'. 
2025-04-15 16:39:05.5612 | DEBUG | Attempting to validate the bound parameter 'sortFeild' of type 'System.String' ... 
2025-04-15 16:39:05.5612 | DEBUG | Done attempting to bind parameter 'sortFeild' of type 'System.String'. 
2025-04-15 16:39:05.5612 | DEBUG | Done attempting to bind parameter 'sortFeild' of type 'System.String'. 
2025-04-15 16:39:05.5612 | DEBUG | Done attempting to bind parameter 'sortFeild' of type 'System.String'. 
2025-04-15 16:39:05.5612 | DEBUG | Attempting to validate the bound parameter 'sortFeild' of type 'System.String' ... 
2025-04-15 16:39:05.5612 | DEBUG | Done attempting to validate the bound parameter 'sortFeild' of type 'System.String'. 
2025-04-15 16:39:05.5612 | DEBUG | Done attempting to validate the bound parameter 'sortFeild' of type 'System.String'. 
2025-04-15 16:39:05.5612 | DEBUG | Attempting to bind parameter 'sortType' of type 'System.Nullable`1[System.Int32]' ... 
2025-04-15 16:39:05.5612 | DEBUG | Attempting to bind parameter 'sortType' of type 'System.Nullable`1[System.Int32]' ... 
2025-04-15 16:39:05.5612 | DEBUG | Attempting to bind parameter 'sortType' of type 'System.Nullable`1[System.Int32]' using the name 'sortType' in request data ... 
2025-04-15 16:39:05.5612 | DEBUG | Attempting to validate the bound parameter 'sortFeild' of type 'System.String' ... 
2025-04-15 16:39:05.5612 | DEBUG | Done attempting to validate the bound parameter 'sortFeild' of type 'System.String'. 
2025-04-15 16:39:05.5612 | DEBUG | Attempting to bind parameter 'sortType' of type 'System.Nullable`1[System.Int32]' ... 
2025-04-15 16:39:05.5612 | DEBUG | Done attempting to bind parameter 'sortType' of type 'System.Nullable`1[System.Int32]'. 
2025-04-15 16:39:05.5612 | DEBUG | Attempting to bind parameter 'sortType' of type 'System.Nullable`1[System.Int32]' using the name 'sortType' in request data ... 
2025-04-15 16:39:05.5612 | DEBUG | Attempting to bind parameter 'sortType' of type 'System.Nullable`1[System.Int32]' using the name 'sortType' in request data ... 
2025-04-15 16:39:05.5612 | DEBUG | Attempting to validate the bound parameter 'sortFeild' of type 'System.String' ... 
2025-04-15 16:39:05.5612 | DEBUG | Done attempting to bind parameter 'sortType' of type 'System.Nullable`1[System.Int32]'. 
2025-04-15 16:39:05.5612 | DEBUG | Done attempting to validate the bound parameter 'sortFeild' of type 'System.String'. 
2025-04-15 16:39:05.5612 | DEBUG | Attempting to validate the bound parameter 'sortType' of type 'System.Nullable`1[System.Int32]' ... 
2025-04-15 16:39:05.5612 | DEBUG | Attempting to bind parameter 'sortType' of type 'System.Nullable`1[System.Int32]' ... 
2025-04-15 16:39:05.5612 | DEBUG | Done attempting to bind parameter 'sortType' of type 'System.Nullable`1[System.Int32]'. 
2025-04-15 16:39:05.5612 | DEBUG | Done attempting to bind parameter 'sortType' of type 'System.Nullable`1[System.Int32]'. 
2025-04-15 16:39:05.5612 | DEBUG | Attempting to bind parameter 'sortType' of type 'System.Nullable`1[System.Int32]' using the name 'sortType' in request data ... 
2025-04-15 16:39:05.5612 | DEBUG | Done attempting to bind parameter 'sortType' of type 'System.Nullable`1[System.Int32]'. 
2025-04-15 16:39:05.5612 | DEBUG | Done attempting to bind parameter 'sortType' of type 'System.Nullable`1[System.Int32]'. 
2025-04-15 16:39:05.5612 | DEBUG | Done attempting to validate the bound parameter 'sortType' of type 'System.Nullable`1[System.Int32]'. 
2025-04-15 16:39:05.5612 | DEBUG | Attempting to validate the bound parameter 'sortType' of type 'System.Nullable`1[System.Int32]' ... 
2025-04-15 16:39:05.5612 | DEBUG | Attempting to validate the bound parameter 'sortType' of type 'System.Nullable`1[System.Int32]' ... 
2025-04-15 16:39:05.5612 | DEBUG | Done attempting to bind parameter 'sortType' of type 'System.Nullable`1[System.Int32]'. 
2025-04-15 16:39:05.5612 | DEBUG | Done attempting to bind parameter 'sortType' of type 'System.Nullable`1[System.Int32]'. 
2025-04-15 16:39:05.5612 | DEBUG | Attempting to validate the bound parameter 'sortType' of type 'System.Nullable`1[System.Int32]' ... 
2025-04-15 16:39:05.5612 | DEBUG | Done attempting to validate the bound parameter 'sortType' of type 'System.Nullable`1[System.Int32]'. 
2025-04-15 16:39:05.5612 | DEBUG | Done attempting to validate the bound parameter 'sortType' of type 'System.Nullable`1[System.Int32]'. 
2025-04-15 16:39:05.5612 | DEBUG | Done attempting to validate the bound parameter 'sortType' of type 'System.Nullable`1[System.Int32]'. 
2025-04-15 16:39:05.6800 | DEBUG | Connection id "0HNBS1NN8QBM0" received FIN. 
2025-04-15 16:39:05.6800 | DEBUG | Connection id "0HNBS1NN8QBM0" sending FIN because: "The client closed the connection." 
2025-04-15 16:39:05.6800 | DEBUG | Connection id "0HNBS1NN8QBM0" disconnecting. 
2025-04-15 16:39:05.7766 | DEBUG | Connection id "0HNBS1NN8QBM1" accepted. 
2025-04-15 16:39:05.7766 | DEBUG | Connection id "0HNBS1NN8QBM1" started. 
2025-04-15 16:39:05.7766 | DEBUG | The request path  does not match the path filter 
2025-04-15 16:39:05.7766 | DEBUG | The request has an origin header: 'http://127.0.0.1:5503'. 
2025-04-15 16:39:05.7766 | DEBUG | 1 candidate(s) found for the request path '/api/Author/GetAllBooks2' 
2025-04-15 16:39:05.7766 | DEBUG | Endpoint 'WebApplication1.Controller.AuthorController.GetAllBooks2 (WebApplication1)' with route pattern 'api/Author/GetAllBooks2' is valid for the request path '/api/Author/GetAllBooks2' 
2025-04-15 16:39:05.7766 | DEBUG | Request matched endpoint 'WebApplication1.Controller.AuthorController.GetAllBooks2 (WebApplication1)' 
2025-04-15 16:39:05.7766 | DEBUG | Execution plan of authorization filters (in the following order): None 
2025-04-15 16:39:05.7766 | DEBUG | Execution plan of resource filters (in the following order): None 
2025-04-15 16:39:05.7766 | DEBUG | Execution plan of action filters (in the following order): Microsoft.AspNetCore.Mvc.ModelBinding.UnsupportedContentTypeFilter (Order: -3000), Microsoft.AspNetCore.Mvc.Infrastructure.ModelStateInvalidFilter (Order: -2000) 
2025-04-15 16:39:05.7766 | DEBUG | Execution plan of exception filters (in the following order): None 
2025-04-15 16:39:05.7766 | DEBUG | Execution plan of result filters (in the following order): Microsoft.AspNetCore.Mvc.Infrastructure.ClientErrorResultFilter (Order: -2000) 
2025-04-15 16:39:05.7766 | DEBUG | Executing controller factory for controller WebApplication1.Controller.AuthorController (WebApplication1) 
2025-04-15 16:39:05.8018 | DEBUG | Executed controller factory for controller WebApplication1.Controller.AuthorController (WebApplication1) 
2025-04-15 16:39:05.8018 | DEBUG | Attempting to bind parameter 'skip' of type 'System.Int32' ... 
2025-04-15 16:39:05.8018 | DEBUG | Attempting to bind parameter 'skip' of type 'System.Int32' using the name 'skip' in request data ... 
2025-04-15 16:39:05.8018 | DEBUG | Done attempting to bind parameter 'skip' of type 'System.Int32'. 
2025-04-15 16:39:05.8018 | DEBUG | Done attempting to bind parameter 'skip' of type 'System.Int32'. 
2025-04-15 16:39:05.8018 | DEBUG | Attempting to validate the bound parameter 'skip' of type 'System.Int32' ... 
2025-04-15 16:39:05.8018 | DEBUG | Done attempting to validate the bound parameter 'skip' of type 'System.Int32'. 
2025-04-15 16:39:05.8018 | DEBUG | Attempting to bind parameter 'take' of type 'System.Int32' ... 
2025-04-15 16:39:05.8018 | DEBUG | Attempting to bind parameter 'take' of type 'System.Int32' using the name 'take' in request data ... 
2025-04-15 16:39:05.8018 | DEBUG | Done attempting to bind parameter 'take' of type 'System.Int32'. 
2025-04-15 16:39:05.8018 | DEBUG | Done attempting to bind parameter 'take' of type 'System.Int32'. 
2025-04-15 16:39:05.8018 | DEBUG | Attempting to validate the bound parameter 'take' of type 'System.Int32' ... 
2025-04-15 16:39:05.8018 | DEBUG | Done attempting to validate the bound parameter 'take' of type 'System.Int32'. 
2025-04-15 16:39:05.8018 | DEBUG | Attempting to bind parameter 'sortFeild' of type 'System.String' ... 
2025-04-15 16:39:05.8018 | DEBUG | Attempting to bind parameter 'sortFeild' of type 'System.String' using the name 'sortFeild' in request data ... 
2025-04-15 16:39:05.8018 | DEBUG | Done attempting to bind parameter 'sortFeild' of type 'System.String'. 
2025-04-15 16:39:05.8018 | DEBUG | Done attempting to bind parameter 'sortFeild' of type 'System.String'. 
2025-04-15 16:39:05.8018 | DEBUG | Attempting to validate the bound parameter 'sortFeild' of type 'System.String' ... 
2025-04-15 16:39:05.8018 | DEBUG | Done attempting to validate the bound parameter 'sortFeild' of type 'System.String'. 
2025-04-15 16:39:05.8018 | DEBUG | Attempting to bind parameter 'sortType' of type 'System.Nullable`1[System.Int32]' ... 
2025-04-15 16:39:05.8018 | DEBUG | Attempting to bind parameter 'sortType' of type 'System.Nullable`1[System.Int32]' using the name 'sortType' in request data ... 
2025-04-15 16:39:05.8018 | DEBUG | Done attempting to bind parameter 'sortType' of type 'System.Nullable`1[System.Int32]'. 
2025-04-15 16:39:05.8018 | DEBUG | Done attempting to bind parameter 'sortType' of type 'System.Nullable`1[System.Int32]'. 
2025-04-15 16:39:05.8018 | DEBUG | Attempting to validate the bound parameter 'sortType' of type 'System.Nullable`1[System.Int32]' ... 
2025-04-15 16:39:05.8018 | DEBUG | Done attempting to validate the bound parameter 'sortType' of type 'System.Nullable`1[System.Int32]'. 
2025-04-15 16:39:05.8664 | DEBUG | List of registered output formatters, in the following order: Microsoft.AspNetCore.Mvc.Formatters.HttpNoContentOutputFormatter, Microsoft.AspNetCore.Mvc.Formatters.StringOutputFormatter, Microsoft.AspNetCore.Mvc.Formatters.StreamOutputFormatter, Microsoft.AspNetCore.Mvc.Formatters.NewtonsoftJsonOutputFormatter 
2025-04-15 16:39:05.8664 | DEBUG | List of registered output formatters, in the following order: Microsoft.AspNetCore.Mvc.Formatters.HttpNoContentOutputFormatter, Microsoft.AspNetCore.Mvc.Formatters.StringOutputFormatter, Microsoft.AspNetCore.Mvc.Formatters.StreamOutputFormatter, Microsoft.AspNetCore.Mvc.Formatters.NewtonsoftJsonOutputFormatter 
2025-04-15 16:39:05.8664 | DEBUG | List of registered output formatters, in the following order: Microsoft.AspNetCore.Mvc.Formatters.HttpNoContentOutputFormatter, Microsoft.AspNetCore.Mvc.Formatters.StringOutputFormatter, Microsoft.AspNetCore.Mvc.Formatters.StreamOutputFormatter, Microsoft.AspNetCore.Mvc.Formatters.NewtonsoftJsonOutputFormatter 
2025-04-15 16:39:05.8664 | DEBUG | List of registered output formatters, in the following order: Microsoft.AspNetCore.Mvc.Formatters.HttpNoContentOutputFormatter, Microsoft.AspNetCore.Mvc.Formatters.StringOutputFormatter, Microsoft.AspNetCore.Mvc.Formatters.StreamOutputFormatter, Microsoft.AspNetCore.Mvc.Formatters.NewtonsoftJsonOutputFormatter 
2025-04-15 16:39:05.8664 | DEBUG | List of registered output formatters, in the following order: Microsoft.AspNetCore.Mvc.Formatters.HttpNoContentOutputFormatter, Microsoft.AspNetCore.Mvc.Formatters.StringOutputFormatter, Microsoft.AspNetCore.Mvc.Formatters.StreamOutputFormatter, Microsoft.AspNetCore.Mvc.Formatters.NewtonsoftJsonOutputFormatter 
2025-04-15 16:39:05.8664 | DEBUG | No information found on request to perform content negotiation. 
2025-04-15 16:39:05.8664 | DEBUG | No information found on request to perform content negotiation. 
2025-04-15 16:39:05.8664 | DEBUG | Attempting to select an output formatter without using a content type as no explicit content types were specified for the response. 
2025-04-15 16:39:05.8664 | DEBUG | Attempting to select an output formatter without using a content type as no explicit content types were specified for the response. 
2025-04-15 16:39:05.8664 | DEBUG | Attempting to select the first formatter in the output formatters list which can write the result. 
2025-04-15 16:39:05.8664 | DEBUG | Attempting to select the first formatter in the output formatters list which can write the result. 
2025-04-15 16:39:05.8664 | DEBUG | No information found on request to perform content negotiation. 
2025-04-15 16:39:05.8664 | DEBUG | No information found on request to perform content negotiation. 
2025-04-15 16:39:05.8664 | DEBUG | No information found on request to perform content negotiation. 
2025-04-15 16:39:05.8664 | DEBUG | Attempting to select an output formatter without using a content type as no explicit content types were specified for the response. 
2025-04-15 16:39:05.8664 | DEBUG | Attempting to select the first formatter in the output formatters list which can write the result. 
2025-04-15 16:39:05.8664 | DEBUG | Attempting to select an output formatter without using a content type as no explicit content types were specified for the response. 
2025-04-15 16:39:05.8664 | DEBUG | Attempting to select the first formatter in the output formatters list which can write the result. 
2025-04-15 16:39:05.8664 | DEBUG | Attempting to select an output formatter without using a content type as no explicit content types were specified for the response. 
2025-04-15 16:39:05.8664 | DEBUG | Attempting to select the first formatter in the output formatters list which can write the result. 
2025-04-15 16:39:05.8664 | DEBUG | Selected output formatter 'Microsoft.AspNetCore.Mvc.Formatters.NewtonsoftJsonOutputFormatter' and content type 'application/json' to write the response. 
2025-04-15 16:39:05.8664 | DEBUG | Selected output formatter 'Microsoft.AspNetCore.Mvc.Formatters.NewtonsoftJsonOutputFormatter' and content type 'application/json' to write the response. 
2025-04-15 16:39:05.8664 | DEBUG | Selected output formatter 'Microsoft.AspNetCore.Mvc.Formatters.NewtonsoftJsonOutputFormatter' and content type 'application/json' to write the response. 
2025-04-15 16:39:05.8664 | DEBUG | Selected output formatter 'Microsoft.AspNetCore.Mvc.Formatters.NewtonsoftJsonOutputFormatter' and content type 'application/json' to write the response. 
2025-04-15 16:39:05.8664 | DEBUG | Selected output formatter 'Microsoft.AspNetCore.Mvc.Formatters.NewtonsoftJsonOutputFormatter' and content type 'application/json' to write the response. 
2025-04-15 16:39:05.9090 | DEBUG | Connection id "0HNBS1NN8QBM1" received FIN. 
2025-04-15 16:39:05.9090 | DEBUG | Connection id "0HNBS1NN8QBM1" sending FIN because: "The client closed the connection." 
2025-04-15 16:39:05.9090 | DEBUG | Connection id "0HNBS1NN8QBM1" disconnecting. 
2025-04-15 16:39:06.0125 | DEBUG | Connection id "0HNBS1NN8QBM2" accepted. 
2025-04-15 16:39:06.0125 | DEBUG | Connection id "0HNBS1NN8QBM2" started. 
2025-04-15 16:39:06.0125 | DEBUG | The request path  does not match the path filter 
2025-04-15 16:39:06.0125 | DEBUG | The request has an origin header: 'http://127.0.0.1:5503'. 
2025-04-15 16:39:06.0125 | DEBUG | 1 candidate(s) found for the request path '/api/Author/GetAllBooks2' 
2025-04-15 16:39:06.0125 | DEBUG | Endpoint 'WebApplication1.Controller.AuthorController.GetAllBooks2 (WebApplication1)' with route pattern 'api/Author/GetAllBooks2' is valid for the request path '/api/Author/GetAllBooks2' 
2025-04-15 16:39:06.0125 | DEBUG | Request matched endpoint 'WebApplication1.Controller.AuthorController.GetAllBooks2 (WebApplication1)' 
2025-04-15 16:39:06.0125 | DEBUG | Execution plan of authorization filters (in the following order): None 
2025-04-15 16:39:06.0125 | DEBUG | Execution plan of resource filters (in the following order): None 
2025-04-15 16:39:06.0125 | DEBUG | Execution plan of action filters (in the following order): Microsoft.AspNetCore.Mvc.ModelBinding.UnsupportedContentTypeFilter (Order: -3000), Microsoft.AspNetCore.Mvc.Infrastructure.ModelStateInvalidFilter (Order: -2000) 
2025-04-15 16:39:06.0125 | DEBUG | Execution plan of exception filters (in the following order): None 
2025-04-15 16:39:06.0125 | DEBUG | Execution plan of result filters (in the following order): Microsoft.AspNetCore.Mvc.Infrastructure.ClientErrorResultFilter (Order: -2000) 
2025-04-15 16:39:06.0125 | DEBUG | Executing controller factory for controller WebApplication1.Controller.AuthorController (WebApplication1) 
2025-04-15 16:39:06.0358 | DEBUG | Executed controller factory for controller WebApplication1.Controller.AuthorController (WebApplication1) 
2025-04-15 16:39:06.0358 | DEBUG | Attempting to bind parameter 'skip' of type 'System.Int32' ... 
2025-04-15 16:39:06.0358 | DEBUG | Attempting to bind parameter 'skip' of type 'System.Int32' using the name 'skip' in request data ... 
2025-04-15 16:39:06.0358 | DEBUG | Done attempting to bind parameter 'skip' of type 'System.Int32'. 
2025-04-15 16:39:06.0358 | DEBUG | Done attempting to bind parameter 'skip' of type 'System.Int32'. 
2025-04-15 16:39:06.0358 | DEBUG | Attempting to validate the bound parameter 'skip' of type 'System.Int32' ... 
2025-04-15 16:39:06.0358 | DEBUG | Done attempting to validate the bound parameter 'skip' of type 'System.Int32'. 
2025-04-15 16:39:06.0358 | DEBUG | Attempting to bind parameter 'take' of type 'System.Int32' ... 
2025-04-15 16:39:06.0358 | DEBUG | Attempting to bind parameter 'take' of type 'System.Int32' using the name 'take' in request data ... 
2025-04-15 16:39:06.0358 | DEBUG | Done attempting to bind parameter 'take' of type 'System.Int32'. 
2025-04-15 16:39:06.0358 | DEBUG | Done attempting to bind parameter 'take' of type 'System.Int32'. 
2025-04-15 16:39:06.0358 | DEBUG | Attempting to validate the bound parameter 'take' of type 'System.Int32' ... 
2025-04-15 16:39:06.0358 | DEBUG | Done attempting to validate the bound parameter 'take' of type 'System.Int32'. 
2025-04-15 16:39:06.0358 | DEBUG | Attempting to bind parameter 'sortFeild' of type 'System.String' ... 
2025-04-15 16:39:06.0358 | DEBUG | Attempting to bind parameter 'sortFeild' of type 'System.String' using the name 'sortFeild' in request data ... 
2025-04-15 16:39:06.0358 | DEBUG | Done attempting to bind parameter 'sortFeild' of type 'System.String'. 
2025-04-15 16:39:06.0358 | DEBUG | Done attempting to bind parameter 'sortFeild' of type 'System.String'. 
2025-04-15 16:39:06.0358 | DEBUG | Attempting to validate the bound parameter 'sortFeild' of type 'System.String' ... 
2025-04-15 16:39:06.0358 | DEBUG | Done attempting to validate the bound parameter 'sortFeild' of type 'System.String'. 
2025-04-15 16:39:06.0358 | DEBUG | Attempting to bind parameter 'sortType' of type 'System.Nullable`1[System.Int32]' ... 
2025-04-15 16:39:06.0358 | DEBUG | Attempting to bind parameter 'sortType' of type 'System.Nullable`1[System.Int32]' using the name 'sortType' in request data ... 
2025-04-15 16:39:06.0358 | DEBUG | Done attempting to bind parameter 'sortType' of type 'System.Nullable`1[System.Int32]'. 
2025-04-15 16:39:06.0358 | DEBUG | Done attempting to bind parameter 'sortType' of type 'System.Nullable`1[System.Int32]'. 
2025-04-15 16:39:06.0358 | DEBUG | Attempting to validate the bound parameter 'sortType' of type 'System.Nullable`1[System.Int32]' ... 
2025-04-15 16:39:06.0358 | DEBUG | Done attempting to validate the bound parameter 'sortType' of type 'System.Nullable`1[System.Int32]'. 
2025-04-15 16:39:06.0465 | DEBUG | List of registered output formatters, in the following order: Microsoft.AspNetCore.Mvc.Formatters.HttpNoContentOutputFormatter, Microsoft.AspNetCore.Mvc.Formatters.StringOutputFormatter, Microsoft.AspNetCore.Mvc.Formatters.StreamOutputFormatter, Microsoft.AspNetCore.Mvc.Formatters.NewtonsoftJsonOutputFormatter 
2025-04-15 16:39:06.0465 | DEBUG | No information found on request to perform content negotiation. 
2025-04-15 16:39:06.0465 | DEBUG | Attempting to select an output formatter without using a content type as no explicit content types were specified for the response. 
2025-04-15 16:39:06.0465 | DEBUG | Attempting to select the first formatter in the output formatters list which can write the result. 
2025-04-15 16:39:06.0465 | DEBUG | Selected output formatter 'Microsoft.AspNetCore.Mvc.Formatters.NewtonsoftJsonOutputFormatter' and content type 'application/json' to write the response. 
2025-04-15 16:39:06.0606 | DEBUG | Connection id "0HNBS1NN8QBM2" completed keep alive response. 
2025-04-15 16:39:06.0606 | DEBUG | Connection id "0HNBS1NN8QBLV" stopped. 
2025-04-15 16:39:06.0606 | DEBUG | Connection id "0HNBS1NN8QBM1" stopped. 
2025-04-15 16:39:06.0606 | DEBUG | Connection id "0HNBS1NN8QBLQ" stopped. 
2025-04-15 16:39:06.0606 | DEBUG | Connection id "0HNBS1NN8QBM0" stopped. 
2025-04-15 16:39:06.0606 | DEBUG | Connection id "0HNBS1NN8QBLR" stopped. 
2025-04-15 16:39:06.2401 | DEBUG | The request path  does not match the path filter 
2025-04-15 16:39:06.2401 | DEBUG | The request has an origin header: 'http://127.0.0.1:5503'. 
2025-04-15 16:39:06.2401 | DEBUG | 1 candidate(s) found for the request path '/api/Author/GetAllBooks2' 
2025-04-15 16:39:06.2401 | DEBUG | Endpoint 'WebApplication1.Controller.AuthorController.GetAllBooks2 (WebApplication1)' with route pattern 'api/Author/GetAllBooks2' is valid for the request path '/api/Author/GetAllBooks2' 
2025-04-15 16:39:06.2401 | DEBUG | Request matched endpoint 'WebApplication1.Controller.AuthorController.GetAllBooks2 (WebApplication1)' 
2025-04-15 16:39:06.2401 | DEBUG | Execution plan of authorization filters (in the following order): None 
2025-04-15 16:39:06.2401 | DEBUG | Execution plan of resource filters (in the following order): None 
2025-04-15 16:39:06.2401 | DEBUG | Execution plan of action filters (in the following order): Microsoft.AspNetCore.Mvc.ModelBinding.UnsupportedContentTypeFilter (Order: -3000), Microsoft.AspNetCore.Mvc.Infrastructure.ModelStateInvalidFilter (Order: -2000) 
2025-04-15 16:39:06.2401 | DEBUG | Execution plan of exception filters (in the following order): None 
2025-04-15 16:39:06.2401 | DEBUG | Execution plan of result filters (in the following order): Microsoft.AspNetCore.Mvc.Infrastructure.ClientErrorResultFilter (Order: -2000) 
2025-04-15 16:39:06.2401 | DEBUG | Executing controller factory for controller WebApplication1.Controller.AuthorController (WebApplication1) 
2025-04-15 16:39:06.2673 | DEBUG | Executed controller factory for controller WebApplication1.Controller.AuthorController (WebApplication1) 
2025-04-15 16:39:06.2673 | DEBUG | Attempting to bind parameter 'skip' of type 'System.Int32' ... 
2025-04-15 16:39:06.2673 | DEBUG | Attempting to bind parameter 'skip' of type 'System.Int32' using the name 'skip' in request data ... 
2025-04-15 16:39:06.2673 | DEBUG | Done attempting to bind parameter 'skip' of type 'System.Int32'. 
2025-04-15 16:39:06.2673 | DEBUG | Done attempting to bind parameter 'skip' of type 'System.Int32'. 
2025-04-15 16:39:06.2673 | DEBUG | Attempting to validate the bound parameter 'skip' of type 'System.Int32' ... 
2025-04-15 16:39:06.2673 | DEBUG | Done attempting to validate the bound parameter 'skip' of type 'System.Int32'. 
2025-04-15 16:39:06.2673 | DEBUG | Attempting to bind parameter 'take' of type 'System.Int32' ... 
2025-04-15 16:39:06.2673 | DEBUG | Attempting to bind parameter 'take' of type 'System.Int32' using the name 'take' in request data ... 
2025-04-15 16:39:06.2673 | DEBUG | Done attempting to bind parameter 'take' of type 'System.Int32'. 
2025-04-15 16:39:06.2673 | DEBUG | Done attempting to bind parameter 'take' of type 'System.Int32'. 
2025-04-15 16:39:06.2673 | DEBUG | Attempting to validate the bound parameter 'take' of type 'System.Int32' ... 
2025-04-15 16:39:06.2673 | DEBUG | Done attempting to validate the bound parameter 'take' of type 'System.Int32'. 
2025-04-15 16:39:06.2673 | DEBUG | Attempting to bind parameter 'sortFeild' of type 'System.String' ... 
2025-04-15 16:39:06.2673 | DEBUG | Attempting to bind parameter 'sortFeild' of type 'System.String' using the name 'sortFeild' in request data ... 
2025-04-15 16:39:06.2673 | DEBUG | Done attempting to bind parameter 'sortFeild' of type 'System.String'. 
2025-04-15 16:39:06.2673 | DEBUG | Done attempting to bind parameter 'sortFeild' of type 'System.String'. 
2025-04-15 16:39:06.2673 | DEBUG | Attempting to validate the bound parameter 'sortFeild' of type 'System.String' ... 
2025-04-15 16:39:06.2673 | DEBUG | Done attempting to validate the bound parameter 'sortFeild' of type 'System.String'. 
2025-04-15 16:39:06.2673 | DEBUG | Attempting to bind parameter 'sortType' of type 'System.Nullable`1[System.Int32]' ... 
2025-04-15 16:39:06.2673 | DEBUG | Attempting to bind parameter 'sortType' of type 'System.Nullable`1[System.Int32]' using the name 'sortType' in request data ... 
2025-04-15 16:39:06.2673 | DEBUG | Done attempting to bind parameter 'sortType' of type 'System.Nullable`1[System.Int32]'. 
2025-04-15 16:39:06.2673 | DEBUG | Done attempting to bind parameter 'sortType' of type 'System.Nullable`1[System.Int32]'. 
2025-04-15 16:39:06.2673 | DEBUG | Attempting to validate the bound parameter 'sortType' of type 'System.Nullable`1[System.Int32]' ... 
2025-04-15 16:39:06.2673 | DEBUG | Done attempting to validate the bound parameter 'sortType' of type 'System.Nullable`1[System.Int32]'. 
2025-04-15 16:39:06.2673 | DEBUG | List of registered output formatters, in the following order: Microsoft.AspNetCore.Mvc.Formatters.HttpNoContentOutputFormatter, Microsoft.AspNetCore.Mvc.Formatters.StringOutputFormatter, Microsoft.AspNetCore.Mvc.Formatters.StreamOutputFormatter, Microsoft.AspNetCore.Mvc.Formatters.NewtonsoftJsonOutputFormatter 
2025-04-15 16:39:06.2673 | DEBUG | No information found on request to perform content negotiation. 
2025-04-15 16:39:06.2673 | DEBUG | Attempting to select an output formatter without using a content type as no explicit content types were specified for the response. 
2025-04-15 16:39:06.2673 | DEBUG | Attempting to select the first formatter in the output formatters list which can write the result. 
2025-04-15 16:39:06.2673 | DEBUG | Selected output formatter 'Microsoft.AspNetCore.Mvc.Formatters.NewtonsoftJsonOutputFormatter' and content type 'application/json' to write the response. 
2025-04-15 16:39:06.2673 | DEBUG | Connection id "0HNBS1NN8QBM2" completed keep alive response. 
2025-04-15 16:39:07.8059 | DEBUG | The request path  does not match the path filter 
2025-04-15 16:39:07.8059 | DEBUG | The request has an origin header: 'http://127.0.0.1:5503'. 
2025-04-15 16:39:07.8059 | DEBUG | 1 candidate(s) found for the request path '/api/Author/GetAllBooks2' 
2025-04-15 16:39:07.8059 | DEBUG | Endpoint 'WebApplication1.Controller.AuthorController.GetAllBooks2 (WebApplication1)' with route pattern 'api/Author/GetAllBooks2' is valid for the request path '/api/Author/GetAllBooks2' 
2025-04-15 16:39:07.8059 | DEBUG | Request matched endpoint 'WebApplication1.Controller.AuthorController.GetAllBooks2 (WebApplication1)' 
2025-04-15 16:39:07.8059 | DEBUG | Execution plan of authorization filters (in the following order): None 
2025-04-15 16:39:07.8059 | DEBUG | Execution plan of resource filters (in the following order): None 
2025-04-15 16:39:07.8059 | DEBUG | Execution plan of action filters (in the following order): Microsoft.AspNetCore.Mvc.ModelBinding.UnsupportedContentTypeFilter (Order: -3000), Microsoft.AspNetCore.Mvc.Infrastructure.ModelStateInvalidFilter (Order: -2000) 
2025-04-15 16:39:07.8059 | DEBUG | Execution plan of exception filters (in the following order): None 
2025-04-15 16:39:07.8059 | DEBUG | Execution plan of result filters (in the following order): Microsoft.AspNetCore.Mvc.Infrastructure.ClientErrorResultFilter (Order: -2000) 
2025-04-15 16:39:07.8059 | DEBUG | Executing controller factory for controller WebApplication1.Controller.AuthorController (WebApplication1) 
2025-04-15 16:39:07.8232 | DEBUG | Executed controller factory for controller WebApplication1.Controller.AuthorController (WebApplication1) 
2025-04-15 16:39:07.8232 | DEBUG | Attempting to bind parameter 'skip' of type 'System.Int32' ... 
2025-04-15 16:39:07.8232 | DEBUG | Attempting to bind parameter 'skip' of type 'System.Int32' using the name 'skip' in request data ... 
2025-04-15 16:39:07.8232 | DEBUG | Done attempting to bind parameter 'skip' of type 'System.Int32'. 
2025-04-15 16:39:07.8232 | DEBUG | Done attempting to bind parameter 'skip' of type 'System.Int32'. 
2025-04-15 16:39:07.8232 | DEBUG | Attempting to validate the bound parameter 'skip' of type 'System.Int32' ... 
2025-04-15 16:39:07.8232 | DEBUG | Done attempting to validate the bound parameter 'skip' of type 'System.Int32'. 
2025-04-15 16:39:07.8232 | DEBUG | Attempting to bind parameter 'take' of type 'System.Int32' ... 
2025-04-15 16:39:07.8232 | DEBUG | Attempting to bind parameter 'take' of type 'System.Int32' using the name 'take' in request data ... 
2025-04-15 16:39:07.8232 | DEBUG | Done attempting to bind parameter 'take' of type 'System.Int32'. 
2025-04-15 16:39:07.8232 | DEBUG | Done attempting to bind parameter 'take' of type 'System.Int32'. 
2025-04-15 16:39:07.8232 | DEBUG | Attempting to validate the bound parameter 'take' of type 'System.Int32' ... 
2025-04-15 16:39:07.8232 | DEBUG | Done attempting to validate the bound parameter 'take' of type 'System.Int32'. 
2025-04-15 16:39:07.8232 | DEBUG | Attempting to bind parameter 'sortFeild' of type 'System.String' ... 
2025-04-15 16:39:07.8232 | DEBUG | Attempting to bind parameter 'sortFeild' of type 'System.String' using the name 'sortFeild' in request data ... 
2025-04-15 16:39:07.8232 | DEBUG | Done attempting to bind parameter 'sortFeild' of type 'System.String'. 
2025-04-15 16:39:07.8232 | DEBUG | Done attempting to bind parameter 'sortFeild' of type 'System.String'. 
2025-04-15 16:39:07.8232 | DEBUG | Attempting to validate the bound parameter 'sortFeild' of type 'System.String' ... 
2025-04-15 16:39:07.8232 | DEBUG | Done attempting to validate the bound parameter 'sortFeild' of type 'System.String'. 
2025-04-15 16:39:07.8232 | DEBUG | Attempting to bind parameter 'sortType' of type 'System.Nullable`1[System.Int32]' ... 
2025-04-15 16:39:07.8232 | DEBUG | Attempting to bind parameter 'sortType' of type 'System.Nullable`1[System.Int32]' using the name 'sortType' in request data ... 
2025-04-15 16:39:07.8232 | DEBUG | Done attempting to bind parameter 'sortType' of type 'System.Nullable`1[System.Int32]'. 
2025-04-15 16:39:07.8232 | DEBUG | Done attempting to bind parameter 'sortType' of type 'System.Nullable`1[System.Int32]'. 
2025-04-15 16:39:07.8232 | DEBUG | Attempting to validate the bound parameter 'sortType' of type 'System.Nullable`1[System.Int32]' ... 
2025-04-15 16:39:07.8232 | DEBUG | Done attempting to validate the bound parameter 'sortType' of type 'System.Nullable`1[System.Int32]'. 
2025-04-15 16:39:07.8232 | DEBUG | List of registered output formatters, in the following order: Microsoft.AspNetCore.Mvc.Formatters.HttpNoContentOutputFormatter, Microsoft.AspNetCore.Mvc.Formatters.StringOutputFormatter, Microsoft.AspNetCore.Mvc.Formatters.StreamOutputFormatter, Microsoft.AspNetCore.Mvc.Formatters.NewtonsoftJsonOutputFormatter 
2025-04-15 16:39:07.8232 | DEBUG | No information found on request to perform content negotiation. 
2025-04-15 16:39:07.8232 | DEBUG | Attempting to select an output formatter without using a content type as no explicit content types were specified for the response. 
2025-04-15 16:39:07.8232 | DEBUG | Attempting to select the first formatter in the output formatters list which can write the result. 
2025-04-15 16:39:07.8232 | DEBUG | Selected output formatter 'Microsoft.AspNetCore.Mvc.Formatters.NewtonsoftJsonOutputFormatter' and content type 'application/json' to write the response. 
2025-04-15 16:39:07.8232 | DEBUG | Connection id "0HNBS1NN8QBM2" completed keep alive response. 
2025-04-15 16:39:23.5329 | DEBUG | The request path  does not match the path filter 
2025-04-15 16:39:23.5329 | DEBUG | The request has an origin header: 'http://127.0.0.1:5503'. 
2025-04-15 16:39:23.5329 | DEBUG | 1 candidate(s) found for the request path '/api/Author/GetAllBooks2' 
2025-04-15 16:39:23.5329 | DEBUG | Endpoint 'WebApplication1.Controller.AuthorController.GetAllBooks2 (WebApplication1)' with route pattern 'api/Author/GetAllBooks2' is valid for the request path '/api/Author/GetAllBooks2' 
2025-04-15 16:39:23.5329 | DEBUG | Request matched endpoint 'WebApplication1.Controller.AuthorController.GetAllBooks2 (WebApplication1)' 
2025-04-15 16:39:23.5329 | DEBUG | Execution plan of authorization filters (in the following order): None 
2025-04-15 16:39:23.5329 | DEBUG | Execution plan of resource filters (in the following order): None 
2025-04-15 16:39:23.5329 | DEBUG | Execution plan of action filters (in the following order): Microsoft.AspNetCore.Mvc.ModelBinding.UnsupportedContentTypeFilter (Order: -3000), Microsoft.AspNetCore.Mvc.Infrastructure.ModelStateInvalidFilter (Order: -2000) 
2025-04-15 16:39:23.5329 | DEBUG | Execution plan of exception filters (in the following order): None 
2025-04-15 16:39:23.5329 | DEBUG | Execution plan of result filters (in the following order): Microsoft.AspNetCore.Mvc.Infrastructure.ClientErrorResultFilter (Order: -2000) 
2025-04-15 16:39:23.5329 | DEBUG | Executing controller factory for controller WebApplication1.Controller.AuthorController (WebApplication1) 
2025-04-15 16:39:23.5613 | DEBUG | Executed controller factory for controller WebApplication1.Controller.AuthorController (WebApplication1) 
2025-04-15 16:39:23.5613 | DEBUG | Attempting to bind parameter 'skip' of type 'System.Int32' ... 
2025-04-15 16:39:23.5613 | DEBUG | Attempting to bind parameter 'skip' of type 'System.Int32' using the name 'skip' in request data ... 
2025-04-15 16:39:23.5613 | DEBUG | Done attempting to bind parameter 'skip' of type 'System.Int32'. 
2025-04-15 16:39:23.5613 | DEBUG | Done attempting to bind parameter 'skip' of type 'System.Int32'. 
2025-04-15 16:39:23.5613 | DEBUG | Attempting to validate the bound parameter 'skip' of type 'System.Int32' ... 
2025-04-15 16:39:23.5613 | DEBUG | Done attempting to validate the bound parameter 'skip' of type 'System.Int32'. 
2025-04-15 16:39:23.5613 | DEBUG | Attempting to bind parameter 'take' of type 'System.Int32' ... 
2025-04-15 16:39:23.5613 | DEBUG | Attempting to bind parameter 'take' of type 'System.Int32' using the name 'take' in request data ... 
2025-04-15 16:39:23.5613 | DEBUG | Done attempting to bind parameter 'take' of type 'System.Int32'. 
2025-04-15 16:39:23.5613 | DEBUG | Done attempting to bind parameter 'take' of type 'System.Int32'. 
2025-04-15 16:39:23.5613 | DEBUG | Attempting to validate the bound parameter 'take' of type 'System.Int32' ... 
2025-04-15 16:39:23.5613 | DEBUG | Done attempting to validate the bound parameter 'take' of type 'System.Int32'. 
2025-04-15 16:39:23.5613 | DEBUG | Attempting to bind parameter 'sortFeild' of type 'System.String' ... 
2025-04-15 16:39:23.5613 | DEBUG | Attempting to bind parameter 'sortFeild' of type 'System.String' using the name 'sortFeild' in request data ... 
2025-04-15 16:39:23.5613 | DEBUG | Done attempting to bind parameter 'sortFeild' of type 'System.String'. 
2025-04-15 16:39:23.5613 | DEBUG | Done attempting to bind parameter 'sortFeild' of type 'System.String'. 
2025-04-15 16:39:23.5613 | DEBUG | Attempting to validate the bound parameter 'sortFeild' of type 'System.String' ... 
2025-04-15 16:39:23.5613 | DEBUG | Done attempting to validate the bound parameter 'sortFeild' of type 'System.String'. 
2025-04-15 16:39:23.5613 | DEBUG | Attempting to bind parameter 'sortType' of type 'System.Nullable`1[System.Int32]' ... 
2025-04-15 16:39:23.5613 | DEBUG | Attempting to bind parameter 'sortType' of type 'System.Nullable`1[System.Int32]' using the name 'sortType' in request data ... 
2025-04-15 16:39:23.5613 | DEBUG | Done attempting to bind parameter 'sortType' of type 'System.Nullable`1[System.Int32]'. 
2025-04-15 16:39:23.5613 | DEBUG | Done attempting to bind parameter 'sortType' of type 'System.Nullable`1[System.Int32]'. 
2025-04-15 16:39:23.5613 | DEBUG | Attempting to validate the bound parameter 'sortType' of type 'System.Nullable`1[System.Int32]' ... 
2025-04-15 16:39:23.5613 | DEBUG | Done attempting to validate the bound parameter 'sortType' of type 'System.Nullable`1[System.Int32]'. 
2025-04-15 16:39:23.5713 | DEBUG | List of registered output formatters, in the following order: Microsoft.AspNetCore.Mvc.Formatters.HttpNoContentOutputFormatter, Microsoft.AspNetCore.Mvc.Formatters.StringOutputFormatter, Microsoft.AspNetCore.Mvc.Formatters.StreamOutputFormatter, Microsoft.AspNetCore.Mvc.Formatters.NewtonsoftJsonOutputFormatter 
2025-04-15 16:39:23.5713 | DEBUG | No information found on request to perform content negotiation. 
2025-04-15 16:39:23.5713 | DEBUG | Attempting to select an output formatter without using a content type as no explicit content types were specified for the response. 
2025-04-15 16:39:23.5713 | DEBUG | Attempting to select the first formatter in the output formatters list which can write the result. 
2025-04-15 16:39:23.5713 | DEBUG | Selected output formatter 'Microsoft.AspNetCore.Mvc.Formatters.NewtonsoftJsonOutputFormatter' and content type 'application/json' to write the response. 
2025-04-15 16:39:23.5713 | DEBUG | Connection id "0HNBS1NN8QBM2" completed keep alive response. 
2025-04-15 16:39:23.7466 | DEBUG | The request path  does not match the path filter 
2025-04-15 16:39:23.7466 | DEBUG | The request has an origin header: 'http://127.0.0.1:5503'. 
2025-04-15 16:39:23.7466 | DEBUG | 1 candidate(s) found for the request path '/api/Author/GetAllBooks2' 
2025-04-15 16:39:23.7466 | DEBUG | Endpoint 'WebApplication1.Controller.AuthorController.GetAllBooks2 (WebApplication1)' with route pattern 'api/Author/GetAllBooks2' is valid for the request path '/api/Author/GetAllBooks2' 
2025-04-15 16:39:23.7466 | DEBUG | Request matched endpoint 'WebApplication1.Controller.AuthorController.GetAllBooks2 (WebApplication1)' 
2025-04-15 16:39:23.7466 | DEBUG | Execution plan of authorization filters (in the following order): None 
2025-04-15 16:39:23.7466 | DEBUG | Execution plan of resource filters (in the following order): None 
2025-04-15 16:39:23.7466 | DEBUG | Execution plan of action filters (in the following order): Microsoft.AspNetCore.Mvc.ModelBinding.UnsupportedContentTypeFilter (Order: -3000), Microsoft.AspNetCore.Mvc.Infrastructure.ModelStateInvalidFilter (Order: -2000) 
2025-04-15 16:39:23.7466 | DEBUG | Execution plan of exception filters (in the following order): None 
2025-04-15 16:39:23.7466 | DEBUG | Execution plan of result filters (in the following order): Microsoft.AspNetCore.Mvc.Infrastructure.ClientErrorResultFilter (Order: -2000) 
2025-04-15 16:39:23.7466 | DEBUG | Executing controller factory for controller WebApplication1.Controller.AuthorController (WebApplication1) 
2025-04-15 16:39:23.7693 | DEBUG | Executed controller factory for controller WebApplication1.Controller.AuthorController (WebApplication1) 
2025-04-15 16:39:23.7693 | DEBUG | Attempting to bind parameter 'skip' of type 'System.Int32' ... 
2025-04-15 16:39:23.7693 | DEBUG | Attempting to bind parameter 'skip' of type 'System.Int32' using the name 'skip' in request data ... 
2025-04-15 16:39:23.7693 | DEBUG | Done attempting to bind parameter 'skip' of type 'System.Int32'. 
2025-04-15 16:39:23.7693 | DEBUG | Done attempting to bind parameter 'skip' of type 'System.Int32'. 
2025-04-15 16:39:23.7693 | DEBUG | Attempting to validate the bound parameter 'skip' of type 'System.Int32' ... 
2025-04-15 16:39:23.7693 | DEBUG | Done attempting to validate the bound parameter 'skip' of type 'System.Int32'. 
2025-04-15 16:39:23.7693 | DEBUG | Attempting to bind parameter 'take' of type 'System.Int32' ... 
2025-04-15 16:39:23.7693 | DEBUG | Attempting to bind parameter 'take' of type 'System.Int32' using the name 'take' in request data ... 
2025-04-15 16:39:23.7693 | DEBUG | Done attempting to bind parameter 'take' of type 'System.Int32'. 
2025-04-15 16:39:23.7693 | DEBUG | Done attempting to bind parameter 'take' of type 'System.Int32'. 
2025-04-15 16:39:23.7693 | DEBUG | Attempting to validate the bound parameter 'take' of type 'System.Int32' ... 
2025-04-15 16:39:23.7693 | DEBUG | Done attempting to validate the bound parameter 'take' of type 'System.Int32'. 
2025-04-15 16:39:23.7693 | DEBUG | Attempting to bind parameter 'sortFeild' of type 'System.String' ... 
2025-04-15 16:39:23.7693 | DEBUG | Attempting to bind parameter 'sortFeild' of type 'System.String' using the name 'sortFeild' in request data ... 
2025-04-15 16:39:23.7693 | DEBUG | Done attempting to bind parameter 'sortFeild' of type 'System.String'. 
2025-04-15 16:39:23.7693 | DEBUG | Done attempting to bind parameter 'sortFeild' of type 'System.String'. 
2025-04-15 16:39:23.7693 | DEBUG | Attempting to validate the bound parameter 'sortFeild' of type 'System.String' ... 
2025-04-15 16:39:23.7693 | DEBUG | Done attempting to validate the bound parameter 'sortFeild' of type 'System.String'. 
2025-04-15 16:39:23.7693 | DEBUG | Attempting to bind parameter 'sortType' of type 'System.Nullable`1[System.Int32]' ... 
2025-04-15 16:39:23.7693 | DEBUG | Attempting to bind parameter 'sortType' of type 'System.Nullable`1[System.Int32]' using the name 'sortType' in request data ... 
2025-04-15 16:39:23.7693 | DEBUG | Done attempting to bind parameter 'sortType' of type 'System.Nullable`1[System.Int32]'. 
2025-04-15 16:39:23.7693 | DEBUG | Done attempting to bind parameter 'sortType' of type 'System.Nullable`1[System.Int32]'. 
2025-04-15 16:39:23.7693 | DEBUG | Attempting to validate the bound parameter 'sortType' of type 'System.Nullable`1[System.Int32]' ... 
2025-04-15 16:39:23.7693 | DEBUG | Done attempting to validate the bound parameter 'sortType' of type 'System.Nullable`1[System.Int32]'. 
2025-04-15 16:39:23.7783 | DEBUG | List of registered output formatters, in the following order: Microsoft.AspNetCore.Mvc.Formatters.HttpNoContentOutputFormatter, Microsoft.AspNetCore.Mvc.Formatters.StringOutputFormatter, Microsoft.AspNetCore.Mvc.Formatters.StreamOutputFormatter, Microsoft.AspNetCore.Mvc.Formatters.NewtonsoftJsonOutputFormatter 
2025-04-15 16:39:23.7783 | DEBUG | No information found on request to perform content negotiation. 
2025-04-15 16:39:23.7783 | DEBUG | Attempting to select an output formatter without using a content type as no explicit content types were specified for the response. 
2025-04-15 16:39:23.7783 | DEBUG | Attempting to select the first formatter in the output formatters list which can write the result. 
2025-04-15 16:39:23.7783 | DEBUG | Selected output formatter 'Microsoft.AspNetCore.Mvc.Formatters.NewtonsoftJsonOutputFormatter' and content type 'application/json' to write the response. 
2025-04-15 16:39:23.7783 | DEBUG | Connection id "0HNBS1NN8QBM2" completed keep alive response. 
2025-04-15 16:39:24.7738 | DEBUG | The request path  does not match the path filter 
2025-04-15 16:39:24.7738 | DEBUG | The request has an origin header: 'http://127.0.0.1:5503'. 
2025-04-15 16:39:24.7738 | DEBUG | 1 candidate(s) found for the request path '/api/Author/GetAllBooks2' 
2025-04-15 16:39:24.7738 | DEBUG | Endpoint 'WebApplication1.Controller.AuthorController.GetAllBooks2 (WebApplication1)' with route pattern 'api/Author/GetAllBooks2' is valid for the request path '/api/Author/GetAllBooks2' 
2025-04-15 16:39:24.7738 | DEBUG | Request matched endpoint 'WebApplication1.Controller.AuthorController.GetAllBooks2 (WebApplication1)' 
2025-04-15 16:39:24.7738 | DEBUG | Execution plan of authorization filters (in the following order): None 
2025-04-15 16:39:24.7738 | DEBUG | Execution plan of resource filters (in the following order): None 
2025-04-15 16:39:24.7738 | DEBUG | Execution plan of action filters (in the following order): Microsoft.AspNetCore.Mvc.ModelBinding.UnsupportedContentTypeFilter (Order: -3000), Microsoft.AspNetCore.Mvc.Infrastructure.ModelStateInvalidFilter (Order: -2000) 
2025-04-15 16:39:24.7738 | DEBUG | Execution plan of exception filters (in the following order): None 
2025-04-15 16:39:24.7738 | DEBUG | Execution plan of result filters (in the following order): Microsoft.AspNetCore.Mvc.Infrastructure.ClientErrorResultFilter (Order: -2000) 
2025-04-15 16:39:24.7738 | DEBUG | Executing controller factory for controller WebApplication1.Controller.AuthorController (WebApplication1) 
2025-04-15 16:39:24.7968 | DEBUG | Executed controller factory for controller WebApplication1.Controller.AuthorController (WebApplication1) 
2025-04-15 16:39:24.7968 | DEBUG | Attempting to bind parameter 'skip' of type 'System.Int32' ... 
2025-04-15 16:39:24.7968 | DEBUG | Attempting to bind parameter 'skip' of type 'System.Int32' using the name 'skip' in request data ... 
2025-04-15 16:39:24.7968 | DEBUG | Done attempting to bind parameter 'skip' of type 'System.Int32'. 
2025-04-15 16:39:24.7968 | DEBUG | Done attempting to bind parameter 'skip' of type 'System.Int32'. 
2025-04-15 16:39:24.7968 | DEBUG | Attempting to validate the bound parameter 'skip' of type 'System.Int32' ... 
2025-04-15 16:39:24.7968 | DEBUG | Done attempting to validate the bound parameter 'skip' of type 'System.Int32'. 
2025-04-15 16:39:24.7968 | DEBUG | Attempting to bind parameter 'take' of type 'System.Int32' ... 
2025-04-15 16:39:24.7968 | DEBUG | Attempting to bind parameter 'take' of type 'System.Int32' using the name 'take' in request data ... 
2025-04-15 16:39:24.7968 | DEBUG | Done attempting to bind parameter 'take' of type 'System.Int32'. 
2025-04-15 16:39:24.7968 | DEBUG | Done attempting to bind parameter 'take' of type 'System.Int32'. 
2025-04-15 16:39:24.7968 | DEBUG | Attempting to validate the bound parameter 'take' of type 'System.Int32' ... 
2025-04-15 16:39:24.7968 | DEBUG | Done attempting to validate the bound parameter 'take' of type 'System.Int32'. 
2025-04-15 16:39:24.7968 | DEBUG | Attempting to bind parameter 'sortFeild' of type 'System.String' ... 
2025-04-15 16:39:24.7968 | DEBUG | Attempting to bind parameter 'sortFeild' of type 'System.String' using the name 'sortFeild' in request data ... 
2025-04-15 16:39:24.7968 | DEBUG | Done attempting to bind parameter 'sortFeild' of type 'System.String'. 
2025-04-15 16:39:24.7968 | DEBUG | Done attempting to bind parameter 'sortFeild' of type 'System.String'. 
2025-04-15 16:39:24.7968 | DEBUG | Attempting to validate the bound parameter 'sortFeild' of type 'System.String' ... 
2025-04-15 16:39:24.7968 | DEBUG | Done attempting to validate the bound parameter 'sortFeild' of type 'System.String'. 
2025-04-15 16:39:24.7968 | DEBUG | Attempting to bind parameter 'sortType' of type 'System.Nullable`1[System.Int32]' ... 
2025-04-15 16:39:24.7968 | DEBUG | Attempting to bind parameter 'sortType' of type 'System.Nullable`1[System.Int32]' using the name 'sortType' in request data ... 
2025-04-15 16:39:24.7968 | DEBUG | Done attempting to bind parameter 'sortType' of type 'System.Nullable`1[System.Int32]'. 
2025-04-15 16:39:24.7968 | DEBUG | Done attempting to bind parameter 'sortType' of type 'System.Nullable`1[System.Int32]'. 
2025-04-15 16:39:24.7968 | DEBUG | Attempting to validate the bound parameter 'sortType' of type 'System.Nullable`1[System.Int32]' ... 
2025-04-15 16:39:24.7968 | DEBUG | Done attempting to validate the bound parameter 'sortType' of type 'System.Nullable`1[System.Int32]'. 
2025-04-15 16:39:24.8072 | DEBUG | List of registered output formatters, in the following order: Microsoft.AspNetCore.Mvc.Formatters.HttpNoContentOutputFormatter, Microsoft.AspNetCore.Mvc.Formatters.StringOutputFormatter, Microsoft.AspNetCore.Mvc.Formatters.StreamOutputFormatter, Microsoft.AspNetCore.Mvc.Formatters.NewtonsoftJsonOutputFormatter 
2025-04-15 16:39:24.8072 | DEBUG | No information found on request to perform content negotiation. 
2025-04-15 16:39:24.8072 | DEBUG | Attempting to select an output formatter without using a content type as no explicit content types were specified for the response. 
2025-04-15 16:39:24.8072 | DEBUG | Attempting to select the first formatter in the output formatters list which can write the result. 
2025-04-15 16:39:24.8072 | DEBUG | Selected output formatter 'Microsoft.AspNetCore.Mvc.Formatters.NewtonsoftJsonOutputFormatter' and content type 'application/json' to write the response. 
2025-04-15 16:39:24.8072 | DEBUG | Connection id "0HNBS1NN8QBM2" completed keep alive response. 
2025-04-15 16:39:54.6033 | DEBUG | The request path  does not match the path filter 
2025-04-15 16:39:54.6033 | DEBUG | The request has an origin header: 'http://127.0.0.1:5503'. 
2025-04-15 16:39:54.6033 | DEBUG | 1 candidate(s) found for the request path '/api/Author/GetAllBooks2' 
2025-04-15 16:39:54.6033 | DEBUG | Endpoint 'WebApplication1.Controller.AuthorController.GetAllBooks2 (WebApplication1)' with route pattern 'api/Author/GetAllBooks2' is valid for the request path '/api/Author/GetAllBooks2' 
2025-04-15 16:39:54.6033 | DEBUG | Request matched endpoint 'WebApplication1.Controller.AuthorController.GetAllBooks2 (WebApplication1)' 
2025-04-15 16:39:54.6033 | DEBUG | Execution plan of authorization filters (in the following order): None 
2025-04-15 16:39:54.6033 | DEBUG | Execution plan of resource filters (in the following order): None 
2025-04-15 16:39:54.6033 | DEBUG | Execution plan of action filters (in the following order): Microsoft.AspNetCore.Mvc.ModelBinding.UnsupportedContentTypeFilter (Order: -3000), Microsoft.AspNetCore.Mvc.Infrastructure.ModelStateInvalidFilter (Order: -2000) 
2025-04-15 16:39:54.6033 | DEBUG | Execution plan of exception filters (in the following order): None 
2025-04-15 16:39:54.6033 | DEBUG | Execution plan of result filters (in the following order): Microsoft.AspNetCore.Mvc.Infrastructure.ClientErrorResultFilter (Order: -2000) 
2025-04-15 16:39:54.6033 | DEBUG | Executing controller factory for controller WebApplication1.Controller.AuthorController (WebApplication1) 
2025-04-15 16:39:54.6441 | DEBUG | Executed controller factory for controller WebApplication1.Controller.AuthorController (WebApplication1) 
2025-04-15 16:39:54.6441 | DEBUG | Attempting to bind parameter 'skip' of type 'System.Int32' ... 
2025-04-15 16:39:54.6441 | DEBUG | Attempting to bind parameter 'skip' of type 'System.Int32' using the name 'skip' in request data ... 
2025-04-15 16:39:54.6441 | DEBUG | Done attempting to bind parameter 'skip' of type 'System.Int32'. 
2025-04-15 16:39:54.6441 | DEBUG | Done attempting to bind parameter 'skip' of type 'System.Int32'. 
2025-04-15 16:39:54.6441 | DEBUG | Attempting to validate the bound parameter 'skip' of type 'System.Int32' ... 
2025-04-15 16:39:54.6441 | DEBUG | Done attempting to validate the bound parameter 'skip' of type 'System.Int32'. 
2025-04-15 16:39:54.6441 | DEBUG | Attempting to bind parameter 'take' of type 'System.Int32' ... 
2025-04-15 16:39:54.6441 | DEBUG | Attempting to bind parameter 'take' of type 'System.Int32' using the name 'take' in request data ... 
2025-04-15 16:39:54.6441 | DEBUG | Done attempting to bind parameter 'take' of type 'System.Int32'. 
2025-04-15 16:39:54.6441 | DEBUG | Done attempting to bind parameter 'take' of type 'System.Int32'. 
2025-04-15 16:39:54.6441 | DEBUG | Attempting to validate the bound parameter 'take' of type 'System.Int32' ... 
2025-04-15 16:39:54.6441 | DEBUG | Done attempting to validate the bound parameter 'take' of type 'System.Int32'. 
2025-04-15 16:39:54.6441 | DEBUG | Attempting to bind parameter 'sortFeild' of type 'System.String' ... 
2025-04-15 16:39:54.6441 | DEBUG | Attempting to bind parameter 'sortFeild' of type 'System.String' using the name 'sortFeild' in request data ... 
2025-04-15 16:39:54.6441 | DEBUG | Done attempting to bind parameter 'sortFeild' of type 'System.String'. 
2025-04-15 16:39:54.6441 | DEBUG | Done attempting to bind parameter 'sortFeild' of type 'System.String'. 
2025-04-15 16:39:54.6441 | DEBUG | Attempting to validate the bound parameter 'sortFeild' of type 'System.String' ... 
2025-04-15 16:39:54.6441 | DEBUG | Done attempting to validate the bound parameter 'sortFeild' of type 'System.String'. 
2025-04-15 16:39:54.6441 | DEBUG | Attempting to bind parameter 'sortType' of type 'System.Nullable`1[System.Int32]' ... 
2025-04-15 16:39:54.6441 | DEBUG | Attempting to bind parameter 'sortType' of type 'System.Nullable`1[System.Int32]' using the name 'sortType' in request data ... 
2025-04-15 16:39:54.6441 | DEBUG | Done attempting to bind parameter 'sortType' of type 'System.Nullable`1[System.Int32]'. 
2025-04-15 16:39:54.6441 | DEBUG | Done attempting to bind parameter 'sortType' of type 'System.Nullable`1[System.Int32]'. 
2025-04-15 16:39:54.6441 | DEBUG | Attempting to validate the bound parameter 'sortType' of type 'System.Nullable`1[System.Int32]' ... 
2025-04-15 16:39:54.6441 | DEBUG | Done attempting to validate the bound parameter 'sortType' of type 'System.Nullable`1[System.Int32]'. 
2025-04-15 16:39:54.6528 | DEBUG | List of registered output formatters, in the following order: Microsoft.AspNetCore.Mvc.Formatters.HttpNoContentOutputFormatter, Microsoft.AspNetCore.Mvc.Formatters.StringOutputFormatter, Microsoft.AspNetCore.Mvc.Formatters.StreamOutputFormatter, Microsoft.AspNetCore.Mvc.Formatters.NewtonsoftJsonOutputFormatter 
2025-04-15 16:39:54.6528 | DEBUG | No information found on request to perform content negotiation. 
2025-04-15 16:39:54.6528 | DEBUG | Attempting to select an output formatter without using a content type as no explicit content types were specified for the response. 
2025-04-15 16:39:54.6528 | DEBUG | Attempting to select the first formatter in the output formatters list which can write the result. 
2025-04-15 16:39:54.6528 | DEBUG | Selected output formatter 'Microsoft.AspNetCore.Mvc.Formatters.NewtonsoftJsonOutputFormatter' and content type 'application/json' to write the response. 
2025-04-15 16:39:54.6528 | DEBUG | Connection id "0HNBS1NN8QBM2" completed keep alive response. 
2025-04-15 16:39:54.8299 | DEBUG | The request path  does not match the path filter 
2025-04-15 16:39:54.8299 | DEBUG | The request has an origin header: 'http://127.0.0.1:5503'. 
2025-04-15 16:39:54.8299 | DEBUG | 1 candidate(s) found for the request path '/api/Author/GetAllBooks2' 
2025-04-15 16:39:54.8299 | DEBUG | Endpoint 'WebApplication1.Controller.AuthorController.GetAllBooks2 (WebApplication1)' with route pattern 'api/Author/GetAllBooks2' is valid for the request path '/api/Author/GetAllBooks2' 
2025-04-15 16:39:54.8299 | DEBUG | Request matched endpoint 'WebApplication1.Controller.AuthorController.GetAllBooks2 (WebApplication1)' 
2025-04-15 16:39:54.8299 | DEBUG | Execution plan of authorization filters (in the following order): None 
2025-04-15 16:39:54.8299 | DEBUG | Execution plan of resource filters (in the following order): None 
2025-04-15 16:39:54.8299 | DEBUG | Execution plan of action filters (in the following order): Microsoft.AspNetCore.Mvc.ModelBinding.UnsupportedContentTypeFilter (Order: -3000), Microsoft.AspNetCore.Mvc.Infrastructure.ModelStateInvalidFilter (Order: -2000) 
2025-04-15 16:39:54.8299 | DEBUG | Execution plan of exception filters (in the following order): None 
2025-04-15 16:39:54.8299 | DEBUG | Execution plan of result filters (in the following order): Microsoft.AspNetCore.Mvc.Infrastructure.ClientErrorResultFilter (Order: -2000) 
2025-04-15 16:39:54.8299 | DEBUG | Executing controller factory for controller WebApplication1.Controller.AuthorController (WebApplication1) 
2025-04-15 16:39:54.8475 | DEBUG | Executed controller factory for controller WebApplication1.Controller.AuthorController (WebApplication1) 
2025-04-15 16:39:54.8475 | DEBUG | Attempting to bind parameter 'skip' of type 'System.Int32' ... 
2025-04-15 16:39:54.8475 | DEBUG | Attempting to bind parameter 'skip' of type 'System.Int32' using the name 'skip' in request data ... 
2025-04-15 16:39:54.8475 | DEBUG | Done attempting to bind parameter 'skip' of type 'System.Int32'. 
2025-04-15 16:39:54.8475 | DEBUG | Done attempting to bind parameter 'skip' of type 'System.Int32'. 
2025-04-15 16:39:54.8475 | DEBUG | Attempting to validate the bound parameter 'skip' of type 'System.Int32' ... 
2025-04-15 16:39:54.8475 | DEBUG | Done attempting to validate the bound parameter 'skip' of type 'System.Int32'. 
2025-04-15 16:39:54.8475 | DEBUG | Attempting to bind parameter 'take' of type 'System.Int32' ... 
2025-04-15 16:39:54.8475 | DEBUG | Attempting to bind parameter 'take' of type 'System.Int32' using the name 'take' in request data ... 
2025-04-15 16:39:54.8475 | DEBUG | Done attempting to bind parameter 'take' of type 'System.Int32'. 
2025-04-15 16:39:54.8475 | DEBUG | Done attempting to bind parameter 'take' of type 'System.Int32'. 
2025-04-15 16:39:54.8475 | DEBUG | Attempting to validate the bound parameter 'take' of type 'System.Int32' ... 
2025-04-15 16:39:54.8475 | DEBUG | Done attempting to validate the bound parameter 'take' of type 'System.Int32'. 
2025-04-15 16:39:54.8475 | DEBUG | Attempting to bind parameter 'sortFeild' of type 'System.String' ... 
2025-04-15 16:39:54.8475 | DEBUG | Attempting to bind parameter 'sortFeild' of type 'System.String' using the name 'sortFeild' in request data ... 
2025-04-15 16:39:54.8475 | DEBUG | Done attempting to bind parameter 'sortFeild' of type 'System.String'. 
2025-04-15 16:39:54.8475 | DEBUG | Done attempting to bind parameter 'sortFeild' of type 'System.String'. 
2025-04-15 16:39:54.8475 | DEBUG | Attempting to validate the bound parameter 'sortFeild' of type 'System.String' ... 
2025-04-15 16:39:54.8475 | DEBUG | Done attempting to validate the bound parameter 'sortFeild' of type 'System.String'. 
2025-04-15 16:39:54.8475 | DEBUG | Attempting to bind parameter 'sortType' of type 'System.Nullable`1[System.Int32]' ... 
2025-04-15 16:39:54.8475 | DEBUG | Attempting to bind parameter 'sortType' of type 'System.Nullable`1[System.Int32]' using the name 'sortType' in request data ... 
2025-04-15 16:39:54.8475 | DEBUG | Done attempting to bind parameter 'sortType' of type 'System.Nullable`1[System.Int32]'. 
2025-04-15 16:39:54.8475 | DEBUG | Done attempting to bind parameter 'sortType' of type 'System.Nullable`1[System.Int32]'. 
2025-04-15 16:39:54.8475 | DEBUG | Attempting to validate the bound parameter 'sortType' of type 'System.Nullable`1[System.Int32]' ... 
2025-04-15 16:39:54.8475 | DEBUG | Done attempting to validate the bound parameter 'sortType' of type 'System.Nullable`1[System.Int32]'. 
2025-04-15 16:39:54.8556 | DEBUG | List of registered output formatters, in the following order: Microsoft.AspNetCore.Mvc.Formatters.HttpNoContentOutputFormatter, Microsoft.AspNetCore.Mvc.Formatters.StringOutputFormatter, Microsoft.AspNetCore.Mvc.Formatters.StreamOutputFormatter, Microsoft.AspNetCore.Mvc.Formatters.NewtonsoftJsonOutputFormatter 
2025-04-15 16:39:54.8556 | DEBUG | No information found on request to perform content negotiation. 
2025-04-15 16:39:54.8556 | DEBUG | Attempting to select an output formatter without using a content type as no explicit content types were specified for the response. 
2025-04-15 16:39:54.8556 | DEBUG | Attempting to select the first formatter in the output formatters list which can write the result. 
2025-04-15 16:39:54.8556 | DEBUG | Selected output formatter 'Microsoft.AspNetCore.Mvc.Formatters.NewtonsoftJsonOutputFormatter' and content type 'application/json' to write the response. 
2025-04-15 16:39:54.8556 | DEBUG | Connection id "0HNBS1NN8QBM2" completed keep alive response. 
2025-04-15 16:39:55.8282 | DEBUG | The request path  does not match the path filter 
2025-04-15 16:39:55.8282 | DEBUG | The request has an origin header: 'http://127.0.0.1:5503'. 
2025-04-15 16:39:55.8282 | DEBUG | 1 candidate(s) found for the request path '/api/Author/GetAllBooks2' 
2025-04-15 16:39:55.8282 | DEBUG | Endpoint 'WebApplication1.Controller.AuthorController.GetAllBooks2 (WebApplication1)' with route pattern 'api/Author/GetAllBooks2' is valid for the request path '/api/Author/GetAllBooks2' 
2025-04-15 16:39:55.8282 | DEBUG | Request matched endpoint 'WebApplication1.Controller.AuthorController.GetAllBooks2 (WebApplication1)' 
2025-04-15 16:39:55.8282 | DEBUG | Execution plan of authorization filters (in the following order): None 
2025-04-15 16:39:55.8282 | DEBUG | Execution plan of resource filters (in the following order): None 
2025-04-15 16:39:55.8282 | DEBUG | Execution plan of action filters (in the following order): Microsoft.AspNetCore.Mvc.ModelBinding.UnsupportedContentTypeFilter (Order: -3000), Microsoft.AspNetCore.Mvc.Infrastructure.ModelStateInvalidFilter (Order: -2000) 
2025-04-15 16:39:55.8282 | DEBUG | Execution plan of exception filters (in the following order): None 
2025-04-15 16:39:55.8282 | DEBUG | Execution plan of result filters (in the following order): Microsoft.AspNetCore.Mvc.Infrastructure.ClientErrorResultFilter (Order: -2000) 
2025-04-15 16:39:55.8282 | DEBUG | Executing controller factory for controller WebApplication1.Controller.AuthorController (WebApplication1) 
2025-04-15 16:39:55.8495 | DEBUG | Executed controller factory for controller WebApplication1.Controller.AuthorController (WebApplication1) 
2025-04-15 16:39:55.8495 | DEBUG | Attempting to bind parameter 'skip' of type 'System.Int32' ... 
2025-04-15 16:39:55.8495 | DEBUG | Attempting to bind parameter 'skip' of type 'System.Int32' using the name 'skip' in request data ... 
2025-04-15 16:39:55.8495 | DEBUG | Done attempting to bind parameter 'skip' of type 'System.Int32'. 
2025-04-15 16:39:55.8495 | DEBUG | Done attempting to bind parameter 'skip' of type 'System.Int32'. 
2025-04-15 16:39:55.8495 | DEBUG | Attempting to validate the bound parameter 'skip' of type 'System.Int32' ... 
2025-04-15 16:39:55.8495 | DEBUG | Done attempting to validate the bound parameter 'skip' of type 'System.Int32'. 
2025-04-15 16:39:55.8495 | DEBUG | Attempting to bind parameter 'take' of type 'System.Int32' ... 
2025-04-15 16:39:55.8495 | DEBUG | Attempting to bind parameter 'take' of type 'System.Int32' using the name 'take' in request data ... 
2025-04-15 16:39:55.8495 | DEBUG | Done attempting to bind parameter 'take' of type 'System.Int32'. 
2025-04-15 16:39:55.8495 | DEBUG | Done attempting to bind parameter 'take' of type 'System.Int32'. 
2025-04-15 16:39:55.8495 | DEBUG | Attempting to validate the bound parameter 'take' of type 'System.Int32' ... 
2025-04-15 16:39:55.8495 | DEBUG | Done attempting to validate the bound parameter 'take' of type 'System.Int32'. 
2025-04-15 16:39:55.8495 | DEBUG | Attempting to bind parameter 'sortFeild' of type 'System.String' ... 
2025-04-15 16:39:55.8495 | DEBUG | Attempting to bind parameter 'sortFeild' of type 'System.String' using the name 'sortFeild' in request data ... 
2025-04-15 16:39:55.8495 | DEBUG | Done attempting to bind parameter 'sortFeild' of type 'System.String'. 
2025-04-15 16:39:55.8495 | DEBUG | Done attempting to bind parameter 'sortFeild' of type 'System.String'. 
2025-04-15 16:39:55.8495 | DEBUG | Attempting to validate the bound parameter 'sortFeild' of type 'System.String' ... 
2025-04-15 16:39:55.8495 | DEBUG | Done attempting to validate the bound parameter 'sortFeild' of type 'System.String'. 
2025-04-15 16:39:55.8495 | DEBUG | Attempting to bind parameter 'sortType' of type 'System.Nullable`1[System.Int32]' ... 
2025-04-15 16:39:55.8495 | DEBUG | Attempting to bind parameter 'sortType' of type 'System.Nullable`1[System.Int32]' using the name 'sortType' in request data ... 
2025-04-15 16:39:55.8495 | DEBUG | Done attempting to bind parameter 'sortType' of type 'System.Nullable`1[System.Int32]'. 
2025-04-15 16:39:55.8495 | DEBUG | Done attempting to bind parameter 'sortType' of type 'System.Nullable`1[System.Int32]'. 
2025-04-15 16:39:55.8495 | DEBUG | Attempting to validate the bound parameter 'sortType' of type 'System.Nullable`1[System.Int32]' ... 
2025-04-15 16:39:55.8495 | DEBUG | Done attempting to validate the bound parameter 'sortType' of type 'System.Nullable`1[System.Int32]'. 
2025-04-15 16:39:55.8585 | DEBUG | List of registered output formatters, in the following order: Microsoft.AspNetCore.Mvc.Formatters.HttpNoContentOutputFormatter, Microsoft.AspNetCore.Mvc.Formatters.StringOutputFormatter, Microsoft.AspNetCore.Mvc.Formatters.StreamOutputFormatter, Microsoft.AspNetCore.Mvc.Formatters.NewtonsoftJsonOutputFormatter 
2025-04-15 16:39:55.8585 | DEBUG | No information found on request to perform content negotiation. 
2025-04-15 16:39:55.8585 | DEBUG | Attempting to select an output formatter without using a content type as no explicit content types were specified for the response. 
2025-04-15 16:39:55.8585 | DEBUG | Attempting to select the first formatter in the output formatters list which can write the result. 
2025-04-15 16:39:55.8585 | DEBUG | Selected output formatter 'Microsoft.AspNetCore.Mvc.Formatters.NewtonsoftJsonOutputFormatter' and content type 'application/json' to write the response. 
2025-04-15 16:39:55.8585 | DEBUG | Connection id "0HNBS1NN8QBM2" completed keep alive response. 
2025-04-15 16:39:56.2167 | DEBUG | The request path  does not match the path filter 
2025-04-15 16:39:56.2167 | DEBUG | The request has an origin header: 'http://127.0.0.1:5503'. 
2025-04-15 16:39:56.2167 | DEBUG | 1 candidate(s) found for the request path '/api/Author/GetAllBooks2' 
2025-04-15 16:39:56.2167 | DEBUG | Endpoint 'WebApplication1.Controller.AuthorController.GetAllBooks2 (WebApplication1)' with route pattern 'api/Author/GetAllBooks2' is valid for the request path '/api/Author/GetAllBooks2' 
2025-04-15 16:39:56.2167 | DEBUG | Request matched endpoint 'WebApplication1.Controller.AuthorController.GetAllBooks2 (WebApplication1)' 
2025-04-15 16:39:56.2167 | DEBUG | Execution plan of authorization filters (in the following order): None 
2025-04-15 16:39:56.2167 | DEBUG | Execution plan of resource filters (in the following order): None 
2025-04-15 16:39:56.2167 | DEBUG | Execution plan of action filters (in the following order): Microsoft.AspNetCore.Mvc.ModelBinding.UnsupportedContentTypeFilter (Order: -3000), Microsoft.AspNetCore.Mvc.Infrastructure.ModelStateInvalidFilter (Order: -2000) 
2025-04-15 16:39:56.2167 | DEBUG | Execution plan of exception filters (in the following order): None 
2025-04-15 16:39:56.2167 | DEBUG | Execution plan of result filters (in the following order): Microsoft.AspNetCore.Mvc.Infrastructure.ClientErrorResultFilter (Order: -2000) 
2025-04-15 16:39:56.2167 | DEBUG | Executing controller factory for controller WebApplication1.Controller.AuthorController (WebApplication1) 
2025-04-15 16:39:56.2391 | DEBUG | Executed controller factory for controller WebApplication1.Controller.AuthorController (WebApplication1) 
2025-04-15 16:39:56.2391 | DEBUG | Attempting to bind parameter 'skip' of type 'System.Int32' ... 
2025-04-15 16:39:56.2391 | DEBUG | Attempting to bind parameter 'skip' of type 'System.Int32' using the name 'skip' in request data ... 
2025-04-15 16:39:56.2391 | DEBUG | Done attempting to bind parameter 'skip' of type 'System.Int32'. 
2025-04-15 16:39:56.2391 | DEBUG | Done attempting to bind parameter 'skip' of type 'System.Int32'. 
2025-04-15 16:39:56.2391 | DEBUG | Attempting to validate the bound parameter 'skip' of type 'System.Int32' ... 
2025-04-15 16:39:56.2391 | DEBUG | Done attempting to validate the bound parameter 'skip' of type 'System.Int32'. 
2025-04-15 16:39:56.2391 | DEBUG | Attempting to bind parameter 'take' of type 'System.Int32' ... 
2025-04-15 16:39:56.2391 | DEBUG | Attempting to bind parameter 'take' of type 'System.Int32' using the name 'take' in request data ... 
2025-04-15 16:39:56.2391 | DEBUG | Done attempting to bind parameter 'take' of type 'System.Int32'. 
2025-04-15 16:39:56.2391 | DEBUG | Done attempting to bind parameter 'take' of type 'System.Int32'. 
2025-04-15 16:39:56.2391 | DEBUG | Attempting to validate the bound parameter 'take' of type 'System.Int32' ... 
2025-04-15 16:39:56.2391 | DEBUG | Done attempting to validate the bound parameter 'take' of type 'System.Int32'. 
2025-04-15 16:39:56.2391 | DEBUG | Attempting to bind parameter 'sortFeild' of type 'System.String' ... 
2025-04-15 16:39:56.2391 | DEBUG | Attempting to bind parameter 'sortFeild' of type 'System.String' using the name 'sortFeild' in request data ... 
2025-04-15 16:39:56.2391 | DEBUG | Done attempting to bind parameter 'sortFeild' of type 'System.String'. 
2025-04-15 16:39:56.2391 | DEBUG | Done attempting to bind parameter 'sortFeild' of type 'System.String'. 
2025-04-15 16:39:56.2391 | DEBUG | Attempting to validate the bound parameter 'sortFeild' of type 'System.String' ... 
2025-04-15 16:39:56.2391 | DEBUG | Done attempting to validate the bound parameter 'sortFeild' of type 'System.String'. 
2025-04-15 16:39:56.2391 | DEBUG | Attempting to bind parameter 'sortType' of type 'System.Nullable`1[System.Int32]' ... 
2025-04-15 16:39:56.2391 | DEBUG | Attempting to bind parameter 'sortType' of type 'System.Nullable`1[System.Int32]' using the name 'sortType' in request data ... 
2025-04-15 16:39:56.2391 | DEBUG | Done attempting to bind parameter 'sortType' of type 'System.Nullable`1[System.Int32]'. 
2025-04-15 16:39:56.2391 | DEBUG | Done attempting to bind parameter 'sortType' of type 'System.Nullable`1[System.Int32]'. 
2025-04-15 16:39:56.2391 | DEBUG | Attempting to validate the bound parameter 'sortType' of type 'System.Nullable`1[System.Int32]' ... 
2025-04-15 16:39:56.2391 | DEBUG | Done attempting to validate the bound parameter 'sortType' of type 'System.Nullable`1[System.Int32]'. 
2025-04-15 16:39:56.2488 | DEBUG | List of registered output formatters, in the following order: Microsoft.AspNetCore.Mvc.Formatters.HttpNoContentOutputFormatter, Microsoft.AspNetCore.Mvc.Formatters.StringOutputFormatter, Microsoft.AspNetCore.Mvc.Formatters.StreamOutputFormatter, Microsoft.AspNetCore.Mvc.Formatters.NewtonsoftJsonOutputFormatter 
2025-04-15 16:39:56.2488 | DEBUG | No information found on request to perform content negotiation. 
2025-04-15 16:39:56.2488 | DEBUG | Attempting to select an output formatter without using a content type as no explicit content types were specified for the response. 
2025-04-15 16:39:56.2488 | DEBUG | Attempting to select the first formatter in the output formatters list which can write the result. 
2025-04-15 16:39:56.2488 | DEBUG | Selected output formatter 'Microsoft.AspNetCore.Mvc.Formatters.NewtonsoftJsonOutputFormatter' and content type 'application/json' to write the response. 
2025-04-15 16:39:56.2488 | DEBUG | Connection id "0HNBS1NN8QBM2" completed keep alive response. 
2025-04-15 16:39:57.1765 | DEBUG | The request path  does not match the path filter 
2025-04-15 16:39:57.1765 | DEBUG | The request has an origin header: 'http://127.0.0.1:5503'. 
2025-04-15 16:39:57.1765 | DEBUG | 1 candidate(s) found for the request path '/api/Author/GetAllBooks2' 
2025-04-15 16:39:57.1765 | DEBUG | Endpoint 'WebApplication1.Controller.AuthorController.GetAllBooks2 (WebApplication1)' with route pattern 'api/Author/GetAllBooks2' is valid for the request path '/api/Author/GetAllBooks2' 
2025-04-15 16:39:57.1765 | DEBUG | Request matched endpoint 'WebApplication1.Controller.AuthorController.GetAllBooks2 (WebApplication1)' 
2025-04-15 16:39:57.1765 | DEBUG | Execution plan of authorization filters (in the following order): None 
2025-04-15 16:39:57.1765 | DEBUG | Execution plan of resource filters (in the following order): None 
2025-04-15 16:39:57.1765 | DEBUG | Execution plan of action filters (in the following order): Microsoft.AspNetCore.Mvc.ModelBinding.UnsupportedContentTypeFilter (Order: -3000), Microsoft.AspNetCore.Mvc.Infrastructure.ModelStateInvalidFilter (Order: -2000) 
2025-04-15 16:39:57.1765 | DEBUG | Execution plan of exception filters (in the following order): None 
2025-04-15 16:39:57.1765 | DEBUG | Execution plan of result filters (in the following order): Microsoft.AspNetCore.Mvc.Infrastructure.ClientErrorResultFilter (Order: -2000) 
2025-04-15 16:39:57.1765 | DEBUG | Executing controller factory for controller WebApplication1.Controller.AuthorController (WebApplication1) 
2025-04-15 16:39:57.1942 | DEBUG | Executed controller factory for controller WebApplication1.Controller.AuthorController (WebApplication1) 
2025-04-15 16:39:57.1942 | DEBUG | Attempting to bind parameter 'skip' of type 'System.Int32' ... 
2025-04-15 16:39:57.1942 | DEBUG | Attempting to bind parameter 'skip' of type 'System.Int32' using the name 'skip' in request data ... 
2025-04-15 16:39:57.1942 | DEBUG | Done attempting to bind parameter 'skip' of type 'System.Int32'. 
2025-04-15 16:39:57.1942 | DEBUG | Done attempting to bind parameter 'skip' of type 'System.Int32'. 
2025-04-15 16:39:57.1942 | DEBUG | Attempting to validate the bound parameter 'skip' of type 'System.Int32' ... 
2025-04-15 16:39:57.1942 | DEBUG | Done attempting to validate the bound parameter 'skip' of type 'System.Int32'. 
2025-04-15 16:39:57.1942 | DEBUG | Attempting to bind parameter 'take' of type 'System.Int32' ... 
2025-04-15 16:39:57.1942 | DEBUG | Attempting to bind parameter 'take' of type 'System.Int32' using the name 'take' in request data ... 
2025-04-15 16:39:57.1942 | DEBUG | Done attempting to bind parameter 'take' of type 'System.Int32'. 
2025-04-15 16:39:57.1942 | DEBUG | Done attempting to bind parameter 'take' of type 'System.Int32'. 
2025-04-15 16:39:57.1942 | DEBUG | Attempting to validate the bound parameter 'take' of type 'System.Int32' ... 
2025-04-15 16:39:57.1942 | DEBUG | Done attempting to validate the bound parameter 'take' of type 'System.Int32'. 
2025-04-15 16:39:57.1942 | DEBUG | Attempting to bind parameter 'sortFeild' of type 'System.String' ... 
2025-04-15 16:39:57.1942 | DEBUG | Attempting to bind parameter 'sortFeild' of type 'System.String' using the name 'sortFeild' in request data ... 
2025-04-15 16:39:57.1942 | DEBUG | Done attempting to bind parameter 'sortFeild' of type 'System.String'. 
2025-04-15 16:39:57.1942 | DEBUG | Done attempting to bind parameter 'sortFeild' of type 'System.String'. 
2025-04-15 16:39:57.1942 | DEBUG | Attempting to validate the bound parameter 'sortFeild' of type 'System.String' ... 
2025-04-15 16:39:57.1942 | DEBUG | Done attempting to validate the bound parameter 'sortFeild' of type 'System.String'. 
2025-04-15 16:39:57.1942 | DEBUG | Attempting to bind parameter 'sortType' of type 'System.Nullable`1[System.Int32]' ... 
2025-04-15 16:39:57.1942 | DEBUG | Attempting to bind parameter 'sortType' of type 'System.Nullable`1[System.Int32]' using the name 'sortType' in request data ... 
2025-04-15 16:39:57.1942 | DEBUG | Done attempting to bind parameter 'sortType' of type 'System.Nullable`1[System.Int32]'. 
2025-04-15 16:39:57.1942 | DEBUG | Done attempting to bind parameter 'sortType' of type 'System.Nullable`1[System.Int32]'. 
2025-04-15 16:39:57.1942 | DEBUG | Attempting to validate the bound parameter 'sortType' of type 'System.Nullable`1[System.Int32]' ... 
2025-04-15 16:39:57.1942 | DEBUG | Done attempting to validate the bound parameter 'sortType' of type 'System.Nullable`1[System.Int32]'. 
2025-04-15 16:39:57.2037 | DEBUG | List of registered output formatters, in the following order: Microsoft.AspNetCore.Mvc.Formatters.HttpNoContentOutputFormatter, Microsoft.AspNetCore.Mvc.Formatters.StringOutputFormatter, Microsoft.AspNetCore.Mvc.Formatters.StreamOutputFormatter, Microsoft.AspNetCore.Mvc.Formatters.NewtonsoftJsonOutputFormatter 
2025-04-15 16:39:57.2037 | DEBUG | No information found on request to perform content negotiation. 
2025-04-15 16:39:57.2037 | DEBUG | Attempting to select an output formatter without using a content type as no explicit content types were specified for the response. 
2025-04-15 16:39:57.2037 | DEBUG | Attempting to select the first formatter in the output formatters list which can write the result. 
2025-04-15 16:39:57.2037 | DEBUG | Selected output formatter 'Microsoft.AspNetCore.Mvc.Formatters.NewtonsoftJsonOutputFormatter' and content type 'application/json' to write the response. 
2025-04-15 16:39:57.2037 | DEBUG | Connection id "0HNBS1NN8QBM2" completed keep alive response. 
2025-04-15 16:39:57.3865 | DEBUG | The request path  does not match the path filter 
2025-04-15 16:39:57.3865 | DEBUG | The request has an origin header: 'http://127.0.0.1:5503'. 
2025-04-15 16:39:57.3865 | DEBUG | 1 candidate(s) found for the request path '/api/Author/GetAllBooks2' 
2025-04-15 16:39:57.3865 | DEBUG | Endpoint 'WebApplication1.Controller.AuthorController.GetAllBooks2 (WebApplication1)' with route pattern 'api/Author/GetAllBooks2' is valid for the request path '/api/Author/GetAllBooks2' 
2025-04-15 16:39:57.3865 | DEBUG | Request matched endpoint 'WebApplication1.Controller.AuthorController.GetAllBooks2 (WebApplication1)' 
2025-04-15 16:39:57.3865 | DEBUG | Execution plan of authorization filters (in the following order): None 
2025-04-15 16:39:57.3865 | DEBUG | Execution plan of resource filters (in the following order): None 
2025-04-15 16:39:57.3865 | DEBUG | Execution plan of action filters (in the following order): Microsoft.AspNetCore.Mvc.ModelBinding.UnsupportedContentTypeFilter (Order: -3000), Microsoft.AspNetCore.Mvc.Infrastructure.ModelStateInvalidFilter (Order: -2000) 
2025-04-15 16:39:57.3865 | DEBUG | Execution plan of exception filters (in the following order): None 
2025-04-15 16:39:57.3865 | DEBUG | Execution plan of result filters (in the following order): Microsoft.AspNetCore.Mvc.Infrastructure.ClientErrorResultFilter (Order: -2000) 
2025-04-15 16:39:57.3865 | DEBUG | Executing controller factory for controller WebApplication1.Controller.AuthorController (WebApplication1) 
2025-04-15 16:39:57.4105 | DEBUG | Executed controller factory for controller WebApplication1.Controller.AuthorController (WebApplication1) 
2025-04-15 16:39:57.4105 | DEBUG | Attempting to bind parameter 'skip' of type 'System.Int32' ... 
2025-04-15 16:39:57.4105 | DEBUG | Attempting to bind parameter 'skip' of type 'System.Int32' using the name 'skip' in request data ... 
2025-04-15 16:39:57.4105 | DEBUG | Done attempting to bind parameter 'skip' of type 'System.Int32'. 
2025-04-15 16:39:57.4105 | DEBUG | Done attempting to bind parameter 'skip' of type 'System.Int32'. 
2025-04-15 16:39:57.4105 | DEBUG | Attempting to validate the bound parameter 'skip' of type 'System.Int32' ... 
2025-04-15 16:39:57.4105 | DEBUG | Done attempting to validate the bound parameter 'skip' of type 'System.Int32'. 
2025-04-15 16:39:57.4105 | DEBUG | Attempting to bind parameter 'take' of type 'System.Int32' ... 
2025-04-15 16:39:57.4105 | DEBUG | Attempting to bind parameter 'take' of type 'System.Int32' using the name 'take' in request data ... 
2025-04-15 16:39:57.4105 | DEBUG | Done attempting to bind parameter 'take' of type 'System.Int32'. 
2025-04-15 16:39:57.4105 | DEBUG | Done attempting to bind parameter 'take' of type 'System.Int32'. 
2025-04-15 16:39:57.4105 | DEBUG | Attempting to validate the bound parameter 'take' of type 'System.Int32' ... 
2025-04-15 16:39:57.4105 | DEBUG | Done attempting to validate the bound parameter 'take' of type 'System.Int32'. 
2025-04-15 16:39:57.4105 | DEBUG | Attempting to bind parameter 'sortFeild' of type 'System.String' ... 
2025-04-15 16:39:57.4105 | DEBUG | Attempting to bind parameter 'sortFeild' of type 'System.String' using the name 'sortFeild' in request data ... 
2025-04-15 16:39:57.4105 | DEBUG | Done attempting to bind parameter 'sortFeild' of type 'System.String'. 
2025-04-15 16:39:57.4105 | DEBUG | Done attempting to bind parameter 'sortFeild' of type 'System.String'. 
2025-04-15 16:39:57.4105 | DEBUG | Attempting to validate the bound parameter 'sortFeild' of type 'System.String' ... 
2025-04-15 16:39:57.4105 | DEBUG | Done attempting to validate the bound parameter 'sortFeild' of type 'System.String'. 
2025-04-15 16:39:57.4105 | DEBUG | Attempting to bind parameter 'sortType' of type 'System.Nullable`1[System.Int32]' ... 
2025-04-15 16:39:57.4105 | DEBUG | Attempting to bind parameter 'sortType' of type 'System.Nullable`1[System.Int32]' using the name 'sortType' in request data ... 
2025-04-15 16:39:57.4105 | DEBUG | Done attempting to bind parameter 'sortType' of type 'System.Nullable`1[System.Int32]'. 
2025-04-15 16:39:57.4105 | DEBUG | Done attempting to bind parameter 'sortType' of type 'System.Nullable`1[System.Int32]'. 
2025-04-15 16:39:57.4105 | DEBUG | Attempting to validate the bound parameter 'sortType' of type 'System.Nullable`1[System.Int32]' ... 
2025-04-15 16:39:57.4105 | DEBUG | Done attempting to validate the bound parameter 'sortType' of type 'System.Nullable`1[System.Int32]'. 
2025-04-15 16:39:57.4190 | DEBUG | List of registered output formatters, in the following order: Microsoft.AspNetCore.Mvc.Formatters.HttpNoContentOutputFormatter, Microsoft.AspNetCore.Mvc.Formatters.StringOutputFormatter, Microsoft.AspNetCore.Mvc.Formatters.StreamOutputFormatter, Microsoft.AspNetCore.Mvc.Formatters.NewtonsoftJsonOutputFormatter 
2025-04-15 16:39:57.4190 | DEBUG | No information found on request to perform content negotiation. 
2025-04-15 16:39:57.4190 | DEBUG | Attempting to select an output formatter without using a content type as no explicit content types were specified for the response. 
2025-04-15 16:39:57.4190 | DEBUG | Attempting to select the first formatter in the output formatters list which can write the result. 
2025-04-15 16:39:57.4190 | DEBUG | Selected output formatter 'Microsoft.AspNetCore.Mvc.Formatters.NewtonsoftJsonOutputFormatter' and content type 'application/json' to write the response. 
2025-04-15 16:39:57.4190 | DEBUG | Connection id "0HNBS1NN8QBM2" completed keep alive response. 
2025-04-15 16:39:58.4061 | DEBUG | The request path  does not match the path filter 
2025-04-15 16:39:58.4061 | DEBUG | The request has an origin header: 'http://127.0.0.1:5503'. 
2025-04-15 16:39:58.4061 | DEBUG | 1 candidate(s) found for the request path '/api/Author/GetAllBooks2' 
2025-04-15 16:39:58.4061 | DEBUG | Endpoint 'WebApplication1.Controller.AuthorController.GetAllBooks2 (WebApplication1)' with route pattern 'api/Author/GetAllBooks2' is valid for the request path '/api/Author/GetAllBooks2' 
2025-04-15 16:39:58.4061 | DEBUG | Request matched endpoint 'WebApplication1.Controller.AuthorController.GetAllBooks2 (WebApplication1)' 
2025-04-15 16:39:58.4061 | DEBUG | Execution plan of authorization filters (in the following order): None 
2025-04-15 16:39:58.4061 | DEBUG | Execution plan of resource filters (in the following order): None 
2025-04-15 16:39:58.4061 | DEBUG | Execution plan of action filters (in the following order): Microsoft.AspNetCore.Mvc.ModelBinding.UnsupportedContentTypeFilter (Order: -3000), Microsoft.AspNetCore.Mvc.Infrastructure.ModelStateInvalidFilter (Order: -2000) 
2025-04-15 16:39:58.4061 | DEBUG | Execution plan of exception filters (in the following order): None 
2025-04-15 16:39:58.4061 | DEBUG | Execution plan of result filters (in the following order): Microsoft.AspNetCore.Mvc.Infrastructure.ClientErrorResultFilter (Order: -2000) 
2025-04-15 16:39:58.4061 | DEBUG | Executing controller factory for controller WebApplication1.Controller.AuthorController (WebApplication1) 
2025-04-15 16:39:58.4251 | DEBUG | Executed controller factory for controller WebApplication1.Controller.AuthorController (WebApplication1) 
2025-04-15 16:39:58.4251 | DEBUG | Attempting to bind parameter 'skip' of type 'System.Int32' ... 
2025-04-15 16:39:58.4251 | DEBUG | Attempting to bind parameter 'skip' of type 'System.Int32' using the name 'skip' in request data ... 
2025-04-15 16:39:58.4251 | DEBUG | Done attempting to bind parameter 'skip' of type 'System.Int32'. 
2025-04-15 16:39:58.4251 | DEBUG | Done attempting to bind parameter 'skip' of type 'System.Int32'. 
2025-04-15 16:39:58.4251 | DEBUG | Attempting to validate the bound parameter 'skip' of type 'System.Int32' ... 
2025-04-15 16:39:58.4251 | DEBUG | Done attempting to validate the bound parameter 'skip' of type 'System.Int32'. 
2025-04-15 16:39:58.4251 | DEBUG | Attempting to bind parameter 'take' of type 'System.Int32' ... 
2025-04-15 16:39:58.4251 | DEBUG | Attempting to bind parameter 'take' of type 'System.Int32' using the name 'take' in request data ... 
2025-04-15 16:39:58.4251 | DEBUG | Done attempting to bind parameter 'take' of type 'System.Int32'. 
2025-04-15 16:39:58.4251 | DEBUG | Done attempting to bind parameter 'take' of type 'System.Int32'. 
2025-04-15 16:39:58.4251 | DEBUG | Attempting to validate the bound parameter 'take' of type 'System.Int32' ... 
2025-04-15 16:39:58.4251 | DEBUG | Done attempting to validate the bound parameter 'take' of type 'System.Int32'. 
2025-04-15 16:39:58.4251 | DEBUG | Attempting to bind parameter 'sortFeild' of type 'System.String' ... 
2025-04-15 16:39:58.4251 | DEBUG | Attempting to bind parameter 'sortFeild' of type 'System.String' using the name 'sortFeild' in request data ... 
2025-04-15 16:39:58.4251 | DEBUG | Done attempting to bind parameter 'sortFeild' of type 'System.String'. 
2025-04-15 16:39:58.4251 | DEBUG | Done attempting to bind parameter 'sortFeild' of type 'System.String'. 
2025-04-15 16:39:58.4251 | DEBUG | Attempting to validate the bound parameter 'sortFeild' of type 'System.String' ... 
2025-04-15 16:39:58.4251 | DEBUG | Done attempting to validate the bound parameter 'sortFeild' of type 'System.String'. 
2025-04-15 16:39:58.4251 | DEBUG | Attempting to bind parameter 'sortType' of type 'System.Nullable`1[System.Int32]' ... 
2025-04-15 16:39:58.4251 | DEBUG | Attempting to bind parameter 'sortType' of type 'System.Nullable`1[System.Int32]' using the name 'sortType' in request data ... 
2025-04-15 16:39:58.4251 | DEBUG | Done attempting to bind parameter 'sortType' of type 'System.Nullable`1[System.Int32]'. 
2025-04-15 16:39:58.4251 | DEBUG | Done attempting to bind parameter 'sortType' of type 'System.Nullable`1[System.Int32]'. 
2025-04-15 16:39:58.4251 | DEBUG | Attempting to validate the bound parameter 'sortType' of type 'System.Nullable`1[System.Int32]' ... 
2025-04-15 16:39:58.4251 | DEBUG | Done attempting to validate the bound parameter 'sortType' of type 'System.Nullable`1[System.Int32]'. 
2025-04-15 16:39:58.4342 | DEBUG | List of registered output formatters, in the following order: Microsoft.AspNetCore.Mvc.Formatters.HttpNoContentOutputFormatter, Microsoft.AspNetCore.Mvc.Formatters.StringOutputFormatter, Microsoft.AspNetCore.Mvc.Formatters.StreamOutputFormatter, Microsoft.AspNetCore.Mvc.Formatters.NewtonsoftJsonOutputFormatter 
2025-04-15 16:39:58.4342 | DEBUG | No information found on request to perform content negotiation. 
2025-04-15 16:39:58.4342 | DEBUG | Attempting to select an output formatter without using a content type as no explicit content types were specified for the response. 
2025-04-15 16:39:58.4342 | DEBUG | Attempting to select the first formatter in the output formatters list which can write the result. 
2025-04-15 16:39:58.4342 | DEBUG | Selected output formatter 'Microsoft.AspNetCore.Mvc.Formatters.NewtonsoftJsonOutputFormatter' and content type 'application/json' to write the response. 
2025-04-15 16:39:58.4342 | DEBUG | Connection id "0HNBS1NN8QBM2" completed keep alive response. 
2025-04-15 16:40:19.8470 | DEBUG | Connection id "0HNBS1NN8QBLU" received FIN. 
2025-04-15 16:40:19.8470 | DEBUG | Connection id "0HNBS1NN8QBLU" sending FIN because: "The client closed the connection." 
2025-04-15 16:40:19.8541 | DEBUG | Connection id "0HNBS1NN8QBLU" disconnecting. 
2025-04-15 16:40:19.8541 | DEBUG | Connection id "0HNBS1NN8QBLU" stopped. 
2025-04-15 16:40:19.9607 | DEBUG | The request path  does not match the path filter 
2025-04-15 16:40:19.9607 | DEBUG | The request has an origin header: 'http://127.0.0.1:5503'. 
2025-04-15 16:40:19.9607 | DEBUG | 1 candidate(s) found for the request path '/api/Author/GetAllBooks2' 
2025-04-15 16:40:19.9607 | DEBUG | Endpoint 'WebApplication1.Controller.AuthorController.GetAllBooks2 (WebApplication1)' with route pattern 'api/Author/GetAllBooks2' is valid for the request path '/api/Author/GetAllBooks2' 
2025-04-15 16:40:19.9607 | DEBUG | Request matched endpoint 'WebApplication1.Controller.AuthorController.GetAllBooks2 (WebApplication1)' 
2025-04-15 16:40:19.9616 | DEBUG | Execution plan of authorization filters (in the following order): None 
2025-04-15 16:40:19.9616 | DEBUG | Execution plan of resource filters (in the following order): None 
2025-04-15 16:40:19.9616 | DEBUG | Execution plan of action filters (in the following order): Microsoft.AspNetCore.Mvc.ModelBinding.UnsupportedContentTypeFilter (Order: -3000), Microsoft.AspNetCore.Mvc.Infrastructure.ModelStateInvalidFilter (Order: -2000) 
2025-04-15 16:40:19.9616 | DEBUG | Execution plan of exception filters (in the following order): None 
2025-04-15 16:40:19.9616 | DEBUG | Execution plan of result filters (in the following order): Microsoft.AspNetCore.Mvc.Infrastructure.ClientErrorResultFilter (Order: -2000) 
2025-04-15 16:40:19.9616 | DEBUG | Executing controller factory for controller WebApplication1.Controller.AuthorController (WebApplication1) 
2025-04-15 16:40:20.9746 | DEBUG | Connection id "0HNBS1NN8QBM2" received FIN. 
2025-04-15 16:40:20.9746 | DEBUG | Connection id "0HNBS1NN8QBM2" sending FIN because: "The client closed the connection." 
2025-04-15 16:40:20.9746 | DEBUG | Connection id "0HNBS1NN8QBM2" disconnecting. 
2025-04-15 16:40:21.0836 | DEBUG | Connection id "0HNBS1NN8QBM3" accepted. 
2025-04-15 16:40:21.0836 | DEBUG | Connection id "0HNBS1NN8QBM3" started. 
2025-04-15 16:40:21.0836 | DEBUG | The request path  does not match the path filter 
2025-04-15 16:40:21.0836 | DEBUG | The request has an origin header: 'http://127.0.0.1:5503'. 
2025-04-15 16:40:21.0836 | DEBUG | 1 candidate(s) found for the request path '/api/Author/GetAllBooks2' 
2025-04-15 16:40:21.0836 | DEBUG | Endpoint 'WebApplication1.Controller.AuthorController.GetAllBooks2 (WebApplication1)' with route pattern 'api/Author/GetAllBooks2' is valid for the request path '/api/Author/GetAllBooks2' 
2025-04-15 16:40:21.0836 | DEBUG | Request matched endpoint 'WebApplication1.Controller.AuthorController.GetAllBooks2 (WebApplication1)' 
2025-04-15 16:40:21.0836 | DEBUG | Execution plan of authorization filters (in the following order): None 
2025-04-15 16:40:21.0836 | DEBUG | Execution plan of resource filters (in the following order): None 
2025-04-15 16:40:21.0836 | DEBUG | Execution plan of action filters (in the following order): Microsoft.AspNetCore.Mvc.ModelBinding.UnsupportedContentTypeFilter (Order: -3000), Microsoft.AspNetCore.Mvc.Infrastructure.ModelStateInvalidFilter (Order: -2000) 
2025-04-15 16:40:21.0836 | DEBUG | Execution plan of exception filters (in the following order): None 
2025-04-15 16:40:21.0836 | DEBUG | Execution plan of result filters (in the following order): Microsoft.AspNetCore.Mvc.Infrastructure.ClientErrorResultFilter (Order: -2000) 
2025-04-15 16:40:21.0836 | DEBUG | Executing controller factory for controller WebApplication1.Controller.AuthorController (WebApplication1) 
2025-04-15 16:40:21.3769 | DEBUG | Executed controller factory for controller WebApplication1.Controller.AuthorController (WebApplication1) 
2025-04-15 16:40:21.3769 | DEBUG | Attempting to bind parameter 'skip' of type 'System.Int32' ... 
2025-04-15 16:40:21.3769 | DEBUG | Attempting to bind parameter 'skip' of type 'System.Int32' using the name 'skip' in request data ... 
2025-04-15 16:40:21.3769 | DEBUG | Done attempting to bind parameter 'skip' of type 'System.Int32'. 
2025-04-15 16:40:21.3769 | DEBUG | Done attempting to bind parameter 'skip' of type 'System.Int32'. 
2025-04-15 16:40:21.3769 | DEBUG | Attempting to validate the bound parameter 'skip' of type 'System.Int32' ... 
2025-04-15 16:40:21.3769 | DEBUG | Done attempting to validate the bound parameter 'skip' of type 'System.Int32'. 
2025-04-15 16:40:21.3769 | DEBUG | Attempting to bind parameter 'take' of type 'System.Int32' ... 
2025-04-15 16:40:21.3769 | DEBUG | Attempting to bind parameter 'take' of type 'System.Int32' using the name 'take' in request data ... 
2025-04-15 16:40:21.3769 | DEBUG | Done attempting to bind parameter 'take' of type 'System.Int32'. 
2025-04-15 16:40:21.3769 | DEBUG | Done attempting to bind parameter 'take' of type 'System.Int32'. 
2025-04-15 16:40:21.3769 | DEBUG | Attempting to validate the bound parameter 'take' of type 'System.Int32' ... 
2025-04-15 16:40:21.3769 | DEBUG | Done attempting to validate the bound parameter 'take' of type 'System.Int32'. 
2025-04-15 16:40:21.3769 | DEBUG | Attempting to bind parameter 'sortFeild' of type 'System.String' ... 
2025-04-15 16:40:21.3769 | DEBUG | Attempting to bind parameter 'sortFeild' of type 'System.String' using the name 'sortFeild' in request data ... 
2025-04-15 16:40:21.3769 | DEBUG | Done attempting to bind parameter 'sortFeild' of type 'System.String'. 
2025-04-15 16:40:21.3769 | DEBUG | Done attempting to bind parameter 'sortFeild' of type 'System.String'. 
2025-04-15 16:40:21.3769 | DEBUG | Attempting to validate the bound parameter 'sortFeild' of type 'System.String' ... 
2025-04-15 16:40:21.3769 | DEBUG | Done attempting to validate the bound parameter 'sortFeild' of type 'System.String'. 
2025-04-15 16:40:21.3769 | DEBUG | Attempting to bind parameter 'sortType' of type 'System.Nullable`1[System.Int32]' ... 
2025-04-15 16:40:21.3769 | DEBUG | Attempting to bind parameter 'sortType' of type 'System.Nullable`1[System.Int32]' using the name 'sortType' in request data ... 
2025-04-15 16:40:21.3769 | DEBUG | Done attempting to bind parameter 'sortType' of type 'System.Nullable`1[System.Int32]'. 
2025-04-15 16:40:21.3769 | DEBUG | Done attempting to bind parameter 'sortType' of type 'System.Nullable`1[System.Int32]'. 
2025-04-15 16:40:21.3769 | DEBUG | Attempting to validate the bound parameter 'sortType' of type 'System.Nullable`1[System.Int32]' ... 
2025-04-15 16:40:21.3769 | DEBUG | Done attempting to validate the bound parameter 'sortType' of type 'System.Nullable`1[System.Int32]'. 
2025-04-15 16:40:21.3874 | DEBUG | List of registered output formatters, in the following order: Microsoft.AspNetCore.Mvc.Formatters.HttpNoContentOutputFormatter, Microsoft.AspNetCore.Mvc.Formatters.StringOutputFormatter, Microsoft.AspNetCore.Mvc.Formatters.StreamOutputFormatter, Microsoft.AspNetCore.Mvc.Formatters.NewtonsoftJsonOutputFormatter 
2025-04-15 16:40:21.3874 | DEBUG | No information found on request to perform content negotiation. 
2025-04-15 16:40:21.3874 | DEBUG | Attempting to select an output formatter without using a content type as no explicit content types were specified for the response. 
2025-04-15 16:40:21.3874 | DEBUG | Attempting to select the first formatter in the output formatters list which can write the result. 
2025-04-15 16:40:21.3874 | DEBUG | Selected output formatter 'Microsoft.AspNetCore.Mvc.Formatters.NewtonsoftJsonOutputFormatter' and content type 'application/json' to write the response. 
2025-04-15 16:40:21.3874 | DEBUG | Connection id "0HNBS1NN8QBM2" stopped. 
2025-04-15 16:40:21.3874 | DEBUG | Executed controller factory for controller WebApplication1.Controller.AuthorController (WebApplication1) 
2025-04-15 16:40:21.3874 | DEBUG | Attempting to bind parameter 'skip' of type 'System.Int32' ... 
2025-04-15 16:40:21.3874 | DEBUG | Attempting to bind parameter 'skip' of type 'System.Int32' using the name 'skip' in request data ... 
2025-04-15 16:40:21.3874 | DEBUG | Done attempting to bind parameter 'skip' of type 'System.Int32'. 
2025-04-15 16:40:21.3874 | DEBUG | Done attempting to bind parameter 'skip' of type 'System.Int32'. 
2025-04-15 16:40:21.3874 | DEBUG | Attempting to validate the bound parameter 'skip' of type 'System.Int32' ... 
2025-04-15 16:40:21.3874 | DEBUG | Done attempting to validate the bound parameter 'skip' of type 'System.Int32'. 
2025-04-15 16:40:21.3874 | DEBUG | Attempting to bind parameter 'take' of type 'System.Int32' ... 
2025-04-15 16:40:21.3874 | DEBUG | Attempting to bind parameter 'take' of type 'System.Int32' using the name 'take' in request data ... 
2025-04-15 16:40:21.3874 | DEBUG | Done attempting to bind parameter 'take' of type 'System.Int32'. 
2025-04-15 16:40:21.3874 | DEBUG | Done attempting to bind parameter 'take' of type 'System.Int32'. 
2025-04-15 16:40:21.3874 | DEBUG | Attempting to validate the bound parameter 'take' of type 'System.Int32' ... 
2025-04-15 16:40:21.3874 | DEBUG | Done attempting to validate the bound parameter 'take' of type 'System.Int32'. 
2025-04-15 16:40:21.3874 | DEBUG | Attempting to bind parameter 'sortFeild' of type 'System.String' ... 
2025-04-15 16:40:21.3874 | DEBUG | Attempting to bind parameter 'sortFeild' of type 'System.String' using the name 'sortFeild' in request data ... 
2025-04-15 16:40:21.3874 | DEBUG | Done attempting to bind parameter 'sortFeild' of type 'System.String'. 
2025-04-15 16:40:21.3874 | DEBUG | Done attempting to bind parameter 'sortFeild' of type 'System.String'. 
2025-04-15 16:40:21.3874 | DEBUG | Attempting to validate the bound parameter 'sortFeild' of type 'System.String' ... 
2025-04-15 16:40:21.3874 | DEBUG | Done attempting to validate the bound parameter 'sortFeild' of type 'System.String'. 
2025-04-15 16:40:21.3874 | DEBUG | Attempting to bind parameter 'sortType' of type 'System.Nullable`1[System.Int32]' ... 
2025-04-15 16:40:21.3874 | DEBUG | Attempting to bind parameter 'sortType' of type 'System.Nullable`1[System.Int32]' using the name 'sortType' in request data ... 
2025-04-15 16:40:21.3874 | DEBUG | Done attempting to bind parameter 'sortType' of type 'System.Nullable`1[System.Int32]'. 
2025-04-15 16:40:21.3874 | DEBUG | Done attempting to bind parameter 'sortType' of type 'System.Nullable`1[System.Int32]'. 
2025-04-15 16:40:21.3874 | DEBUG | Attempting to validate the bound parameter 'sortType' of type 'System.Nullable`1[System.Int32]' ... 
2025-04-15 16:40:21.3874 | DEBUG | Done attempting to validate the bound parameter 'sortType' of type 'System.Nullable`1[System.Int32]'. 
2025-04-15 16:40:21.3874 | DEBUG | List of registered output formatters, in the following order: Microsoft.AspNetCore.Mvc.Formatters.HttpNoContentOutputFormatter, Microsoft.AspNetCore.Mvc.Formatters.StringOutputFormatter, Microsoft.AspNetCore.Mvc.Formatters.StreamOutputFormatter, Microsoft.AspNetCore.Mvc.Formatters.NewtonsoftJsonOutputFormatter 
2025-04-15 16:40:21.3874 | DEBUG | No information found on request to perform content negotiation. 
2025-04-15 16:40:21.3874 | DEBUG | Attempting to select an output formatter without using a content type as no explicit content types were specified for the response. 
2025-04-15 16:40:21.3874 | DEBUG | Attempting to select the first formatter in the output formatters list which can write the result. 
2025-04-15 16:40:21.3874 | DEBUG | Selected output formatter 'Microsoft.AspNetCore.Mvc.Formatters.NewtonsoftJsonOutputFormatter' and content type 'application/json' to write the response. 
2025-04-15 16:40:21.3994 | DEBUG | Connection id "0HNBS1NN8QBM3" completed keep alive response. 
2025-04-15 16:40:27.0447 | DEBUG | The request path  does not match the path filter 
2025-04-15 16:40:27.0447 | DEBUG | The request has an origin header: 'http://127.0.0.1:5503'. 
2025-04-15 16:40:27.0447 | DEBUG | 1 candidate(s) found for the request path '/api/Author/GetAllBooks2' 
2025-04-15 16:40:27.0447 | DEBUG | Endpoint 'WebApplication1.Controller.AuthorController.GetAllBooks2 (WebApplication1)' with route pattern 'api/Author/GetAllBooks2' is valid for the request path '/api/Author/GetAllBooks2' 
2025-04-15 16:40:27.0447 | DEBUG | Request matched endpoint 'WebApplication1.Controller.AuthorController.GetAllBooks2 (WebApplication1)' 
2025-04-15 16:40:27.0447 | DEBUG | Execution plan of authorization filters (in the following order): None 
2025-04-15 16:40:27.0447 | DEBUG | Execution plan of resource filters (in the following order): None 
2025-04-15 16:40:27.0447 | DEBUG | Execution plan of action filters (in the following order): Microsoft.AspNetCore.Mvc.ModelBinding.UnsupportedContentTypeFilter (Order: -3000), Microsoft.AspNetCore.Mvc.Infrastructure.ModelStateInvalidFilter (Order: -2000) 
2025-04-15 16:40:27.0447 | DEBUG | Execution plan of exception filters (in the following order): None 
2025-04-15 16:40:27.0447 | DEBUG | Execution plan of result filters (in the following order): Microsoft.AspNetCore.Mvc.Infrastructure.ClientErrorResultFilter (Order: -2000) 
2025-04-15 16:40:27.0447 | DEBUG | Executing controller factory for controller WebApplication1.Controller.AuthorController (WebApplication1) 
2025-04-15 16:40:27.0927 | DEBUG | Executed controller factory for controller WebApplication1.Controller.AuthorController (WebApplication1) 
2025-04-15 16:40:27.0927 | DEBUG | Attempting to bind parameter 'skip' of type 'System.Int32' ... 
2025-04-15 16:40:27.0927 | DEBUG | Attempting to bind parameter 'skip' of type 'System.Int32' using the name 'skip' in request data ... 
2025-04-15 16:40:27.0927 | DEBUG | Done attempting to bind parameter 'skip' of type 'System.Int32'. 
2025-04-15 16:40:27.0927 | DEBUG | Done attempting to bind parameter 'skip' of type 'System.Int32'. 
2025-04-15 16:40:27.0927 | DEBUG | Attempting to validate the bound parameter 'skip' of type 'System.Int32' ... 
2025-04-15 16:40:27.0927 | DEBUG | Done attempting to validate the bound parameter 'skip' of type 'System.Int32'. 
2025-04-15 16:40:27.0927 | DEBUG | Attempting to bind parameter 'take' of type 'System.Int32' ... 
2025-04-15 16:40:27.0927 | DEBUG | Attempting to bind parameter 'take' of type 'System.Int32' using the name 'take' in request data ... 
2025-04-15 16:40:27.0927 | DEBUG | Done attempting to bind parameter 'take' of type 'System.Int32'. 
2025-04-15 16:40:27.0927 | DEBUG | Done attempting to bind parameter 'take' of type 'System.Int32'. 
2025-04-15 16:40:27.0927 | DEBUG | Attempting to validate the bound parameter 'take' of type 'System.Int32' ... 
2025-04-15 16:40:27.0927 | DEBUG | Done attempting to validate the bound parameter 'take' of type 'System.Int32'. 
2025-04-15 16:40:27.0927 | DEBUG | Attempting to bind parameter 'sortFeild' of type 'System.String' ... 
2025-04-15 16:40:27.0927 | DEBUG | Attempting to bind parameter 'sortFeild' of type 'System.String' using the name 'sortFeild' in request data ... 
2025-04-15 16:40:27.0927 | DEBUG | Done attempting to bind parameter 'sortFeild' of type 'System.String'. 
2025-04-15 16:40:27.0927 | DEBUG | Done attempting to bind parameter 'sortFeild' of type 'System.String'. 
2025-04-15 16:40:27.0927 | DEBUG | Attempting to validate the bound parameter 'sortFeild' of type 'System.String' ... 
2025-04-15 16:40:27.0927 | DEBUG | Done attempting to validate the bound parameter 'sortFeild' of type 'System.String'. 
2025-04-15 16:40:27.0927 | DEBUG | Attempting to bind parameter 'sortType' of type 'System.Nullable`1[System.Int32]' ... 
2025-04-15 16:40:27.0927 | DEBUG | Attempting to bind parameter 'sortType' of type 'System.Nullable`1[System.Int32]' using the name 'sortType' in request data ... 
2025-04-15 16:40:27.0927 | DEBUG | Done attempting to bind parameter 'sortType' of type 'System.Nullable`1[System.Int32]'. 
2025-04-15 16:40:27.0927 | DEBUG | Done attempting to bind parameter 'sortType' of type 'System.Nullable`1[System.Int32]'. 
2025-04-15 16:40:27.0927 | DEBUG | Attempting to validate the bound parameter 'sortType' of type 'System.Nullable`1[System.Int32]' ... 
2025-04-15 16:40:27.0927 | DEBUG | Done attempting to validate the bound parameter 'sortType' of type 'System.Nullable`1[System.Int32]'. 
2025-04-15 16:40:27.0927 | DEBUG | List of registered output formatters, in the following order: Microsoft.AspNetCore.Mvc.Formatters.HttpNoContentOutputFormatter, Microsoft.AspNetCore.Mvc.Formatters.StringOutputFormatter, Microsoft.AspNetCore.Mvc.Formatters.StreamOutputFormatter, Microsoft.AspNetCore.Mvc.Formatters.NewtonsoftJsonOutputFormatter 
2025-04-15 16:40:27.0927 | DEBUG | No information found on request to perform content negotiation. 
2025-04-15 16:40:27.0927 | DEBUG | Attempting to select an output formatter without using a content type as no explicit content types were specified for the response. 
2025-04-15 16:40:27.0927 | DEBUG | Attempting to select the first formatter in the output formatters list which can write the result. 
2025-04-15 16:40:27.0927 | DEBUG | Selected output formatter 'Microsoft.AspNetCore.Mvc.Formatters.NewtonsoftJsonOutputFormatter' and content type 'application/json' to write the response. 
2025-04-15 16:40:27.0927 | DEBUG | Connection id "0HNBS1NN8QBM3" completed keep alive response. 
2025-04-15 16:40:27.2565 | DEBUG | The request path  does not match the path filter 
2025-04-15 16:40:27.2565 | DEBUG | The request has an origin header: 'http://127.0.0.1:5503'. 
2025-04-15 16:40:27.2565 | DEBUG | 1 candidate(s) found for the request path '/api/Author/GetAllBooks2' 
2025-04-15 16:40:27.2565 | DEBUG | Endpoint 'WebApplication1.Controller.AuthorController.GetAllBooks2 (WebApplication1)' with route pattern 'api/Author/GetAllBooks2' is valid for the request path '/api/Author/GetAllBooks2' 
2025-04-15 16:40:27.2565 | DEBUG | Request matched endpoint 'WebApplication1.Controller.AuthorController.GetAllBooks2 (WebApplication1)' 
2025-04-15 16:40:27.2565 | DEBUG | Execution plan of authorization filters (in the following order): None 
2025-04-15 16:40:27.2565 | DEBUG | Execution plan of resource filters (in the following order): None 
2025-04-15 16:40:27.2565 | DEBUG | Execution plan of action filters (in the following order): Microsoft.AspNetCore.Mvc.ModelBinding.UnsupportedContentTypeFilter (Order: -3000), Microsoft.AspNetCore.Mvc.Infrastructure.ModelStateInvalidFilter (Order: -2000) 
2025-04-15 16:40:27.2565 | DEBUG | Execution plan of exception filters (in the following order): None 
2025-04-15 16:40:27.2565 | DEBUG | Execution plan of result filters (in the following order): Microsoft.AspNetCore.Mvc.Infrastructure.ClientErrorResultFilter (Order: -2000) 
2025-04-15 16:40:27.2565 | DEBUG | Executing controller factory for controller WebApplication1.Controller.AuthorController (WebApplication1) 
2025-04-15 16:40:27.2771 | DEBUG | Executed controller factory for controller WebApplication1.Controller.AuthorController (WebApplication1) 
2025-04-15 16:40:27.2771 | DEBUG | Attempting to bind parameter 'skip' of type 'System.Int32' ... 
2025-04-15 16:40:27.2771 | DEBUG | Attempting to bind parameter 'skip' of type 'System.Int32' using the name 'skip' in request data ... 
2025-04-15 16:40:27.2771 | DEBUG | Done attempting to bind parameter 'skip' of type 'System.Int32'. 
2025-04-15 16:40:27.2771 | DEBUG | Done attempting to bind parameter 'skip' of type 'System.Int32'. 
2025-04-15 16:40:27.2771 | DEBUG | Attempting to validate the bound parameter 'skip' of type 'System.Int32' ... 
2025-04-15 16:40:27.2771 | DEBUG | Done attempting to validate the bound parameter 'skip' of type 'System.Int32'. 
2025-04-15 16:40:27.2771 | DEBUG | Attempting to bind parameter 'take' of type 'System.Int32' ... 
2025-04-15 16:40:27.2771 | DEBUG | Attempting to bind parameter 'take' of type 'System.Int32' using the name 'take' in request data ... 
2025-04-15 16:40:27.2771 | DEBUG | Done attempting to bind parameter 'take' of type 'System.Int32'. 
2025-04-15 16:40:27.2771 | DEBUG | Done attempting to bind parameter 'take' of type 'System.Int32'. 
2025-04-15 16:40:27.2771 | DEBUG | Attempting to validate the bound parameter 'take' of type 'System.Int32' ... 
2025-04-15 16:40:27.2771 | DEBUG | Done attempting to validate the bound parameter 'take' of type 'System.Int32'. 
2025-04-15 16:40:27.2771 | DEBUG | Attempting to bind parameter 'sortFeild' of type 'System.String' ... 
2025-04-15 16:40:27.2771 | DEBUG | Attempting to bind parameter 'sortFeild' of type 'System.String' using the name 'sortFeild' in request data ... 
2025-04-15 16:40:27.2771 | DEBUG | Done attempting to bind parameter 'sortFeild' of type 'System.String'. 
2025-04-15 16:40:27.2771 | DEBUG | Done attempting to bind parameter 'sortFeild' of type 'System.String'. 
2025-04-15 16:40:27.2771 | DEBUG | Attempting to validate the bound parameter 'sortFeild' of type 'System.String' ... 
2025-04-15 16:40:27.2771 | DEBUG | Done attempting to validate the bound parameter 'sortFeild' of type 'System.String'. 
2025-04-15 16:40:27.2771 | DEBUG | Attempting to bind parameter 'sortType' of type 'System.Nullable`1[System.Int32]' ... 
2025-04-15 16:40:27.2771 | DEBUG | Attempting to bind parameter 'sortType' of type 'System.Nullable`1[System.Int32]' using the name 'sortType' in request data ... 
2025-04-15 16:40:27.2771 | DEBUG | Done attempting to bind parameter 'sortType' of type 'System.Nullable`1[System.Int32]'. 
2025-04-15 16:40:27.2771 | DEBUG | Done attempting to bind parameter 'sortType' of type 'System.Nullable`1[System.Int32]'. 
2025-04-15 16:40:27.2771 | DEBUG | Attempting to validate the bound parameter 'sortType' of type 'System.Nullable`1[System.Int32]' ... 
2025-04-15 16:40:27.2771 | DEBUG | Done attempting to validate the bound parameter 'sortType' of type 'System.Nullable`1[System.Int32]'. 
2025-04-15 16:40:27.2771 | DEBUG | List of registered output formatters, in the following order: Microsoft.AspNetCore.Mvc.Formatters.HttpNoContentOutputFormatter, Microsoft.AspNetCore.Mvc.Formatters.StringOutputFormatter, Microsoft.AspNetCore.Mvc.Formatters.StreamOutputFormatter, Microsoft.AspNetCore.Mvc.Formatters.NewtonsoftJsonOutputFormatter 
2025-04-15 16:40:27.2771 | DEBUG | No information found on request to perform content negotiation. 
2025-04-15 16:40:27.2771 | DEBUG | Attempting to select an output formatter without using a content type as no explicit content types were specified for the response. 
2025-04-15 16:40:27.2771 | DEBUG | Attempting to select the first formatter in the output formatters list which can write the result. 
2025-04-15 16:40:27.2771 | DEBUG | Selected output formatter 'Microsoft.AspNetCore.Mvc.Formatters.NewtonsoftJsonOutputFormatter' and content type 'application/json' to write the response. 
2025-04-15 16:40:27.2771 | DEBUG | Connection id "0HNBS1NN8QBM3" completed keep alive response. 
2025-04-15 16:40:28.2886 | DEBUG | The request path  does not match the path filter 
2025-04-15 16:40:28.2886 | DEBUG | The request has an origin header: 'http://127.0.0.1:5503'. 
2025-04-15 16:40:28.2886 | DEBUG | 1 candidate(s) found for the request path '/api/Author/GetAllBooks2' 
2025-04-15 16:40:28.2886 | DEBUG | Endpoint 'WebApplication1.Controller.AuthorController.GetAllBooks2 (WebApplication1)' with route pattern 'api/Author/GetAllBooks2' is valid for the request path '/api/Author/GetAllBooks2' 
2025-04-15 16:40:28.2886 | DEBUG | Request matched endpoint 'WebApplication1.Controller.AuthorController.GetAllBooks2 (WebApplication1)' 
2025-04-15 16:40:28.2894 | DEBUG | Execution plan of authorization filters (in the following order): None 
2025-04-15 16:40:28.2894 | DEBUG | Execution plan of resource filters (in the following order): None 
2025-04-15 16:40:28.2894 | DEBUG | Execution plan of action filters (in the following order): Microsoft.AspNetCore.Mvc.ModelBinding.UnsupportedContentTypeFilter (Order: -3000), Microsoft.AspNetCore.Mvc.Infrastructure.ModelStateInvalidFilter (Order: -2000) 
2025-04-15 16:40:28.2894 | DEBUG | Execution plan of exception filters (in the following order): None 
2025-04-15 16:40:28.2894 | DEBUG | Execution plan of result filters (in the following order): Microsoft.AspNetCore.Mvc.Infrastructure.ClientErrorResultFilter (Order: -2000) 
2025-04-15 16:40:28.2894 | DEBUG | Executing controller factory for controller WebApplication1.Controller.AuthorController (WebApplication1) 
2025-04-15 16:40:28.2894 | DEBUG | Executed controller factory for controller WebApplication1.Controller.AuthorController (WebApplication1) 
2025-04-15 16:40:28.2894 | DEBUG | Attempting to bind parameter 'skip' of type 'System.Int32' ... 
2025-04-15 16:40:28.2894 | DEBUG | Attempting to bind parameter 'skip' of type 'System.Int32' using the name 'skip' in request data ... 
2025-04-15 16:40:28.2894 | DEBUG | Done attempting to bind parameter 'skip' of type 'System.Int32'. 
2025-04-15 16:40:28.2894 | DEBUG | Done attempting to bind parameter 'skip' of type 'System.Int32'. 
2025-04-15 16:40:28.2894 | DEBUG | Attempting to validate the bound parameter 'skip' of type 'System.Int32' ... 
2025-04-15 16:40:28.2894 | DEBUG | Done attempting to validate the bound parameter 'skip' of type 'System.Int32'. 
2025-04-15 16:40:28.2894 | DEBUG | Attempting to bind parameter 'take' of type 'System.Int32' ... 
2025-04-15 16:40:28.2894 | DEBUG | Attempting to bind parameter 'take' of type 'System.Int32' using the name 'take' in request data ... 
2025-04-15 16:40:28.2894 | DEBUG | Done attempting to bind parameter 'take' of type 'System.Int32'. 
2025-04-15 16:40:28.2894 | DEBUG | Done attempting to bind parameter 'take' of type 'System.Int32'. 
2025-04-15 16:40:28.2894 | DEBUG | Attempting to validate the bound parameter 'take' of type 'System.Int32' ... 
2025-04-15 16:40:28.2894 | DEBUG | Done attempting to validate the bound parameter 'take' of type 'System.Int32'. 
2025-04-15 16:40:28.2894 | DEBUG | Attempting to bind parameter 'sortFeild' of type 'System.String' ... 
2025-04-15 16:40:28.2894 | DEBUG | Attempting to bind parameter 'sortFeild' of type 'System.String' using the name 'sortFeild' in request data ... 
2025-04-15 16:40:28.2894 | DEBUG | Done attempting to bind parameter 'sortFeild' of type 'System.String'. 
2025-04-15 16:40:28.2894 | DEBUG | Done attempting to bind parameter 'sortFeild' of type 'System.String'. 
2025-04-15 16:40:28.2894 | DEBUG | Attempting to validate the bound parameter 'sortFeild' of type 'System.String' ... 
2025-04-15 16:40:28.2894 | DEBUG | Done attempting to validate the bound parameter 'sortFeild' of type 'System.String'. 
2025-04-15 16:40:28.2894 | DEBUG | Attempting to bind parameter 'sortType' of type 'System.Nullable`1[System.Int32]' ... 
2025-04-15 16:40:28.2894 | DEBUG | Attempting to bind parameter 'sortType' of type 'System.Nullable`1[System.Int32]' using the name 'sortType' in request data ... 
2025-04-15 16:40:28.2894 | DEBUG | Done attempting to bind parameter 'sortType' of type 'System.Nullable`1[System.Int32]'. 
2025-04-15 16:40:28.2894 | DEBUG | Done attempting to bind parameter 'sortType' of type 'System.Nullable`1[System.Int32]'. 
2025-04-15 16:40:28.2894 | DEBUG | Attempting to validate the bound parameter 'sortType' of type 'System.Nullable`1[System.Int32]' ... 
2025-04-15 16:40:28.2894 | DEBUG | Done attempting to validate the bound parameter 'sortType' of type 'System.Nullable`1[System.Int32]'. 
2025-04-15 16:40:28.3054 | DEBUG | List of registered output formatters, in the following order: Microsoft.AspNetCore.Mvc.Formatters.HttpNoContentOutputFormatter, Microsoft.AspNetCore.Mvc.Formatters.StringOutputFormatter, Microsoft.AspNetCore.Mvc.Formatters.StreamOutputFormatter, Microsoft.AspNetCore.Mvc.Formatters.NewtonsoftJsonOutputFormatter 
2025-04-15 16:40:28.3054 | DEBUG | No information found on request to perform content negotiation. 
2025-04-15 16:40:28.3054 | DEBUG | Attempting to select an output formatter without using a content type as no explicit content types were specified for the response. 
2025-04-15 16:40:28.3054 | DEBUG | Attempting to select the first formatter in the output formatters list which can write the result. 
2025-04-15 16:40:28.3054 | DEBUG | Selected output formatter 'Microsoft.AspNetCore.Mvc.Formatters.NewtonsoftJsonOutputFormatter' and content type 'application/json' to write the response. 
2025-04-15 16:40:28.3054 | DEBUG | Connection id "0HNBS1NN8QBM3" completed keep alive response. 
2025-04-15 16:40:28.6057 | DEBUG | The request path  does not match the path filter 
2025-04-15 16:40:28.6057 | DEBUG | The request has an origin header: 'http://127.0.0.1:5503'. 
2025-04-15 16:40:28.6057 | DEBUG | 1 candidate(s) found for the request path '/api/Author/GetAllBooks2' 
2025-04-15 16:40:28.6057 | DEBUG | Endpoint 'WebApplication1.Controller.AuthorController.GetAllBooks2 (WebApplication1)' with route pattern 'api/Author/GetAllBooks2' is valid for the request path '/api/Author/GetAllBooks2' 
2025-04-15 16:40:28.6057 | DEBUG | Request matched endpoint 'WebApplication1.Controller.AuthorController.GetAllBooks2 (WebApplication1)' 
2025-04-15 16:40:28.6057 | DEBUG | Execution plan of authorization filters (in the following order): None 
2025-04-15 16:40:28.6057 | DEBUG | Execution plan of resource filters (in the following order): None 
2025-04-15 16:40:28.6057 | DEBUG | Execution plan of action filters (in the following order): Microsoft.AspNetCore.Mvc.ModelBinding.UnsupportedContentTypeFilter (Order: -3000), Microsoft.AspNetCore.Mvc.Infrastructure.ModelStateInvalidFilter (Order: -2000) 
2025-04-15 16:40:28.6057 | DEBUG | Execution plan of exception filters (in the following order): None 
2025-04-15 16:40:28.6057 | DEBUG | Execution plan of result filters (in the following order): Microsoft.AspNetCore.Mvc.Infrastructure.ClientErrorResultFilter (Order: -2000) 
2025-04-15 16:40:28.6057 | DEBUG | Executing controller factory for controller WebApplication1.Controller.AuthorController (WebApplication1) 
2025-04-15 16:40:28.6215 | DEBUG | Executed controller factory for controller WebApplication1.Controller.AuthorController (WebApplication1) 
2025-04-15 16:40:28.6215 | DEBUG | Attempting to bind parameter 'skip' of type 'System.Int32' ... 
2025-04-15 16:40:28.6215 | DEBUG | Attempting to bind parameter 'skip' of type 'System.Int32' using the name 'skip' in request data ... 
2025-04-15 16:40:28.6215 | DEBUG | Done attempting to bind parameter 'skip' of type 'System.Int32'. 
2025-04-15 16:40:28.6215 | DEBUG | Done attempting to bind parameter 'skip' of type 'System.Int32'. 
2025-04-15 16:40:28.6215 | DEBUG | Attempting to validate the bound parameter 'skip' of type 'System.Int32' ... 
2025-04-15 16:40:28.6215 | DEBUG | Done attempting to validate the bound parameter 'skip' of type 'System.Int32'. 
2025-04-15 16:40:28.6215 | DEBUG | Attempting to bind parameter 'take' of type 'System.Int32' ... 
2025-04-15 16:40:28.6215 | DEBUG | Attempting to bind parameter 'take' of type 'System.Int32' using the name 'take' in request data ... 
2025-04-15 16:40:28.6215 | DEBUG | Done attempting to bind parameter 'take' of type 'System.Int32'. 
2025-04-15 16:40:28.6215 | DEBUG | Done attempting to bind parameter 'take' of type 'System.Int32'. 
2025-04-15 16:40:28.6215 | DEBUG | Attempting to validate the bound parameter 'take' of type 'System.Int32' ... 
2025-04-15 16:40:28.6215 | DEBUG | Done attempting to validate the bound parameter 'take' of type 'System.Int32'. 
2025-04-15 16:40:28.6215 | DEBUG | Attempting to bind parameter 'sortFeild' of type 'System.String' ... 
2025-04-15 16:40:28.6215 | DEBUG | Attempting to bind parameter 'sortFeild' of type 'System.String' using the name 'sortFeild' in request data ... 
2025-04-15 16:40:28.6215 | DEBUG | Done attempting to bind parameter 'sortFeild' of type 'System.String'. 
2025-04-15 16:40:28.6215 | DEBUG | Done attempting to bind parameter 'sortFeild' of type 'System.String'. 
2025-04-15 16:40:28.6215 | DEBUG | Attempting to validate the bound parameter 'sortFeild' of type 'System.String' ... 
2025-04-15 16:40:28.6215 | DEBUG | Done attempting to validate the bound parameter 'sortFeild' of type 'System.String'. 
2025-04-15 16:40:28.6215 | DEBUG | Attempting to bind parameter 'sortType' of type 'System.Nullable`1[System.Int32]' ... 
2025-04-15 16:40:28.6215 | DEBUG | Attempting to bind parameter 'sortType' of type 'System.Nullable`1[System.Int32]' using the name 'sortType' in request data ... 
2025-04-15 16:40:28.6215 | DEBUG | Done attempting to bind parameter 'sortType' of type 'System.Nullable`1[System.Int32]'. 
2025-04-15 16:40:28.6215 | DEBUG | Done attempting to bind parameter 'sortType' of type 'System.Nullable`1[System.Int32]'. 
2025-04-15 16:40:28.6215 | DEBUG | Attempting to validate the bound parameter 'sortType' of type 'System.Nullable`1[System.Int32]' ... 
2025-04-15 16:40:28.6215 | DEBUG | Done attempting to validate the bound parameter 'sortType' of type 'System.Nullable`1[System.Int32]'. 
2025-04-15 16:40:28.6215 | DEBUG | List of registered output formatters, in the following order: Microsoft.AspNetCore.Mvc.Formatters.HttpNoContentOutputFormatter, Microsoft.AspNetCore.Mvc.Formatters.StringOutputFormatter, Microsoft.AspNetCore.Mvc.Formatters.StreamOutputFormatter, Microsoft.AspNetCore.Mvc.Formatters.NewtonsoftJsonOutputFormatter 
2025-04-15 16:40:28.6215 | DEBUG | No information found on request to perform content negotiation. 
2025-04-15 16:40:28.6215 | DEBUG | Attempting to select an output formatter without using a content type as no explicit content types were specified for the response. 
2025-04-15 16:40:28.6215 | DEBUG | Attempting to select the first formatter in the output formatters list which can write the result. 
2025-04-15 16:40:28.6215 | DEBUG | Selected output formatter 'Microsoft.AspNetCore.Mvc.Formatters.NewtonsoftJsonOutputFormatter' and content type 'application/json' to write the response. 
2025-04-15 16:40:28.6215 | DEBUG | Connection id "0HNBS1NN8QBM3" completed keep alive response. 
2025-04-15 16:40:35.7658 | DEBUG | The request path  does not match the path filter 
2025-04-15 16:40:35.7658 | DEBUG | The request has an origin header: 'http://127.0.0.1:5503'. 
2025-04-15 16:40:35.7658 | DEBUG | 1 candidate(s) found for the request path '/api/Author/GetAllBooks2' 
2025-04-15 16:40:35.7658 | DEBUG | Endpoint 'WebApplication1.Controller.AuthorController.GetAllBooks2 (WebApplication1)' with route pattern 'api/Author/GetAllBooks2' is valid for the request path '/api/Author/GetAllBooks2' 
2025-04-15 16:40:35.7658 | DEBUG | Request matched endpoint 'WebApplication1.Controller.AuthorController.GetAllBooks2 (WebApplication1)' 
2025-04-15 16:40:35.7658 | DEBUG | Execution plan of authorization filters (in the following order): None 
2025-04-15 16:40:35.7658 | DEBUG | Execution plan of resource filters (in the following order): None 
2025-04-15 16:40:35.7658 | DEBUG | Execution plan of action filters (in the following order): Microsoft.AspNetCore.Mvc.ModelBinding.UnsupportedContentTypeFilter (Order: -3000), Microsoft.AspNetCore.Mvc.Infrastructure.ModelStateInvalidFilter (Order: -2000) 
2025-04-15 16:40:35.7658 | DEBUG | Execution plan of exception filters (in the following order): None 
2025-04-15 16:40:35.7658 | DEBUG | Execution plan of result filters (in the following order): Microsoft.AspNetCore.Mvc.Infrastructure.ClientErrorResultFilter (Order: -2000) 
2025-04-15 16:40:35.7658 | DEBUG | Executing controller factory for controller WebApplication1.Controller.AuthorController (WebApplication1) 
2025-04-15 16:40:35.7861 | DEBUG | Executed controller factory for controller WebApplication1.Controller.AuthorController (WebApplication1) 
2025-04-15 16:40:35.7861 | DEBUG | Attempting to bind parameter 'skip' of type 'System.Int32' ... 
2025-04-15 16:40:35.7861 | DEBUG | Attempting to bind parameter 'skip' of type 'System.Int32' using the name 'skip' in request data ... 
2025-04-15 16:40:35.7861 | DEBUG | Done attempting to bind parameter 'skip' of type 'System.Int32'. 
2025-04-15 16:40:35.7861 | DEBUG | Done attempting to bind parameter 'skip' of type 'System.Int32'. 
2025-04-15 16:40:35.7861 | DEBUG | Attempting to validate the bound parameter 'skip' of type 'System.Int32' ... 
2025-04-15 16:40:35.7861 | DEBUG | Done attempting to validate the bound parameter 'skip' of type 'System.Int32'. 
2025-04-15 16:40:35.7861 | DEBUG | Attempting to bind parameter 'take' of type 'System.Int32' ... 
2025-04-15 16:40:35.7861 | DEBUG | Attempting to bind parameter 'take' of type 'System.Int32' using the name 'take' in request data ... 
2025-04-15 16:40:35.7861 | DEBUG | Done attempting to bind parameter 'take' of type 'System.Int32'. 
2025-04-15 16:40:35.7861 | DEBUG | Done attempting to bind parameter 'take' of type 'System.Int32'. 
2025-04-15 16:40:35.7861 | DEBUG | Attempting to validate the bound parameter 'take' of type 'System.Int32' ... 
2025-04-15 16:40:35.7861 | DEBUG | Done attempting to validate the bound parameter 'take' of type 'System.Int32'. 
2025-04-15 16:40:35.7861 | DEBUG | Attempting to bind parameter 'sortFeild' of type 'System.String' ... 
2025-04-15 16:40:35.7861 | DEBUG | Attempting to bind parameter 'sortFeild' of type 'System.String' using the name 'sortFeild' in request data ... 
2025-04-15 16:40:35.7861 | DEBUG | Done attempting to bind parameter 'sortFeild' of type 'System.String'. 
2025-04-15 16:40:35.7861 | DEBUG | Done attempting to bind parameter 'sortFeild' of type 'System.String'. 
2025-04-15 16:40:35.7861 | DEBUG | Attempting to validate the bound parameter 'sortFeild' of type 'System.String' ... 
2025-04-15 16:40:35.7861 | DEBUG | Done attempting to validate the bound parameter 'sortFeild' of type 'System.String'. 
2025-04-15 16:40:35.7861 | DEBUG | Attempting to bind parameter 'sortType' of type 'System.Nullable`1[System.Int32]' ... 
2025-04-15 16:40:35.7861 | DEBUG | Attempting to bind parameter 'sortType' of type 'System.Nullable`1[System.Int32]' using the name 'sortType' in request data ... 
2025-04-15 16:40:35.7861 | DEBUG | Done attempting to bind parameter 'sortType' of type 'System.Nullable`1[System.Int32]'. 
2025-04-15 16:40:35.7861 | DEBUG | Done attempting to bind parameter 'sortType' of type 'System.Nullable`1[System.Int32]'. 
2025-04-15 16:40:35.7861 | DEBUG | Attempting to validate the bound parameter 'sortType' of type 'System.Nullable`1[System.Int32]' ... 
2025-04-15 16:40:35.7861 | DEBUG | Done attempting to validate the bound parameter 'sortType' of type 'System.Nullable`1[System.Int32]'. 
2025-04-15 16:40:35.7951 | DEBUG | List of registered output formatters, in the following order: Microsoft.AspNetCore.Mvc.Formatters.HttpNoContentOutputFormatter, Microsoft.AspNetCore.Mvc.Formatters.StringOutputFormatter, Microsoft.AspNetCore.Mvc.Formatters.StreamOutputFormatter, Microsoft.AspNetCore.Mvc.Formatters.NewtonsoftJsonOutputFormatter 
2025-04-15 16:40:35.7951 | DEBUG | No information found on request to perform content negotiation. 
2025-04-15 16:40:35.7951 | DEBUG | Attempting to select an output formatter without using a content type as no explicit content types were specified for the response. 
2025-04-15 16:40:35.7951 | DEBUG | Attempting to select the first formatter in the output formatters list which can write the result. 
2025-04-15 16:40:35.7951 | DEBUG | Selected output formatter 'Microsoft.AspNetCore.Mvc.Formatters.NewtonsoftJsonOutputFormatter' and content type 'application/json' to write the response. 
2025-04-15 16:40:35.7951 | DEBUG | Connection id "0HNBS1NN8QBM3" completed keep alive response. 
2025-04-15 16:40:35.9819 | DEBUG | The request path  does not match the path filter 
2025-04-15 16:40:35.9819 | DEBUG | The request has an origin header: 'http://127.0.0.1:5503'. 
2025-04-15 16:40:35.9819 | DEBUG | 1 candidate(s) found for the request path '/api/Author/GetAllBooks2' 
2025-04-15 16:40:35.9819 | DEBUG | Endpoint 'WebApplication1.Controller.AuthorController.GetAllBooks2 (WebApplication1)' with route pattern 'api/Author/GetAllBooks2' is valid for the request path '/api/Author/GetAllBooks2' 
2025-04-15 16:40:35.9819 | DEBUG | Request matched endpoint 'WebApplication1.Controller.AuthorController.GetAllBooks2 (WebApplication1)' 
2025-04-15 16:40:35.9819 | DEBUG | Execution plan of authorization filters (in the following order): None 
2025-04-15 16:40:35.9819 | DEBUG | Execution plan of resource filters (in the following order): None 
2025-04-15 16:40:35.9819 | DEBUG | Execution plan of action filters (in the following order): Microsoft.AspNetCore.Mvc.ModelBinding.UnsupportedContentTypeFilter (Order: -3000), Microsoft.AspNetCore.Mvc.Infrastructure.ModelStateInvalidFilter (Order: -2000) 
2025-04-15 16:40:35.9819 | DEBUG | Execution plan of exception filters (in the following order): None 
2025-04-15 16:40:35.9819 | DEBUG | Execution plan of result filters (in the following order): Microsoft.AspNetCore.Mvc.Infrastructure.ClientErrorResultFilter (Order: -2000) 
2025-04-15 16:40:35.9819 | DEBUG | Executing controller factory for controller WebApplication1.Controller.AuthorController (WebApplication1) 
2025-04-15 16:40:35.9977 | DEBUG | Executed controller factory for controller WebApplication1.Controller.AuthorController (WebApplication1) 
2025-04-15 16:40:35.9977 | DEBUG | Attempting to bind parameter 'skip' of type 'System.Int32' ... 
2025-04-15 16:40:35.9977 | DEBUG | Attempting to bind parameter 'skip' of type 'System.Int32' using the name 'skip' in request data ... 
2025-04-15 16:40:35.9977 | DEBUG | Done attempting to bind parameter 'skip' of type 'System.Int32'. 
2025-04-15 16:40:35.9977 | DEBUG | Done attempting to bind parameter 'skip' of type 'System.Int32'. 
2025-04-15 16:40:35.9977 | DEBUG | Attempting to validate the bound parameter 'skip' of type 'System.Int32' ... 
2025-04-15 16:40:35.9977 | DEBUG | Done attempting to validate the bound parameter 'skip' of type 'System.Int32'. 
2025-04-15 16:40:35.9977 | DEBUG | Attempting to bind parameter 'take' of type 'System.Int32' ... 
2025-04-15 16:40:35.9977 | DEBUG | Attempting to bind parameter 'take' of type 'System.Int32' using the name 'take' in request data ... 
2025-04-15 16:40:35.9977 | DEBUG | Done attempting to bind parameter 'take' of type 'System.Int32'. 
2025-04-15 16:40:35.9977 | DEBUG | Done attempting to bind parameter 'take' of type 'System.Int32'. 
2025-04-15 16:40:35.9977 | DEBUG | Attempting to validate the bound parameter 'take' of type 'System.Int32' ... 
2025-04-15 16:40:35.9977 | DEBUG | Done attempting to validate the bound parameter 'take' of type 'System.Int32'. 
2025-04-15 16:40:35.9977 | DEBUG | Attempting to bind parameter 'sortFeild' of type 'System.String' ... 
2025-04-15 16:40:35.9977 | DEBUG | Attempting to bind parameter 'sortFeild' of type 'System.String' using the name 'sortFeild' in request data ... 
2025-04-15 16:40:35.9977 | DEBUG | Done attempting to bind parameter 'sortFeild' of type 'System.String'. 
2025-04-15 16:40:35.9977 | DEBUG | Done attempting to bind parameter 'sortFeild' of type 'System.String'. 
2025-04-15 16:40:35.9977 | DEBUG | Attempting to validate the bound parameter 'sortFeild' of type 'System.String' ... 
2025-04-15 16:40:35.9977 | DEBUG | Done attempting to validate the bound parameter 'sortFeild' of type 'System.String'. 
2025-04-15 16:40:35.9977 | DEBUG | Attempting to bind parameter 'sortType' of type 'System.Nullable`1[System.Int32]' ... 
2025-04-15 16:40:35.9977 | DEBUG | Attempting to bind parameter 'sortType' of type 'System.Nullable`1[System.Int32]' using the name 'sortType' in request data ... 
2025-04-15 16:40:35.9977 | DEBUG | Done attempting to bind parameter 'sortType' of type 'System.Nullable`1[System.Int32]'. 
2025-04-15 16:40:35.9977 | DEBUG | Done attempting to bind parameter 'sortType' of type 'System.Nullable`1[System.Int32]'. 
2025-04-15 16:40:35.9977 | DEBUG | Attempting to validate the bound parameter 'sortType' of type 'System.Nullable`1[System.Int32]' ... 
2025-04-15 16:40:35.9977 | DEBUG | Done attempting to validate the bound parameter 'sortType' of type 'System.Nullable`1[System.Int32]'. 
2025-04-15 16:40:35.9977 | DEBUG | List of registered output formatters, in the following order: Microsoft.AspNetCore.Mvc.Formatters.HttpNoContentOutputFormatter, Microsoft.AspNetCore.Mvc.Formatters.StringOutputFormatter, Microsoft.AspNetCore.Mvc.Formatters.StreamOutputFormatter, Microsoft.AspNetCore.Mvc.Formatters.NewtonsoftJsonOutputFormatter 
2025-04-15 16:40:35.9977 | DEBUG | No information found on request to perform content negotiation. 
2025-04-15 16:40:35.9977 | DEBUG | Attempting to select an output formatter without using a content type as no explicit content types were specified for the response. 
2025-04-15 16:40:35.9977 | DEBUG | Attempting to select the first formatter in the output formatters list which can write the result. 
2025-04-15 16:40:35.9977 | DEBUG | Selected output formatter 'Microsoft.AspNetCore.Mvc.Formatters.NewtonsoftJsonOutputFormatter' and content type 'application/json' to write the response. 
2025-04-15 16:40:35.9977 | DEBUG | Connection id "0HNBS1NN8QBM3" completed keep alive response. 
2025-04-15 16:40:36.9861 | DEBUG | The request path  does not match the path filter 
2025-04-15 16:40:36.9861 | DEBUG | The request has an origin header: 'http://127.0.0.1:5503'. 
2025-04-15 16:40:36.9861 | DEBUG | 1 candidate(s) found for the request path '/api/Author/GetAllBooks2' 
2025-04-15 16:40:36.9861 | DEBUG | Endpoint 'WebApplication1.Controller.AuthorController.GetAllBooks2 (WebApplication1)' with route pattern 'api/Author/GetAllBooks2' is valid for the request path '/api/Author/GetAllBooks2' 
2025-04-15 16:40:36.9861 | DEBUG | Request matched endpoint 'WebApplication1.Controller.AuthorController.GetAllBooks2 (WebApplication1)' 
2025-04-15 16:40:36.9861 | DEBUG | Execution plan of authorization filters (in the following order): None 
2025-04-15 16:40:36.9861 | DEBUG | Execution plan of resource filters (in the following order): None 
2025-04-15 16:40:36.9861 | DEBUG | Execution plan of action filters (in the following order): Microsoft.AspNetCore.Mvc.ModelBinding.UnsupportedContentTypeFilter (Order: -3000), Microsoft.AspNetCore.Mvc.Infrastructure.ModelStateInvalidFilter (Order: -2000) 
2025-04-15 16:40:36.9861 | DEBUG | Execution plan of exception filters (in the following order): None 
2025-04-15 16:40:36.9861 | DEBUG | Execution plan of result filters (in the following order): Microsoft.AspNetCore.Mvc.Infrastructure.ClientErrorResultFilter (Order: -2000) 
2025-04-15 16:40:36.9861 | DEBUG | Executing controller factory for controller WebApplication1.Controller.AuthorController (WebApplication1) 
2025-04-15 16:40:37.0027 | DEBUG | Executed controller factory for controller WebApplication1.Controller.AuthorController (WebApplication1) 
2025-04-15 16:40:37.0027 | DEBUG | Attempting to bind parameter 'skip' of type 'System.Int32' ... 
2025-04-15 16:40:37.0027 | DEBUG | Attempting to bind parameter 'skip' of type 'System.Int32' using the name 'skip' in request data ... 
2025-04-15 16:40:37.0027 | DEBUG | Done attempting to bind parameter 'skip' of type 'System.Int32'. 
2025-04-15 16:40:37.0027 | DEBUG | Done attempting to bind parameter 'skip' of type 'System.Int32'. 
2025-04-15 16:40:37.0027 | DEBUG | Attempting to validate the bound parameter 'skip' of type 'System.Int32' ... 
2025-04-15 16:40:37.0027 | DEBUG | Done attempting to validate the bound parameter 'skip' of type 'System.Int32'. 
2025-04-15 16:40:37.0027 | DEBUG | Attempting to bind parameter 'take' of type 'System.Int32' ... 
2025-04-15 16:40:37.0027 | DEBUG | Attempting to bind parameter 'take' of type 'System.Int32' using the name 'take' in request data ... 
2025-04-15 16:40:37.0027 | DEBUG | Done attempting to bind parameter 'take' of type 'System.Int32'. 
2025-04-15 16:40:37.0027 | DEBUG | Done attempting to bind parameter 'take' of type 'System.Int32'. 
2025-04-15 16:40:37.0027 | DEBUG | Attempting to validate the bound parameter 'take' of type 'System.Int32' ... 
2025-04-15 16:40:37.0027 | DEBUG | Done attempting to validate the bound parameter 'take' of type 'System.Int32'. 
2025-04-15 16:40:37.0027 | DEBUG | Attempting to bind parameter 'sortFeild' of type 'System.String' ... 
2025-04-15 16:40:37.0027 | DEBUG | Attempting to bind parameter 'sortFeild' of type 'System.String' using the name 'sortFeild' in request data ... 
2025-04-15 16:40:37.0027 | DEBUG | Done attempting to bind parameter 'sortFeild' of type 'System.String'. 
2025-04-15 16:40:37.0027 | DEBUG | Done attempting to bind parameter 'sortFeild' of type 'System.String'. 
2025-04-15 16:40:37.0027 | DEBUG | Attempting to validate the bound parameter 'sortFeild' of type 'System.String' ... 
2025-04-15 16:40:37.0027 | DEBUG | Done attempting to validate the bound parameter 'sortFeild' of type 'System.String'. 
2025-04-15 16:40:37.0027 | DEBUG | Attempting to bind parameter 'sortType' of type 'System.Nullable`1[System.Int32]' ... 
2025-04-15 16:40:37.0027 | DEBUG | Attempting to bind parameter 'sortType' of type 'System.Nullable`1[System.Int32]' using the name 'sortType' in request data ... 
2025-04-15 16:40:37.0027 | DEBUG | Done attempting to bind parameter 'sortType' of type 'System.Nullable`1[System.Int32]'. 
2025-04-15 16:40:37.0027 | DEBUG | Done attempting to bind parameter 'sortType' of type 'System.Nullable`1[System.Int32]'. 
2025-04-15 16:40:37.0027 | DEBUG | Attempting to validate the bound parameter 'sortType' of type 'System.Nullable`1[System.Int32]' ... 
2025-04-15 16:40:37.0027 | DEBUG | Done attempting to validate the bound parameter 'sortType' of type 'System.Nullable`1[System.Int32]'. 
2025-04-15 16:40:37.0118 | DEBUG | List of registered output formatters, in the following order: Microsoft.AspNetCore.Mvc.Formatters.HttpNoContentOutputFormatter, Microsoft.AspNetCore.Mvc.Formatters.StringOutputFormatter, Microsoft.AspNetCore.Mvc.Formatters.StreamOutputFormatter, Microsoft.AspNetCore.Mvc.Formatters.NewtonsoftJsonOutputFormatter 
2025-04-15 16:40:37.0118 | DEBUG | No information found on request to perform content negotiation. 
2025-04-15 16:40:37.0118 | DEBUG | Attempting to select an output formatter without using a content type as no explicit content types were specified for the response. 
2025-04-15 16:40:37.0118 | DEBUG | Attempting to select the first formatter in the output formatters list which can write the result. 
2025-04-15 16:40:37.0118 | DEBUG | Selected output formatter 'Microsoft.AspNetCore.Mvc.Formatters.NewtonsoftJsonOutputFormatter' and content type 'application/json' to write the response. 
2025-04-15 16:40:37.0118 | DEBUG | Connection id "0HNBS1NN8QBM3" completed keep alive response. 
2025-04-15 16:40:41.1376 | DEBUG | The request path  does not match the path filter 
2025-04-15 16:40:41.1376 | DEBUG | The request has an origin header: 'http://127.0.0.1:5503'. 
2025-04-15 16:40:41.1376 | DEBUG | 1 candidate(s) found for the request path '/api/Author/GetAllBooks2' 
2025-04-15 16:40:41.1376 | DEBUG | Endpoint 'WebApplication1.Controller.AuthorController.GetAllBooks2 (WebApplication1)' with route pattern 'api/Author/GetAllBooks2' is valid for the request path '/api/Author/GetAllBooks2' 
2025-04-15 16:40:41.1376 | DEBUG | Request matched endpoint 'WebApplication1.Controller.AuthorController.GetAllBooks2 (WebApplication1)' 
2025-04-15 16:40:41.1376 | DEBUG | Execution plan of authorization filters (in the following order): None 
2025-04-15 16:40:41.1376 | DEBUG | Execution plan of resource filters (in the following order): None 
2025-04-15 16:40:41.1376 | DEBUG | Execution plan of action filters (in the following order): Microsoft.AspNetCore.Mvc.ModelBinding.UnsupportedContentTypeFilter (Order: -3000), Microsoft.AspNetCore.Mvc.Infrastructure.ModelStateInvalidFilter (Order: -2000) 
2025-04-15 16:40:41.1376 | DEBUG | Execution plan of exception filters (in the following order): None 
2025-04-15 16:40:41.1376 | DEBUG | Execution plan of result filters (in the following order): Microsoft.AspNetCore.Mvc.Infrastructure.ClientErrorResultFilter (Order: -2000) 
2025-04-15 16:40:41.1376 | DEBUG | Executing controller factory for controller WebApplication1.Controller.AuthorController (WebApplication1) 
2025-04-15 16:40:41.1568 | DEBUG | Executed controller factory for controller WebApplication1.Controller.AuthorController (WebApplication1) 
2025-04-15 16:40:41.1568 | DEBUG | Attempting to bind parameter 'skip' of type 'System.Int32' ... 
2025-04-15 16:40:41.1568 | DEBUG | Attempting to bind parameter 'skip' of type 'System.Int32' using the name 'skip' in request data ... 
2025-04-15 16:40:41.1568 | DEBUG | Done attempting to bind parameter 'skip' of type 'System.Int32'. 
2025-04-15 16:40:41.1568 | DEBUG | Done attempting to bind parameter 'skip' of type 'System.Int32'. 
2025-04-15 16:40:41.1568 | DEBUG | Attempting to validate the bound parameter 'skip' of type 'System.Int32' ... 
2025-04-15 16:40:41.1568 | DEBUG | Done attempting to validate the bound parameter 'skip' of type 'System.Int32'. 
2025-04-15 16:40:41.1568 | DEBUG | Attempting to bind parameter 'take' of type 'System.Int32' ... 
2025-04-15 16:40:41.1568 | DEBUG | Attempting to bind parameter 'take' of type 'System.Int32' using the name 'take' in request data ... 
2025-04-15 16:40:41.1568 | DEBUG | Done attempting to bind parameter 'take' of type 'System.Int32'. 
2025-04-15 16:40:41.1568 | DEBUG | Done attempting to bind parameter 'take' of type 'System.Int32'. 
2025-04-15 16:40:41.1568 | DEBUG | Attempting to validate the bound parameter 'take' of type 'System.Int32' ... 
2025-04-15 16:40:41.1568 | DEBUG | Done attempting to validate the bound parameter 'take' of type 'System.Int32'. 
2025-04-15 16:40:41.1568 | DEBUG | Attempting to bind parameter 'sortFeild' of type 'System.String' ... 
2025-04-15 16:40:41.1568 | DEBUG | Attempting to bind parameter 'sortFeild' of type 'System.String' using the name 'sortFeild' in request data ... 
2025-04-15 16:40:41.1568 | DEBUG | Done attempting to bind parameter 'sortFeild' of type 'System.String'. 
2025-04-15 16:40:41.1568 | DEBUG | Done attempting to bind parameter 'sortFeild' of type 'System.String'. 
2025-04-15 16:40:41.1568 | DEBUG | Attempting to validate the bound parameter 'sortFeild' of type 'System.String' ... 
2025-04-15 16:40:41.1568 | DEBUG | Done attempting to validate the bound parameter 'sortFeild' of type 'System.String'. 
2025-04-15 16:40:41.1568 | DEBUG | Attempting to bind parameter 'sortType' of type 'System.Nullable`1[System.Int32]' ... 
2025-04-15 16:40:41.1568 | DEBUG | Attempting to bind parameter 'sortType' of type 'System.Nullable`1[System.Int32]' using the name 'sortType' in request data ... 
2025-04-15 16:40:41.1568 | DEBUG | Done attempting to bind parameter 'sortType' of type 'System.Nullable`1[System.Int32]'. 
2025-04-15 16:40:41.1568 | DEBUG | Done attempting to bind parameter 'sortType' of type 'System.Nullable`1[System.Int32]'. 
2025-04-15 16:40:41.1568 | DEBUG | Attempting to validate the bound parameter 'sortType' of type 'System.Nullable`1[System.Int32]' ... 
2025-04-15 16:40:41.1568 | DEBUG | Done attempting to validate the bound parameter 'sortType' of type 'System.Nullable`1[System.Int32]'. 
2025-04-15 16:40:41.1655 | DEBUG | List of registered output formatters, in the following order: Microsoft.AspNetCore.Mvc.Formatters.HttpNoContentOutputFormatter, Microsoft.AspNetCore.Mvc.Formatters.StringOutputFormatter, Microsoft.AspNetCore.Mvc.Formatters.StreamOutputFormatter, Microsoft.AspNetCore.Mvc.Formatters.NewtonsoftJsonOutputFormatter 
2025-04-15 16:40:41.1655 | DEBUG | No information found on request to perform content negotiation. 
2025-04-15 16:40:41.1655 | DEBUG | Attempting to select an output formatter without using a content type as no explicit content types were specified for the response. 
2025-04-15 16:40:41.1655 | DEBUG | Attempting to select the first formatter in the output formatters list which can write the result. 
2025-04-15 16:40:41.1655 | DEBUG | Selected output formatter 'Microsoft.AspNetCore.Mvc.Formatters.NewtonsoftJsonOutputFormatter' and content type 'application/json' to write the response. 
2025-04-15 16:40:41.1655 | DEBUG | Connection id "0HNBS1NN8QBM3" completed keep alive response. 
2025-04-15 16:40:41.3586 | DEBUG | The request path  does not match the path filter 
2025-04-15 16:40:41.3586 | DEBUG | The request has an origin header: 'http://127.0.0.1:5503'. 
2025-04-15 16:40:41.3586 | DEBUG | 1 candidate(s) found for the request path '/api/Author/GetAllBooks2' 
2025-04-15 16:40:41.3586 | DEBUG | Endpoint 'WebApplication1.Controller.AuthorController.GetAllBooks2 (WebApplication1)' with route pattern 'api/Author/GetAllBooks2' is valid for the request path '/api/Author/GetAllBooks2' 
2025-04-15 16:40:41.3586 | DEBUG | Request matched endpoint 'WebApplication1.Controller.AuthorController.GetAllBooks2 (WebApplication1)' 
2025-04-15 16:40:41.3586 | DEBUG | Execution plan of authorization filters (in the following order): None 
2025-04-15 16:40:41.3586 | DEBUG | Execution plan of resource filters (in the following order): None 
2025-04-15 16:40:41.3586 | DEBUG | Execution plan of action filters (in the following order): Microsoft.AspNetCore.Mvc.ModelBinding.UnsupportedContentTypeFilter (Order: -3000), Microsoft.AspNetCore.Mvc.Infrastructure.ModelStateInvalidFilter (Order: -2000) 
2025-04-15 16:40:41.3586 | DEBUG | Execution plan of exception filters (in the following order): None 
2025-04-15 16:40:41.3586 | DEBUG | Execution plan of result filters (in the following order): Microsoft.AspNetCore.Mvc.Infrastructure.ClientErrorResultFilter (Order: -2000) 
2025-04-15 16:40:41.3586 | DEBUG | Executing controller factory for controller WebApplication1.Controller.AuthorController (WebApplication1) 
2025-04-15 16:40:41.3747 | DEBUG | Executed controller factory for controller WebApplication1.Controller.AuthorController (WebApplication1) 
2025-04-15 16:40:41.3747 | DEBUG | Attempting to bind parameter 'skip' of type 'System.Int32' ... 
2025-04-15 16:40:41.3747 | DEBUG | Attempting to bind parameter 'skip' of type 'System.Int32' using the name 'skip' in request data ... 
2025-04-15 16:40:41.3747 | DEBUG | Done attempting to bind parameter 'skip' of type 'System.Int32'. 
2025-04-15 16:40:41.3747 | DEBUG | Done attempting to bind parameter 'skip' of type 'System.Int32'. 
2025-04-15 16:40:41.3747 | DEBUG | Attempting to validate the bound parameter 'skip' of type 'System.Int32' ... 
2025-04-15 16:40:41.3747 | DEBUG | Done attempting to validate the bound parameter 'skip' of type 'System.Int32'. 
2025-04-15 16:40:41.3747 | DEBUG | Attempting to bind parameter 'take' of type 'System.Int32' ... 
2025-04-15 16:40:41.3747 | DEBUG | Attempting to bind parameter 'take' of type 'System.Int32' using the name 'take' in request data ... 
2025-04-15 16:40:41.3747 | DEBUG | Done attempting to bind parameter 'take' of type 'System.Int32'. 
2025-04-15 16:40:41.3747 | DEBUG | Done attempting to bind parameter 'take' of type 'System.Int32'. 
2025-04-15 16:40:41.3747 | DEBUG | Attempting to validate the bound parameter 'take' of type 'System.Int32' ... 
2025-04-15 16:40:41.3747 | DEBUG | Done attempting to validate the bound parameter 'take' of type 'System.Int32'. 
2025-04-15 16:40:41.3747 | DEBUG | Attempting to bind parameter 'sortFeild' of type 'System.String' ... 
2025-04-15 16:40:41.3747 | DEBUG | Attempting to bind parameter 'sortFeild' of type 'System.String' using the name 'sortFeild' in request data ... 
2025-04-15 16:40:41.3747 | DEBUG | Done attempting to bind parameter 'sortFeild' of type 'System.String'. 
2025-04-15 16:40:41.3747 | DEBUG | Done attempting to bind parameter 'sortFeild' of type 'System.String'. 
2025-04-15 16:40:41.3747 | DEBUG | Attempting to validate the bound parameter 'sortFeild' of type 'System.String' ... 
2025-04-15 16:40:41.3747 | DEBUG | Done attempting to validate the bound parameter 'sortFeild' of type 'System.String'. 
2025-04-15 16:40:41.3747 | DEBUG | Attempting to bind parameter 'sortType' of type 'System.Nullable`1[System.Int32]' ... 
2025-04-15 16:40:41.3747 | DEBUG | Attempting to bind parameter 'sortType' of type 'System.Nullable`1[System.Int32]' using the name 'sortType' in request data ... 
2025-04-15 16:40:41.3747 | DEBUG | Done attempting to bind parameter 'sortType' of type 'System.Nullable`1[System.Int32]'. 
2025-04-15 16:40:41.3747 | DEBUG | Done attempting to bind parameter 'sortType' of type 'System.Nullable`1[System.Int32]'. 
2025-04-15 16:40:41.3747 | DEBUG | Attempting to validate the bound parameter 'sortType' of type 'System.Nullable`1[System.Int32]' ... 
2025-04-15 16:40:41.3747 | DEBUG | Done attempting to validate the bound parameter 'sortType' of type 'System.Nullable`1[System.Int32]'. 
2025-04-15 16:40:41.3747 | DEBUG | List of registered output formatters, in the following order: Microsoft.AspNetCore.Mvc.Formatters.HttpNoContentOutputFormatter, Microsoft.AspNetCore.Mvc.Formatters.StringOutputFormatter, Microsoft.AspNetCore.Mvc.Formatters.StreamOutputFormatter, Microsoft.AspNetCore.Mvc.Formatters.NewtonsoftJsonOutputFormatter 
2025-04-15 16:40:41.3747 | DEBUG | No information found on request to perform content negotiation. 
2025-04-15 16:40:41.3747 | DEBUG | Attempting to select an output formatter without using a content type as no explicit content types were specified for the response. 
2025-04-15 16:40:41.3747 | DEBUG | Attempting to select the first formatter in the output formatters list which can write the result. 
2025-04-15 16:40:41.3747 | DEBUG | Selected output formatter 'Microsoft.AspNetCore.Mvc.Formatters.NewtonsoftJsonOutputFormatter' and content type 'application/json' to write the response. 
2025-04-15 16:40:41.3747 | DEBUG | Connection id "0HNBS1NN8QBM3" completed keep alive response. 
2025-04-15 16:40:42.2220 | DEBUG | The request path  does not match the path filter 
2025-04-15 16:40:42.2220 | DEBUG | The request has an origin header: 'http://127.0.0.1:5503'. 
2025-04-15 16:40:42.2220 | DEBUG | 1 candidate(s) found for the request path '/api/Author/GetAllBooks2' 
2025-04-15 16:40:42.2220 | DEBUG | Endpoint 'WebApplication1.Controller.AuthorController.GetAllBooks2 (WebApplication1)' with route pattern 'api/Author/GetAllBooks2' is valid for the request path '/api/Author/GetAllBooks2' 
2025-04-15 16:40:42.2220 | DEBUG | Request matched endpoint 'WebApplication1.Controller.AuthorController.GetAllBooks2 (WebApplication1)' 
2025-04-15 16:40:42.2220 | DEBUG | Execution plan of authorization filters (in the following order): None 
2025-04-15 16:40:42.2220 | DEBUG | Execution plan of resource filters (in the following order): None 
2025-04-15 16:40:42.2220 | DEBUG | Execution plan of action filters (in the following order): Microsoft.AspNetCore.Mvc.ModelBinding.UnsupportedContentTypeFilter (Order: -3000), Microsoft.AspNetCore.Mvc.Infrastructure.ModelStateInvalidFilter (Order: -2000) 
2025-04-15 16:40:42.2220 | DEBUG | Execution plan of exception filters (in the following order): None 
2025-04-15 16:40:42.2220 | DEBUG | Execution plan of result filters (in the following order): Microsoft.AspNetCore.Mvc.Infrastructure.ClientErrorResultFilter (Order: -2000) 
2025-04-15 16:40:42.2220 | DEBUG | Executing controller factory for controller WebApplication1.Controller.AuthorController (WebApplication1) 
2025-04-15 16:40:42.2382 | DEBUG | Executed controller factory for controller WebApplication1.Controller.AuthorController (WebApplication1) 
2025-04-15 16:40:42.2382 | DEBUG | Attempting to bind parameter 'skip' of type 'System.Int32' ... 
2025-04-15 16:40:42.2382 | DEBUG | Attempting to bind parameter 'skip' of type 'System.Int32' using the name 'skip' in request data ... 
2025-04-15 16:40:42.2382 | DEBUG | Done attempting to bind parameter 'skip' of type 'System.Int32'. 
2025-04-15 16:40:42.2382 | DEBUG | Done attempting to bind parameter 'skip' of type 'System.Int32'. 
2025-04-15 16:40:42.2382 | DEBUG | Attempting to validate the bound parameter 'skip' of type 'System.Int32' ... 
2025-04-15 16:40:42.2382 | DEBUG | Done attempting to validate the bound parameter 'skip' of type 'System.Int32'. 
2025-04-15 16:40:42.2382 | DEBUG | Attempting to bind parameter 'take' of type 'System.Int32' ... 
2025-04-15 16:40:42.2382 | DEBUG | Attempting to bind parameter 'take' of type 'System.Int32' using the name 'take' in request data ... 
2025-04-15 16:40:42.2382 | DEBUG | Done attempting to bind parameter 'take' of type 'System.Int32'. 
2025-04-15 16:40:42.2382 | DEBUG | Done attempting to bind parameter 'take' of type 'System.Int32'. 
2025-04-15 16:40:42.2382 | DEBUG | Attempting to validate the bound parameter 'take' of type 'System.Int32' ... 
2025-04-15 16:40:42.2382 | DEBUG | Done attempting to validate the bound parameter 'take' of type 'System.Int32'. 
2025-04-15 16:40:42.2382 | DEBUG | Attempting to bind parameter 'sortFeild' of type 'System.String' ... 
2025-04-15 16:40:42.2382 | DEBUG | Attempting to bind parameter 'sortFeild' of type 'System.String' using the name 'sortFeild' in request data ... 
2025-04-15 16:40:42.2382 | DEBUG | Done attempting to bind parameter 'sortFeild' of type 'System.String'. 
2025-04-15 16:40:42.2382 | DEBUG | Done attempting to bind parameter 'sortFeild' of type 'System.String'. 
2025-04-15 16:40:42.2382 | DEBUG | Attempting to validate the bound parameter 'sortFeild' of type 'System.String' ... 
2025-04-15 16:40:42.2382 | DEBUG | Done attempting to validate the bound parameter 'sortFeild' of type 'System.String'. 
2025-04-15 16:40:42.2382 | DEBUG | Attempting to bind parameter 'sortType' of type 'System.Nullable`1[System.Int32]' ... 
2025-04-15 16:40:42.2382 | DEBUG | Attempting to bind parameter 'sortType' of type 'System.Nullable`1[System.Int32]' using the name 'sortType' in request data ... 
2025-04-15 16:40:42.2382 | DEBUG | Done attempting to bind parameter 'sortType' of type 'System.Nullable`1[System.Int32]'. 
2025-04-15 16:40:42.2382 | DEBUG | Done attempting to bind parameter 'sortType' of type 'System.Nullable`1[System.Int32]'. 
2025-04-15 16:40:42.2382 | DEBUG | Attempting to validate the bound parameter 'sortType' of type 'System.Nullable`1[System.Int32]' ... 
2025-04-15 16:40:42.2382 | DEBUG | Done attempting to validate the bound parameter 'sortType' of type 'System.Nullable`1[System.Int32]'. 
2025-04-15 16:40:42.2469 | DEBUG | List of registered output formatters, in the following order: Microsoft.AspNetCore.Mvc.Formatters.HttpNoContentOutputFormatter, Microsoft.AspNetCore.Mvc.Formatters.StringOutputFormatter, Microsoft.AspNetCore.Mvc.Formatters.StreamOutputFormatter, Microsoft.AspNetCore.Mvc.Formatters.NewtonsoftJsonOutputFormatter 
2025-04-15 16:40:42.2469 | DEBUG | No information found on request to perform content negotiation. 
2025-04-15 16:40:42.2469 | DEBUG | Attempting to select an output formatter without using a content type as no explicit content types were specified for the response. 
2025-04-15 16:40:42.2469 | DEBUG | Attempting to select the first formatter in the output formatters list which can write the result. 
2025-04-15 16:40:42.2469 | DEBUG | Selected output formatter 'Microsoft.AspNetCore.Mvc.Formatters.NewtonsoftJsonOutputFormatter' and content type 'application/json' to write the response. 
2025-04-15 16:40:42.2469 | DEBUG | Connection id "0HNBS1NN8QBM3" completed keep alive response. 
2025-04-15 16:40:48.3541 | DEBUG | The request path  does not match the path filter 
2025-04-15 16:40:48.3541 | DEBUG | The request has an origin header: 'http://127.0.0.1:5503'. 
2025-04-15 16:40:48.3541 | DEBUG | 1 candidate(s) found for the request path '/api/Author/GetAllBooks2' 
2025-04-15 16:40:48.3541 | DEBUG | Endpoint 'WebApplication1.Controller.AuthorController.GetAllBooks2 (WebApplication1)' with route pattern 'api/Author/GetAllBooks2' is valid for the request path '/api/Author/GetAllBooks2' 
2025-04-15 16:40:48.3541 | DEBUG | Request matched endpoint 'WebApplication1.Controller.AuthorController.GetAllBooks2 (WebApplication1)' 
2025-04-15 16:40:48.3541 | DEBUG | Execution plan of authorization filters (in the following order): None 
2025-04-15 16:40:48.3541 | DEBUG | Execution plan of resource filters (in the following order): None 
2025-04-15 16:40:48.3541 | DEBUG | Execution plan of action filters (in the following order): Microsoft.AspNetCore.Mvc.ModelBinding.UnsupportedContentTypeFilter (Order: -3000), Microsoft.AspNetCore.Mvc.Infrastructure.ModelStateInvalidFilter (Order: -2000) 
2025-04-15 16:40:48.3541 | DEBUG | Execution plan of exception filters (in the following order): None 
2025-04-15 16:40:48.3541 | DEBUG | Execution plan of result filters (in the following order): Microsoft.AspNetCore.Mvc.Infrastructure.ClientErrorResultFilter (Order: -2000) 
2025-04-15 16:40:48.3541 | DEBUG | Executing controller factory for controller WebApplication1.Controller.AuthorController (WebApplication1) 
2025-04-15 16:40:48.3541 | DEBUG | Executed controller factory for controller WebApplication1.Controller.AuthorController (WebApplication1) 
2025-04-15 16:40:48.3541 | DEBUG | Attempting to bind parameter 'skip' of type 'System.Int32' ... 
2025-04-15 16:40:48.3541 | DEBUG | Attempting to bind parameter 'skip' of type 'System.Int32' using the name 'skip' in request data ... 
2025-04-15 16:40:48.3541 | DEBUG | Done attempting to bind parameter 'skip' of type 'System.Int32'. 
2025-04-15 16:40:48.3541 | DEBUG | Done attempting to bind parameter 'skip' of type 'System.Int32'. 
2025-04-15 16:40:48.3541 | DEBUG | Attempting to validate the bound parameter 'skip' of type 'System.Int32' ... 
2025-04-15 16:40:48.3541 | DEBUG | Done attempting to validate the bound parameter 'skip' of type 'System.Int32'. 
2025-04-15 16:40:48.3541 | DEBUG | Attempting to bind parameter 'take' of type 'System.Int32' ... 
2025-04-15 16:40:48.3541 | DEBUG | Attempting to bind parameter 'take' of type 'System.Int32' using the name 'take' in request data ... 
2025-04-15 16:40:48.3541 | DEBUG | Done attempting to bind parameter 'take' of type 'System.Int32'. 
2025-04-15 16:40:48.3541 | DEBUG | Done attempting to bind parameter 'take' of type 'System.Int32'. 
2025-04-15 16:40:48.3541 | DEBUG | Attempting to validate the bound parameter 'take' of type 'System.Int32' ... 
2025-04-15 16:40:48.3541 | DEBUG | Done attempting to validate the bound parameter 'take' of type 'System.Int32'. 
2025-04-15 16:40:48.3541 | DEBUG | Attempting to bind parameter 'sortFeild' of type 'System.String' ... 
2025-04-15 16:40:48.3541 | DEBUG | Attempting to bind parameter 'sortFeild' of type 'System.String' using the name 'sortFeild' in request data ... 
2025-04-15 16:40:48.3541 | DEBUG | Done attempting to bind parameter 'sortFeild' of type 'System.String'. 
2025-04-15 16:40:48.3541 | DEBUG | Done attempting to bind parameter 'sortFeild' of type 'System.String'. 
2025-04-15 16:40:48.3541 | DEBUG | Attempting to validate the bound parameter 'sortFeild' of type 'System.String' ... 
2025-04-15 16:40:48.3541 | DEBUG | Done attempting to validate the bound parameter 'sortFeild' of type 'System.String'. 
2025-04-15 16:40:48.3541 | DEBUG | Attempting to bind parameter 'sortType' of type 'System.Nullable`1[System.Int32]' ... 
2025-04-15 16:40:48.3541 | DEBUG | Attempting to bind parameter 'sortType' of type 'System.Nullable`1[System.Int32]' using the name 'sortType' in request data ... 
2025-04-15 16:40:48.3541 | DEBUG | Done attempting to bind parameter 'sortType' of type 'System.Nullable`1[System.Int32]'. 
2025-04-15 16:40:48.3541 | DEBUG | Done attempting to bind parameter 'sortType' of type 'System.Nullable`1[System.Int32]'. 
2025-04-15 16:40:48.3541 | DEBUG | Attempting to validate the bound parameter 'sortType' of type 'System.Nullable`1[System.Int32]' ... 
2025-04-15 16:40:48.3541 | DEBUG | Done attempting to validate the bound parameter 'sortType' of type 'System.Nullable`1[System.Int32]'. 
2025-04-15 16:40:48.3819 | DEBUG | List of registered output formatters, in the following order: Microsoft.AspNetCore.Mvc.Formatters.HttpNoContentOutputFormatter, Microsoft.AspNetCore.Mvc.Formatters.StringOutputFormatter, Microsoft.AspNetCore.Mvc.Formatters.StreamOutputFormatter, Microsoft.AspNetCore.Mvc.Formatters.NewtonsoftJsonOutputFormatter 
2025-04-15 16:40:48.3819 | DEBUG | No information found on request to perform content negotiation. 
2025-04-15 16:40:48.3819 | DEBUG | Attempting to select an output formatter without using a content type as no explicit content types were specified for the response. 
2025-04-15 16:40:48.3819 | DEBUG | Attempting to select the first formatter in the output formatters list which can write the result. 
2025-04-15 16:40:48.3819 | DEBUG | Selected output formatter 'Microsoft.AspNetCore.Mvc.Formatters.NewtonsoftJsonOutputFormatter' and content type 'application/json' to write the response. 
2025-04-15 16:40:48.3819 | DEBUG | Connection id "0HNBS1NN8QBM3" completed keep alive response. 
2025-04-15 16:40:48.5698 | DEBUG | The request path  does not match the path filter 
2025-04-15 16:40:48.5698 | DEBUG | The request has an origin header: 'http://127.0.0.1:5503'. 
2025-04-15 16:40:48.5698 | DEBUG | 1 candidate(s) found for the request path '/api/Author/GetAllBooks2' 
2025-04-15 16:40:48.5698 | DEBUG | Endpoint 'WebApplication1.Controller.AuthorController.GetAllBooks2 (WebApplication1)' with route pattern 'api/Author/GetAllBooks2' is valid for the request path '/api/Author/GetAllBooks2' 
2025-04-15 16:40:48.5698 | DEBUG | Request matched endpoint 'WebApplication1.Controller.AuthorController.GetAllBooks2 (WebApplication1)' 
2025-04-15 16:40:48.5698 | DEBUG | Execution plan of authorization filters (in the following order): None 
2025-04-15 16:40:48.5698 | DEBUG | Execution plan of resource filters (in the following order): None 
2025-04-15 16:40:48.5698 | DEBUG | Execution plan of action filters (in the following order): Microsoft.AspNetCore.Mvc.ModelBinding.UnsupportedContentTypeFilter (Order: -3000), Microsoft.AspNetCore.Mvc.Infrastructure.ModelStateInvalidFilter (Order: -2000) 
2025-04-15 16:40:48.5698 | DEBUG | Execution plan of exception filters (in the following order): None 
2025-04-15 16:40:48.5698 | DEBUG | Execution plan of result filters (in the following order): Microsoft.AspNetCore.Mvc.Infrastructure.ClientErrorResultFilter (Order: -2000) 
2025-04-15 16:40:48.5698 | DEBUG | Executing controller factory for controller WebApplication1.Controller.AuthorController (WebApplication1) 
2025-04-15 16:40:48.5861 | DEBUG | Executed controller factory for controller WebApplication1.Controller.AuthorController (WebApplication1) 
2025-04-15 16:40:48.5861 | DEBUG | Attempting to bind parameter 'skip' of type 'System.Int32' ... 
2025-04-15 16:40:48.5861 | DEBUG | Attempting to bind parameter 'skip' of type 'System.Int32' using the name 'skip' in request data ... 
2025-04-15 16:40:48.5861 | DEBUG | Done attempting to bind parameter 'skip' of type 'System.Int32'. 
2025-04-15 16:40:48.5861 | DEBUG | Done attempting to bind parameter 'skip' of type 'System.Int32'. 
2025-04-15 16:40:48.5861 | DEBUG | Attempting to validate the bound parameter 'skip' of type 'System.Int32' ... 
2025-04-15 16:40:48.5861 | DEBUG | Done attempting to validate the bound parameter 'skip' of type 'System.Int32'. 
2025-04-15 16:40:48.5861 | DEBUG | Attempting to bind parameter 'take' of type 'System.Int32' ... 
2025-04-15 16:40:48.5861 | DEBUG | Attempting to bind parameter 'take' of type 'System.Int32' using the name 'take' in request data ... 
2025-04-15 16:40:48.5861 | DEBUG | Done attempting to bind parameter 'take' of type 'System.Int32'. 
2025-04-15 16:40:48.5861 | DEBUG | Done attempting to bind parameter 'take' of type 'System.Int32'. 
2025-04-15 16:40:48.5861 | DEBUG | Attempting to validate the bound parameter 'take' of type 'System.Int32' ... 
2025-04-15 16:40:48.5861 | DEBUG | Done attempting to validate the bound parameter 'take' of type 'System.Int32'. 
2025-04-15 16:40:48.5861 | DEBUG | Attempting to bind parameter 'sortFeild' of type 'System.String' ... 
2025-04-15 16:40:48.5861 | DEBUG | Attempting to bind parameter 'sortFeild' of type 'System.String' using the name 'sortFeild' in request data ... 
2025-04-15 16:40:48.5861 | DEBUG | Done attempting to bind parameter 'sortFeild' of type 'System.String'. 
2025-04-15 16:40:48.5861 | DEBUG | Done attempting to bind parameter 'sortFeild' of type 'System.String'. 
2025-04-15 16:40:48.5861 | DEBUG | Attempting to validate the bound parameter 'sortFeild' of type 'System.String' ... 
2025-04-15 16:40:48.5861 | DEBUG | Done attempting to validate the bound parameter 'sortFeild' of type 'System.String'. 
2025-04-15 16:40:48.5861 | DEBUG | Attempting to bind parameter 'sortType' of type 'System.Nullable`1[System.Int32]' ... 
2025-04-15 16:40:48.5861 | DEBUG | Attempting to bind parameter 'sortType' of type 'System.Nullable`1[System.Int32]' using the name 'sortType' in request data ... 
2025-04-15 16:40:48.5861 | DEBUG | Done attempting to bind parameter 'sortType' of type 'System.Nullable`1[System.Int32]'. 
2025-04-15 16:40:48.5861 | DEBUG | Done attempting to bind parameter 'sortType' of type 'System.Nullable`1[System.Int32]'. 
2025-04-15 16:40:48.5861 | DEBUG | Attempting to validate the bound parameter 'sortType' of type 'System.Nullable`1[System.Int32]' ... 
2025-04-15 16:40:48.5861 | DEBUG | Done attempting to validate the bound parameter 'sortType' of type 'System.Nullable`1[System.Int32]'. 
2025-04-15 16:40:48.5946 | DEBUG | List of registered output formatters, in the following order: Microsoft.AspNetCore.Mvc.Formatters.HttpNoContentOutputFormatter, Microsoft.AspNetCore.Mvc.Formatters.StringOutputFormatter, Microsoft.AspNetCore.Mvc.Formatters.StreamOutputFormatter, Microsoft.AspNetCore.Mvc.Formatters.NewtonsoftJsonOutputFormatter 
2025-04-15 16:40:48.5946 | DEBUG | No information found on request to perform content negotiation. 
2025-04-15 16:40:48.5946 | DEBUG | Attempting to select an output formatter without using a content type as no explicit content types were specified for the response. 
2025-04-15 16:40:48.5946 | DEBUG | Attempting to select the first formatter in the output formatters list which can write the result. 
2025-04-15 16:40:48.5946 | DEBUG | Selected output formatter 'Microsoft.AspNetCore.Mvc.Formatters.NewtonsoftJsonOutputFormatter' and content type 'application/json' to write the response. 
2025-04-15 16:40:48.5946 | DEBUG | Connection id "0HNBS1NN8QBM3" completed keep alive response. 
2025-04-15 16:40:49.5730 | DEBUG | The request path  does not match the path filter 
2025-04-15 16:40:49.5730 | DEBUG | The request has an origin header: 'http://127.0.0.1:5503'. 
2025-04-15 16:40:49.5730 | DEBUG | 1 candidate(s) found for the request path '/api/Author/GetAllBooks2' 
2025-04-15 16:40:49.5730 | DEBUG | Endpoint 'WebApplication1.Controller.AuthorController.GetAllBooks2 (WebApplication1)' with route pattern 'api/Author/GetAllBooks2' is valid for the request path '/api/Author/GetAllBooks2' 
2025-04-15 16:40:49.5730 | DEBUG | Request matched endpoint 'WebApplication1.Controller.AuthorController.GetAllBooks2 (WebApplication1)' 
2025-04-15 16:40:49.5730 | DEBUG | Execution plan of authorization filters (in the following order): None 
2025-04-15 16:40:49.5730 | DEBUG | Execution plan of resource filters (in the following order): None 
2025-04-15 16:40:49.5730 | DEBUG | Execution plan of action filters (in the following order): Microsoft.AspNetCore.Mvc.ModelBinding.UnsupportedContentTypeFilter (Order: -3000), Microsoft.AspNetCore.Mvc.Infrastructure.ModelStateInvalidFilter (Order: -2000) 
2025-04-15 16:40:49.5730 | DEBUG | Execution plan of exception filters (in the following order): None 
2025-04-15 16:40:49.5730 | DEBUG | Execution plan of result filters (in the following order): Microsoft.AspNetCore.Mvc.Infrastructure.ClientErrorResultFilter (Order: -2000) 
2025-04-15 16:40:49.5730 | DEBUG | Executing controller factory for controller WebApplication1.Controller.AuthorController (WebApplication1) 
2025-04-15 16:40:49.5891 | DEBUG | Executed controller factory for controller WebApplication1.Controller.AuthorController (WebApplication1) 
2025-04-15 16:40:49.5891 | DEBUG | Attempting to bind parameter 'skip' of type 'System.Int32' ... 
2025-04-15 16:40:49.5891 | DEBUG | Attempting to bind parameter 'skip' of type 'System.Int32' using the name 'skip' in request data ... 
2025-04-15 16:40:49.5891 | DEBUG | Done attempting to bind parameter 'skip' of type 'System.Int32'. 
2025-04-15 16:40:49.5891 | DEBUG | Done attempting to bind parameter 'skip' of type 'System.Int32'. 
2025-04-15 16:40:49.5891 | DEBUG | Attempting to validate the bound parameter 'skip' of type 'System.Int32' ... 
2025-04-15 16:40:49.5891 | DEBUG | Done attempting to validate the bound parameter 'skip' of type 'System.Int32'. 
2025-04-15 16:40:49.5891 | DEBUG | Attempting to bind parameter 'take' of type 'System.Int32' ... 
2025-04-15 16:40:49.5891 | DEBUG | Attempting to bind parameter 'take' of type 'System.Int32' using the name 'take' in request data ... 
2025-04-15 16:40:49.5891 | DEBUG | Done attempting to bind parameter 'take' of type 'System.Int32'. 
2025-04-15 16:40:49.5891 | DEBUG | Done attempting to bind parameter 'take' of type 'System.Int32'. 
2025-04-15 16:40:49.5891 | DEBUG | Attempting to validate the bound parameter 'take' of type 'System.Int32' ... 
2025-04-15 16:40:49.5891 | DEBUG | Done attempting to validate the bound parameter 'take' of type 'System.Int32'. 
2025-04-15 16:40:49.5891 | DEBUG | Attempting to bind parameter 'sortFeild' of type 'System.String' ... 
2025-04-15 16:40:49.5891 | DEBUG | Attempting to bind parameter 'sortFeild' of type 'System.String' using the name 'sortFeild' in request data ... 
2025-04-15 16:40:49.5891 | DEBUG | Done attempting to bind parameter 'sortFeild' of type 'System.String'. 
2025-04-15 16:40:49.5891 | DEBUG | Done attempting to bind parameter 'sortFeild' of type 'System.String'. 
2025-04-15 16:40:49.5891 | DEBUG | Attempting to validate the bound parameter 'sortFeild' of type 'System.String' ... 
2025-04-15 16:40:49.5891 | DEBUG | Done attempting to validate the bound parameter 'sortFeild' of type 'System.String'. 
2025-04-15 16:40:49.5891 | DEBUG | Attempting to bind parameter 'sortType' of type 'System.Nullable`1[System.Int32]' ... 
2025-04-15 16:40:49.5891 | DEBUG | Attempting to bind parameter 'sortType' of type 'System.Nullable`1[System.Int32]' using the name 'sortType' in request data ... 
2025-04-15 16:40:49.5891 | DEBUG | Done attempting to bind parameter 'sortType' of type 'System.Nullable`1[System.Int32]'. 
2025-04-15 16:40:49.5891 | DEBUG | Done attempting to bind parameter 'sortType' of type 'System.Nullable`1[System.Int32]'. 
2025-04-15 16:40:49.5891 | DEBUG | Attempting to validate the bound parameter 'sortType' of type 'System.Nullable`1[System.Int32]' ... 
2025-04-15 16:40:49.5891 | DEBUG | Done attempting to validate the bound parameter 'sortType' of type 'System.Nullable`1[System.Int32]'. 
2025-04-15 16:40:49.5891 | DEBUG | List of registered output formatters, in the following order: Microsoft.AspNetCore.Mvc.Formatters.HttpNoContentOutputFormatter, Microsoft.AspNetCore.Mvc.Formatters.StringOutputFormatter, Microsoft.AspNetCore.Mvc.Formatters.StreamOutputFormatter, Microsoft.AspNetCore.Mvc.Formatters.NewtonsoftJsonOutputFormatter 
2025-04-15 16:40:49.5891 | DEBUG | No information found on request to perform content negotiation. 
2025-04-15 16:40:49.5891 | DEBUG | Attempting to select an output formatter without using a content type as no explicit content types were specified for the response. 
2025-04-15 16:40:49.5891 | DEBUG | Attempting to select the first formatter in the output formatters list which can write the result. 
2025-04-15 16:40:49.5891 | DEBUG | Selected output formatter 'Microsoft.AspNetCore.Mvc.Formatters.NewtonsoftJsonOutputFormatter' and content type 'application/json' to write the response. 
2025-04-15 16:40:49.5891 | DEBUG | Connection id "0HNBS1NN8QBM3" completed keep alive response. 
2025-04-15 16:40:50.3331 | DEBUG | The request path  does not match the path filter 
2025-04-15 16:40:50.3331 | DEBUG | The request has an origin header: 'http://127.0.0.1:5503'. 
2025-04-15 16:40:50.3331 | DEBUG | 1 candidate(s) found for the request path '/api/Author/GetAllBooks2' 
2025-04-15 16:40:50.3331 | DEBUG | Endpoint 'WebApplication1.Controller.AuthorController.GetAllBooks2 (WebApplication1)' with route pattern 'api/Author/GetAllBooks2' is valid for the request path '/api/Author/GetAllBooks2' 
2025-04-15 16:40:50.3331 | DEBUG | Request matched endpoint 'WebApplication1.Controller.AuthorController.GetAllBooks2 (WebApplication1)' 
2025-04-15 16:40:50.3331 | DEBUG | Execution plan of authorization filters (in the following order): None 
2025-04-15 16:40:50.3331 | DEBUG | Execution plan of resource filters (in the following order): None 
2025-04-15 16:40:50.3331 | DEBUG | Execution plan of action filters (in the following order): Microsoft.AspNetCore.Mvc.ModelBinding.UnsupportedContentTypeFilter (Order: -3000), Microsoft.AspNetCore.Mvc.Infrastructure.ModelStateInvalidFilter (Order: -2000) 
2025-04-15 16:40:50.3331 | DEBUG | Execution plan of exception filters (in the following order): None 
2025-04-15 16:40:50.3331 | DEBUG | Execution plan of result filters (in the following order): Microsoft.AspNetCore.Mvc.Infrastructure.ClientErrorResultFilter (Order: -2000) 
2025-04-15 16:40:50.3331 | DEBUG | Executing controller factory for controller WebApplication1.Controller.AuthorController (WebApplication1) 
2025-04-15 16:40:50.3470 | DEBUG | Executed controller factory for controller WebApplication1.Controller.AuthorController (WebApplication1) 
2025-04-15 16:40:50.3470 | DEBUG | Attempting to bind parameter 'skip' of type 'System.Int32' ... 
2025-04-15 16:40:50.3470 | DEBUG | Attempting to bind parameter 'skip' of type 'System.Int32' using the name 'skip' in request data ... 
2025-04-15 16:40:50.3470 | DEBUG | Done attempting to bind parameter 'skip' of type 'System.Int32'. 
2025-04-15 16:40:50.3470 | DEBUG | Done attempting to bind parameter 'skip' of type 'System.Int32'. 
2025-04-15 16:40:50.3470 | DEBUG | Attempting to validate the bound parameter 'skip' of type 'System.Int32' ... 
2025-04-15 16:40:50.3470 | DEBUG | Done attempting to validate the bound parameter 'skip' of type 'System.Int32'. 
2025-04-15 16:40:50.3470 | DEBUG | Attempting to bind parameter 'take' of type 'System.Int32' ... 
2025-04-15 16:40:50.3470 | DEBUG | Attempting to bind parameter 'take' of type 'System.Int32' using the name 'take' in request data ... 
2025-04-15 16:40:50.3470 | DEBUG | Done attempting to bind parameter 'take' of type 'System.Int32'. 
2025-04-15 16:40:50.3470 | DEBUG | Done attempting to bind parameter 'take' of type 'System.Int32'. 
2025-04-15 16:40:50.3470 | DEBUG | Attempting to validate the bound parameter 'take' of type 'System.Int32' ... 
2025-04-15 16:40:50.3470 | DEBUG | Done attempting to validate the bound parameter 'take' of type 'System.Int32'. 
2025-04-15 16:40:50.3470 | DEBUG | Attempting to bind parameter 'sortFeild' of type 'System.String' ... 
2025-04-15 16:40:50.3470 | DEBUG | Attempting to bind parameter 'sortFeild' of type 'System.String' using the name 'sortFeild' in request data ... 
2025-04-15 16:40:50.3470 | DEBUG | Done attempting to bind parameter 'sortFeild' of type 'System.String'. 
2025-04-15 16:40:50.3470 | DEBUG | Done attempting to bind parameter 'sortFeild' of type 'System.String'. 
2025-04-15 16:40:50.3470 | DEBUG | Attempting to validate the bound parameter 'sortFeild' of type 'System.String' ... 
2025-04-15 16:40:50.3470 | DEBUG | Done attempting to validate the bound parameter 'sortFeild' of type 'System.String'. 
2025-04-15 16:40:50.3470 | DEBUG | Attempting to bind parameter 'sortType' of type 'System.Nullable`1[System.Int32]' ... 
2025-04-15 16:40:50.3470 | DEBUG | Attempting to bind parameter 'sortType' of type 'System.Nullable`1[System.Int32]' using the name 'sortType' in request data ... 
2025-04-15 16:40:50.3470 | DEBUG | Done attempting to bind parameter 'sortType' of type 'System.Nullable`1[System.Int32]'. 
2025-04-15 16:40:50.3470 | DEBUG | Done attempting to bind parameter 'sortType' of type 'System.Nullable`1[System.Int32]'. 
2025-04-15 16:40:50.3470 | DEBUG | Attempting to validate the bound parameter 'sortType' of type 'System.Nullable`1[System.Int32]' ... 
2025-04-15 16:40:50.3470 | DEBUG | Done attempting to validate the bound parameter 'sortType' of type 'System.Nullable`1[System.Int32]'. 
2025-04-15 16:40:50.3556 | DEBUG | List of registered output formatters, in the following order: Microsoft.AspNetCore.Mvc.Formatters.HttpNoContentOutputFormatter, Microsoft.AspNetCore.Mvc.Formatters.StringOutputFormatter, Microsoft.AspNetCore.Mvc.Formatters.StreamOutputFormatter, Microsoft.AspNetCore.Mvc.Formatters.NewtonsoftJsonOutputFormatter 
2025-04-15 16:40:50.3556 | DEBUG | No information found on request to perform content negotiation. 
2025-04-15 16:40:50.3556 | DEBUG | Attempting to select an output formatter without using a content type as no explicit content types were specified for the response. 
2025-04-15 16:40:50.3556 | DEBUG | Attempting to select the first formatter in the output formatters list which can write the result. 
2025-04-15 16:40:50.3556 | DEBUG | Selected output formatter 'Microsoft.AspNetCore.Mvc.Formatters.NewtonsoftJsonOutputFormatter' and content type 'application/json' to write the response. 
2025-04-15 16:40:50.3556 | DEBUG | Connection id "0HNBS1NN8QBM3" completed keep alive response. 
2025-04-15 16:40:51.7536 | DEBUG | The request path  does not match the path filter 
2025-04-15 16:40:51.7536 | DEBUG | The request has an origin header: 'http://127.0.0.1:5503'. 
2025-04-15 16:40:51.7536 | DEBUG | 1 candidate(s) found for the request path '/api/Author/GetAllBooks2' 
2025-04-15 16:40:51.7536 | DEBUG | Endpoint 'WebApplication1.Controller.AuthorController.GetAllBooks2 (WebApplication1)' with route pattern 'api/Author/GetAllBooks2' is valid for the request path '/api/Author/GetAllBooks2' 
2025-04-15 16:40:51.7536 | DEBUG | Request matched endpoint 'WebApplication1.Controller.AuthorController.GetAllBooks2 (WebApplication1)' 
2025-04-15 16:40:51.7536 | DEBUG | Execution plan of authorization filters (in the following order): None 
2025-04-15 16:40:51.7536 | DEBUG | Execution plan of resource filters (in the following order): None 
2025-04-15 16:40:51.7536 | DEBUG | Execution plan of action filters (in the following order): Microsoft.AspNetCore.Mvc.ModelBinding.UnsupportedContentTypeFilter (Order: -3000), Microsoft.AspNetCore.Mvc.Infrastructure.ModelStateInvalidFilter (Order: -2000) 
2025-04-15 16:40:51.7536 | DEBUG | Execution plan of exception filters (in the following order): None 
2025-04-15 16:40:51.7536 | DEBUG | Execution plan of result filters (in the following order): Microsoft.AspNetCore.Mvc.Infrastructure.ClientErrorResultFilter (Order: -2000) 
2025-04-15 16:40:51.7536 | DEBUG | Executing controller factory for controller WebApplication1.Controller.AuthorController (WebApplication1) 
2025-04-15 16:40:51.7869 | DEBUG | Executed controller factory for controller WebApplication1.Controller.AuthorController (WebApplication1) 
2025-04-15 16:40:51.7869 | DEBUG | Attempting to bind parameter 'skip' of type 'System.Int32' ... 
2025-04-15 16:40:51.7869 | DEBUG | Attempting to bind parameter 'skip' of type 'System.Int32' using the name 'skip' in request data ... 
2025-04-15 16:40:51.7869 | DEBUG | Done attempting to bind parameter 'skip' of type 'System.Int32'. 
2025-04-15 16:40:51.7869 | DEBUG | Done attempting to bind parameter 'skip' of type 'System.Int32'. 
2025-04-15 16:40:51.7869 | DEBUG | Attempting to validate the bound parameter 'skip' of type 'System.Int32' ... 
2025-04-15 16:40:51.7869 | DEBUG | Done attempting to validate the bound parameter 'skip' of type 'System.Int32'. 
2025-04-15 16:40:51.7869 | DEBUG | Attempting to bind parameter 'take' of type 'System.Int32' ... 
2025-04-15 16:40:51.7869 | DEBUG | Attempting to bind parameter 'take' of type 'System.Int32' using the name 'take' in request data ... 
2025-04-15 16:40:51.7869 | DEBUG | Done attempting to bind parameter 'take' of type 'System.Int32'. 
2025-04-15 16:40:51.7869 | DEBUG | Done attempting to bind parameter 'take' of type 'System.Int32'. 
2025-04-15 16:40:51.7869 | DEBUG | Attempting to validate the bound parameter 'take' of type 'System.Int32' ... 
2025-04-15 16:40:51.7869 | DEBUG | Done attempting to validate the bound parameter 'take' of type 'System.Int32'. 
2025-04-15 16:40:51.7869 | DEBUG | Attempting to bind parameter 'sortFeild' of type 'System.String' ... 
2025-04-15 16:40:51.7869 | DEBUG | Attempting to bind parameter 'sortFeild' of type 'System.String' using the name 'sortFeild' in request data ... 
2025-04-15 16:40:51.7869 | DEBUG | Done attempting to bind parameter 'sortFeild' of type 'System.String'. 
2025-04-15 16:40:51.7869 | DEBUG | Done attempting to bind parameter 'sortFeild' of type 'System.String'. 
2025-04-15 16:40:51.7869 | DEBUG | Attempting to validate the bound parameter 'sortFeild' of type 'System.String' ... 
2025-04-15 16:40:51.7869 | DEBUG | Done attempting to validate the bound parameter 'sortFeild' of type 'System.String'. 
2025-04-15 16:40:51.7869 | DEBUG | Attempting to bind parameter 'sortType' of type 'System.Nullable`1[System.Int32]' ... 
2025-04-15 16:40:51.7869 | DEBUG | Attempting to bind parameter 'sortType' of type 'System.Nullable`1[System.Int32]' using the name 'sortType' in request data ... 
2025-04-15 16:40:51.7869 | DEBUG | Done attempting to bind parameter 'sortType' of type 'System.Nullable`1[System.Int32]'. 
2025-04-15 16:40:51.7869 | DEBUG | Done attempting to bind parameter 'sortType' of type 'System.Nullable`1[System.Int32]'. 
2025-04-15 16:40:51.7869 | DEBUG | Attempting to validate the bound parameter 'sortType' of type 'System.Nullable`1[System.Int32]' ... 
2025-04-15 16:40:51.7869 | DEBUG | Done attempting to validate the bound parameter 'sortType' of type 'System.Nullable`1[System.Int32]'. 
2025-04-15 16:40:51.7951 | DEBUG | List of registered output formatters, in the following order: Microsoft.AspNetCore.Mvc.Formatters.HttpNoContentOutputFormatter, Microsoft.AspNetCore.Mvc.Formatters.StringOutputFormatter, Microsoft.AspNetCore.Mvc.Formatters.StreamOutputFormatter, Microsoft.AspNetCore.Mvc.Formatters.NewtonsoftJsonOutputFormatter 
2025-04-15 16:40:51.7951 | DEBUG | No information found on request to perform content negotiation. 
2025-04-15 16:40:51.7951 | DEBUG | Attempting to select an output formatter without using a content type as no explicit content types were specified for the response. 
2025-04-15 16:40:51.7951 | DEBUG | Attempting to select the first formatter in the output formatters list which can write the result. 
2025-04-15 16:40:51.7951 | DEBUG | Selected output formatter 'Microsoft.AspNetCore.Mvc.Formatters.NewtonsoftJsonOutputFormatter' and content type 'application/json' to write the response. 
2025-04-15 16:40:51.7951 | DEBUG | Connection id "0HNBS1NN8QBM3" completed keep alive response. 
2025-04-15 16:40:51.9706 | DEBUG | The request path  does not match the path filter 
2025-04-15 16:40:51.9706 | DEBUG | The request has an origin header: 'http://127.0.0.1:5503'. 
2025-04-15 16:40:51.9706 | DEBUG | 1 candidate(s) found for the request path '/api/Author/GetAllBooks2' 
2025-04-15 16:40:51.9706 | DEBUG | Endpoint 'WebApplication1.Controller.AuthorController.GetAllBooks2 (WebApplication1)' with route pattern 'api/Author/GetAllBooks2' is valid for the request path '/api/Author/GetAllBooks2' 
2025-04-15 16:40:51.9706 | DEBUG | Request matched endpoint 'WebApplication1.Controller.AuthorController.GetAllBooks2 (WebApplication1)' 
2025-04-15 16:40:51.9706 | DEBUG | Execution plan of authorization filters (in the following order): None 
2025-04-15 16:40:51.9706 | DEBUG | Execution plan of resource filters (in the following order): None 
2025-04-15 16:40:51.9706 | DEBUG | Execution plan of action filters (in the following order): Microsoft.AspNetCore.Mvc.ModelBinding.UnsupportedContentTypeFilter (Order: -3000), Microsoft.AspNetCore.Mvc.Infrastructure.ModelStateInvalidFilter (Order: -2000) 
2025-04-15 16:40:51.9706 | DEBUG | Execution plan of exception filters (in the following order): None 
2025-04-15 16:40:51.9706 | DEBUG | Execution plan of result filters (in the following order): Microsoft.AspNetCore.Mvc.Infrastructure.ClientErrorResultFilter (Order: -2000) 
2025-04-15 16:40:51.9706 | DEBUG | Executing controller factory for controller WebApplication1.Controller.AuthorController (WebApplication1) 
2025-04-15 16:40:51.9875 | DEBUG | Executed controller factory for controller WebApplication1.Controller.AuthorController (WebApplication1) 
2025-04-15 16:40:51.9875 | DEBUG | Attempting to bind parameter 'skip' of type 'System.Int32' ... 
2025-04-15 16:40:51.9875 | DEBUG | Attempting to bind parameter 'skip' of type 'System.Int32' using the name 'skip' in request data ... 
2025-04-15 16:40:51.9875 | DEBUG | Done attempting to bind parameter 'skip' of type 'System.Int32'. 
2025-04-15 16:40:51.9875 | DEBUG | Done attempting to bind parameter 'skip' of type 'System.Int32'. 
2025-04-15 16:40:51.9875 | DEBUG | Attempting to validate the bound parameter 'skip' of type 'System.Int32' ... 
2025-04-15 16:40:51.9875 | DEBUG | Done attempting to validate the bound parameter 'skip' of type 'System.Int32'. 
2025-04-15 16:40:51.9875 | DEBUG | Attempting to bind parameter 'take' of type 'System.Int32' ... 
2025-04-15 16:40:51.9875 | DEBUG | Attempting to bind parameter 'take' of type 'System.Int32' using the name 'take' in request data ... 
2025-04-15 16:40:51.9875 | DEBUG | Done attempting to bind parameter 'take' of type 'System.Int32'. 
2025-04-15 16:40:51.9875 | DEBUG | Done attempting to bind parameter 'take' of type 'System.Int32'. 
2025-04-15 16:40:51.9875 | DEBUG | Attempting to validate the bound parameter 'take' of type 'System.Int32' ... 
2025-04-15 16:40:51.9875 | DEBUG | Done attempting to validate the bound parameter 'take' of type 'System.Int32'. 
2025-04-15 16:40:51.9875 | DEBUG | Attempting to bind parameter 'sortFeild' of type 'System.String' ... 
2025-04-15 16:40:51.9875 | DEBUG | Attempting to bind parameter 'sortFeild' of type 'System.String' using the name 'sortFeild' in request data ... 
2025-04-15 16:40:51.9875 | DEBUG | Done attempting to bind parameter 'sortFeild' of type 'System.String'. 
2025-04-15 16:40:51.9875 | DEBUG | Done attempting to bind parameter 'sortFeild' of type 'System.String'. 
2025-04-15 16:40:51.9875 | DEBUG | Attempting to validate the bound parameter 'sortFeild' of type 'System.String' ... 
2025-04-15 16:40:51.9875 | DEBUG | Done attempting to validate the bound parameter 'sortFeild' of type 'System.String'. 
2025-04-15 16:40:51.9875 | DEBUG | Attempting to bind parameter 'sortType' of type 'System.Nullable`1[System.Int32]' ... 
2025-04-15 16:40:51.9875 | DEBUG | Attempting to bind parameter 'sortType' of type 'System.Nullable`1[System.Int32]' using the name 'sortType' in request data ... 
2025-04-15 16:40:51.9875 | DEBUG | Done attempting to bind parameter 'sortType' of type 'System.Nullable`1[System.Int32]'. 
2025-04-15 16:40:51.9875 | DEBUG | Done attempting to bind parameter 'sortType' of type 'System.Nullable`1[System.Int32]'. 
2025-04-15 16:40:51.9875 | DEBUG | Attempting to validate the bound parameter 'sortType' of type 'System.Nullable`1[System.Int32]' ... 
2025-04-15 16:40:51.9875 | DEBUG | Done attempting to validate the bound parameter 'sortType' of type 'System.Nullable`1[System.Int32]'. 
2025-04-15 16:40:51.9967 | DEBUG | List of registered output formatters, in the following order: Microsoft.AspNetCore.Mvc.Formatters.HttpNoContentOutputFormatter, Microsoft.AspNetCore.Mvc.Formatters.StringOutputFormatter, Microsoft.AspNetCore.Mvc.Formatters.StreamOutputFormatter, Microsoft.AspNetCore.Mvc.Formatters.NewtonsoftJsonOutputFormatter 
2025-04-15 16:40:51.9967 | DEBUG | No information found on request to perform content negotiation. 
2025-04-15 16:40:51.9967 | DEBUG | Attempting to select an output formatter without using a content type as no explicit content types were specified for the response. 
2025-04-15 16:40:51.9967 | DEBUG | Attempting to select the first formatter in the output formatters list which can write the result. 
2025-04-15 16:40:51.9967 | DEBUG | Selected output formatter 'Microsoft.AspNetCore.Mvc.Formatters.NewtonsoftJsonOutputFormatter' and content type 'application/json' to write the response. 
2025-04-15 16:40:51.9967 | DEBUG | Connection id "0HNBS1NN8QBM3" completed keep alive response. 
2025-04-15 16:40:52.9657 | DEBUG | The request path  does not match the path filter 
2025-04-15 16:40:52.9657 | DEBUG | The request has an origin header: 'http://127.0.0.1:5503'. 
2025-04-15 16:40:52.9657 | DEBUG | 1 candidate(s) found for the request path '/api/Author/GetAllBooks2' 
2025-04-15 16:40:52.9657 | DEBUG | Endpoint 'WebApplication1.Controller.AuthorController.GetAllBooks2 (WebApplication1)' with route pattern 'api/Author/GetAllBooks2' is valid for the request path '/api/Author/GetAllBooks2' 
2025-04-15 16:40:52.9657 | DEBUG | Request matched endpoint 'WebApplication1.Controller.AuthorController.GetAllBooks2 (WebApplication1)' 
2025-04-15 16:40:52.9657 | DEBUG | Execution plan of authorization filters (in the following order): None 
2025-04-15 16:40:52.9657 | DEBUG | Execution plan of resource filters (in the following order): None 
2025-04-15 16:40:52.9657 | DEBUG | Execution plan of action filters (in the following order): Microsoft.AspNetCore.Mvc.ModelBinding.UnsupportedContentTypeFilter (Order: -3000), Microsoft.AspNetCore.Mvc.Infrastructure.ModelStateInvalidFilter (Order: -2000) 
2025-04-15 16:40:52.9657 | DEBUG | Execution plan of exception filters (in the following order): None 
2025-04-15 16:40:52.9657 | DEBUG | Execution plan of result filters (in the following order): Microsoft.AspNetCore.Mvc.Infrastructure.ClientErrorResultFilter (Order: -2000) 
2025-04-15 16:40:52.9657 | DEBUG | Executing controller factory for controller WebApplication1.Controller.AuthorController (WebApplication1) 
2025-04-15 16:40:52.9813 | DEBUG | Executed controller factory for controller WebApplication1.Controller.AuthorController (WebApplication1) 
2025-04-15 16:40:52.9813 | DEBUG | Attempting to bind parameter 'skip' of type 'System.Int32' ... 
2025-04-15 16:40:52.9813 | DEBUG | Attempting to bind parameter 'skip' of type 'System.Int32' using the name 'skip' in request data ... 
2025-04-15 16:40:52.9813 | DEBUG | Done attempting to bind parameter 'skip' of type 'System.Int32'. 
2025-04-15 16:40:52.9813 | DEBUG | Done attempting to bind parameter 'skip' of type 'System.Int32'. 
2025-04-15 16:40:52.9813 | DEBUG | Attempting to validate the bound parameter 'skip' of type 'System.Int32' ... 
2025-04-15 16:40:52.9813 | DEBUG | Done attempting to validate the bound parameter 'skip' of type 'System.Int32'. 
2025-04-15 16:40:52.9813 | DEBUG | Attempting to bind parameter 'take' of type 'System.Int32' ... 
2025-04-15 16:40:52.9813 | DEBUG | Attempting to bind parameter 'take' of type 'System.Int32' using the name 'take' in request data ... 
2025-04-15 16:40:52.9813 | DEBUG | Done attempting to bind parameter 'take' of type 'System.Int32'. 
2025-04-15 16:40:52.9813 | DEBUG | Done attempting to bind parameter 'take' of type 'System.Int32'. 
2025-04-15 16:40:52.9813 | DEBUG | Attempting to validate the bound parameter 'take' of type 'System.Int32' ... 
2025-04-15 16:40:52.9813 | DEBUG | Done attempting to validate the bound parameter 'take' of type 'System.Int32'. 
2025-04-15 16:40:52.9813 | DEBUG | Attempting to bind parameter 'sortFeild' of type 'System.String' ... 
2025-04-15 16:40:52.9813 | DEBUG | Attempting to bind parameter 'sortFeild' of type 'System.String' using the name 'sortFeild' in request data ... 
2025-04-15 16:40:52.9813 | DEBUG | Done attempting to bind parameter 'sortFeild' of type 'System.String'. 
2025-04-15 16:40:52.9813 | DEBUG | Done attempting to bind parameter 'sortFeild' of type 'System.String'. 
2025-04-15 16:40:52.9813 | DEBUG | Attempting to validate the bound parameter 'sortFeild' of type 'System.String' ... 
2025-04-15 16:40:52.9813 | DEBUG | Done attempting to validate the bound parameter 'sortFeild' of type 'System.String'. 
2025-04-15 16:40:52.9813 | DEBUG | Attempting to bind parameter 'sortType' of type 'System.Nullable`1[System.Int32]' ... 
2025-04-15 16:40:52.9813 | DEBUG | Attempting to bind parameter 'sortType' of type 'System.Nullable`1[System.Int32]' using the name 'sortType' in request data ... 
2025-04-15 16:40:52.9813 | DEBUG | Done attempting to bind parameter 'sortType' of type 'System.Nullable`1[System.Int32]'. 
2025-04-15 16:40:52.9813 | DEBUG | Done attempting to bind parameter 'sortType' of type 'System.Nullable`1[System.Int32]'. 
2025-04-15 16:40:52.9813 | DEBUG | Attempting to validate the bound parameter 'sortType' of type 'System.Nullable`1[System.Int32]' ... 
2025-04-15 16:40:52.9813 | DEBUG | Done attempting to validate the bound parameter 'sortType' of type 'System.Nullable`1[System.Int32]'. 
2025-04-15 16:40:52.9813 | DEBUG | List of registered output formatters, in the following order: Microsoft.AspNetCore.Mvc.Formatters.HttpNoContentOutputFormatter, Microsoft.AspNetCore.Mvc.Formatters.StringOutputFormatter, Microsoft.AspNetCore.Mvc.Formatters.StreamOutputFormatter, Microsoft.AspNetCore.Mvc.Formatters.NewtonsoftJsonOutputFormatter 
2025-04-15 16:40:52.9813 | DEBUG | No information found on request to perform content negotiation. 
2025-04-15 16:40:52.9813 | DEBUG | Attempting to select an output formatter without using a content type as no explicit content types were specified for the response. 
2025-04-15 16:40:52.9813 | DEBUG | Attempting to select the first formatter in the output formatters list which can write the result. 
2025-04-15 16:40:52.9813 | DEBUG | Selected output formatter 'Microsoft.AspNetCore.Mvc.Formatters.NewtonsoftJsonOutputFormatter' and content type 'application/json' to write the response. 
2025-04-15 16:40:52.9813 | DEBUG | Connection id "0HNBS1NN8QBM3" completed keep alive response. 
2025-04-15 16:40:58.3518 | DEBUG | The request path  does not match the path filter 
2025-04-15 16:40:58.3518 | DEBUG | The request has an origin header: 'http://127.0.0.1:5503'. 
2025-04-15 16:40:58.3518 | DEBUG | 1 candidate(s) found for the request path '/api/Author/GetAllBooks2' 
2025-04-15 16:40:58.3518 | DEBUG | Endpoint 'WebApplication1.Controller.AuthorController.GetAllBooks2 (WebApplication1)' with route pattern 'api/Author/GetAllBooks2' is valid for the request path '/api/Author/GetAllBooks2' 
2025-04-15 16:40:58.3518 | DEBUG | Request matched endpoint 'WebApplication1.Controller.AuthorController.GetAllBooks2 (WebApplication1)' 
2025-04-15 16:40:58.3518 | DEBUG | Execution plan of authorization filters (in the following order): None 
2025-04-15 16:40:58.3518 | DEBUG | Execution plan of resource filters (in the following order): None 
2025-04-15 16:40:58.3518 | DEBUG | Execution plan of action filters (in the following order): Microsoft.AspNetCore.Mvc.ModelBinding.UnsupportedContentTypeFilter (Order: -3000), Microsoft.AspNetCore.Mvc.Infrastructure.ModelStateInvalidFilter (Order: -2000) 
2025-04-15 16:40:58.3518 | DEBUG | Execution plan of exception filters (in the following order): None 
2025-04-15 16:40:58.3518 | DEBUG | Execution plan of result filters (in the following order): Microsoft.AspNetCore.Mvc.Infrastructure.ClientErrorResultFilter (Order: -2000) 
2025-04-15 16:40:58.3518 | DEBUG | Executing controller factory for controller WebApplication1.Controller.AuthorController (WebApplication1) 
2025-04-15 16:40:58.3698 | DEBUG | Executed controller factory for controller WebApplication1.Controller.AuthorController (WebApplication1) 
2025-04-15 16:40:58.3698 | DEBUG | Attempting to bind parameter 'skip' of type 'System.Int32' ... 
2025-04-15 16:40:58.3698 | DEBUG | Attempting to bind parameter 'skip' of type 'System.Int32' using the name 'skip' in request data ... 
2025-04-15 16:40:58.3698 | DEBUG | Done attempting to bind parameter 'skip' of type 'System.Int32'. 
2025-04-15 16:40:58.3698 | DEBUG | Done attempting to bind parameter 'skip' of type 'System.Int32'. 
2025-04-15 16:40:58.3698 | DEBUG | Attempting to validate the bound parameter 'skip' of type 'System.Int32' ... 
2025-04-15 16:40:58.3698 | DEBUG | Done attempting to validate the bound parameter 'skip' of type 'System.Int32'. 
2025-04-15 16:40:58.3698 | DEBUG | Attempting to bind parameter 'take' of type 'System.Int32' ... 
2025-04-15 16:40:58.3698 | DEBUG | Attempting to bind parameter 'take' of type 'System.Int32' using the name 'take' in request data ... 
2025-04-15 16:40:58.3698 | DEBUG | Done attempting to bind parameter 'take' of type 'System.Int32'. 
2025-04-15 16:40:58.3698 | DEBUG | Done attempting to bind parameter 'take' of type 'System.Int32'. 
2025-04-15 16:40:58.3698 | DEBUG | Attempting to validate the bound parameter 'take' of type 'System.Int32' ... 
2025-04-15 16:40:58.3698 | DEBUG | Done attempting to validate the bound parameter 'take' of type 'System.Int32'. 
2025-04-15 16:40:58.3698 | DEBUG | Attempting to bind parameter 'sortFeild' of type 'System.String' ... 
2025-04-15 16:40:58.3698 | DEBUG | Attempting to bind parameter 'sortFeild' of type 'System.String' using the name 'sortFeild' in request data ... 
2025-04-15 16:40:58.3698 | DEBUG | Done attempting to bind parameter 'sortFeild' of type 'System.String'. 
2025-04-15 16:40:58.3698 | DEBUG | Done attempting to bind parameter 'sortFeild' of type 'System.String'. 
2025-04-15 16:40:58.3698 | DEBUG | Attempting to validate the bound parameter 'sortFeild' of type 'System.String' ... 
2025-04-15 16:40:58.3698 | DEBUG | Done attempting to validate the bound parameter 'sortFeild' of type 'System.String'. 
2025-04-15 16:40:58.3698 | DEBUG | Attempting to bind parameter 'sortType' of type 'System.Nullable`1[System.Int32]' ... 
2025-04-15 16:40:58.3698 | DEBUG | Attempting to bind parameter 'sortType' of type 'System.Nullable`1[System.Int32]' using the name 'sortType' in request data ... 
2025-04-15 16:40:58.3698 | DEBUG | Done attempting to bind parameter 'sortType' of type 'System.Nullable`1[System.Int32]'. 
2025-04-15 16:40:58.3698 | DEBUG | Done attempting to bind parameter 'sortType' of type 'System.Nullable`1[System.Int32]'. 
2025-04-15 16:40:58.3698 | DEBUG | Attempting to validate the bound parameter 'sortType' of type 'System.Nullable`1[System.Int32]' ... 
2025-04-15 16:40:58.3698 | DEBUG | Done attempting to validate the bound parameter 'sortType' of type 'System.Nullable`1[System.Int32]'. 
2025-04-15 16:40:58.3698 | DEBUG | List of registered output formatters, in the following order: Microsoft.AspNetCore.Mvc.Formatters.HttpNoContentOutputFormatter, Microsoft.AspNetCore.Mvc.Formatters.StringOutputFormatter, Microsoft.AspNetCore.Mvc.Formatters.StreamOutputFormatter, Microsoft.AspNetCore.Mvc.Formatters.NewtonsoftJsonOutputFormatter 
2025-04-15 16:40:58.3698 | DEBUG | No information found on request to perform content negotiation. 
2025-04-15 16:40:58.3698 | DEBUG | Attempting to select an output formatter without using a content type as no explicit content types were specified for the response. 
2025-04-15 16:40:58.3698 | DEBUG | Attempting to select the first formatter in the output formatters list which can write the result. 
2025-04-15 16:40:58.3698 | DEBUG | Selected output formatter 'Microsoft.AspNetCore.Mvc.Formatters.NewtonsoftJsonOutputFormatter' and content type 'application/json' to write the response. 
2025-04-15 16:40:58.3698 | DEBUG | Connection id "0HNBS1NN8QBM3" completed keep alive response. 
2025-04-15 16:40:58.5771 | DEBUG | The request path  does not match the path filter 
2025-04-15 16:40:58.5771 | DEBUG | The request has an origin header: 'http://127.0.0.1:5503'. 
2025-04-15 16:40:58.5771 | DEBUG | 1 candidate(s) found for the request path '/api/Author/GetAllBooks2' 
2025-04-15 16:40:58.5771 | DEBUG | Endpoint 'WebApplication1.Controller.AuthorController.GetAllBooks2 (WebApplication1)' with route pattern 'api/Author/GetAllBooks2' is valid for the request path '/api/Author/GetAllBooks2' 
2025-04-15 16:40:58.5771 | DEBUG | Request matched endpoint 'WebApplication1.Controller.AuthorController.GetAllBooks2 (WebApplication1)' 
2025-04-15 16:40:58.5771 | DEBUG | Execution plan of authorization filters (in the following order): None 
2025-04-15 16:40:58.5771 | DEBUG | Execution plan of resource filters (in the following order): None 
2025-04-15 16:40:58.5771 | DEBUG | Execution plan of action filters (in the following order): Microsoft.AspNetCore.Mvc.ModelBinding.UnsupportedContentTypeFilter (Order: -3000), Microsoft.AspNetCore.Mvc.Infrastructure.ModelStateInvalidFilter (Order: -2000) 
2025-04-15 16:40:58.5771 | DEBUG | Execution plan of exception filters (in the following order): None 
2025-04-15 16:40:58.5771 | DEBUG | Execution plan of result filters (in the following order): Microsoft.AspNetCore.Mvc.Infrastructure.ClientErrorResultFilter (Order: -2000) 
2025-04-15 16:40:58.5771 | DEBUG | Executing controller factory for controller WebApplication1.Controller.AuthorController (WebApplication1) 
2025-04-15 16:40:58.5919 | DEBUG | Executed controller factory for controller WebApplication1.Controller.AuthorController (WebApplication1) 
2025-04-15 16:40:58.5919 | DEBUG | Attempting to bind parameter 'skip' of type 'System.Int32' ... 
2025-04-15 16:40:58.5919 | DEBUG | Attempting to bind parameter 'skip' of type 'System.Int32' using the name 'skip' in request data ... 
2025-04-15 16:40:58.5919 | DEBUG | Done attempting to bind parameter 'skip' of type 'System.Int32'. 
2025-04-15 16:40:58.5919 | DEBUG | Done attempting to bind parameter 'skip' of type 'System.Int32'. 
2025-04-15 16:40:58.5919 | DEBUG | Attempting to validate the bound parameter 'skip' of type 'System.Int32' ... 
2025-04-15 16:40:58.5919 | DEBUG | Done attempting to validate the bound parameter 'skip' of type 'System.Int32'. 
2025-04-15 16:40:58.5919 | DEBUG | Attempting to bind parameter 'take' of type 'System.Int32' ... 
2025-04-15 16:40:58.5919 | DEBUG | Attempting to bind parameter 'take' of type 'System.Int32' using the name 'take' in request data ... 
2025-04-15 16:40:58.5919 | DEBUG | Done attempting to bind parameter 'take' of type 'System.Int32'. 
2025-04-15 16:40:58.5919 | DEBUG | Done attempting to bind parameter 'take' of type 'System.Int32'. 
2025-04-15 16:40:58.5919 | DEBUG | Attempting to validate the bound parameter 'take' of type 'System.Int32' ... 
2025-04-15 16:40:58.5919 | DEBUG | Done attempting to validate the bound parameter 'take' of type 'System.Int32'. 
2025-04-15 16:40:58.5919 | DEBUG | Attempting to bind parameter 'sortFeild' of type 'System.String' ... 
2025-04-15 16:40:58.5919 | DEBUG | Attempting to bind parameter 'sortFeild' of type 'System.String' using the name 'sortFeild' in request data ... 
2025-04-15 16:40:58.5919 | DEBUG | Done attempting to bind parameter 'sortFeild' of type 'System.String'. 
2025-04-15 16:40:58.5919 | DEBUG | Done attempting to bind parameter 'sortFeild' of type 'System.String'. 
2025-04-15 16:40:58.5919 | DEBUG | Attempting to validate the bound parameter 'sortFeild' of type 'System.String' ... 
2025-04-15 16:40:58.5919 | DEBUG | Done attempting to validate the bound parameter 'sortFeild' of type 'System.String'. 
2025-04-15 16:40:58.5919 | DEBUG | Attempting to bind parameter 'sortType' of type 'System.Nullable`1[System.Int32]' ... 
2025-04-15 16:40:58.5919 | DEBUG | Attempting to bind parameter 'sortType' of type 'System.Nullable`1[System.Int32]' using the name 'sortType' in request data ... 
2025-04-15 16:40:58.5919 | DEBUG | Done attempting to bind parameter 'sortType' of type 'System.Nullable`1[System.Int32]'. 
2025-04-15 16:40:58.5919 | DEBUG | Done attempting to bind parameter 'sortType' of type 'System.Nullable`1[System.Int32]'. 
2025-04-15 16:40:58.5919 | DEBUG | Attempting to validate the bound parameter 'sortType' of type 'System.Nullable`1[System.Int32]' ... 
2025-04-15 16:40:58.5919 | DEBUG | Done attempting to validate the bound parameter 'sortType' of type 'System.Nullable`1[System.Int32]'. 
2025-04-15 16:40:58.5919 | DEBUG | List of registered output formatters, in the following order: Microsoft.AspNetCore.Mvc.Formatters.HttpNoContentOutputFormatter, Microsoft.AspNetCore.Mvc.Formatters.StringOutputFormatter, Microsoft.AspNetCore.Mvc.Formatters.StreamOutputFormatter, Microsoft.AspNetCore.Mvc.Formatters.NewtonsoftJsonOutputFormatter 
2025-04-15 16:40:58.5919 | DEBUG | No information found on request to perform content negotiation. 
2025-04-15 16:40:58.5919 | DEBUG | Attempting to select an output formatter without using a content type as no explicit content types were specified for the response. 
2025-04-15 16:40:58.5919 | DEBUG | Attempting to select the first formatter in the output formatters list which can write the result. 
2025-04-15 16:40:58.5919 | DEBUG | Selected output formatter 'Microsoft.AspNetCore.Mvc.Formatters.NewtonsoftJsonOutputFormatter' and content type 'application/json' to write the response. 
2025-04-15 16:40:58.5919 | DEBUG | Connection id "0HNBS1NN8QBM3" completed keep alive response. 
2025-04-15 16:40:59.5834 | DEBUG | The request path  does not match the path filter 
2025-04-15 16:40:59.5834 | DEBUG | The request has an origin header: 'http://127.0.0.1:5503'. 
2025-04-15 16:40:59.5834 | DEBUG | 1 candidate(s) found for the request path '/api/Author/GetAllBooks2' 
2025-04-15 16:40:59.5834 | DEBUG | Endpoint 'WebApplication1.Controller.AuthorController.GetAllBooks2 (WebApplication1)' with route pattern 'api/Author/GetAllBooks2' is valid for the request path '/api/Author/GetAllBooks2' 
2025-04-15 16:40:59.5834 | DEBUG | Request matched endpoint 'WebApplication1.Controller.AuthorController.GetAllBooks2 (WebApplication1)' 
2025-04-15 16:40:59.5834 | DEBUG | Execution plan of authorization filters (in the following order): None 
2025-04-15 16:40:59.5834 | DEBUG | Execution plan of resource filters (in the following order): None 
2025-04-15 16:40:59.5834 | DEBUG | Execution plan of action filters (in the following order): Microsoft.AspNetCore.Mvc.ModelBinding.UnsupportedContentTypeFilter (Order: -3000), Microsoft.AspNetCore.Mvc.Infrastructure.ModelStateInvalidFilter (Order: -2000) 
2025-04-15 16:40:59.5834 | DEBUG | Execution plan of exception filters (in the following order): None 
2025-04-15 16:40:59.5834 | DEBUG | Execution plan of result filters (in the following order): Microsoft.AspNetCore.Mvc.Infrastructure.ClientErrorResultFilter (Order: -2000) 
2025-04-15 16:40:59.5834 | DEBUG | Executing controller factory for controller WebApplication1.Controller.AuthorController (WebApplication1) 
2025-04-15 16:40:59.5999 | DEBUG | Executed controller factory for controller WebApplication1.Controller.AuthorController (WebApplication1) 
2025-04-15 16:40:59.5999 | DEBUG | Attempting to bind parameter 'skip' of type 'System.Int32' ... 
2025-04-15 16:40:59.5999 | DEBUG | Attempting to bind parameter 'skip' of type 'System.Int32' using the name 'skip' in request data ... 
2025-04-15 16:40:59.5999 | DEBUG | Done attempting to bind parameter 'skip' of type 'System.Int32'. 
2025-04-15 16:40:59.5999 | DEBUG | Done attempting to bind parameter 'skip' of type 'System.Int32'. 
2025-04-15 16:40:59.5999 | DEBUG | Attempting to validate the bound parameter 'skip' of type 'System.Int32' ... 
2025-04-15 16:40:59.5999 | DEBUG | Done attempting to validate the bound parameter 'skip' of type 'System.Int32'. 
2025-04-15 16:40:59.5999 | DEBUG | Attempting to bind parameter 'take' of type 'System.Int32' ... 
2025-04-15 16:40:59.5999 | DEBUG | Attempting to bind parameter 'take' of type 'System.Int32' using the name 'take' in request data ... 
2025-04-15 16:40:59.5999 | DEBUG | Done attempting to bind parameter 'take' of type 'System.Int32'. 
2025-04-15 16:40:59.5999 | DEBUG | Done attempting to bind parameter 'take' of type 'System.Int32'. 
2025-04-15 16:40:59.5999 | DEBUG | Attempting to validate the bound parameter 'take' of type 'System.Int32' ... 
2025-04-15 16:40:59.5999 | DEBUG | Done attempting to validate the bound parameter 'take' of type 'System.Int32'. 
2025-04-15 16:40:59.5999 | DEBUG | Attempting to bind parameter 'sortFeild' of type 'System.String' ... 
2025-04-15 16:40:59.5999 | DEBUG | Attempting to bind parameter 'sortFeild' of type 'System.String' using the name 'sortFeild' in request data ... 
2025-04-15 16:40:59.5999 | DEBUG | Done attempting to bind parameter 'sortFeild' of type 'System.String'. 
2025-04-15 16:40:59.5999 | DEBUG | Done attempting to bind parameter 'sortFeild' of type 'System.String'. 
2025-04-15 16:40:59.5999 | DEBUG | Attempting to validate the bound parameter 'sortFeild' of type 'System.String' ... 
2025-04-15 16:40:59.5999 | DEBUG | Done attempting to validate the bound parameter 'sortFeild' of type 'System.String'. 
2025-04-15 16:40:59.5999 | DEBUG | Attempting to bind parameter 'sortType' of type 'System.Nullable`1[System.Int32]' ... 
2025-04-15 16:40:59.5999 | DEBUG | Attempting to bind parameter 'sortType' of type 'System.Nullable`1[System.Int32]' using the name 'sortType' in request data ... 
2025-04-15 16:40:59.5999 | DEBUG | Done attempting to bind parameter 'sortType' of type 'System.Nullable`1[System.Int32]'. 
2025-04-15 16:40:59.5999 | DEBUG | Done attempting to bind parameter 'sortType' of type 'System.Nullable`1[System.Int32]'. 
2025-04-15 16:40:59.5999 | DEBUG | Attempting to validate the bound parameter 'sortType' of type 'System.Nullable`1[System.Int32]' ... 
2025-04-15 16:40:59.5999 | DEBUG | Done attempting to validate the bound parameter 'sortType' of type 'System.Nullable`1[System.Int32]'. 
2025-04-15 16:40:59.6084 | DEBUG | List of registered output formatters, in the following order: Microsoft.AspNetCore.Mvc.Formatters.HttpNoContentOutputFormatter, Microsoft.AspNetCore.Mvc.Formatters.StringOutputFormatter, Microsoft.AspNetCore.Mvc.Formatters.StreamOutputFormatter, Microsoft.AspNetCore.Mvc.Formatters.NewtonsoftJsonOutputFormatter 
2025-04-15 16:40:59.6084 | DEBUG | No information found on request to perform content negotiation. 
2025-04-15 16:40:59.6084 | DEBUG | Attempting to select an output formatter without using a content type as no explicit content types were specified for the response. 
2025-04-15 16:40:59.6084 | DEBUG | Attempting to select the first formatter in the output formatters list which can write the result. 
2025-04-15 16:40:59.6084 | DEBUG | Selected output formatter 'Microsoft.AspNetCore.Mvc.Formatters.NewtonsoftJsonOutputFormatter' and content type 'application/json' to write the response. 
2025-04-15 16:40:59.6084 | DEBUG | Connection id "0HNBS1NN8QBM3" completed keep alive response. 
2025-04-15 16:41:07.7034 | DEBUG | The request path  does not match the path filter 
2025-04-15 16:41:07.7034 | DEBUG | The request has an origin header: 'http://127.0.0.1:5503'. 
2025-04-15 16:41:07.7034 | DEBUG | 1 candidate(s) found for the request path '/api/Author/GetAllBooks2' 
2025-04-15 16:41:07.7034 | DEBUG | Endpoint 'WebApplication1.Controller.AuthorController.GetAllBooks2 (WebApplication1)' with route pattern 'api/Author/GetAllBooks2' is valid for the request path '/api/Author/GetAllBooks2' 
2025-04-15 16:41:07.7034 | DEBUG | Request matched endpoint 'WebApplication1.Controller.AuthorController.GetAllBooks2 (WebApplication1)' 
2025-04-15 16:41:07.7034 | DEBUG | Execution plan of authorization filters (in the following order): None 
2025-04-15 16:41:07.7034 | DEBUG | Execution plan of resource filters (in the following order): None 
2025-04-15 16:41:07.7034 | DEBUG | Execution plan of action filters (in the following order): Microsoft.AspNetCore.Mvc.ModelBinding.UnsupportedContentTypeFilter (Order: -3000), Microsoft.AspNetCore.Mvc.Infrastructure.ModelStateInvalidFilter (Order: -2000) 
2025-04-15 16:41:07.7034 | DEBUG | Execution plan of exception filters (in the following order): None 
2025-04-15 16:41:07.7034 | DEBUG | Execution plan of result filters (in the following order): Microsoft.AspNetCore.Mvc.Infrastructure.ClientErrorResultFilter (Order: -2000) 
2025-04-15 16:41:07.7034 | DEBUG | Executing controller factory for controller WebApplication1.Controller.AuthorController (WebApplication1) 
2025-04-15 16:41:07.7034 | DEBUG | Executed controller factory for controller WebApplication1.Controller.AuthorController (WebApplication1) 
2025-04-15 16:41:07.7034 | DEBUG | Attempting to bind parameter 'skip' of type 'System.Int32' ... 
2025-04-15 16:41:07.7222 | DEBUG | Attempting to bind parameter 'skip' of type 'System.Int32' using the name 'skip' in request data ... 
2025-04-15 16:41:07.7222 | DEBUG | Done attempting to bind parameter 'skip' of type 'System.Int32'. 
2025-04-15 16:41:07.7222 | DEBUG | Done attempting to bind parameter 'skip' of type 'System.Int32'. 
2025-04-15 16:41:07.7222 | DEBUG | Attempting to validate the bound parameter 'skip' of type 'System.Int32' ... 
2025-04-15 16:41:07.7222 | DEBUG | Done attempting to validate the bound parameter 'skip' of type 'System.Int32'. 
2025-04-15 16:41:07.7222 | DEBUG | Attempting to bind parameter 'take' of type 'System.Int32' ... 
2025-04-15 16:41:07.7222 | DEBUG | Attempting to bind parameter 'take' of type 'System.Int32' using the name 'take' in request data ... 
2025-04-15 16:41:07.7222 | DEBUG | Done attempting to bind parameter 'take' of type 'System.Int32'. 
2025-04-15 16:41:07.7222 | DEBUG | Done attempting to bind parameter 'take' of type 'System.Int32'. 
2025-04-15 16:41:07.7222 | DEBUG | Attempting to validate the bound parameter 'take' of type 'System.Int32' ... 
2025-04-15 16:41:07.7222 | DEBUG | Done attempting to validate the bound parameter 'take' of type 'System.Int32'. 
2025-04-15 16:41:07.7222 | DEBUG | Attempting to bind parameter 'sortFeild' of type 'System.String' ... 
2025-04-15 16:41:07.7222 | DEBUG | Attempting to bind parameter 'sortFeild' of type 'System.String' using the name 'sortFeild' in request data ... 
2025-04-15 16:41:07.7222 | DEBUG | Done attempting to bind parameter 'sortFeild' of type 'System.String'. 
2025-04-15 16:41:07.7222 | DEBUG | Done attempting to bind parameter 'sortFeild' of type 'System.String'. 
2025-04-15 16:41:07.7222 | DEBUG | Attempting to validate the bound parameter 'sortFeild' of type 'System.String' ... 
2025-04-15 16:41:07.7222 | DEBUG | Done attempting to validate the bound parameter 'sortFeild' of type 'System.String'. 
2025-04-15 16:41:07.7222 | DEBUG | Attempting to bind parameter 'sortType' of type 'System.Nullable`1[System.Int32]' ... 
2025-04-15 16:41:07.7222 | DEBUG | Attempting to bind parameter 'sortType' of type 'System.Nullable`1[System.Int32]' using the name 'sortType' in request data ... 
2025-04-15 16:41:07.7222 | DEBUG | Done attempting to bind parameter 'sortType' of type 'System.Nullable`1[System.Int32]'. 
2025-04-15 16:41:07.7222 | DEBUG | Done attempting to bind parameter 'sortType' of type 'System.Nullable`1[System.Int32]'. 
2025-04-15 16:41:07.7222 | DEBUG | Attempting to validate the bound parameter 'sortType' of type 'System.Nullable`1[System.Int32]' ... 
2025-04-15 16:41:07.7222 | DEBUG | Done attempting to validate the bound parameter 'sortType' of type 'System.Nullable`1[System.Int32]'. 
2025-04-15 16:41:07.7222 | DEBUG | List of registered output formatters, in the following order: Microsoft.AspNetCore.Mvc.Formatters.HttpNoContentOutputFormatter, Microsoft.AspNetCore.Mvc.Formatters.StringOutputFormatter, Microsoft.AspNetCore.Mvc.Formatters.StreamOutputFormatter, Microsoft.AspNetCore.Mvc.Formatters.NewtonsoftJsonOutputFormatter 
2025-04-15 16:41:07.7222 | DEBUG | No information found on request to perform content negotiation. 
2025-04-15 16:41:07.7222 | DEBUG | Attempting to select an output formatter without using a content type as no explicit content types were specified for the response. 
2025-04-15 16:41:07.7222 | DEBUG | Attempting to select the first formatter in the output formatters list which can write the result. 
2025-04-15 16:41:07.7222 | DEBUG | Selected output formatter 'Microsoft.AspNetCore.Mvc.Formatters.NewtonsoftJsonOutputFormatter' and content type 'application/json' to write the response. 
2025-04-15 16:41:07.7222 | DEBUG | Connection id "0HNBS1NN8QBM3" completed keep alive response. 
2025-04-15 16:41:07.9225 | DEBUG | The request path  does not match the path filter 
2025-04-15 16:41:07.9225 | DEBUG | The request has an origin header: 'http://127.0.0.1:5503'. 
2025-04-15 16:41:07.9225 | DEBUG | 1 candidate(s) found for the request path '/api/Author/GetAllBooks2' 
2025-04-15 16:41:07.9225 | DEBUG | Endpoint 'WebApplication1.Controller.AuthorController.GetAllBooks2 (WebApplication1)' with route pattern 'api/Author/GetAllBooks2' is valid for the request path '/api/Author/GetAllBooks2' 
2025-04-15 16:41:07.9225 | DEBUG | Request matched endpoint 'WebApplication1.Controller.AuthorController.GetAllBooks2 (WebApplication1)' 
2025-04-15 16:41:07.9225 | DEBUG | Execution plan of authorization filters (in the following order): None 
2025-04-15 16:41:07.9225 | DEBUG | Execution plan of resource filters (in the following order): None 
2025-04-15 16:41:07.9225 | DEBUG | Execution plan of action filters (in the following order): Microsoft.AspNetCore.Mvc.ModelBinding.UnsupportedContentTypeFilter (Order: -3000), Microsoft.AspNetCore.Mvc.Infrastructure.ModelStateInvalidFilter (Order: -2000) 
2025-04-15 16:41:07.9225 | DEBUG | Execution plan of exception filters (in the following order): None 
2025-04-15 16:41:07.9225 | DEBUG | Execution plan of result filters (in the following order): Microsoft.AspNetCore.Mvc.Infrastructure.ClientErrorResultFilter (Order: -2000) 
2025-04-15 16:41:07.9225 | DEBUG | Executing controller factory for controller WebApplication1.Controller.AuthorController (WebApplication1) 
2025-04-15 16:41:07.9373 | DEBUG | Executed controller factory for controller WebApplication1.Controller.AuthorController (WebApplication1) 
2025-04-15 16:41:07.9373 | DEBUG | Attempting to bind parameter 'skip' of type 'System.Int32' ... 
2025-04-15 16:41:07.9373 | DEBUG | Attempting to bind parameter 'skip' of type 'System.Int32' using the name 'skip' in request data ... 
2025-04-15 16:41:07.9373 | DEBUG | Done attempting to bind parameter 'skip' of type 'System.Int32'. 
2025-04-15 16:41:07.9373 | DEBUG | Done attempting to bind parameter 'skip' of type 'System.Int32'. 
2025-04-15 16:41:07.9373 | DEBUG | Attempting to validate the bound parameter 'skip' of type 'System.Int32' ... 
2025-04-15 16:41:07.9373 | DEBUG | Done attempting to validate the bound parameter 'skip' of type 'System.Int32'. 
2025-04-15 16:41:07.9373 | DEBUG | Attempting to bind parameter 'take' of type 'System.Int32' ... 
2025-04-15 16:41:07.9373 | DEBUG | Attempting to bind parameter 'take' of type 'System.Int32' using the name 'take' in request data ... 
2025-04-15 16:41:07.9373 | DEBUG | Done attempting to bind parameter 'take' of type 'System.Int32'. 
2025-04-15 16:41:07.9373 | DEBUG | Done attempting to bind parameter 'take' of type 'System.Int32'. 
2025-04-15 16:41:07.9373 | DEBUG | Attempting to validate the bound parameter 'take' of type 'System.Int32' ... 
2025-04-15 16:41:07.9373 | DEBUG | Done attempting to validate the bound parameter 'take' of type 'System.Int32'. 
2025-04-15 16:41:07.9373 | DEBUG | Attempting to bind parameter 'sortFeild' of type 'System.String' ... 
2025-04-15 16:41:07.9373 | DEBUG | Attempting to bind parameter 'sortFeild' of type 'System.String' using the name 'sortFeild' in request data ... 
2025-04-15 16:41:07.9373 | DEBUG | Done attempting to bind parameter 'sortFeild' of type 'System.String'. 
2025-04-15 16:41:07.9373 | DEBUG | Done attempting to bind parameter 'sortFeild' of type 'System.String'. 
2025-04-15 16:41:07.9373 | DEBUG | Attempting to validate the bound parameter 'sortFeild' of type 'System.String' ... 
2025-04-15 16:41:07.9373 | DEBUG | Done attempting to validate the bound parameter 'sortFeild' of type 'System.String'. 
2025-04-15 16:41:07.9373 | DEBUG | Attempting to bind parameter 'sortType' of type 'System.Nullable`1[System.Int32]' ... 
2025-04-15 16:41:07.9373 | DEBUG | Attempting to bind parameter 'sortType' of type 'System.Nullable`1[System.Int32]' using the name 'sortType' in request data ... 
2025-04-15 16:41:07.9373 | DEBUG | Done attempting to bind parameter 'sortType' of type 'System.Nullable`1[System.Int32]'. 
2025-04-15 16:41:07.9373 | DEBUG | Done attempting to bind parameter 'sortType' of type 'System.Nullable`1[System.Int32]'. 
2025-04-15 16:41:07.9373 | DEBUG | Attempting to validate the bound parameter 'sortType' of type 'System.Nullable`1[System.Int32]' ... 
2025-04-15 16:41:07.9373 | DEBUG | Done attempting to validate the bound parameter 'sortType' of type 'System.Nullable`1[System.Int32]'. 
2025-04-15 16:41:07.9373 | DEBUG | List of registered output formatters, in the following order: Microsoft.AspNetCore.Mvc.Formatters.HttpNoContentOutputFormatter, Microsoft.AspNetCore.Mvc.Formatters.StringOutputFormatter, Microsoft.AspNetCore.Mvc.Formatters.StreamOutputFormatter, Microsoft.AspNetCore.Mvc.Formatters.NewtonsoftJsonOutputFormatter 
2025-04-15 16:41:07.9373 | DEBUG | No information found on request to perform content negotiation. 
2025-04-15 16:41:07.9373 | DEBUG | Attempting to select an output formatter without using a content type as no explicit content types were specified for the response. 
2025-04-15 16:41:07.9373 | DEBUG | Attempting to select the first formatter in the output formatters list which can write the result. 
2025-04-15 16:41:07.9373 | DEBUG | Selected output formatter 'Microsoft.AspNetCore.Mvc.Formatters.NewtonsoftJsonOutputFormatter' and content type 'application/json' to write the response. 
2025-04-15 16:41:07.9373 | DEBUG | Connection id "0HNBS1NN8QBM3" completed keep alive response. 
2025-04-15 16:41:08.9336 | DEBUG | The request path  does not match the path filter 
2025-04-15 16:41:08.9336 | DEBUG | The request has an origin header: 'http://127.0.0.1:5503'. 
2025-04-15 16:41:08.9336 | DEBUG | 1 candidate(s) found for the request path '/api/Author/GetAllBooks2' 
2025-04-15 16:41:08.9336 | DEBUG | Endpoint 'WebApplication1.Controller.AuthorController.GetAllBooks2 (WebApplication1)' with route pattern 'api/Author/GetAllBooks2' is valid for the request path '/api/Author/GetAllBooks2' 
2025-04-15 16:41:08.9336 | DEBUG | Request matched endpoint 'WebApplication1.Controller.AuthorController.GetAllBooks2 (WebApplication1)' 
2025-04-15 16:41:08.9336 | DEBUG | Execution plan of authorization filters (in the following order): None 
2025-04-15 16:41:08.9336 | DEBUG | Execution plan of resource filters (in the following order): None 
2025-04-15 16:41:08.9336 | DEBUG | Execution plan of action filters (in the following order): Microsoft.AspNetCore.Mvc.ModelBinding.UnsupportedContentTypeFilter (Order: -3000), Microsoft.AspNetCore.Mvc.Infrastructure.ModelStateInvalidFilter (Order: -2000) 
2025-04-15 16:41:08.9336 | DEBUG | Execution plan of exception filters (in the following order): None 
2025-04-15 16:41:08.9336 | DEBUG | Execution plan of result filters (in the following order): Microsoft.AspNetCore.Mvc.Infrastructure.ClientErrorResultFilter (Order: -2000) 
2025-04-15 16:41:08.9336 | DEBUG | Executing controller factory for controller WebApplication1.Controller.AuthorController (WebApplication1) 
2025-04-15 16:41:08.9336 | DEBUG | Executed controller factory for controller WebApplication1.Controller.AuthorController (WebApplication1) 
2025-04-15 16:41:08.9336 | DEBUG | Attempting to bind parameter 'skip' of type 'System.Int32' ... 
2025-04-15 16:41:08.9336 | DEBUG | Attempting to bind parameter 'skip' of type 'System.Int32' using the name 'skip' in request data ... 
2025-04-15 16:41:08.9336 | DEBUG | Done attempting to bind parameter 'skip' of type 'System.Int32'. 
2025-04-15 16:41:08.9336 | DEBUG | Done attempting to bind parameter 'skip' of type 'System.Int32'. 
2025-04-15 16:41:08.9336 | DEBUG | Attempting to validate the bound parameter 'skip' of type 'System.Int32' ... 
2025-04-15 16:41:08.9336 | DEBUG | Done attempting to validate the bound parameter 'skip' of type 'System.Int32'. 
2025-04-15 16:41:08.9336 | DEBUG | Attempting to bind parameter 'take' of type 'System.Int32' ... 
2025-04-15 16:41:08.9336 | DEBUG | Attempting to bind parameter 'take' of type 'System.Int32' using the name 'take' in request data ... 
2025-04-15 16:41:08.9336 | DEBUG | Done attempting to bind parameter 'take' of type 'System.Int32'. 
2025-04-15 16:41:08.9336 | DEBUG | Done attempting to bind parameter 'take' of type 'System.Int32'. 
2025-04-15 16:41:08.9336 | DEBUG | Attempting to validate the bound parameter 'take' of type 'System.Int32' ... 
2025-04-15 16:41:08.9336 | DEBUG | Done attempting to validate the bound parameter 'take' of type 'System.Int32'. 
2025-04-15 16:41:08.9336 | DEBUG | Attempting to bind parameter 'sortFeild' of type 'System.String' ... 
2025-04-15 16:41:08.9336 | DEBUG | Attempting to bind parameter 'sortFeild' of type 'System.String' using the name 'sortFeild' in request data ... 
2025-04-15 16:41:08.9336 | DEBUG | Done attempting to bind parameter 'sortFeild' of type 'System.String'. 
2025-04-15 16:41:08.9336 | DEBUG | Done attempting to bind parameter 'sortFeild' of type 'System.String'. 
2025-04-15 16:41:08.9336 | DEBUG | Attempting to validate the bound parameter 'sortFeild' of type 'System.String' ... 
2025-04-15 16:41:08.9336 | DEBUG | Done attempting to validate the bound parameter 'sortFeild' of type 'System.String'. 
2025-04-15 16:41:08.9336 | DEBUG | Attempting to bind parameter 'sortType' of type 'System.Nullable`1[System.Int32]' ... 
2025-04-15 16:41:08.9336 | DEBUG | Attempting to bind parameter 'sortType' of type 'System.Nullable`1[System.Int32]' using the name 'sortType' in request data ... 
2025-04-15 16:41:08.9336 | DEBUG | Done attempting to bind parameter 'sortType' of type 'System.Nullable`1[System.Int32]'. 
2025-04-15 16:41:08.9336 | DEBUG | Done attempting to bind parameter 'sortType' of type 'System.Nullable`1[System.Int32]'. 
2025-04-15 16:41:08.9336 | DEBUG | Attempting to validate the bound parameter 'sortType' of type 'System.Nullable`1[System.Int32]' ... 
2025-04-15 16:41:08.9336 | DEBUG | Done attempting to validate the bound parameter 'sortType' of type 'System.Nullable`1[System.Int32]'. 
2025-04-15 16:41:08.9570 | DEBUG | List of registered output formatters, in the following order: Microsoft.AspNetCore.Mvc.Formatters.HttpNoContentOutputFormatter, Microsoft.AspNetCore.Mvc.Formatters.StringOutputFormatter, Microsoft.AspNetCore.Mvc.Formatters.StreamOutputFormatter, Microsoft.AspNetCore.Mvc.Formatters.NewtonsoftJsonOutputFormatter 
2025-04-15 16:41:08.9570 | DEBUG | No information found on request to perform content negotiation. 
2025-04-15 16:41:08.9570 | DEBUG | Attempting to select an output formatter without using a content type as no explicit content types were specified for the response. 
2025-04-15 16:41:08.9570 | DEBUG | Attempting to select the first formatter in the output formatters list which can write the result. 
2025-04-15 16:41:08.9570 | DEBUG | Selected output formatter 'Microsoft.AspNetCore.Mvc.Formatters.NewtonsoftJsonOutputFormatter' and content type 'application/json' to write the response. 
2025-04-15 16:41:08.9570 | DEBUG | Connection id "0HNBS1NN8QBM3" completed keep alive response. 
2025-04-15 16:41:17.5965 | DEBUG | The request path  does not match the path filter 
2025-04-15 16:41:17.5965 | DEBUG | The request has an origin header: 'http://127.0.0.1:5503'. 
2025-04-15 16:41:17.5965 | DEBUG | 1 candidate(s) found for the request path '/api/Author/GetAllBooks2' 
2025-04-15 16:41:17.5965 | DEBUG | Endpoint 'WebApplication1.Controller.AuthorController.GetAllBooks2 (WebApplication1)' with route pattern 'api/Author/GetAllBooks2' is valid for the request path '/api/Author/GetAllBooks2' 
2025-04-15 16:41:17.5965 | DEBUG | Request matched endpoint 'WebApplication1.Controller.AuthorController.GetAllBooks2 (WebApplication1)' 
2025-04-15 16:41:17.5965 | DEBUG | Execution plan of authorization filters (in the following order): None 
2025-04-15 16:41:17.5965 | DEBUG | Execution plan of resource filters (in the following order): None 
2025-04-15 16:41:17.5965 | DEBUG | Execution plan of action filters (in the following order): Microsoft.AspNetCore.Mvc.ModelBinding.UnsupportedContentTypeFilter (Order: -3000), Microsoft.AspNetCore.Mvc.Infrastructure.ModelStateInvalidFilter (Order: -2000) 
2025-04-15 16:41:17.5965 | DEBUG | Execution plan of exception filters (in the following order): None 
2025-04-15 16:41:17.5965 | DEBUG | Execution plan of result filters (in the following order): Microsoft.AspNetCore.Mvc.Infrastructure.ClientErrorResultFilter (Order: -2000) 
2025-04-15 16:41:17.5965 | DEBUG | Executing controller factory for controller WebApplication1.Controller.AuthorController (WebApplication1) 
2025-04-15 16:41:17.6139 | DEBUG | Executed controller factory for controller WebApplication1.Controller.AuthorController (WebApplication1) 
2025-04-15 16:41:17.6139 | DEBUG | Attempting to bind parameter 'skip' of type 'System.Int32' ... 
2025-04-15 16:41:17.6139 | DEBUG | Attempting to bind parameter 'skip' of type 'System.Int32' using the name 'skip' in request data ... 
2025-04-15 16:41:17.6139 | DEBUG | Done attempting to bind parameter 'skip' of type 'System.Int32'. 
2025-04-15 16:41:17.6139 | DEBUG | Done attempting to bind parameter 'skip' of type 'System.Int32'. 
2025-04-15 16:41:17.6139 | DEBUG | Attempting to validate the bound parameter 'skip' of type 'System.Int32' ... 
2025-04-15 16:41:17.6139 | DEBUG | Done attempting to validate the bound parameter 'skip' of type 'System.Int32'. 
2025-04-15 16:41:17.6139 | DEBUG | Attempting to bind parameter 'take' of type 'System.Int32' ... 
2025-04-15 16:41:17.6139 | DEBUG | Attempting to bind parameter 'take' of type 'System.Int32' using the name 'take' in request data ... 
2025-04-15 16:41:17.6139 | DEBUG | Done attempting to bind parameter 'take' of type 'System.Int32'. 
2025-04-15 16:41:17.6139 | DEBUG | Done attempting to bind parameter 'take' of type 'System.Int32'. 
2025-04-15 16:41:17.6139 | DEBUG | Attempting to validate the bound parameter 'take' of type 'System.Int32' ... 
2025-04-15 16:41:17.6139 | DEBUG | Done attempting to validate the bound parameter 'take' of type 'System.Int32'. 
2025-04-15 16:41:17.6139 | DEBUG | Attempting to bind parameter 'sortFeild' of type 'System.String' ... 
2025-04-15 16:41:17.6139 | DEBUG | Attempting to bind parameter 'sortFeild' of type 'System.String' using the name 'sortFeild' in request data ... 
2025-04-15 16:41:17.6139 | DEBUG | Done attempting to bind parameter 'sortFeild' of type 'System.String'. 
2025-04-15 16:41:17.6139 | DEBUG | Done attempting to bind parameter 'sortFeild' of type 'System.String'. 
2025-04-15 16:41:17.6139 | DEBUG | Attempting to validate the bound parameter 'sortFeild' of type 'System.String' ... 
2025-04-15 16:41:17.6139 | DEBUG | Done attempting to validate the bound parameter 'sortFeild' of type 'System.String'. 
2025-04-15 16:41:17.6139 | DEBUG | Attempting to bind parameter 'sortType' of type 'System.Nullable`1[System.Int32]' ... 
2025-04-15 16:41:17.6139 | DEBUG | Attempting to bind parameter 'sortType' of type 'System.Nullable`1[System.Int32]' using the name 'sortType' in request data ... 
2025-04-15 16:41:17.6139 | DEBUG | Done attempting to bind parameter 'sortType' of type 'System.Nullable`1[System.Int32]'. 
2025-04-15 16:41:17.6139 | DEBUG | Done attempting to bind parameter 'sortType' of type 'System.Nullable`1[System.Int32]'. 
2025-04-15 16:41:17.6139 | DEBUG | Attempting to validate the bound parameter 'sortType' of type 'System.Nullable`1[System.Int32]' ... 
2025-04-15 16:41:17.6139 | DEBUG | Done attempting to validate the bound parameter 'sortType' of type 'System.Nullable`1[System.Int32]'. 
2025-04-15 16:41:17.6221 | DEBUG | List of registered output formatters, in the following order: Microsoft.AspNetCore.Mvc.Formatters.HttpNoContentOutputFormatter, Microsoft.AspNetCore.Mvc.Formatters.StringOutputFormatter, Microsoft.AspNetCore.Mvc.Formatters.StreamOutputFormatter, Microsoft.AspNetCore.Mvc.Formatters.NewtonsoftJsonOutputFormatter 
2025-04-15 16:41:17.6221 | DEBUG | No information found on request to perform content negotiation. 
2025-04-15 16:41:17.6221 | DEBUG | Attempting to select an output formatter without using a content type as no explicit content types were specified for the response. 
2025-04-15 16:41:17.6221 | DEBUG | Attempting to select the first formatter in the output formatters list which can write the result. 
2025-04-15 16:41:17.6221 | DEBUG | Selected output formatter 'Microsoft.AspNetCore.Mvc.Formatters.NewtonsoftJsonOutputFormatter' and content type 'application/json' to write the response. 
2025-04-15 16:41:17.6221 | DEBUG | Connection id "0HNBS1NN8QBM3" completed keep alive response. 
2025-04-15 16:41:17.8230 | DEBUG | The request path  does not match the path filter 
2025-04-15 16:41:17.8230 | DEBUG | The request has an origin header: 'http://127.0.0.1:5503'. 
2025-04-15 16:41:17.8230 | DEBUG | 1 candidate(s) found for the request path '/api/Author/GetAllBooks2' 
2025-04-15 16:41:17.8230 | DEBUG | Endpoint 'WebApplication1.Controller.AuthorController.GetAllBooks2 (WebApplication1)' with route pattern 'api/Author/GetAllBooks2' is valid for the request path '/api/Author/GetAllBooks2' 
2025-04-15 16:41:17.8230 | DEBUG | Request matched endpoint 'WebApplication1.Controller.AuthorController.GetAllBooks2 (WebApplication1)' 
2025-04-15 16:41:17.8230 | DEBUG | Execution plan of authorization filters (in the following order): None 
2025-04-15 16:41:17.8230 | DEBUG | Execution plan of resource filters (in the following order): None 
2025-04-15 16:41:17.8230 | DEBUG | Execution plan of action filters (in the following order): Microsoft.AspNetCore.Mvc.ModelBinding.UnsupportedContentTypeFilter (Order: -3000), Microsoft.AspNetCore.Mvc.Infrastructure.ModelStateInvalidFilter (Order: -2000) 
2025-04-15 16:41:17.8230 | DEBUG | Execution plan of exception filters (in the following order): None 
2025-04-15 16:41:17.8230 | DEBUG | Execution plan of result filters (in the following order): Microsoft.AspNetCore.Mvc.Infrastructure.ClientErrorResultFilter (Order: -2000) 
2025-04-15 16:41:17.8230 | DEBUG | Executing controller factory for controller WebApplication1.Controller.AuthorController (WebApplication1) 
2025-04-15 16:41:17.8230 | DEBUG | Executed controller factory for controller WebApplication1.Controller.AuthorController (WebApplication1) 
2025-04-15 16:41:17.8230 | DEBUG | Attempting to bind parameter 'skip' of type 'System.Int32' ... 
2025-04-15 16:41:17.8230 | DEBUG | Attempting to bind parameter 'skip' of type 'System.Int32' using the name 'skip' in request data ... 
2025-04-15 16:41:17.8230 | DEBUG | Done attempting to bind parameter 'skip' of type 'System.Int32'. 
2025-04-15 16:41:17.8230 | DEBUG | Done attempting to bind parameter 'skip' of type 'System.Int32'. 
2025-04-15 16:41:17.8230 | DEBUG | Attempting to validate the bound parameter 'skip' of type 'System.Int32' ... 
2025-04-15 16:41:17.8230 | DEBUG | Done attempting to validate the bound parameter 'skip' of type 'System.Int32'. 
2025-04-15 16:41:17.8230 | DEBUG | Attempting to bind parameter 'take' of type 'System.Int32' ... 
2025-04-15 16:41:17.8230 | DEBUG | Attempting to bind parameter 'take' of type 'System.Int32' using the name 'take' in request data ... 
2025-04-15 16:41:17.8230 | DEBUG | Done attempting to bind parameter 'take' of type 'System.Int32'. 
2025-04-15 16:41:17.8230 | DEBUG | Done attempting to bind parameter 'take' of type 'System.Int32'. 
2025-04-15 16:41:17.8230 | DEBUG | Attempting to validate the bound parameter 'take' of type 'System.Int32' ... 
2025-04-15 16:41:17.8230 | DEBUG | Done attempting to validate the bound parameter 'take' of type 'System.Int32'. 
2025-04-15 16:41:17.8230 | DEBUG | Attempting to bind parameter 'sortFeild' of type 'System.String' ... 
2025-04-15 16:41:17.8230 | DEBUG | Attempting to bind parameter 'sortFeild' of type 'System.String' using the name 'sortFeild' in request data ... 
2025-04-15 16:41:17.8230 | DEBUG | Done attempting to bind parameter 'sortFeild' of type 'System.String'. 
2025-04-15 16:41:17.8230 | DEBUG | Done attempting to bind parameter 'sortFeild' of type 'System.String'. 
2025-04-15 16:41:17.8230 | DEBUG | Attempting to validate the bound parameter 'sortFeild' of type 'System.String' ... 
2025-04-15 16:41:17.8230 | DEBUG | Done attempting to validate the bound parameter 'sortFeild' of type 'System.String'. 
2025-04-15 16:41:17.8230 | DEBUG | Attempting to bind parameter 'sortType' of type 'System.Nullable`1[System.Int32]' ... 
2025-04-15 16:41:17.8230 | DEBUG | Attempting to bind parameter 'sortType' of type 'System.Nullable`1[System.Int32]' using the name 'sortType' in request data ... 
2025-04-15 16:41:17.8230 | DEBUG | Done attempting to bind parameter 'sortType' of type 'System.Nullable`1[System.Int32]'. 
2025-04-15 16:41:17.8230 | DEBUG | Done attempting to bind parameter 'sortType' of type 'System.Nullable`1[System.Int32]'. 
2025-04-15 16:41:17.8230 | DEBUG | Attempting to validate the bound parameter 'sortType' of type 'System.Nullable`1[System.Int32]' ... 
2025-04-15 16:41:17.8230 | DEBUG | Done attempting to validate the bound parameter 'sortType' of type 'System.Nullable`1[System.Int32]'. 
2025-04-15 16:41:17.8452 | DEBUG | List of registered output formatters, in the following order: Microsoft.AspNetCore.Mvc.Formatters.HttpNoContentOutputFormatter, Microsoft.AspNetCore.Mvc.Formatters.StringOutputFormatter, Microsoft.AspNetCore.Mvc.Formatters.StreamOutputFormatter, Microsoft.AspNetCore.Mvc.Formatters.NewtonsoftJsonOutputFormatter 
2025-04-15 16:41:17.8452 | DEBUG | No information found on request to perform content negotiation. 
2025-04-15 16:41:17.8452 | DEBUG | Attempting to select an output formatter without using a content type as no explicit content types were specified for the response. 
2025-04-15 16:41:17.8452 | DEBUG | Attempting to select the first formatter in the output formatters list which can write the result. 
2025-04-15 16:41:17.8452 | DEBUG | Selected output formatter 'Microsoft.AspNetCore.Mvc.Formatters.NewtonsoftJsonOutputFormatter' and content type 'application/json' to write the response. 
2025-04-15 16:41:17.8452 | DEBUG | Connection id "0HNBS1NN8QBM3" completed keep alive response. 
2025-04-15 16:41:18.8271 | DEBUG | The request path  does not match the path filter 
2025-04-15 16:41:18.8271 | DEBUG | The request has an origin header: 'http://127.0.0.1:5503'. 
2025-04-15 16:41:18.8271 | DEBUG | 1 candidate(s) found for the request path '/api/Author/GetAllBooks2' 
2025-04-15 16:41:18.8271 | DEBUG | Endpoint 'WebApplication1.Controller.AuthorController.GetAllBooks2 (WebApplication1)' with route pattern 'api/Author/GetAllBooks2' is valid for the request path '/api/Author/GetAllBooks2' 
2025-04-15 16:41:18.8271 | DEBUG | Request matched endpoint 'WebApplication1.Controller.AuthorController.GetAllBooks2 (WebApplication1)' 
2025-04-15 16:41:18.8271 | DEBUG | Execution plan of authorization filters (in the following order): None 
2025-04-15 16:41:18.8271 | DEBUG | Execution plan of resource filters (in the following order): None 
2025-04-15 16:41:18.8271 | DEBUG | Execution plan of action filters (in the following order): Microsoft.AspNetCore.Mvc.ModelBinding.UnsupportedContentTypeFilter (Order: -3000), Microsoft.AspNetCore.Mvc.Infrastructure.ModelStateInvalidFilter (Order: -2000) 
2025-04-15 16:41:18.8271 | DEBUG | Execution plan of exception filters (in the following order): None 
2025-04-15 16:41:18.8271 | DEBUG | Execution plan of result filters (in the following order): Microsoft.AspNetCore.Mvc.Infrastructure.ClientErrorResultFilter (Order: -2000) 
2025-04-15 16:41:18.8271 | DEBUG | Executing controller factory for controller WebApplication1.Controller.AuthorController (WebApplication1) 
2025-04-15 16:41:18.8443 | DEBUG | Executed controller factory for controller WebApplication1.Controller.AuthorController (WebApplication1) 
2025-04-15 16:41:18.8443 | DEBUG | Attempting to bind parameter 'skip' of type 'System.Int32' ... 
2025-04-15 16:41:18.8443 | DEBUG | Attempting to bind parameter 'skip' of type 'System.Int32' using the name 'skip' in request data ... 
2025-04-15 16:41:18.8443 | DEBUG | Done attempting to bind parameter 'skip' of type 'System.Int32'. 
2025-04-15 16:41:18.8443 | DEBUG | Done attempting to bind parameter 'skip' of type 'System.Int32'. 
2025-04-15 16:41:18.8443 | DEBUG | Attempting to validate the bound parameter 'skip' of type 'System.Int32' ... 
2025-04-15 16:41:18.8443 | DEBUG | Done attempting to validate the bound parameter 'skip' of type 'System.Int32'. 
2025-04-15 16:41:18.8443 | DEBUG | Attempting to bind parameter 'take' of type 'System.Int32' ... 
2025-04-15 16:41:18.8443 | DEBUG | Attempting to bind parameter 'take' of type 'System.Int32' using the name 'take' in request data ... 
2025-04-15 16:41:18.8443 | DEBUG | Done attempting to bind parameter 'take' of type 'System.Int32'. 
2025-04-15 16:41:18.8443 | DEBUG | Done attempting to bind parameter 'take' of type 'System.Int32'. 
2025-04-15 16:41:18.8443 | DEBUG | Attempting to validate the bound parameter 'take' of type 'System.Int32' ... 
2025-04-15 16:41:18.8443 | DEBUG | Done attempting to validate the bound parameter 'take' of type 'System.Int32'. 
2025-04-15 16:41:18.8443 | DEBUG | Attempting to bind parameter 'sortFeild' of type 'System.String' ... 
2025-04-15 16:41:18.8443 | DEBUG | Attempting to bind parameter 'sortFeild' of type 'System.String' using the name 'sortFeild' in request data ... 
2025-04-15 16:41:18.8443 | DEBUG | Done attempting to bind parameter 'sortFeild' of type 'System.String'. 
2025-04-15 16:41:18.8443 | DEBUG | Done attempting to bind parameter 'sortFeild' of type 'System.String'. 
2025-04-15 16:41:18.8443 | DEBUG | Attempting to validate the bound parameter 'sortFeild' of type 'System.String' ... 
2025-04-15 16:41:18.8443 | DEBUG | Done attempting to validate the bound parameter 'sortFeild' of type 'System.String'. 
2025-04-15 16:41:18.8443 | DEBUG | Attempting to bind parameter 'sortType' of type 'System.Nullable`1[System.Int32]' ... 
2025-04-15 16:41:18.8443 | DEBUG | Attempting to bind parameter 'sortType' of type 'System.Nullable`1[System.Int32]' using the name 'sortType' in request data ... 
2025-04-15 16:41:18.8443 | DEBUG | Done attempting to bind parameter 'sortType' of type 'System.Nullable`1[System.Int32]'. 
2025-04-15 16:41:18.8443 | DEBUG | Done attempting to bind parameter 'sortType' of type 'System.Nullable`1[System.Int32]'. 
2025-04-15 16:41:18.8443 | DEBUG | Attempting to validate the bound parameter 'sortType' of type 'System.Nullable`1[System.Int32]' ... 
2025-04-15 16:41:18.8443 | DEBUG | Done attempting to validate the bound parameter 'sortType' of type 'System.Nullable`1[System.Int32]'. 
2025-04-15 16:41:18.8443 | DEBUG | List of registered output formatters, in the following order: Microsoft.AspNetCore.Mvc.Formatters.HttpNoContentOutputFormatter, Microsoft.AspNetCore.Mvc.Formatters.StringOutputFormatter, Microsoft.AspNetCore.Mvc.Formatters.StreamOutputFormatter, Microsoft.AspNetCore.Mvc.Formatters.NewtonsoftJsonOutputFormatter 
2025-04-15 16:41:18.8443 | DEBUG | No information found on request to perform content negotiation. 
2025-04-15 16:41:18.8443 | DEBUG | Attempting to select an output formatter without using a content type as no explicit content types were specified for the response. 
2025-04-15 16:41:18.8443 | DEBUG | Attempting to select the first formatter in the output formatters list which can write the result. 
2025-04-15 16:41:18.8443 | DEBUG | Selected output formatter 'Microsoft.AspNetCore.Mvc.Formatters.NewtonsoftJsonOutputFormatter' and content type 'application/json' to write the response. 
2025-04-15 16:41:18.8443 | DEBUG | Connection id "0HNBS1NN8QBM3" completed keep alive response. 
2025-04-15 16:41:19.2513 | DEBUG | The request path  does not match the path filter 
2025-04-15 16:41:19.2513 | DEBUG | The request has an origin header: 'http://127.0.0.1:5503'. 
2025-04-15 16:41:19.2513 | DEBUG | 1 candidate(s) found for the request path '/api/Author/GetAllBooks2' 
2025-04-15 16:41:19.2513 | DEBUG | Endpoint 'WebApplication1.Controller.AuthorController.GetAllBooks2 (WebApplication1)' with route pattern 'api/Author/GetAllBooks2' is valid for the request path '/api/Author/GetAllBooks2' 
2025-04-15 16:41:19.2513 | DEBUG | Request matched endpoint 'WebApplication1.Controller.AuthorController.GetAllBooks2 (WebApplication1)' 
2025-04-15 16:41:19.2513 | DEBUG | Execution plan of authorization filters (in the following order): None 
2025-04-15 16:41:19.2513 | DEBUG | Execution plan of resource filters (in the following order): None 
2025-04-15 16:41:19.2513 | DEBUG | Execution plan of action filters (in the following order): Microsoft.AspNetCore.Mvc.ModelBinding.UnsupportedContentTypeFilter (Order: -3000), Microsoft.AspNetCore.Mvc.Infrastructure.ModelStateInvalidFilter (Order: -2000) 
2025-04-15 16:41:19.2513 | DEBUG | Execution plan of exception filters (in the following order): None 
2025-04-15 16:41:19.2513 | DEBUG | Execution plan of result filters (in the following order): Microsoft.AspNetCore.Mvc.Infrastructure.ClientErrorResultFilter (Order: -2000) 
2025-04-15 16:41:19.2513 | DEBUG | Executing controller factory for controller WebApplication1.Controller.AuthorController (WebApplication1) 
2025-04-15 16:41:19.2667 | DEBUG | Executed controller factory for controller WebApplication1.Controller.AuthorController (WebApplication1) 
2025-04-15 16:41:19.2667 | DEBUG | Attempting to bind parameter 'skip' of type 'System.Int32' ... 
2025-04-15 16:41:19.2667 | DEBUG | Attempting to bind parameter 'skip' of type 'System.Int32' using the name 'skip' in request data ... 
2025-04-15 16:41:19.2667 | DEBUG | Done attempting to bind parameter 'skip' of type 'System.Int32'. 
2025-04-15 16:41:19.2667 | DEBUG | Done attempting to bind parameter 'skip' of type 'System.Int32'. 
2025-04-15 16:41:19.2667 | DEBUG | Attempting to validate the bound parameter 'skip' of type 'System.Int32' ... 
2025-04-15 16:41:19.2667 | DEBUG | Done attempting to validate the bound parameter 'skip' of type 'System.Int32'. 
2025-04-15 16:41:19.2667 | DEBUG | Attempting to bind parameter 'take' of type 'System.Int32' ... 
2025-04-15 16:41:19.2667 | DEBUG | Attempting to bind parameter 'take' of type 'System.Int32' using the name 'take' in request data ... 
2025-04-15 16:41:19.2667 | DEBUG | Done attempting to bind parameter 'take' of type 'System.Int32'. 
2025-04-15 16:41:19.2667 | DEBUG | Done attempting to bind parameter 'take' of type 'System.Int32'. 
2025-04-15 16:41:19.2667 | DEBUG | Attempting to validate the bound parameter 'take' of type 'System.Int32' ... 
2025-04-15 16:41:19.2667 | DEBUG | Done attempting to validate the bound parameter 'take' of type 'System.Int32'. 
2025-04-15 16:41:19.2667 | DEBUG | Attempting to bind parameter 'sortFeild' of type 'System.String' ... 
2025-04-15 16:41:19.2667 | DEBUG | Attempting to bind parameter 'sortFeild' of type 'System.String' using the name 'sortFeild' in request data ... 
2025-04-15 16:41:19.2667 | DEBUG | Done attempting to bind parameter 'sortFeild' of type 'System.String'. 
2025-04-15 16:41:19.2667 | DEBUG | Done attempting to bind parameter 'sortFeild' of type 'System.String'. 
2025-04-15 16:41:19.2667 | DEBUG | Attempting to validate the bound parameter 'sortFeild' of type 'System.String' ... 
2025-04-15 16:41:19.2667 | DEBUG | Done attempting to validate the bound parameter 'sortFeild' of type 'System.String'. 
2025-04-15 16:41:19.2667 | DEBUG | Attempting to bind parameter 'sortType' of type 'System.Nullable`1[System.Int32]' ... 
2025-04-15 16:41:19.2667 | DEBUG | Attempting to bind parameter 'sortType' of type 'System.Nullable`1[System.Int32]' using the name 'sortType' in request data ... 
2025-04-15 16:41:19.2667 | DEBUG | Done attempting to bind parameter 'sortType' of type 'System.Nullable`1[System.Int32]'. 
2025-04-15 16:41:19.2667 | DEBUG | Done attempting to bind parameter 'sortType' of type 'System.Nullable`1[System.Int32]'. 
2025-04-15 16:41:19.2667 | DEBUG | Attempting to validate the bound parameter 'sortType' of type 'System.Nullable`1[System.Int32]' ... 
2025-04-15 16:41:19.2667 | DEBUG | Done attempting to validate the bound parameter 'sortType' of type 'System.Nullable`1[System.Int32]'. 
2025-04-15 16:41:19.2667 | DEBUG | List of registered output formatters, in the following order: Microsoft.AspNetCore.Mvc.Formatters.HttpNoContentOutputFormatter, Microsoft.AspNetCore.Mvc.Formatters.StringOutputFormatter, Microsoft.AspNetCore.Mvc.Formatters.StreamOutputFormatter, Microsoft.AspNetCore.Mvc.Formatters.NewtonsoftJsonOutputFormatter 
2025-04-15 16:41:19.2667 | DEBUG | No information found on request to perform content negotiation. 
2025-04-15 16:41:19.2667 | DEBUG | Attempting to select an output formatter without using a content type as no explicit content types were specified for the response. 
2025-04-15 16:41:19.2667 | DEBUG | Attempting to select the first formatter in the output formatters list which can write the result. 
2025-04-15 16:41:19.2667 | DEBUG | Selected output formatter 'Microsoft.AspNetCore.Mvc.Formatters.NewtonsoftJsonOutputFormatter' and content type 'application/json' to write the response. 
2025-04-15 16:41:19.2667 | DEBUG | Connection id "0HNBS1NN8QBM3" completed keep alive response. 
2025-04-15 16:41:26.1485 | DEBUG | The request path  does not match the path filter 
2025-04-15 16:41:26.1518 | DEBUG | The request has an origin header: 'http://127.0.0.1:5503'. 
2025-04-15 16:41:26.1518 | DEBUG | 1 candidate(s) found for the request path '/api/Author/GetAllBooks2' 
2025-04-15 16:41:26.1518 | DEBUG | Endpoint 'WebApplication1.Controller.AuthorController.GetAllBooks2 (WebApplication1)' with route pattern 'api/Author/GetAllBooks2' is valid for the request path '/api/Author/GetAllBooks2' 
2025-04-15 16:41:26.1518 | DEBUG | Request matched endpoint 'WebApplication1.Controller.AuthorController.GetAllBooks2 (WebApplication1)' 
2025-04-15 16:41:26.1518 | DEBUG | Execution plan of authorization filters (in the following order): None 
2025-04-15 16:41:26.1518 | DEBUG | Execution plan of resource filters (in the following order): None 
2025-04-15 16:41:26.1518 | DEBUG | Execution plan of action filters (in the following order): Microsoft.AspNetCore.Mvc.ModelBinding.UnsupportedContentTypeFilter (Order: -3000), Microsoft.AspNetCore.Mvc.Infrastructure.ModelStateInvalidFilter (Order: -2000) 
2025-04-15 16:41:26.1518 | DEBUG | Execution plan of exception filters (in the following order): None 
2025-04-15 16:41:26.1518 | DEBUG | Execution plan of result filters (in the following order): Microsoft.AspNetCore.Mvc.Infrastructure.ClientErrorResultFilter (Order: -2000) 
2025-04-15 16:41:26.1518 | DEBUG | Executing controller factory for controller WebApplication1.Controller.AuthorController (WebApplication1) 
2025-04-15 16:41:26.1691 | DEBUG | Executed controller factory for controller WebApplication1.Controller.AuthorController (WebApplication1) 
2025-04-15 16:41:26.1691 | DEBUG | Attempting to bind parameter 'skip' of type 'System.Int32' ... 
2025-04-15 16:41:26.1691 | DEBUG | Attempting to bind parameter 'skip' of type 'System.Int32' using the name 'skip' in request data ... 
2025-04-15 16:41:26.1691 | DEBUG | Done attempting to bind parameter 'skip' of type 'System.Int32'. 
2025-04-15 16:41:26.1691 | DEBUG | Done attempting to bind parameter 'skip' of type 'System.Int32'. 
2025-04-15 16:41:26.1691 | DEBUG | Attempting to validate the bound parameter 'skip' of type 'System.Int32' ... 
2025-04-15 16:41:26.1691 | DEBUG | Done attempting to validate the bound parameter 'skip' of type 'System.Int32'. 
2025-04-15 16:41:26.1691 | DEBUG | Attempting to bind parameter 'take' of type 'System.Int32' ... 
2025-04-15 16:41:26.1691 | DEBUG | Attempting to bind parameter 'take' of type 'System.Int32' using the name 'take' in request data ... 
2025-04-15 16:41:26.1691 | DEBUG | Done attempting to bind parameter 'take' of type 'System.Int32'. 
2025-04-15 16:41:26.1691 | DEBUG | Done attempting to bind parameter 'take' of type 'System.Int32'. 
2025-04-15 16:41:26.1691 | DEBUG | Attempting to validate the bound parameter 'take' of type 'System.Int32' ... 
2025-04-15 16:41:26.1691 | DEBUG | Done attempting to validate the bound parameter 'take' of type 'System.Int32'. 
2025-04-15 16:41:26.1691 | DEBUG | Attempting to bind parameter 'sortFeild' of type 'System.String' ... 
2025-04-15 16:41:26.1691 | DEBUG | Attempting to bind parameter 'sortFeild' of type 'System.String' using the name 'sortFeild' in request data ... 
2025-04-15 16:41:26.1691 | DEBUG | Done attempting to bind parameter 'sortFeild' of type 'System.String'. 
2025-04-15 16:41:26.1691 | DEBUG | Done attempting to bind parameter 'sortFeild' of type 'System.String'. 
2025-04-15 16:41:26.1691 | DEBUG | Attempting to validate the bound parameter 'sortFeild' of type 'System.String' ... 
2025-04-15 16:41:26.1691 | DEBUG | Done attempting to validate the bound parameter 'sortFeild' of type 'System.String'. 
2025-04-15 16:41:26.1691 | DEBUG | Attempting to bind parameter 'sortType' of type 'System.Nullable`1[System.Int32]' ... 
2025-04-15 16:41:26.1691 | DEBUG | Attempting to bind parameter 'sortType' of type 'System.Nullable`1[System.Int32]' using the name 'sortType' in request data ... 
2025-04-15 16:41:26.1691 | DEBUG | Done attempting to bind parameter 'sortType' of type 'System.Nullable`1[System.Int32]'. 
2025-04-15 16:41:26.1691 | DEBUG | Done attempting to bind parameter 'sortType' of type 'System.Nullable`1[System.Int32]'. 
2025-04-15 16:41:26.1691 | DEBUG | Attempting to validate the bound parameter 'sortType' of type 'System.Nullable`1[System.Int32]' ... 
2025-04-15 16:41:26.1691 | DEBUG | Done attempting to validate the bound parameter 'sortType' of type 'System.Nullable`1[System.Int32]'. 
2025-04-15 16:41:26.1691 | DEBUG | List of registered output formatters, in the following order: Microsoft.AspNetCore.Mvc.Formatters.HttpNoContentOutputFormatter, Microsoft.AspNetCore.Mvc.Formatters.StringOutputFormatter, Microsoft.AspNetCore.Mvc.Formatters.StreamOutputFormatter, Microsoft.AspNetCore.Mvc.Formatters.NewtonsoftJsonOutputFormatter 
2025-04-15 16:41:26.1691 | DEBUG | No information found on request to perform content negotiation. 
2025-04-15 16:41:26.1691 | DEBUG | Attempting to select an output formatter without using a content type as no explicit content types were specified for the response. 
2025-04-15 16:41:26.1691 | DEBUG | Attempting to select the first formatter in the output formatters list which can write the result. 
2025-04-15 16:41:26.1691 | DEBUG | Selected output formatter 'Microsoft.AspNetCore.Mvc.Formatters.NewtonsoftJsonOutputFormatter' and content type 'application/json' to write the response. 
2025-04-15 16:41:26.1691 | DEBUG | Connection id "0HNBS1NN8QBM3" completed keep alive response. 
2025-04-15 16:41:26.3588 | DEBUG | The request path  does not match the path filter 
2025-04-15 16:41:26.3588 | DEBUG | The request has an origin header: 'http://127.0.0.1:5503'. 
2025-04-15 16:41:26.3588 | DEBUG | 1 candidate(s) found for the request path '/api/Author/GetAllBooks2' 
2025-04-15 16:41:26.3588 | DEBUG | Endpoint 'WebApplication1.Controller.AuthorController.GetAllBooks2 (WebApplication1)' with route pattern 'api/Author/GetAllBooks2' is valid for the request path '/api/Author/GetAllBooks2' 
2025-04-15 16:41:26.3588 | DEBUG | Request matched endpoint 'WebApplication1.Controller.AuthorController.GetAllBooks2 (WebApplication1)' 
2025-04-15 16:41:26.3588 | DEBUG | Execution plan of authorization filters (in the following order): None 
2025-04-15 16:41:26.3588 | DEBUG | Execution plan of resource filters (in the following order): None 
2025-04-15 16:41:26.3588 | DEBUG | Execution plan of action filters (in the following order): Microsoft.AspNetCore.Mvc.ModelBinding.UnsupportedContentTypeFilter (Order: -3000), Microsoft.AspNetCore.Mvc.Infrastructure.ModelStateInvalidFilter (Order: -2000) 
2025-04-15 16:41:26.3588 | DEBUG | Execution plan of exception filters (in the following order): None 
2025-04-15 16:41:26.3588 | DEBUG | Execution plan of result filters (in the following order): Microsoft.AspNetCore.Mvc.Infrastructure.ClientErrorResultFilter (Order: -2000) 
2025-04-15 16:41:26.3588 | DEBUG | Executing controller factory for controller WebApplication1.Controller.AuthorController (WebApplication1) 
2025-04-15 16:41:26.3729 | DEBUG | Executed controller factory for controller WebApplication1.Controller.AuthorController (WebApplication1) 
2025-04-15 16:41:26.3729 | DEBUG | Attempting to bind parameter 'skip' of type 'System.Int32' ... 
2025-04-15 16:41:26.3729 | DEBUG | Attempting to bind parameter 'skip' of type 'System.Int32' using the name 'skip' in request data ... 
2025-04-15 16:41:26.3729 | DEBUG | Done attempting to bind parameter 'skip' of type 'System.Int32'. 
2025-04-15 16:41:26.3729 | DEBUG | Done attempting to bind parameter 'skip' of type 'System.Int32'. 
2025-04-15 16:41:26.3729 | DEBUG | Attempting to validate the bound parameter 'skip' of type 'System.Int32' ... 
2025-04-15 16:41:26.3729 | DEBUG | Done attempting to validate the bound parameter 'skip' of type 'System.Int32'. 
2025-04-15 16:41:26.3729 | DEBUG | Attempting to bind parameter 'take' of type 'System.Int32' ... 
2025-04-15 16:41:26.3729 | DEBUG | Attempting to bind parameter 'take' of type 'System.Int32' using the name 'take' in request data ... 
2025-04-15 16:41:26.3729 | DEBUG | Done attempting to bind parameter 'take' of type 'System.Int32'. 
2025-04-15 16:41:26.3729 | DEBUG | Done attempting to bind parameter 'take' of type 'System.Int32'. 
2025-04-15 16:41:26.3729 | DEBUG | Attempting to validate the bound parameter 'take' of type 'System.Int32' ... 
2025-04-15 16:41:26.3729 | DEBUG | Done attempting to validate the bound parameter 'take' of type 'System.Int32'. 
2025-04-15 16:41:26.3729 | DEBUG | Attempting to bind parameter 'sortFeild' of type 'System.String' ... 
2025-04-15 16:41:26.3729 | DEBUG | Attempting to bind parameter 'sortFeild' of type 'System.String' using the name 'sortFeild' in request data ... 
2025-04-15 16:41:26.3729 | DEBUG | Done attempting to bind parameter 'sortFeild' of type 'System.String'. 
2025-04-15 16:41:26.3729 | DEBUG | Done attempting to bind parameter 'sortFeild' of type 'System.String'. 
2025-04-15 16:41:26.3729 | DEBUG | Attempting to validate the bound parameter 'sortFeild' of type 'System.String' ... 
2025-04-15 16:41:26.3729 | DEBUG | Done attempting to validate the bound parameter 'sortFeild' of type 'System.String'. 
2025-04-15 16:41:26.3729 | DEBUG | Attempting to bind parameter 'sortType' of type 'System.Nullable`1[System.Int32]' ... 
2025-04-15 16:41:26.3729 | DEBUG | Attempting to bind parameter 'sortType' of type 'System.Nullable`1[System.Int32]' using the name 'sortType' in request data ... 
2025-04-15 16:41:26.3729 | DEBUG | Done attempting to bind parameter 'sortType' of type 'System.Nullable`1[System.Int32]'. 
2025-04-15 16:41:26.3729 | DEBUG | Done attempting to bind parameter 'sortType' of type 'System.Nullable`1[System.Int32]'. 
2025-04-15 16:41:26.3729 | DEBUG | Attempting to validate the bound parameter 'sortType' of type 'System.Nullable`1[System.Int32]' ... 
2025-04-15 16:41:26.3729 | DEBUG | Done attempting to validate the bound parameter 'sortType' of type 'System.Nullable`1[System.Int32]'. 
2025-04-15 16:41:26.3729 | DEBUG | List of registered output formatters, in the following order: Microsoft.AspNetCore.Mvc.Formatters.HttpNoContentOutputFormatter, Microsoft.AspNetCore.Mvc.Formatters.StringOutputFormatter, Microsoft.AspNetCore.Mvc.Formatters.StreamOutputFormatter, Microsoft.AspNetCore.Mvc.Formatters.NewtonsoftJsonOutputFormatter 
2025-04-15 16:41:26.3729 | DEBUG | No information found on request to perform content negotiation. 
2025-04-15 16:41:26.3729 | DEBUG | Attempting to select an output formatter without using a content type as no explicit content types were specified for the response. 
2025-04-15 16:41:26.3729 | DEBUG | Attempting to select the first formatter in the output formatters list which can write the result. 
2025-04-15 16:41:26.3729 | DEBUG | Selected output formatter 'Microsoft.AspNetCore.Mvc.Formatters.NewtonsoftJsonOutputFormatter' and content type 'application/json' to write the response. 
2025-04-15 16:41:26.3729 | DEBUG | Connection id "0HNBS1NN8QBM3" completed keep alive response. 
2025-04-15 16:41:27.3718 | DEBUG | The request path  does not match the path filter 
2025-04-15 16:41:27.3718 | DEBUG | The request has an origin header: 'http://127.0.0.1:5503'. 
2025-04-15 16:41:27.3718 | DEBUG | 1 candidate(s) found for the request path '/api/Author/GetAllBooks2' 
2025-04-15 16:41:27.3718 | DEBUG | Endpoint 'WebApplication1.Controller.AuthorController.GetAllBooks2 (WebApplication1)' with route pattern 'api/Author/GetAllBooks2' is valid for the request path '/api/Author/GetAllBooks2' 
2025-04-15 16:41:27.3718 | DEBUG | Request matched endpoint 'WebApplication1.Controller.AuthorController.GetAllBooks2 (WebApplication1)' 
2025-04-15 16:41:27.3718 | DEBUG | Execution plan of authorization filters (in the following order): None 
2025-04-15 16:41:27.3718 | DEBUG | Execution plan of resource filters (in the following order): None 
2025-04-15 16:41:27.3718 | DEBUG | Execution plan of action filters (in the following order): Microsoft.AspNetCore.Mvc.ModelBinding.UnsupportedContentTypeFilter (Order: -3000), Microsoft.AspNetCore.Mvc.Infrastructure.ModelStateInvalidFilter (Order: -2000) 
2025-04-15 16:41:27.3718 | DEBUG | Execution plan of exception filters (in the following order): None 
2025-04-15 16:41:27.3718 | DEBUG | Execution plan of result filters (in the following order): Microsoft.AspNetCore.Mvc.Infrastructure.ClientErrorResultFilter (Order: -2000) 
2025-04-15 16:41:27.3718 | DEBUG | Executing controller factory for controller WebApplication1.Controller.AuthorController (WebApplication1) 
2025-04-15 16:41:27.3873 | DEBUG | Executed controller factory for controller WebApplication1.Controller.AuthorController (WebApplication1) 
2025-04-15 16:41:27.3873 | DEBUG | Attempting to bind parameter 'skip' of type 'System.Int32' ... 
2025-04-15 16:41:27.3873 | DEBUG | Attempting to bind parameter 'skip' of type 'System.Int32' using the name 'skip' in request data ... 
2025-04-15 16:41:27.3873 | DEBUG | Done attempting to bind parameter 'skip' of type 'System.Int32'. 
2025-04-15 16:41:27.3873 | DEBUG | Done attempting to bind parameter 'skip' of type 'System.Int32'. 
2025-04-15 16:41:27.3873 | DEBUG | Attempting to validate the bound parameter 'skip' of type 'System.Int32' ... 
2025-04-15 16:41:27.3873 | DEBUG | Done attempting to validate the bound parameter 'skip' of type 'System.Int32'. 
2025-04-15 16:41:27.3873 | DEBUG | Attempting to bind parameter 'take' of type 'System.Int32' ... 
2025-04-15 16:41:27.3873 | DEBUG | Attempting to bind parameter 'take' of type 'System.Int32' using the name 'take' in request data ... 
2025-04-15 16:41:27.3873 | DEBUG | Done attempting to bind parameter 'take' of type 'System.Int32'. 
2025-04-15 16:41:27.3873 | DEBUG | Done attempting to bind parameter 'take' of type 'System.Int32'. 
2025-04-15 16:41:27.3873 | DEBUG | Attempting to validate the bound parameter 'take' of type 'System.Int32' ... 
2025-04-15 16:41:27.3873 | DEBUG | Done attempting to validate the bound parameter 'take' of type 'System.Int32'. 
2025-04-15 16:41:27.3873 | DEBUG | Attempting to bind parameter 'sortFeild' of type 'System.String' ... 
2025-04-15 16:41:27.3873 | DEBUG | Attempting to bind parameter 'sortFeild' of type 'System.String' using the name 'sortFeild' in request data ... 
2025-04-15 16:41:27.3873 | DEBUG | Done attempting to bind parameter 'sortFeild' of type 'System.String'. 
2025-04-15 16:41:27.3873 | DEBUG | Done attempting to bind parameter 'sortFeild' of type 'System.String'. 
2025-04-15 16:41:27.3873 | DEBUG | Attempting to validate the bound parameter 'sortFeild' of type 'System.String' ... 
2025-04-15 16:41:27.3873 | DEBUG | Done attempting to validate the bound parameter 'sortFeild' of type 'System.String'. 
2025-04-15 16:41:27.3873 | DEBUG | Attempting to bind parameter 'sortType' of type 'System.Nullable`1[System.Int32]' ... 
2025-04-15 16:41:27.3873 | DEBUG | Attempting to bind parameter 'sortType' of type 'System.Nullable`1[System.Int32]' using the name 'sortType' in request data ... 
2025-04-15 16:41:27.3873 | DEBUG | Done attempting to bind parameter 'sortType' of type 'System.Nullable`1[System.Int32]'. 
2025-04-15 16:41:27.3873 | DEBUG | Done attempting to bind parameter 'sortType' of type 'System.Nullable`1[System.Int32]'. 
2025-04-15 16:41:27.3873 | DEBUG | Attempting to validate the bound parameter 'sortType' of type 'System.Nullable`1[System.Int32]' ... 
2025-04-15 16:41:27.3873 | DEBUG | Done attempting to validate the bound parameter 'sortType' of type 'System.Nullable`1[System.Int32]'. 
2025-04-15 16:41:27.3873 | DEBUG | List of registered output formatters, in the following order: Microsoft.AspNetCore.Mvc.Formatters.HttpNoContentOutputFormatter, Microsoft.AspNetCore.Mvc.Formatters.StringOutputFormatter, Microsoft.AspNetCore.Mvc.Formatters.StreamOutputFormatter, Microsoft.AspNetCore.Mvc.Formatters.NewtonsoftJsonOutputFormatter 
2025-04-15 16:41:27.3873 | DEBUG | No information found on request to perform content negotiation. 
2025-04-15 16:41:27.3873 | DEBUG | Attempting to select an output formatter without using a content type as no explicit content types were specified for the response. 
2025-04-15 16:41:27.3873 | DEBUG | Attempting to select the first formatter in the output formatters list which can write the result. 
2025-04-15 16:41:27.3873 | DEBUG | Selected output formatter 'Microsoft.AspNetCore.Mvc.Formatters.NewtonsoftJsonOutputFormatter' and content type 'application/json' to write the response. 
2025-04-15 16:41:27.3873 | DEBUG | Connection id "0HNBS1NN8QBM3" completed keep alive response. 
2025-04-15 16:41:27.8032 | DEBUG | The request path  does not match the path filter 
2025-04-15 16:41:27.8032 | DEBUG | The request has an origin header: 'http://127.0.0.1:5503'. 
2025-04-15 16:41:27.8032 | DEBUG | 1 candidate(s) found for the request path '/api/Author/GetAllBooks2' 
2025-04-15 16:41:27.8032 | DEBUG | Endpoint 'WebApplication1.Controller.AuthorController.GetAllBooks2 (WebApplication1)' with route pattern 'api/Author/GetAllBooks2' is valid for the request path '/api/Author/GetAllBooks2' 
2025-04-15 16:41:27.8032 | DEBUG | Request matched endpoint 'WebApplication1.Controller.AuthorController.GetAllBooks2 (WebApplication1)' 
2025-04-15 16:41:27.8032 | DEBUG | Execution plan of authorization filters (in the following order): None 
2025-04-15 16:41:27.8032 | DEBUG | Execution plan of resource filters (in the following order): None 
2025-04-15 16:41:27.8032 | DEBUG | Execution plan of action filters (in the following order): Microsoft.AspNetCore.Mvc.ModelBinding.UnsupportedContentTypeFilter (Order: -3000), Microsoft.AspNetCore.Mvc.Infrastructure.ModelStateInvalidFilter (Order: -2000) 
2025-04-15 16:41:27.8032 | DEBUG | Execution plan of exception filters (in the following order): None 
2025-04-15 16:41:27.8032 | DEBUG | Execution plan of result filters (in the following order): Microsoft.AspNetCore.Mvc.Infrastructure.ClientErrorResultFilter (Order: -2000) 
2025-04-15 16:41:27.8032 | DEBUG | Executing controller factory for controller WebApplication1.Controller.AuthorController (WebApplication1) 
2025-04-15 16:41:27.8181 | DEBUG | Executed controller factory for controller WebApplication1.Controller.AuthorController (WebApplication1) 
2025-04-15 16:41:27.8181 | DEBUG | Attempting to bind parameter 'skip' of type 'System.Int32' ... 
2025-04-15 16:41:27.8181 | DEBUG | Attempting to bind parameter 'skip' of type 'System.Int32' using the name 'skip' in request data ... 
2025-04-15 16:41:27.8181 | DEBUG | Done attempting to bind parameter 'skip' of type 'System.Int32'. 
2025-04-15 16:41:27.8181 | DEBUG | Done attempting to bind parameter 'skip' of type 'System.Int32'. 
2025-04-15 16:41:27.8181 | DEBUG | Attempting to validate the bound parameter 'skip' of type 'System.Int32' ... 
2025-04-15 16:41:27.8181 | DEBUG | Done attempting to validate the bound parameter 'skip' of type 'System.Int32'. 
2025-04-15 16:41:27.8181 | DEBUG | Attempting to bind parameter 'take' of type 'System.Int32' ... 
2025-04-15 16:41:27.8181 | DEBUG | Attempting to bind parameter 'take' of type 'System.Int32' using the name 'take' in request data ... 
2025-04-15 16:41:27.8181 | DEBUG | Done attempting to bind parameter 'take' of type 'System.Int32'. 
2025-04-15 16:41:27.8181 | DEBUG | Done attempting to bind parameter 'take' of type 'System.Int32'. 
2025-04-15 16:41:27.8181 | DEBUG | Attempting to validate the bound parameter 'take' of type 'System.Int32' ... 
2025-04-15 16:41:27.8181 | DEBUG | Done attempting to validate the bound parameter 'take' of type 'System.Int32'. 
2025-04-15 16:41:27.8181 | DEBUG | Attempting to bind parameter 'sortFeild' of type 'System.String' ... 
2025-04-15 16:41:27.8181 | DEBUG | Attempting to bind parameter 'sortFeild' of type 'System.String' using the name 'sortFeild' in request data ... 
2025-04-15 16:41:27.8181 | DEBUG | Done attempting to bind parameter 'sortFeild' of type 'System.String'. 
2025-04-15 16:41:27.8181 | DEBUG | Done attempting to bind parameter 'sortFeild' of type 'System.String'. 
2025-04-15 16:41:27.8181 | DEBUG | Attempting to validate the bound parameter 'sortFeild' of type 'System.String' ... 
2025-04-15 16:41:27.8181 | DEBUG | Done attempting to validate the bound parameter 'sortFeild' of type 'System.String'. 
2025-04-15 16:41:27.8181 | DEBUG | Attempting to bind parameter 'sortType' of type 'System.Nullable`1[System.Int32]' ... 
2025-04-15 16:41:27.8181 | DEBUG | Attempting to bind parameter 'sortType' of type 'System.Nullable`1[System.Int32]' using the name 'sortType' in request data ... 
2025-04-15 16:41:27.8181 | DEBUG | Done attempting to bind parameter 'sortType' of type 'System.Nullable`1[System.Int32]'. 
2025-04-15 16:41:27.8181 | DEBUG | Done attempting to bind parameter 'sortType' of type 'System.Nullable`1[System.Int32]'. 
2025-04-15 16:41:27.8181 | DEBUG | Attempting to validate the bound parameter 'sortType' of type 'System.Nullable`1[System.Int32]' ... 
2025-04-15 16:41:27.8181 | DEBUG | Done attempting to validate the bound parameter 'sortType' of type 'System.Nullable`1[System.Int32]'. 
2025-04-15 16:41:27.8267 | DEBUG | List of registered output formatters, in the following order: Microsoft.AspNetCore.Mvc.Formatters.HttpNoContentOutputFormatter, Microsoft.AspNetCore.Mvc.Formatters.StringOutputFormatter, Microsoft.AspNetCore.Mvc.Formatters.StreamOutputFormatter, Microsoft.AspNetCore.Mvc.Formatters.NewtonsoftJsonOutputFormatter 
2025-04-15 16:41:27.8267 | DEBUG | No information found on request to perform content negotiation. 
2025-04-15 16:41:27.8267 | DEBUG | Attempting to select an output formatter without using a content type as no explicit content types were specified for the response. 
2025-04-15 16:41:27.8267 | DEBUG | Attempting to select the first formatter in the output formatters list which can write the result. 
2025-04-15 16:41:27.8267 | DEBUG | Selected output formatter 'Microsoft.AspNetCore.Mvc.Formatters.NewtonsoftJsonOutputFormatter' and content type 'application/json' to write the response. 
2025-04-15 16:41:27.8267 | DEBUG | Connection id "0HNBS1NN8QBM3" completed keep alive response. 
2025-04-15 16:41:29.5527 | DEBUG | The request path  does not match the path filter 
2025-04-15 16:41:29.5527 | DEBUG | The request has an origin header: 'http://127.0.0.1:5503'. 
2025-04-15 16:41:29.5527 | DEBUG | 1 candidate(s) found for the request path '/api/Author/GetAllBooks2' 
2025-04-15 16:41:29.5527 | DEBUG | Endpoint 'WebApplication1.Controller.AuthorController.GetAllBooks2 (WebApplication1)' with route pattern 'api/Author/GetAllBooks2' is valid for the request path '/api/Author/GetAllBooks2' 
2025-04-15 16:41:29.5527 | DEBUG | Request matched endpoint 'WebApplication1.Controller.AuthorController.GetAllBooks2 (WebApplication1)' 
2025-04-15 16:41:29.5527 | DEBUG | Execution plan of authorization filters (in the following order): None 
2025-04-15 16:41:29.5527 | DEBUG | Execution plan of resource filters (in the following order): None 
2025-04-15 16:41:29.5527 | DEBUG | Execution plan of action filters (in the following order): Microsoft.AspNetCore.Mvc.ModelBinding.UnsupportedContentTypeFilter (Order: -3000), Microsoft.AspNetCore.Mvc.Infrastructure.ModelStateInvalidFilter (Order: -2000) 
2025-04-15 16:41:29.5527 | DEBUG | Execution plan of exception filters (in the following order): None 
2025-04-15 16:41:29.5527 | DEBUG | Execution plan of result filters (in the following order): Microsoft.AspNetCore.Mvc.Infrastructure.ClientErrorResultFilter (Order: -2000) 
2025-04-15 16:41:29.5527 | DEBUG | Executing controller factory for controller WebApplication1.Controller.AuthorController (WebApplication1) 
2025-04-15 16:41:29.5724 | DEBUG | Executed controller factory for controller WebApplication1.Controller.AuthorController (WebApplication1) 
2025-04-15 16:41:29.5724 | DEBUG | Attempting to bind parameter 'skip' of type 'System.Int32' ... 
2025-04-15 16:41:29.5724 | DEBUG | Attempting to bind parameter 'skip' of type 'System.Int32' using the name 'skip' in request data ... 
2025-04-15 16:41:29.5724 | DEBUG | Done attempting to bind parameter 'skip' of type 'System.Int32'. 
2025-04-15 16:41:29.5724 | DEBUG | Done attempting to bind parameter 'skip' of type 'System.Int32'. 
2025-04-15 16:41:29.5724 | DEBUG | Attempting to validate the bound parameter 'skip' of type 'System.Int32' ... 
2025-04-15 16:41:29.5724 | DEBUG | Done attempting to validate the bound parameter 'skip' of type 'System.Int32'. 
2025-04-15 16:41:29.5724 | DEBUG | Attempting to bind parameter 'take' of type 'System.Int32' ... 
2025-04-15 16:41:29.5724 | DEBUG | Attempting to bind parameter 'take' of type 'System.Int32' using the name 'take' in request data ... 
2025-04-15 16:41:29.5724 | DEBUG | Done attempting to bind parameter 'take' of type 'System.Int32'. 
2025-04-15 16:41:29.5724 | DEBUG | Done attempting to bind parameter 'take' of type 'System.Int32'. 
2025-04-15 16:41:29.5724 | DEBUG | Attempting to validate the bound parameter 'take' of type 'System.Int32' ... 
2025-04-15 16:41:29.5724 | DEBUG | Done attempting to validate the bound parameter 'take' of type 'System.Int32'. 
2025-04-15 16:41:29.5724 | DEBUG | Attempting to bind parameter 'sortFeild' of type 'System.String' ... 
2025-04-15 16:41:29.5724 | DEBUG | Attempting to bind parameter 'sortFeild' of type 'System.String' using the name 'sortFeild' in request data ... 
2025-04-15 16:41:29.5724 | DEBUG | Done attempting to bind parameter 'sortFeild' of type 'System.String'. 
2025-04-15 16:41:29.5724 | DEBUG | Done attempting to bind parameter 'sortFeild' of type 'System.String'. 
2025-04-15 16:41:29.5724 | DEBUG | Attempting to validate the bound parameter 'sortFeild' of type 'System.String' ... 
2025-04-15 16:41:29.5724 | DEBUG | Done attempting to validate the bound parameter 'sortFeild' of type 'System.String'. 
2025-04-15 16:41:29.5724 | DEBUG | Attempting to bind parameter 'sortType' of type 'System.Nullable`1[System.Int32]' ... 
2025-04-15 16:41:29.5724 | DEBUG | Attempting to bind parameter 'sortType' of type 'System.Nullable`1[System.Int32]' using the name 'sortType' in request data ... 
2025-04-15 16:41:29.5724 | DEBUG | Done attempting to bind parameter 'sortType' of type 'System.Nullable`1[System.Int32]'. 
2025-04-15 16:41:29.5724 | DEBUG | Done attempting to bind parameter 'sortType' of type 'System.Nullable`1[System.Int32]'. 
2025-04-15 16:41:29.5724 | DEBUG | Attempting to validate the bound parameter 'sortType' of type 'System.Nullable`1[System.Int32]' ... 
2025-04-15 16:41:29.5724 | DEBUG | Done attempting to validate the bound parameter 'sortType' of type 'System.Nullable`1[System.Int32]'. 
2025-04-15 16:41:29.5724 | DEBUG | List of registered output formatters, in the following order: Microsoft.AspNetCore.Mvc.Formatters.HttpNoContentOutputFormatter, Microsoft.AspNetCore.Mvc.Formatters.StringOutputFormatter, Microsoft.AspNetCore.Mvc.Formatters.StreamOutputFormatter, Microsoft.AspNetCore.Mvc.Formatters.NewtonsoftJsonOutputFormatter 
2025-04-15 16:41:29.5724 | DEBUG | No information found on request to perform content negotiation. 
2025-04-15 16:41:29.5724 | DEBUG | Attempting to select an output formatter without using a content type as no explicit content types were specified for the response. 
2025-04-15 16:41:29.5724 | DEBUG | Attempting to select the first formatter in the output formatters list which can write the result. 
2025-04-15 16:41:29.5724 | DEBUG | Selected output formatter 'Microsoft.AspNetCore.Mvc.Formatters.NewtonsoftJsonOutputFormatter' and content type 'application/json' to write the response. 
2025-04-15 16:41:29.5724 | DEBUG | Connection id "0HNBS1NN8QBM3" completed keep alive response. 
2025-04-15 16:41:29.7647 | DEBUG | The request path  does not match the path filter 
2025-04-15 16:41:29.7647 | DEBUG | The request has an origin header: 'http://127.0.0.1:5503'. 
2025-04-15 16:41:29.7647 | DEBUG | 1 candidate(s) found for the request path '/api/Author/GetAllBooks2' 
2025-04-15 16:41:29.7647 | DEBUG | Endpoint 'WebApplication1.Controller.AuthorController.GetAllBooks2 (WebApplication1)' with route pattern 'api/Author/GetAllBooks2' is valid for the request path '/api/Author/GetAllBooks2' 
2025-04-15 16:41:29.7647 | DEBUG | Request matched endpoint 'WebApplication1.Controller.AuthorController.GetAllBooks2 (WebApplication1)' 
2025-04-15 16:41:29.7647 | DEBUG | Execution plan of authorization filters (in the following order): None 
2025-04-15 16:41:29.7647 | DEBUG | Execution plan of resource filters (in the following order): None 
2025-04-15 16:41:29.7647 | DEBUG | Execution plan of action filters (in the following order): Microsoft.AspNetCore.Mvc.ModelBinding.UnsupportedContentTypeFilter (Order: -3000), Microsoft.AspNetCore.Mvc.Infrastructure.ModelStateInvalidFilter (Order: -2000) 
2025-04-15 16:41:29.7647 | DEBUG | Execution plan of exception filters (in the following order): None 
2025-04-15 16:41:29.7647 | DEBUG | Execution plan of result filters (in the following order): Microsoft.AspNetCore.Mvc.Infrastructure.ClientErrorResultFilter (Order: -2000) 
2025-04-15 16:41:29.7647 | DEBUG | Executing controller factory for controller WebApplication1.Controller.AuthorController (WebApplication1) 
2025-04-15 16:41:29.7647 | DEBUG | Executed controller factory for controller WebApplication1.Controller.AuthorController (WebApplication1) 
2025-04-15 16:41:29.7647 | DEBUG | Attempting to bind parameter 'skip' of type 'System.Int32' ... 
2025-04-15 16:41:29.7647 | DEBUG | Attempting to bind parameter 'skip' of type 'System.Int32' using the name 'skip' in request data ... 
2025-04-15 16:41:29.7647 | DEBUG | Done attempting to bind parameter 'skip' of type 'System.Int32'. 
2025-04-15 16:41:29.7647 | DEBUG | Done attempting to bind parameter 'skip' of type 'System.Int32'. 
2025-04-15 16:41:29.7647 | DEBUG | Attempting to validate the bound parameter 'skip' of type 'System.Int32' ... 
2025-04-15 16:41:29.7647 | DEBUG | Done attempting to validate the bound parameter 'skip' of type 'System.Int32'. 
2025-04-15 16:41:29.7647 | DEBUG | Attempting to bind parameter 'take' of type 'System.Int32' ... 
2025-04-15 16:41:29.7647 | DEBUG | Attempting to bind parameter 'take' of type 'System.Int32' using the name 'take' in request data ... 
2025-04-15 16:41:29.7647 | DEBUG | Done attempting to bind parameter 'take' of type 'System.Int32'. 
2025-04-15 16:41:29.7647 | DEBUG | Done attempting to bind parameter 'take' of type 'System.Int32'. 
2025-04-15 16:41:29.7647 | DEBUG | Attempting to validate the bound parameter 'take' of type 'System.Int32' ... 
2025-04-15 16:41:29.7647 | DEBUG | Done attempting to validate the bound parameter 'take' of type 'System.Int32'. 
2025-04-15 16:41:29.7647 | DEBUG | Attempting to bind parameter 'sortFeild' of type 'System.String' ... 
2025-04-15 16:41:29.7647 | DEBUG | Attempting to bind parameter 'sortFeild' of type 'System.String' using the name 'sortFeild' in request data ... 
2025-04-15 16:41:29.7647 | DEBUG | Done attempting to bind parameter 'sortFeild' of type 'System.String'. 
2025-04-15 16:41:29.7647 | DEBUG | Done attempting to bind parameter 'sortFeild' of type 'System.String'. 
2025-04-15 16:41:29.7647 | DEBUG | Attempting to validate the bound parameter 'sortFeild' of type 'System.String' ... 
2025-04-15 16:41:29.7647 | DEBUG | Done attempting to validate the bound parameter 'sortFeild' of type 'System.String'. 
2025-04-15 16:41:29.7647 | DEBUG | Attempting to bind parameter 'sortType' of type 'System.Nullable`1[System.Int32]' ... 
2025-04-15 16:41:29.7647 | DEBUG | Attempting to bind parameter 'sortType' of type 'System.Nullable`1[System.Int32]' using the name 'sortType' in request data ... 
2025-04-15 16:41:29.7647 | DEBUG | Done attempting to bind parameter 'sortType' of type 'System.Nullable`1[System.Int32]'. 
2025-04-15 16:41:29.7647 | DEBUG | Done attempting to bind parameter 'sortType' of type 'System.Nullable`1[System.Int32]'. 
2025-04-15 16:41:29.7647 | DEBUG | Attempting to validate the bound parameter 'sortType' of type 'System.Nullable`1[System.Int32]' ... 
2025-04-15 16:41:29.7647 | DEBUG | Done attempting to validate the bound parameter 'sortType' of type 'System.Nullable`1[System.Int32]'. 
2025-04-15 16:41:29.7873 | DEBUG | List of registered output formatters, in the following order: Microsoft.AspNetCore.Mvc.Formatters.HttpNoContentOutputFormatter, Microsoft.AspNetCore.Mvc.Formatters.StringOutputFormatter, Microsoft.AspNetCore.Mvc.Formatters.StreamOutputFormatter, Microsoft.AspNetCore.Mvc.Formatters.NewtonsoftJsonOutputFormatter 
2025-04-15 16:41:29.7873 | DEBUG | No information found on request to perform content negotiation. 
2025-04-15 16:41:29.7873 | DEBUG | Attempting to select an output formatter without using a content type as no explicit content types were specified for the response. 
2025-04-15 16:41:29.7873 | DEBUG | Attempting to select the first formatter in the output formatters list which can write the result. 
2025-04-15 16:41:29.7873 | DEBUG | Selected output formatter 'Microsoft.AspNetCore.Mvc.Formatters.NewtonsoftJsonOutputFormatter' and content type 'application/json' to write the response. 
2025-04-15 16:41:29.7873 | DEBUG | Connection id "0HNBS1NN8QBM3" completed keep alive response. 
2025-04-15 16:41:30.7780 | DEBUG | The request path  does not match the path filter 
2025-04-15 16:41:30.7780 | DEBUG | The request has an origin header: 'http://127.0.0.1:5503'. 
2025-04-15 16:41:30.7780 | DEBUG | 1 candidate(s) found for the request path '/api/Author/GetAllBooks2' 
2025-04-15 16:41:30.7780 | DEBUG | Endpoint 'WebApplication1.Controller.AuthorController.GetAllBooks2 (WebApplication1)' with route pattern 'api/Author/GetAllBooks2' is valid for the request path '/api/Author/GetAllBooks2' 
2025-04-15 16:41:30.7780 | DEBUG | Request matched endpoint 'WebApplication1.Controller.AuthorController.GetAllBooks2 (WebApplication1)' 
2025-04-15 16:41:30.7780 | DEBUG | Execution plan of authorization filters (in the following order): None 
2025-04-15 16:41:30.7780 | DEBUG | Execution plan of resource filters (in the following order): None 
2025-04-15 16:41:30.7780 | DEBUG | Execution plan of action filters (in the following order): Microsoft.AspNetCore.Mvc.ModelBinding.UnsupportedContentTypeFilter (Order: -3000), Microsoft.AspNetCore.Mvc.Infrastructure.ModelStateInvalidFilter (Order: -2000) 
2025-04-15 16:41:30.7780 | DEBUG | Execution plan of exception filters (in the following order): None 
2025-04-15 16:41:30.7780 | DEBUG | Execution plan of result filters (in the following order): Microsoft.AspNetCore.Mvc.Infrastructure.ClientErrorResultFilter (Order: -2000) 
2025-04-15 16:41:30.7780 | DEBUG | Executing controller factory for controller WebApplication1.Controller.AuthorController (WebApplication1) 
2025-04-15 16:41:30.7955 | DEBUG | Executed controller factory for controller WebApplication1.Controller.AuthorController (WebApplication1) 
2025-04-15 16:41:30.7955 | DEBUG | Attempting to bind parameter 'skip' of type 'System.Int32' ... 
2025-04-15 16:41:30.7955 | DEBUG | Attempting to bind parameter 'skip' of type 'System.Int32' using the name 'skip' in request data ... 
2025-04-15 16:41:30.7955 | DEBUG | Done attempting to bind parameter 'skip' of type 'System.Int32'. 
2025-04-15 16:41:30.7955 | DEBUG | Done attempting to bind parameter 'skip' of type 'System.Int32'. 
2025-04-15 16:41:30.7955 | DEBUG | Attempting to validate the bound parameter 'skip' of type 'System.Int32' ... 
2025-04-15 16:41:30.7955 | DEBUG | Done attempting to validate the bound parameter 'skip' of type 'System.Int32'. 
2025-04-15 16:41:30.7955 | DEBUG | Attempting to bind parameter 'take' of type 'System.Int32' ... 
2025-04-15 16:41:30.7955 | DEBUG | Attempting to bind parameter 'take' of type 'System.Int32' using the name 'take' in request data ... 
2025-04-15 16:41:30.7955 | DEBUG | Done attempting to bind parameter 'take' of type 'System.Int32'. 
2025-04-15 16:41:30.7955 | DEBUG | Done attempting to bind parameter 'take' of type 'System.Int32'. 
2025-04-15 16:41:30.7955 | DEBUG | Attempting to validate the bound parameter 'take' of type 'System.Int32' ... 
2025-04-15 16:41:30.7955 | DEBUG | Done attempting to validate the bound parameter 'take' of type 'System.Int32'. 
2025-04-15 16:41:30.7955 | DEBUG | Attempting to bind parameter 'sortFeild' of type 'System.String' ... 
2025-04-15 16:41:30.7955 | DEBUG | Attempting to bind parameter 'sortFeild' of type 'System.String' using the name 'sortFeild' in request data ... 
2025-04-15 16:41:30.7955 | DEBUG | Done attempting to bind parameter 'sortFeild' of type 'System.String'. 
2025-04-15 16:41:30.7955 | DEBUG | Done attempting to bind parameter 'sortFeild' of type 'System.String'. 
2025-04-15 16:41:30.7955 | DEBUG | Attempting to validate the bound parameter 'sortFeild' of type 'System.String' ... 
2025-04-15 16:41:30.7955 | DEBUG | Done attempting to validate the bound parameter 'sortFeild' of type 'System.String'. 
2025-04-15 16:41:30.7955 | DEBUG | Attempting to bind parameter 'sortType' of type 'System.Nullable`1[System.Int32]' ... 
2025-04-15 16:41:30.7955 | DEBUG | Attempting to bind parameter 'sortType' of type 'System.Nullable`1[System.Int32]' using the name 'sortType' in request data ... 
2025-04-15 16:41:30.7955 | DEBUG | Done attempting to bind parameter 'sortType' of type 'System.Nullable`1[System.Int32]'. 
2025-04-15 16:41:30.7955 | DEBUG | Done attempting to bind parameter 'sortType' of type 'System.Nullable`1[System.Int32]'. 
2025-04-15 16:41:30.7955 | DEBUG | Attempting to validate the bound parameter 'sortType' of type 'System.Nullable`1[System.Int32]' ... 
2025-04-15 16:41:30.7955 | DEBUG | Done attempting to validate the bound parameter 'sortType' of type 'System.Nullable`1[System.Int32]'. 
2025-04-15 16:41:30.7955 | DEBUG | List of registered output formatters, in the following order: Microsoft.AspNetCore.Mvc.Formatters.HttpNoContentOutputFormatter, Microsoft.AspNetCore.Mvc.Formatters.StringOutputFormatter, Microsoft.AspNetCore.Mvc.Formatters.StreamOutputFormatter, Microsoft.AspNetCore.Mvc.Formatters.NewtonsoftJsonOutputFormatter 
2025-04-15 16:41:30.7955 | DEBUG | No information found on request to perform content negotiation. 
2025-04-15 16:41:30.7955 | DEBUG | Attempting to select an output formatter without using a content type as no explicit content types were specified for the response. 
2025-04-15 16:41:30.7955 | DEBUG | Attempting to select the first formatter in the output formatters list which can write the result. 
2025-04-15 16:41:30.7955 | DEBUG | Selected output formatter 'Microsoft.AspNetCore.Mvc.Formatters.NewtonsoftJsonOutputFormatter' and content type 'application/json' to write the response. 
2025-04-15 16:41:30.7955 | DEBUG | Connection id "0HNBS1NN8QBM3" completed keep alive response. 
2025-04-15 16:41:31.8423 | DEBUG | The request path  does not match the path filter 
2025-04-15 16:41:31.8423 | DEBUG | The request has an origin header: 'http://127.0.0.1:5503'. 
2025-04-15 16:41:31.8423 | DEBUG | 1 candidate(s) found for the request path '/api/Author/GetAllBooks2' 
2025-04-15 16:41:31.8423 | DEBUG | Endpoint 'WebApplication1.Controller.AuthorController.GetAllBooks2 (WebApplication1)' with route pattern 'api/Author/GetAllBooks2' is valid for the request path '/api/Author/GetAllBooks2' 
2025-04-15 16:41:31.8423 | DEBUG | Request matched endpoint 'WebApplication1.Controller.AuthorController.GetAllBooks2 (WebApplication1)' 
2025-04-15 16:41:31.8423 | DEBUG | Execution plan of authorization filters (in the following order): None 
2025-04-15 16:41:31.8423 | DEBUG | Execution plan of resource filters (in the following order): None 
2025-04-15 16:41:31.8423 | DEBUG | Execution plan of action filters (in the following order): Microsoft.AspNetCore.Mvc.ModelBinding.UnsupportedContentTypeFilter (Order: -3000), Microsoft.AspNetCore.Mvc.Infrastructure.ModelStateInvalidFilter (Order: -2000) 
2025-04-15 16:41:31.8423 | DEBUG | Execution plan of exception filters (in the following order): None 
2025-04-15 16:41:31.8423 | DEBUG | Execution plan of result filters (in the following order): Microsoft.AspNetCore.Mvc.Infrastructure.ClientErrorResultFilter (Order: -2000) 
2025-04-15 16:41:31.8423 | DEBUG | Executing controller factory for controller WebApplication1.Controller.AuthorController (WebApplication1) 
2025-04-15 16:41:31.8600 | DEBUG | Executed controller factory for controller WebApplication1.Controller.AuthorController (WebApplication1) 
2025-04-15 16:41:31.8600 | DEBUG | Attempting to bind parameter 'skip' of type 'System.Int32' ... 
2025-04-15 16:41:31.8600 | DEBUG | Attempting to bind parameter 'skip' of type 'System.Int32' using the name 'skip' in request data ... 
2025-04-15 16:41:31.8600 | DEBUG | Done attempting to bind parameter 'skip' of type 'System.Int32'. 
2025-04-15 16:41:31.8600 | DEBUG | Done attempting to bind parameter 'skip' of type 'System.Int32'. 
2025-04-15 16:41:31.8600 | DEBUG | Attempting to validate the bound parameter 'skip' of type 'System.Int32' ... 
2025-04-15 16:41:31.8600 | DEBUG | Done attempting to validate the bound parameter 'skip' of type 'System.Int32'. 
2025-04-15 16:41:31.8600 | DEBUG | Attempting to bind parameter 'take' of type 'System.Int32' ... 
2025-04-15 16:41:31.8600 | DEBUG | Attempting to bind parameter 'take' of type 'System.Int32' using the name 'take' in request data ... 
2025-04-15 16:41:31.8600 | DEBUG | Done attempting to bind parameter 'take' of type 'System.Int32'. 
2025-04-15 16:41:31.8600 | DEBUG | Done attempting to bind parameter 'take' of type 'System.Int32'. 
2025-04-15 16:41:31.8600 | DEBUG | Attempting to validate the bound parameter 'take' of type 'System.Int32' ... 
2025-04-15 16:41:31.8600 | DEBUG | Done attempting to validate the bound parameter 'take' of type 'System.Int32'. 
2025-04-15 16:41:31.8600 | DEBUG | Attempting to bind parameter 'sortFeild' of type 'System.String' ... 
2025-04-15 16:41:31.8600 | DEBUG | Attempting to bind parameter 'sortFeild' of type 'System.String' using the name 'sortFeild' in request data ... 
2025-04-15 16:41:31.8600 | DEBUG | Done attempting to bind parameter 'sortFeild' of type 'System.String'. 
2025-04-15 16:41:31.8600 | DEBUG | Done attempting to bind parameter 'sortFeild' of type 'System.String'. 
2025-04-15 16:41:31.8600 | DEBUG | Attempting to validate the bound parameter 'sortFeild' of type 'System.String' ... 
2025-04-15 16:41:31.8600 | DEBUG | Done attempting to validate the bound parameter 'sortFeild' of type 'System.String'. 
2025-04-15 16:41:31.8600 | DEBUG | Attempting to bind parameter 'sortType' of type 'System.Nullable`1[System.Int32]' ... 
2025-04-15 16:41:31.8600 | DEBUG | Attempting to bind parameter 'sortType' of type 'System.Nullable`1[System.Int32]' using the name 'sortType' in request data ... 
2025-04-15 16:41:31.8600 | DEBUG | Done attempting to bind parameter 'sortType' of type 'System.Nullable`1[System.Int32]'. 
2025-04-15 16:41:31.8600 | DEBUG | Done attempting to bind parameter 'sortType' of type 'System.Nullable`1[System.Int32]'. 
2025-04-15 16:41:31.8600 | DEBUG | Attempting to validate the bound parameter 'sortType' of type 'System.Nullable`1[System.Int32]' ... 
2025-04-15 16:41:31.8600 | DEBUG | Done attempting to validate the bound parameter 'sortType' of type 'System.Nullable`1[System.Int32]'. 
2025-04-15 16:41:31.8600 | DEBUG | List of registered output formatters, in the following order: Microsoft.AspNetCore.Mvc.Formatters.HttpNoContentOutputFormatter, Microsoft.AspNetCore.Mvc.Formatters.StringOutputFormatter, Microsoft.AspNetCore.Mvc.Formatters.StreamOutputFormatter, Microsoft.AspNetCore.Mvc.Formatters.NewtonsoftJsonOutputFormatter 
2025-04-15 16:41:31.8600 | DEBUG | No information found on request to perform content negotiation. 
2025-04-15 16:41:31.8600 | DEBUG | Attempting to select an output formatter without using a content type as no explicit content types were specified for the response. 
2025-04-15 16:41:31.8600 | DEBUG | Attempting to select the first formatter in the output formatters list which can write the result. 
2025-04-15 16:41:31.8600 | DEBUG | Selected output formatter 'Microsoft.AspNetCore.Mvc.Formatters.NewtonsoftJsonOutputFormatter' and content type 'application/json' to write the response. 
2025-04-15 16:41:31.8691 | DEBUG | Connection id "0HNBS1NN8QBM3" completed keep alive response. 
2025-04-15 16:41:32.0541 | DEBUG | The request path  does not match the path filter 
2025-04-15 16:41:32.0541 | DEBUG | The request has an origin header: 'http://127.0.0.1:5503'. 
2025-04-15 16:41:32.0541 | DEBUG | 1 candidate(s) found for the request path '/api/Author/GetAllBooks2' 
2025-04-15 16:41:32.0541 | DEBUG | Endpoint 'WebApplication1.Controller.AuthorController.GetAllBooks2 (WebApplication1)' with route pattern 'api/Author/GetAllBooks2' is valid for the request path '/api/Author/GetAllBooks2' 
2025-04-15 16:41:32.0541 | DEBUG | Request matched endpoint 'WebApplication1.Controller.AuthorController.GetAllBooks2 (WebApplication1)' 
2025-04-15 16:41:32.0541 | DEBUG | Execution plan of authorization filters (in the following order): None 
2025-04-15 16:41:32.0541 | DEBUG | Execution plan of resource filters (in the following order): None 
2025-04-15 16:41:32.0541 | DEBUG | Execution plan of action filters (in the following order): Microsoft.AspNetCore.Mvc.ModelBinding.UnsupportedContentTypeFilter (Order: -3000), Microsoft.AspNetCore.Mvc.Infrastructure.ModelStateInvalidFilter (Order: -2000) 
2025-04-15 16:41:32.0541 | DEBUG | Execution plan of exception filters (in the following order): None 
2025-04-15 16:41:32.0541 | DEBUG | Execution plan of result filters (in the following order): Microsoft.AspNetCore.Mvc.Infrastructure.ClientErrorResultFilter (Order: -2000) 
2025-04-15 16:41:32.0541 | DEBUG | Executing controller factory for controller WebApplication1.Controller.AuthorController (WebApplication1) 
2025-04-15 16:41:32.0688 | DEBUG | Executed controller factory for controller WebApplication1.Controller.AuthorController (WebApplication1) 
2025-04-15 16:41:32.0688 | DEBUG | Attempting to bind parameter 'skip' of type 'System.Int32' ... 
2025-04-15 16:41:32.0688 | DEBUG | Attempting to bind parameter 'skip' of type 'System.Int32' using the name 'skip' in request data ... 
2025-04-15 16:41:32.0688 | DEBUG | Done attempting to bind parameter 'skip' of type 'System.Int32'. 
2025-04-15 16:41:32.0688 | DEBUG | Done attempting to bind parameter 'skip' of type 'System.Int32'. 
2025-04-15 16:41:32.0688 | DEBUG | Attempting to validate the bound parameter 'skip' of type 'System.Int32' ... 
2025-04-15 16:41:32.0688 | DEBUG | Done attempting to validate the bound parameter 'skip' of type 'System.Int32'. 
2025-04-15 16:41:32.0688 | DEBUG | Attempting to bind parameter 'take' of type 'System.Int32' ... 
2025-04-15 16:41:32.0688 | DEBUG | Attempting to bind parameter 'take' of type 'System.Int32' using the name 'take' in request data ... 
2025-04-15 16:41:32.0688 | DEBUG | Done attempting to bind parameter 'take' of type 'System.Int32'. 
2025-04-15 16:41:32.0688 | DEBUG | Done attempting to bind parameter 'take' of type 'System.Int32'. 
2025-04-15 16:41:32.0688 | DEBUG | Attempting to validate the bound parameter 'take' of type 'System.Int32' ... 
2025-04-15 16:41:32.0688 | DEBUG | Done attempting to validate the bound parameter 'take' of type 'System.Int32'. 
2025-04-15 16:41:32.0688 | DEBUG | Attempting to bind parameter 'sortFeild' of type 'System.String' ... 
2025-04-15 16:41:32.0688 | DEBUG | Attempting to bind parameter 'sortFeild' of type 'System.String' using the name 'sortFeild' in request data ... 
2025-04-15 16:41:32.0688 | DEBUG | Done attempting to bind parameter 'sortFeild' of type 'System.String'. 
2025-04-15 16:41:32.0688 | DEBUG | Done attempting to bind parameter 'sortFeild' of type 'System.String'. 
2025-04-15 16:41:32.0688 | DEBUG | Attempting to validate the bound parameter 'sortFeild' of type 'System.String' ... 
2025-04-15 16:41:32.0688 | DEBUG | Done attempting to validate the bound parameter 'sortFeild' of type 'System.String'. 
2025-04-15 16:41:32.0688 | DEBUG | Attempting to bind parameter 'sortType' of type 'System.Nullable`1[System.Int32]' ... 
2025-04-15 16:41:32.0688 | DEBUG | Attempting to bind parameter 'sortType' of type 'System.Nullable`1[System.Int32]' using the name 'sortType' in request data ... 
2025-04-15 16:41:32.0688 | DEBUG | Done attempting to bind parameter 'sortType' of type 'System.Nullable`1[System.Int32]'. 
2025-04-15 16:41:32.0688 | DEBUG | Done attempting to bind parameter 'sortType' of type 'System.Nullable`1[System.Int32]'. 
2025-04-15 16:41:32.0688 | DEBUG | Attempting to validate the bound parameter 'sortType' of type 'System.Nullable`1[System.Int32]' ... 
2025-04-15 16:41:32.0688 | DEBUG | Done attempting to validate the bound parameter 'sortType' of type 'System.Nullable`1[System.Int32]'. 
2025-04-15 16:41:32.0688 | DEBUG | List of registered output formatters, in the following order: Microsoft.AspNetCore.Mvc.Formatters.HttpNoContentOutputFormatter, Microsoft.AspNetCore.Mvc.Formatters.StringOutputFormatter, Microsoft.AspNetCore.Mvc.Formatters.StreamOutputFormatter, Microsoft.AspNetCore.Mvc.Formatters.NewtonsoftJsonOutputFormatter 
2025-04-15 16:41:32.0688 | DEBUG | No information found on request to perform content negotiation. 
2025-04-15 16:41:32.0688 | DEBUG | Attempting to select an output formatter without using a content type as no explicit content types were specified for the response. 
2025-04-15 16:41:32.0688 | DEBUG | Attempting to select the first formatter in the output formatters list which can write the result. 
2025-04-15 16:41:32.0688 | DEBUG | Selected output formatter 'Microsoft.AspNetCore.Mvc.Formatters.NewtonsoftJsonOutputFormatter' and content type 'application/json' to write the response. 
2025-04-15 16:41:32.0688 | DEBUG | Connection id "0HNBS1NN8QBM3" completed keep alive response. 
2025-04-15 16:41:34.0501 | DEBUG | The request path  does not match the path filter 
2025-04-15 16:41:34.0501 | DEBUG | The request has an origin header: 'http://127.0.0.1:5503'. 
2025-04-15 16:41:34.0501 | DEBUG | 1 candidate(s) found for the request path '/api/Author/GetAllBooks2' 
2025-04-15 16:41:34.0501 | DEBUG | Endpoint 'WebApplication1.Controller.AuthorController.GetAllBooks2 (WebApplication1)' with route pattern 'api/Author/GetAllBooks2' is valid for the request path '/api/Author/GetAllBooks2' 
2025-04-15 16:41:34.0501 | DEBUG | Request matched endpoint 'WebApplication1.Controller.AuthorController.GetAllBooks2 (WebApplication1)' 
2025-04-15 16:41:34.0501 | DEBUG | Execution plan of authorization filters (in the following order): None 
2025-04-15 16:41:34.0501 | DEBUG | Execution plan of resource filters (in the following order): None 
2025-04-15 16:41:34.0501 | DEBUG | Execution plan of action filters (in the following order): Microsoft.AspNetCore.Mvc.ModelBinding.UnsupportedContentTypeFilter (Order: -3000), Microsoft.AspNetCore.Mvc.Infrastructure.ModelStateInvalidFilter (Order: -2000) 
2025-04-15 16:41:34.0501 | DEBUG | Execution plan of exception filters (in the following order): None 
2025-04-15 16:41:34.0501 | DEBUG | Execution plan of result filters (in the following order): Microsoft.AspNetCore.Mvc.Infrastructure.ClientErrorResultFilter (Order: -2000) 
2025-04-15 16:41:34.0501 | DEBUG | Executing controller factory for controller WebApplication1.Controller.AuthorController (WebApplication1) 
2025-04-15 16:41:34.0700 | DEBUG | Executed controller factory for controller WebApplication1.Controller.AuthorController (WebApplication1) 
2025-04-15 16:41:34.0700 | DEBUG | Attempting to bind parameter 'skip' of type 'System.Int32' ... 
2025-04-15 16:41:34.0700 | DEBUG | Attempting to bind parameter 'skip' of type 'System.Int32' using the name 'skip' in request data ... 
2025-04-15 16:41:34.0700 | DEBUG | Done attempting to bind parameter 'skip' of type 'System.Int32'. 
2025-04-15 16:41:34.0700 | DEBUG | Done attempting to bind parameter 'skip' of type 'System.Int32'. 
2025-04-15 16:41:34.0700 | DEBUG | Attempting to validate the bound parameter 'skip' of type 'System.Int32' ... 
2025-04-15 16:41:34.0700 | DEBUG | Done attempting to validate the bound parameter 'skip' of type 'System.Int32'. 
2025-04-15 16:41:34.0700 | DEBUG | Attempting to bind parameter 'take' of type 'System.Int32' ... 
2025-04-15 16:41:34.0700 | DEBUG | Attempting to bind parameter 'take' of type 'System.Int32' using the name 'take' in request data ... 
2025-04-15 16:41:34.0700 | DEBUG | Done attempting to bind parameter 'take' of type 'System.Int32'. 
2025-04-15 16:41:34.0700 | DEBUG | Done attempting to bind parameter 'take' of type 'System.Int32'. 
2025-04-15 16:41:34.0700 | DEBUG | Attempting to validate the bound parameter 'take' of type 'System.Int32' ... 
2025-04-15 16:41:34.0700 | DEBUG | Done attempting to validate the bound parameter 'take' of type 'System.Int32'. 
2025-04-15 16:41:34.0700 | DEBUG | Attempting to bind parameter 'sortFeild' of type 'System.String' ... 
2025-04-15 16:41:34.0700 | DEBUG | Attempting to bind parameter 'sortFeild' of type 'System.String' using the name 'sortFeild' in request data ... 
2025-04-15 16:41:34.0700 | DEBUG | Done attempting to bind parameter 'sortFeild' of type 'System.String'. 
2025-04-15 16:41:34.0700 | DEBUG | Done attempting to bind parameter 'sortFeild' of type 'System.String'. 
2025-04-15 16:41:34.0700 | DEBUG | Attempting to validate the bound parameter 'sortFeild' of type 'System.String' ... 
2025-04-15 16:41:34.0700 | DEBUG | Done attempting to validate the bound parameter 'sortFeild' of type 'System.String'. 
2025-04-15 16:41:34.0700 | DEBUG | Attempting to bind parameter 'sortType' of type 'System.Nullable`1[System.Int32]' ... 
2025-04-15 16:41:34.0700 | DEBUG | Attempting to bind parameter 'sortType' of type 'System.Nullable`1[System.Int32]' using the name 'sortType' in request data ... 
2025-04-15 16:41:34.0700 | DEBUG | Done attempting to bind parameter 'sortType' of type 'System.Nullable`1[System.Int32]'. 
2025-04-15 16:41:34.0700 | DEBUG | Done attempting to bind parameter 'sortType' of type 'System.Nullable`1[System.Int32]'. 
2025-04-15 16:41:34.0700 | DEBUG | Attempting to validate the bound parameter 'sortType' of type 'System.Nullable`1[System.Int32]' ... 
2025-04-15 16:41:34.0700 | DEBUG | Done attempting to validate the bound parameter 'sortType' of type 'System.Nullable`1[System.Int32]'. 
2025-04-15 16:41:34.0780 | DEBUG | List of registered output formatters, in the following order: Microsoft.AspNetCore.Mvc.Formatters.HttpNoContentOutputFormatter, Microsoft.AspNetCore.Mvc.Formatters.StringOutputFormatter, Microsoft.AspNetCore.Mvc.Formatters.StreamOutputFormatter, Microsoft.AspNetCore.Mvc.Formatters.NewtonsoftJsonOutputFormatter 
2025-04-15 16:41:34.0780 | DEBUG | No information found on request to perform content negotiation. 
2025-04-15 16:41:34.0780 | DEBUG | Attempting to select an output formatter without using a content type as no explicit content types were specified for the response. 
2025-04-15 16:41:34.0780 | DEBUG | Attempting to select the first formatter in the output formatters list which can write the result. 
2025-04-15 16:41:34.0780 | DEBUG | Selected output formatter 'Microsoft.AspNetCore.Mvc.Formatters.NewtonsoftJsonOutputFormatter' and content type 'application/json' to write the response. 
2025-04-15 16:41:34.0780 | DEBUG | Connection id "0HNBS1NN8QBM3" completed keep alive response. 
2025-04-15 16:41:34.2623 | DEBUG | The request path  does not match the path filter 
2025-04-15 16:41:34.2623 | DEBUG | The request has an origin header: 'http://127.0.0.1:5503'. 
2025-04-15 16:41:34.2623 | DEBUG | 1 candidate(s) found for the request path '/api/Author/GetAllBooks2' 
2025-04-15 16:41:34.2623 | DEBUG | Endpoint 'WebApplication1.Controller.AuthorController.GetAllBooks2 (WebApplication1)' with route pattern 'api/Author/GetAllBooks2' is valid for the request path '/api/Author/GetAllBooks2' 
2025-04-15 16:41:34.2623 | DEBUG | Request matched endpoint 'WebApplication1.Controller.AuthorController.GetAllBooks2 (WebApplication1)' 
2025-04-15 16:41:34.2623 | DEBUG | Execution plan of authorization filters (in the following order): None 
2025-04-15 16:41:34.2623 | DEBUG | Execution plan of resource filters (in the following order): None 
2025-04-15 16:41:34.2623 | DEBUG | Execution plan of action filters (in the following order): Microsoft.AspNetCore.Mvc.ModelBinding.UnsupportedContentTypeFilter (Order: -3000), Microsoft.AspNetCore.Mvc.Infrastructure.ModelStateInvalidFilter (Order: -2000) 
2025-04-15 16:41:34.2623 | DEBUG | Execution plan of exception filters (in the following order): None 
2025-04-15 16:41:34.2623 | DEBUG | Execution plan of result filters (in the following order): Microsoft.AspNetCore.Mvc.Infrastructure.ClientErrorResultFilter (Order: -2000) 
2025-04-15 16:41:34.2623 | DEBUG | Executing controller factory for controller WebApplication1.Controller.AuthorController (WebApplication1) 
2025-04-15 16:41:34.2766 | DEBUG | Executed controller factory for controller WebApplication1.Controller.AuthorController (WebApplication1) 
2025-04-15 16:41:34.2766 | DEBUG | Attempting to bind parameter 'skip' of type 'System.Int32' ... 
2025-04-15 16:41:34.2766 | DEBUG | Attempting to bind parameter 'skip' of type 'System.Int32' using the name 'skip' in request data ... 
2025-04-15 16:41:34.2766 | DEBUG | Done attempting to bind parameter 'skip' of type 'System.Int32'. 
2025-04-15 16:41:34.2766 | DEBUG | Done attempting to bind parameter 'skip' of type 'System.Int32'. 
2025-04-15 16:41:34.2766 | DEBUG | Attempting to validate the bound parameter 'skip' of type 'System.Int32' ... 
2025-04-15 16:41:34.2766 | DEBUG | Done attempting to validate the bound parameter 'skip' of type 'System.Int32'. 
2025-04-15 16:41:34.2766 | DEBUG | Attempting to bind parameter 'take' of type 'System.Int32' ... 
2025-04-15 16:41:34.2766 | DEBUG | Attempting to bind parameter 'take' of type 'System.Int32' using the name 'take' in request data ... 
2025-04-15 16:41:34.2766 | DEBUG | Done attempting to bind parameter 'take' of type 'System.Int32'. 
2025-04-15 16:41:34.2766 | DEBUG | Done attempting to bind parameter 'take' of type 'System.Int32'. 
2025-04-15 16:41:34.2766 | DEBUG | Attempting to validate the bound parameter 'take' of type 'System.Int32' ... 
2025-04-15 16:41:34.2766 | DEBUG | Done attempting to validate the bound parameter 'take' of type 'System.Int32'. 
2025-04-15 16:41:34.2766 | DEBUG | Attempting to bind parameter 'sortFeild' of type 'System.String' ... 
2025-04-15 16:41:34.2766 | DEBUG | Attempting to bind parameter 'sortFeild' of type 'System.String' using the name 'sortFeild' in request data ... 
2025-04-15 16:41:34.2766 | DEBUG | Done attempting to bind parameter 'sortFeild' of type 'System.String'. 
2025-04-15 16:41:34.2766 | DEBUG | Done attempting to bind parameter 'sortFeild' of type 'System.String'. 
2025-04-15 16:41:34.2766 | DEBUG | Attempting to validate the bound parameter 'sortFeild' of type 'System.String' ... 
2025-04-15 16:41:34.2766 | DEBUG | Done attempting to validate the bound parameter 'sortFeild' of type 'System.String'. 
2025-04-15 16:41:34.2766 | DEBUG | Attempting to bind parameter 'sortType' of type 'System.Nullable`1[System.Int32]' ... 
2025-04-15 16:41:34.2766 | DEBUG | Attempting to bind parameter 'sortType' of type 'System.Nullable`1[System.Int32]' using the name 'sortType' in request data ... 
2025-04-15 16:41:34.2766 | DEBUG | Done attempting to bind parameter 'sortType' of type 'System.Nullable`1[System.Int32]'. 
2025-04-15 16:41:34.2766 | DEBUG | Done attempting to bind parameter 'sortType' of type 'System.Nullable`1[System.Int32]'. 
2025-04-15 16:41:34.2766 | DEBUG | Attempting to validate the bound parameter 'sortType' of type 'System.Nullable`1[System.Int32]' ... 
2025-04-15 16:41:34.2766 | DEBUG | Done attempting to validate the bound parameter 'sortType' of type 'System.Nullable`1[System.Int32]'. 
2025-04-15 16:41:34.2766 | DEBUG | List of registered output formatters, in the following order: Microsoft.AspNetCore.Mvc.Formatters.HttpNoContentOutputFormatter, Microsoft.AspNetCore.Mvc.Formatters.StringOutputFormatter, Microsoft.AspNetCore.Mvc.Formatters.StreamOutputFormatter, Microsoft.AspNetCore.Mvc.Formatters.NewtonsoftJsonOutputFormatter 
2025-04-15 16:41:34.2766 | DEBUG | No information found on request to perform content negotiation. 
2025-04-15 16:41:34.2766 | DEBUG | Attempting to select an output formatter without using a content type as no explicit content types were specified for the response. 
2025-04-15 16:41:34.2766 | DEBUG | Attempting to select the first formatter in the output formatters list which can write the result. 
2025-04-15 16:41:34.2766 | DEBUG | Selected output formatter 'Microsoft.AspNetCore.Mvc.Formatters.NewtonsoftJsonOutputFormatter' and content type 'application/json' to write the response. 
2025-04-15 16:41:34.2766 | DEBUG | Connection id "0HNBS1NN8QBM3" completed keep alive response. 
2025-04-15 16:41:35.2702 | DEBUG | The request path  does not match the path filter 
2025-04-15 16:41:35.2702 | DEBUG | The request has an origin header: 'http://127.0.0.1:5503'. 
2025-04-15 16:41:35.2702 | DEBUG | 1 candidate(s) found for the request path '/api/Author/GetAllBooks2' 
2025-04-15 16:41:35.2702 | DEBUG | Endpoint 'WebApplication1.Controller.AuthorController.GetAllBooks2 (WebApplication1)' with route pattern 'api/Author/GetAllBooks2' is valid for the request path '/api/Author/GetAllBooks2' 
2025-04-15 16:41:35.2702 | DEBUG | Request matched endpoint 'WebApplication1.Controller.AuthorController.GetAllBooks2 (WebApplication1)' 
2025-04-15 16:41:35.2702 | DEBUG | Execution plan of authorization filters (in the following order): None 
2025-04-15 16:41:35.2702 | DEBUG | Execution plan of resource filters (in the following order): None 
2025-04-15 16:41:35.2702 | DEBUG | Execution plan of action filters (in the following order): Microsoft.AspNetCore.Mvc.ModelBinding.UnsupportedContentTypeFilter (Order: -3000), Microsoft.AspNetCore.Mvc.Infrastructure.ModelStateInvalidFilter (Order: -2000) 
2025-04-15 16:41:35.2702 | DEBUG | Execution plan of exception filters (in the following order): None 
2025-04-15 16:41:35.2702 | DEBUG | Execution plan of result filters (in the following order): Microsoft.AspNetCore.Mvc.Infrastructure.ClientErrorResultFilter (Order: -2000) 
2025-04-15 16:41:35.2702 | DEBUG | Executing controller factory for controller WebApplication1.Controller.AuthorController (WebApplication1) 
2025-04-15 16:41:35.2847 | DEBUG | Executed controller factory for controller WebApplication1.Controller.AuthorController (WebApplication1) 
2025-04-15 16:41:35.2847 | DEBUG | Attempting to bind parameter 'skip' of type 'System.Int32' ... 
2025-04-15 16:41:35.2847 | DEBUG | Attempting to bind parameter 'skip' of type 'System.Int32' using the name 'skip' in request data ... 
2025-04-15 16:41:35.2847 | DEBUG | Done attempting to bind parameter 'skip' of type 'System.Int32'. 
2025-04-15 16:41:35.2847 | DEBUG | Done attempting to bind parameter 'skip' of type 'System.Int32'. 
2025-04-15 16:41:35.2847 | DEBUG | Attempting to validate the bound parameter 'skip' of type 'System.Int32' ... 
2025-04-15 16:41:35.2847 | DEBUG | Done attempting to validate the bound parameter 'skip' of type 'System.Int32'. 
2025-04-15 16:41:35.2847 | DEBUG | Attempting to bind parameter 'take' of type 'System.Int32' ... 
2025-04-15 16:41:35.2847 | DEBUG | Attempting to bind parameter 'take' of type 'System.Int32' using the name 'take' in request data ... 
2025-04-15 16:41:35.2847 | DEBUG | Done attempting to bind parameter 'take' of type 'System.Int32'. 
2025-04-15 16:41:35.2847 | DEBUG | Done attempting to bind parameter 'take' of type 'System.Int32'. 
2025-04-15 16:41:35.2847 | DEBUG | Attempting to validate the bound parameter 'take' of type 'System.Int32' ... 
2025-04-15 16:41:35.2847 | DEBUG | Done attempting to validate the bound parameter 'take' of type 'System.Int32'. 
2025-04-15 16:41:35.2847 | DEBUG | Attempting to bind parameter 'sortFeild' of type 'System.String' ... 
2025-04-15 16:41:35.2847 | DEBUG | Attempting to bind parameter 'sortFeild' of type 'System.String' using the name 'sortFeild' in request data ... 
2025-04-15 16:41:35.2847 | DEBUG | Done attempting to bind parameter 'sortFeild' of type 'System.String'. 
2025-04-15 16:41:35.2847 | DEBUG | Done attempting to bind parameter 'sortFeild' of type 'System.String'. 
2025-04-15 16:41:35.2847 | DEBUG | Attempting to validate the bound parameter 'sortFeild' of type 'System.String' ... 
2025-04-15 16:41:35.2847 | DEBUG | Done attempting to validate the bound parameter 'sortFeild' of type 'System.String'. 
2025-04-15 16:41:35.2847 | DEBUG | Attempting to bind parameter 'sortType' of type 'System.Nullable`1[System.Int32]' ... 
2025-04-15 16:41:35.2847 | DEBUG | Attempting to bind parameter 'sortType' of type 'System.Nullable`1[System.Int32]' using the name 'sortType' in request data ... 
2025-04-15 16:41:35.2847 | DEBUG | Done attempting to bind parameter 'sortType' of type 'System.Nullable`1[System.Int32]'. 
2025-04-15 16:41:35.2847 | DEBUG | Done attempting to bind parameter 'sortType' of type 'System.Nullable`1[System.Int32]'. 
2025-04-15 16:41:35.2847 | DEBUG | Attempting to validate the bound parameter 'sortType' of type 'System.Nullable`1[System.Int32]' ... 
2025-04-15 16:41:35.2847 | DEBUG | Done attempting to validate the bound parameter 'sortType' of type 'System.Nullable`1[System.Int32]'. 
2025-04-15 16:41:35.2847 | DEBUG | List of registered output formatters, in the following order: Microsoft.AspNetCore.Mvc.Formatters.HttpNoContentOutputFormatter, Microsoft.AspNetCore.Mvc.Formatters.StringOutputFormatter, Microsoft.AspNetCore.Mvc.Formatters.StreamOutputFormatter, Microsoft.AspNetCore.Mvc.Formatters.NewtonsoftJsonOutputFormatter 
2025-04-15 16:41:35.2847 | DEBUG | No information found on request to perform content negotiation. 
2025-04-15 16:41:35.2847 | DEBUG | Attempting to select an output formatter without using a content type as no explicit content types were specified for the response. 
2025-04-15 16:41:35.2847 | DEBUG | Attempting to select the first formatter in the output formatters list which can write the result. 
2025-04-15 16:41:35.2847 | DEBUG | Selected output formatter 'Microsoft.AspNetCore.Mvc.Formatters.NewtonsoftJsonOutputFormatter' and content type 'application/json' to write the response. 
2025-04-15 16:41:35.2847 | DEBUG | Connection id "0HNBS1NN8QBM3" completed keep alive response. 
2025-04-15 16:41:37.5672 | DEBUG | The request path  does not match the path filter 
2025-04-15 16:41:37.5672 | DEBUG | The request has an origin header: 'http://127.0.0.1:5503'. 
2025-04-15 16:41:37.5672 | DEBUG | 1 candidate(s) found for the request path '/api/Author/GetAllBooks2' 
2025-04-15 16:41:37.5672 | DEBUG | Endpoint 'WebApplication1.Controller.AuthorController.GetAllBooks2 (WebApplication1)' with route pattern 'api/Author/GetAllBooks2' is valid for the request path '/api/Author/GetAllBooks2' 
2025-04-15 16:41:37.5672 | DEBUG | Request matched endpoint 'WebApplication1.Controller.AuthorController.GetAllBooks2 (WebApplication1)' 
2025-04-15 16:41:37.5672 | DEBUG | Execution plan of authorization filters (in the following order): None 
2025-04-15 16:41:37.5672 | DEBUG | Execution plan of resource filters (in the following order): None 
2025-04-15 16:41:37.5672 | DEBUG | Execution plan of action filters (in the following order): Microsoft.AspNetCore.Mvc.ModelBinding.UnsupportedContentTypeFilter (Order: -3000), Microsoft.AspNetCore.Mvc.Infrastructure.ModelStateInvalidFilter (Order: -2000) 
2025-04-15 16:41:37.5672 | DEBUG | Execution plan of exception filters (in the following order): None 
2025-04-15 16:41:37.5672 | DEBUG | Execution plan of result filters (in the following order): Microsoft.AspNetCore.Mvc.Infrastructure.ClientErrorResultFilter (Order: -2000) 
2025-04-15 16:41:37.5672 | DEBUG | Executing controller factory for controller WebApplication1.Controller.AuthorController (WebApplication1) 
2025-04-15 16:41:37.5850 | DEBUG | Executed controller factory for controller WebApplication1.Controller.AuthorController (WebApplication1) 
2025-04-15 16:41:37.5850 | DEBUG | Attempting to bind parameter 'skip' of type 'System.Int32' ... 
2025-04-15 16:41:37.5850 | DEBUG | Attempting to bind parameter 'skip' of type 'System.Int32' using the name 'skip' in request data ... 
2025-04-15 16:41:37.5850 | DEBUG | Done attempting to bind parameter 'skip' of type 'System.Int32'. 
2025-04-15 16:41:37.5850 | DEBUG | Done attempting to bind parameter 'skip' of type 'System.Int32'. 
2025-04-15 16:41:37.5850 | DEBUG | Attempting to validate the bound parameter 'skip' of type 'System.Int32' ... 
2025-04-15 16:41:37.5850 | DEBUG | Done attempting to validate the bound parameter 'skip' of type 'System.Int32'. 
2025-04-15 16:41:37.5850 | DEBUG | Attempting to bind parameter 'take' of type 'System.Int32' ... 
2025-04-15 16:41:37.5850 | DEBUG | Attempting to bind parameter 'take' of type 'System.Int32' using the name 'take' in request data ... 
2025-04-15 16:41:37.5850 | DEBUG | Done attempting to bind parameter 'take' of type 'System.Int32'. 
2025-04-15 16:41:37.5850 | DEBUG | Done attempting to bind parameter 'take' of type 'System.Int32'. 
2025-04-15 16:41:37.5850 | DEBUG | Attempting to validate the bound parameter 'take' of type 'System.Int32' ... 
2025-04-15 16:41:37.5850 | DEBUG | Done attempting to validate the bound parameter 'take' of type 'System.Int32'. 
2025-04-15 16:41:37.5850 | DEBUG | Attempting to bind parameter 'sortFeild' of type 'System.String' ... 
2025-04-15 16:41:37.5850 | DEBUG | Attempting to bind parameter 'sortFeild' of type 'System.String' using the name 'sortFeild' in request data ... 
2025-04-15 16:41:37.5850 | DEBUG | Done attempting to bind parameter 'sortFeild' of type 'System.String'. 
2025-04-15 16:41:37.5850 | DEBUG | Done attempting to bind parameter 'sortFeild' of type 'System.String'. 
2025-04-15 16:41:37.5850 | DEBUG | Attempting to validate the bound parameter 'sortFeild' of type 'System.String' ... 
2025-04-15 16:41:37.5850 | DEBUG | Done attempting to validate the bound parameter 'sortFeild' of type 'System.String'. 
2025-04-15 16:41:37.5850 | DEBUG | Attempting to bind parameter 'sortType' of type 'System.Nullable`1[System.Int32]' ... 
2025-04-15 16:41:37.5850 | DEBUG | Attempting to bind parameter 'sortType' of type 'System.Nullable`1[System.Int32]' using the name 'sortType' in request data ... 
2025-04-15 16:41:37.5850 | DEBUG | Done attempting to bind parameter 'sortType' of type 'System.Nullable`1[System.Int32]'. 
2025-04-15 16:41:37.5850 | DEBUG | Done attempting to bind parameter 'sortType' of type 'System.Nullable`1[System.Int32]'. 
2025-04-15 16:41:37.5850 | DEBUG | Attempting to validate the bound parameter 'sortType' of type 'System.Nullable`1[System.Int32]' ... 
2025-04-15 16:41:37.5850 | DEBUG | Done attempting to validate the bound parameter 'sortType' of type 'System.Nullable`1[System.Int32]'. 
2025-04-15 16:41:37.5934 | DEBUG | List of registered output formatters, in the following order: Microsoft.AspNetCore.Mvc.Formatters.HttpNoContentOutputFormatter, Microsoft.AspNetCore.Mvc.Formatters.StringOutputFormatter, Microsoft.AspNetCore.Mvc.Formatters.StreamOutputFormatter, Microsoft.AspNetCore.Mvc.Formatters.NewtonsoftJsonOutputFormatter 
2025-04-15 16:41:37.5934 | DEBUG | No information found on request to perform content negotiation. 
2025-04-15 16:41:37.5934 | DEBUG | Attempting to select an output formatter without using a content type as no explicit content types were specified for the response. 
2025-04-15 16:41:37.5934 | DEBUG | Attempting to select the first formatter in the output formatters list which can write the result. 
2025-04-15 16:41:37.5934 | DEBUG | Selected output formatter 'Microsoft.AspNetCore.Mvc.Formatters.NewtonsoftJsonOutputFormatter' and content type 'application/json' to write the response. 
2025-04-15 16:41:37.5934 | DEBUG | Connection id "0HNBS1NN8QBM3" completed keep alive response. 
2025-04-15 16:41:37.7822 | DEBUG | The request path  does not match the path filter 
2025-04-15 16:41:37.7822 | DEBUG | The request has an origin header: 'http://127.0.0.1:5503'. 
2025-04-15 16:41:37.7822 | DEBUG | 1 candidate(s) found for the request path '/api/Author/GetAllBooks2' 
2025-04-15 16:41:37.7822 | DEBUG | Endpoint 'WebApplication1.Controller.AuthorController.GetAllBooks2 (WebApplication1)' with route pattern 'api/Author/GetAllBooks2' is valid for the request path '/api/Author/GetAllBooks2' 
2025-04-15 16:41:37.7822 | DEBUG | Request matched endpoint 'WebApplication1.Controller.AuthorController.GetAllBooks2 (WebApplication1)' 
2025-04-15 16:41:37.7822 | DEBUG | Execution plan of authorization filters (in the following order): None 
2025-04-15 16:41:37.7822 | DEBUG | Execution plan of resource filters (in the following order): None 
2025-04-15 16:41:37.7822 | DEBUG | Execution plan of action filters (in the following order): Microsoft.AspNetCore.Mvc.ModelBinding.UnsupportedContentTypeFilter (Order: -3000), Microsoft.AspNetCore.Mvc.Infrastructure.ModelStateInvalidFilter (Order: -2000) 
2025-04-15 16:41:37.7822 | DEBUG | Execution plan of exception filters (in the following order): None 
2025-04-15 16:41:37.7822 | DEBUG | Execution plan of result filters (in the following order): Microsoft.AspNetCore.Mvc.Infrastructure.ClientErrorResultFilter (Order: -2000) 
2025-04-15 16:41:37.7822 | DEBUG | Executing controller factory for controller WebApplication1.Controller.AuthorController (WebApplication1) 
2025-04-15 16:41:37.7822 | DEBUG | Executed controller factory for controller WebApplication1.Controller.AuthorController (WebApplication1) 
2025-04-15 16:41:37.7822 | DEBUG | Attempting to bind parameter 'skip' of type 'System.Int32' ... 
2025-04-15 16:41:37.7822 | DEBUG | Attempting to bind parameter 'skip' of type 'System.Int32' using the name 'skip' in request data ... 
2025-04-15 16:41:37.7822 | DEBUG | Done attempting to bind parameter 'skip' of type 'System.Int32'. 
2025-04-15 16:41:37.7822 | DEBUG | Done attempting to bind parameter 'skip' of type 'System.Int32'. 
2025-04-15 16:41:37.7822 | DEBUG | Attempting to validate the bound parameter 'skip' of type 'System.Int32' ... 
2025-04-15 16:41:37.7822 | DEBUG | Done attempting to validate the bound parameter 'skip' of type 'System.Int32'. 
2025-04-15 16:41:37.7822 | DEBUG | Attempting to bind parameter 'take' of type 'System.Int32' ... 
2025-04-15 16:41:37.7822 | DEBUG | Attempting to bind parameter 'take' of type 'System.Int32' using the name 'take' in request data ... 
2025-04-15 16:41:37.7822 | DEBUG | Done attempting to bind parameter 'take' of type 'System.Int32'. 
2025-04-15 16:41:37.7822 | DEBUG | Done attempting to bind parameter 'take' of type 'System.Int32'. 
2025-04-15 16:41:37.7822 | DEBUG | Attempting to validate the bound parameter 'take' of type 'System.Int32' ... 
2025-04-15 16:41:37.7822 | DEBUG | Done attempting to validate the bound parameter 'take' of type 'System.Int32'. 
2025-04-15 16:41:37.7822 | DEBUG | Attempting to bind parameter 'sortFeild' of type 'System.String' ... 
2025-04-15 16:41:37.7822 | DEBUG | Attempting to bind parameter 'sortFeild' of type 'System.String' using the name 'sortFeild' in request data ... 
2025-04-15 16:41:37.7822 | DEBUG | Done attempting to bind parameter 'sortFeild' of type 'System.String'. 
2025-04-15 16:41:37.7822 | DEBUG | Done attempting to bind parameter 'sortFeild' of type 'System.String'. 
2025-04-15 16:41:37.7822 | DEBUG | Attempting to validate the bound parameter 'sortFeild' of type 'System.String' ... 
2025-04-15 16:41:37.7822 | DEBUG | Done attempting to validate the bound parameter 'sortFeild' of type 'System.String'. 
2025-04-15 16:41:37.7822 | DEBUG | Attempting to bind parameter 'sortType' of type 'System.Nullable`1[System.Int32]' ... 
2025-04-15 16:41:37.7822 | DEBUG | Attempting to bind parameter 'sortType' of type 'System.Nullable`1[System.Int32]' using the name 'sortType' in request data ... 
2025-04-15 16:41:37.7822 | DEBUG | Done attempting to bind parameter 'sortType' of type 'System.Nullable`1[System.Int32]'. 
2025-04-15 16:41:37.7822 | DEBUG | Done attempting to bind parameter 'sortType' of type 'System.Nullable`1[System.Int32]'. 
2025-04-15 16:41:37.7822 | DEBUG | Attempting to validate the bound parameter 'sortType' of type 'System.Nullable`1[System.Int32]' ... 
2025-04-15 16:41:37.7822 | DEBUG | Done attempting to validate the bound parameter 'sortType' of type 'System.Nullable`1[System.Int32]'. 
2025-04-15 16:41:37.8045 | DEBUG | List of registered output formatters, in the following order: Microsoft.AspNetCore.Mvc.Formatters.HttpNoContentOutputFormatter, Microsoft.AspNetCore.Mvc.Formatters.StringOutputFormatter, Microsoft.AspNetCore.Mvc.Formatters.StreamOutputFormatter, Microsoft.AspNetCore.Mvc.Formatters.NewtonsoftJsonOutputFormatter 
2025-04-15 16:41:37.8045 | DEBUG | No information found on request to perform content negotiation. 
2025-04-15 16:41:37.8045 | DEBUG | Attempting to select an output formatter without using a content type as no explicit content types were specified for the response. 
2025-04-15 16:41:37.8045 | DEBUG | Attempting to select the first formatter in the output formatters list which can write the result. 
2025-04-15 16:41:37.8045 | DEBUG | Selected output formatter 'Microsoft.AspNetCore.Mvc.Formatters.NewtonsoftJsonOutputFormatter' and content type 'application/json' to write the response. 
2025-04-15 16:41:37.8045 | DEBUG | Connection id "0HNBS1NN8QBM3" completed keep alive response. 
2025-04-15 16:41:38.5843 | DEBUG | The request path  does not match the path filter 
2025-04-15 16:41:38.5843 | DEBUG | The request has an origin header: 'http://127.0.0.1:5503'. 
2025-04-15 16:41:38.5843 | DEBUG | 1 candidate(s) found for the request path '/api/Author/GetAllBooks2' 
2025-04-15 16:41:38.5843 | DEBUG | Endpoint 'WebApplication1.Controller.AuthorController.GetAllBooks2 (WebApplication1)' with route pattern 'api/Author/GetAllBooks2' is valid for the request path '/api/Author/GetAllBooks2' 
2025-04-15 16:41:38.5843 | DEBUG | Request matched endpoint 'WebApplication1.Controller.AuthorController.GetAllBooks2 (WebApplication1)' 
2025-04-15 16:41:38.5843 | DEBUG | Execution plan of authorization filters (in the following order): None 
2025-04-15 16:41:38.5843 | DEBUG | Execution plan of resource filters (in the following order): None 
2025-04-15 16:41:38.5843 | DEBUG | Execution plan of action filters (in the following order): Microsoft.AspNetCore.Mvc.ModelBinding.UnsupportedContentTypeFilter (Order: -3000), Microsoft.AspNetCore.Mvc.Infrastructure.ModelStateInvalidFilter (Order: -2000) 
2025-04-15 16:41:38.5843 | DEBUG | Execution plan of exception filters (in the following order): None 
2025-04-15 16:41:38.5843 | DEBUG | Execution plan of result filters (in the following order): Microsoft.AspNetCore.Mvc.Infrastructure.ClientErrorResultFilter (Order: -2000) 
2025-04-15 16:41:38.5843 | DEBUG | Executing controller factory for controller WebApplication1.Controller.AuthorController (WebApplication1) 
2025-04-15 16:41:38.6042 | DEBUG | Executed controller factory for controller WebApplication1.Controller.AuthorController (WebApplication1) 
2025-04-15 16:41:38.6042 | DEBUG | Attempting to bind parameter 'skip' of type 'System.Int32' ... 
2025-04-15 16:41:38.6042 | DEBUG | Attempting to bind parameter 'skip' of type 'System.Int32' using the name 'skip' in request data ... 
2025-04-15 16:41:38.6042 | DEBUG | Done attempting to bind parameter 'skip' of type 'System.Int32'. 
2025-04-15 16:41:38.6042 | DEBUG | Done attempting to bind parameter 'skip' of type 'System.Int32'. 
2025-04-15 16:41:38.6042 | DEBUG | Attempting to validate the bound parameter 'skip' of type 'System.Int32' ... 
2025-04-15 16:41:38.6042 | DEBUG | Done attempting to validate the bound parameter 'skip' of type 'System.Int32'. 
2025-04-15 16:41:38.6042 | DEBUG | Attempting to bind parameter 'take' of type 'System.Int32' ... 
2025-04-15 16:41:38.6042 | DEBUG | Attempting to bind parameter 'take' of type 'System.Int32' using the name 'take' in request data ... 
2025-04-15 16:41:38.6042 | DEBUG | Done attempting to bind parameter 'take' of type 'System.Int32'. 
2025-04-15 16:41:38.6042 | DEBUG | Done attempting to bind parameter 'take' of type 'System.Int32'. 
2025-04-15 16:41:38.6042 | DEBUG | Attempting to validate the bound parameter 'take' of type 'System.Int32' ... 
2025-04-15 16:41:38.6042 | DEBUG | Done attempting to validate the bound parameter 'take' of type 'System.Int32'. 
2025-04-15 16:41:38.6042 | DEBUG | Attempting to bind parameter 'sortFeild' of type 'System.String' ... 
2025-04-15 16:41:38.6042 | DEBUG | Attempting to bind parameter 'sortFeild' of type 'System.String' using the name 'sortFeild' in request data ... 
2025-04-15 16:41:38.6042 | DEBUG | Done attempting to bind parameter 'sortFeild' of type 'System.String'. 
2025-04-15 16:41:38.6042 | DEBUG | Done attempting to bind parameter 'sortFeild' of type 'System.String'. 
2025-04-15 16:41:38.6042 | DEBUG | Attempting to validate the bound parameter 'sortFeild' of type 'System.String' ... 
2025-04-15 16:41:38.6042 | DEBUG | Done attempting to validate the bound parameter 'sortFeild' of type 'System.String'. 
2025-04-15 16:41:38.6042 | DEBUG | Attempting to bind parameter 'sortType' of type 'System.Nullable`1[System.Int32]' ... 
2025-04-15 16:41:38.6042 | DEBUG | Attempting to bind parameter 'sortType' of type 'System.Nullable`1[System.Int32]' using the name 'sortType' in request data ... 
2025-04-15 16:41:38.6042 | DEBUG | Done attempting to bind parameter 'sortType' of type 'System.Nullable`1[System.Int32]'. 
2025-04-15 16:41:38.6042 | DEBUG | Done attempting to bind parameter 'sortType' of type 'System.Nullable`1[System.Int32]'. 
2025-04-15 16:41:38.6042 | DEBUG | Attempting to validate the bound parameter 'sortType' of type 'System.Nullable`1[System.Int32]' ... 
2025-04-15 16:41:38.6042 | DEBUG | Done attempting to validate the bound parameter 'sortType' of type 'System.Nullable`1[System.Int32]'. 
2025-04-15 16:41:38.6042 | DEBUG | List of registered output formatters, in the following order: Microsoft.AspNetCore.Mvc.Formatters.HttpNoContentOutputFormatter, Microsoft.AspNetCore.Mvc.Formatters.StringOutputFormatter, Microsoft.AspNetCore.Mvc.Formatters.StreamOutputFormatter, Microsoft.AspNetCore.Mvc.Formatters.NewtonsoftJsonOutputFormatter 
2025-04-15 16:41:38.6042 | DEBUG | No information found on request to perform content negotiation. 
2025-04-15 16:41:38.6042 | DEBUG | Attempting to select an output formatter without using a content type as no explicit content types were specified for the response. 
2025-04-15 16:41:38.6042 | DEBUG | Attempting to select the first formatter in the output formatters list which can write the result. 
2025-04-15 16:41:38.6042 | DEBUG | Selected output formatter 'Microsoft.AspNetCore.Mvc.Formatters.NewtonsoftJsonOutputFormatter' and content type 'application/json' to write the response. 
2025-04-15 16:41:38.6042 | DEBUG | Connection id "0HNBS1NN8QBM3" completed keep alive response. 
2025-04-15 16:41:38.8065 | DEBUG | The request path  does not match the path filter 
2025-04-15 16:41:38.8065 | DEBUG | The request has an origin header: 'http://127.0.0.1:5503'. 
2025-04-15 16:41:38.8065 | DEBUG | 1 candidate(s) found for the request path '/api/Author/GetAllBooks2' 
2025-04-15 16:41:38.8065 | DEBUG | Endpoint 'WebApplication1.Controller.AuthorController.GetAllBooks2 (WebApplication1)' with route pattern 'api/Author/GetAllBooks2' is valid for the request path '/api/Author/GetAllBooks2' 
2025-04-15 16:41:38.8065 | DEBUG | Request matched endpoint 'WebApplication1.Controller.AuthorController.GetAllBooks2 (WebApplication1)' 
2025-04-15 16:41:38.8065 | DEBUG | Execution plan of authorization filters (in the following order): None 
2025-04-15 16:41:38.8065 | DEBUG | Execution plan of resource filters (in the following order): None 
2025-04-15 16:41:38.8065 | DEBUG | Execution plan of action filters (in the following order): Microsoft.AspNetCore.Mvc.ModelBinding.UnsupportedContentTypeFilter (Order: -3000), Microsoft.AspNetCore.Mvc.Infrastructure.ModelStateInvalidFilter (Order: -2000) 
2025-04-15 16:41:38.8065 | DEBUG | Execution plan of exception filters (in the following order): None 
2025-04-15 16:41:38.8065 | DEBUG | Execution plan of result filters (in the following order): Microsoft.AspNetCore.Mvc.Infrastructure.ClientErrorResultFilter (Order: -2000) 
2025-04-15 16:41:38.8065 | DEBUG | Executing controller factory for controller WebApplication1.Controller.AuthorController (WebApplication1) 
2025-04-15 16:41:38.8065 | DEBUG | Executed controller factory for controller WebApplication1.Controller.AuthorController (WebApplication1) 
2025-04-15 16:41:38.8065 | DEBUG | Attempting to bind parameter 'skip' of type 'System.Int32' ... 
2025-04-15 16:41:38.8065 | DEBUG | Attempting to bind parameter 'skip' of type 'System.Int32' using the name 'skip' in request data ... 
2025-04-15 16:41:38.8065 | DEBUG | Done attempting to bind parameter 'skip' of type 'System.Int32'. 
2025-04-15 16:41:38.8065 | DEBUG | Done attempting to bind parameter 'skip' of type 'System.Int32'. 
2025-04-15 16:41:38.8065 | DEBUG | Attempting to validate the bound parameter 'skip' of type 'System.Int32' ... 
2025-04-15 16:41:38.8065 | DEBUG | Done attempting to validate the bound parameter 'skip' of type 'System.Int32'. 
2025-04-15 16:41:38.8065 | DEBUG | Attempting to bind parameter 'take' of type 'System.Int32' ... 
2025-04-15 16:41:38.8065 | DEBUG | Attempting to bind parameter 'take' of type 'System.Int32' using the name 'take' in request data ... 
2025-04-15 16:41:38.8065 | DEBUG | Done attempting to bind parameter 'take' of type 'System.Int32'. 
2025-04-15 16:41:38.8065 | DEBUG | Done attempting to bind parameter 'take' of type 'System.Int32'. 
2025-04-15 16:41:38.8065 | DEBUG | Attempting to validate the bound parameter 'take' of type 'System.Int32' ... 
2025-04-15 16:41:38.8065 | DEBUG | Done attempting to validate the bound parameter 'take' of type 'System.Int32'. 
2025-04-15 16:41:38.8065 | DEBUG | Attempting to bind parameter 'sortFeild' of type 'System.String' ... 
2025-04-15 16:41:38.8065 | DEBUG | Attempting to bind parameter 'sortFeild' of type 'System.String' using the name 'sortFeild' in request data ... 
2025-04-15 16:41:38.8065 | DEBUG | Done attempting to bind parameter 'sortFeild' of type 'System.String'. 
2025-04-15 16:41:38.8065 | DEBUG | Done attempting to bind parameter 'sortFeild' of type 'System.String'. 
2025-04-15 16:41:38.8065 | DEBUG | Attempting to validate the bound parameter 'sortFeild' of type 'System.String' ... 
2025-04-15 16:41:38.8065 | DEBUG | Done attempting to validate the bound parameter 'sortFeild' of type 'System.String'. 
2025-04-15 16:41:38.8065 | DEBUG | Attempting to bind parameter 'sortType' of type 'System.Nullable`1[System.Int32]' ... 
2025-04-15 16:41:38.8065 | DEBUG | Attempting to bind parameter 'sortType' of type 'System.Nullable`1[System.Int32]' using the name 'sortType' in request data ... 
2025-04-15 16:41:38.8065 | DEBUG | Done attempting to bind parameter 'sortType' of type 'System.Nullable`1[System.Int32]'. 
2025-04-15 16:41:38.8065 | DEBUG | Done attempting to bind parameter 'sortType' of type 'System.Nullable`1[System.Int32]'. 
2025-04-15 16:41:38.8065 | DEBUG | Attempting to validate the bound parameter 'sortType' of type 'System.Nullable`1[System.Int32]' ... 
2025-04-15 16:41:38.8065 | DEBUG | Done attempting to validate the bound parameter 'sortType' of type 'System.Nullable`1[System.Int32]'. 
2025-04-15 16:41:38.8221 | DEBUG | List of registered output formatters, in the following order: Microsoft.AspNetCore.Mvc.Formatters.HttpNoContentOutputFormatter, Microsoft.AspNetCore.Mvc.Formatters.StringOutputFormatter, Microsoft.AspNetCore.Mvc.Formatters.StreamOutputFormatter, Microsoft.AspNetCore.Mvc.Formatters.NewtonsoftJsonOutputFormatter 
2025-04-15 16:41:38.8221 | DEBUG | No information found on request to perform content negotiation. 
2025-04-15 16:41:38.8221 | DEBUG | Attempting to select an output formatter without using a content type as no explicit content types were specified for the response. 
2025-04-15 16:41:38.8221 | DEBUG | Attempting to select the first formatter in the output formatters list which can write the result. 
2025-04-15 16:41:38.8221 | DEBUG | Selected output formatter 'Microsoft.AspNetCore.Mvc.Formatters.NewtonsoftJsonOutputFormatter' and content type 'application/json' to write the response. 
2025-04-15 16:41:38.8221 | DEBUG | Connection id "0HNBS1NN8QBM3" completed keep alive response. 
2025-04-15 16:41:39.6624 | DEBUG | The request path  does not match the path filter 
2025-04-15 16:41:39.6624 | DEBUG | The request has an origin header: 'http://127.0.0.1:5503'. 
2025-04-15 16:41:39.6624 | DEBUG | 1 candidate(s) found for the request path '/api/Author/GetAllBooks2' 
2025-04-15 16:41:39.6624 | DEBUG | Endpoint 'WebApplication1.Controller.AuthorController.GetAllBooks2 (WebApplication1)' with route pattern 'api/Author/GetAllBooks2' is valid for the request path '/api/Author/GetAllBooks2' 
2025-04-15 16:41:39.6624 | DEBUG | Request matched endpoint 'WebApplication1.Controller.AuthorController.GetAllBooks2 (WebApplication1)' 
2025-04-15 16:41:39.6624 | DEBUG | Execution plan of authorization filters (in the following order): None 
2025-04-15 16:41:39.6624 | DEBUG | Execution plan of resource filters (in the following order): None 
2025-04-15 16:41:39.6624 | DEBUG | Execution plan of action filters (in the following order): Microsoft.AspNetCore.Mvc.ModelBinding.UnsupportedContentTypeFilter (Order: -3000), Microsoft.AspNetCore.Mvc.Infrastructure.ModelStateInvalidFilter (Order: -2000) 
2025-04-15 16:41:39.6624 | DEBUG | Execution plan of exception filters (in the following order): None 
2025-04-15 16:41:39.6624 | DEBUG | Execution plan of result filters (in the following order): Microsoft.AspNetCore.Mvc.Infrastructure.ClientErrorResultFilter (Order: -2000) 
2025-04-15 16:41:39.6624 | DEBUG | Executing controller factory for controller WebApplication1.Controller.AuthorController (WebApplication1) 
2025-04-15 16:41:39.6811 | DEBUG | Executed controller factory for controller WebApplication1.Controller.AuthorController (WebApplication1) 
2025-04-15 16:41:39.6811 | DEBUG | Attempting to bind parameter 'skip' of type 'System.Int32' ... 
2025-04-15 16:41:39.6811 | DEBUG | Attempting to bind parameter 'skip' of type 'System.Int32' using the name 'skip' in request data ... 
2025-04-15 16:41:39.6811 | DEBUG | Done attempting to bind parameter 'skip' of type 'System.Int32'. 
2025-04-15 16:41:39.6811 | DEBUG | Done attempting to bind parameter 'skip' of type 'System.Int32'. 
2025-04-15 16:41:39.6811 | DEBUG | Attempting to validate the bound parameter 'skip' of type 'System.Int32' ... 
2025-04-15 16:41:39.6811 | DEBUG | Done attempting to validate the bound parameter 'skip' of type 'System.Int32'. 
2025-04-15 16:41:39.6811 | DEBUG | Attempting to bind parameter 'take' of type 'System.Int32' ... 
2025-04-15 16:41:39.6811 | DEBUG | Attempting to bind parameter 'take' of type 'System.Int32' using the name 'take' in request data ... 
2025-04-15 16:41:39.6811 | DEBUG | Done attempting to bind parameter 'take' of type 'System.Int32'. 
2025-04-15 16:41:39.6811 | DEBUG | Done attempting to bind parameter 'take' of type 'System.Int32'. 
2025-04-15 16:41:39.6811 | DEBUG | Attempting to validate the bound parameter 'take' of type 'System.Int32' ... 
2025-04-15 16:41:39.6811 | DEBUG | Done attempting to validate the bound parameter 'take' of type 'System.Int32'. 
2025-04-15 16:41:39.6811 | DEBUG | Attempting to bind parameter 'sortFeild' of type 'System.String' ... 
2025-04-15 16:41:39.6811 | DEBUG | Attempting to bind parameter 'sortFeild' of type 'System.String' using the name 'sortFeild' in request data ... 
2025-04-15 16:41:39.6811 | DEBUG | Done attempting to bind parameter 'sortFeild' of type 'System.String'. 
2025-04-15 16:41:39.6811 | DEBUG | Done attempting to bind parameter 'sortFeild' of type 'System.String'. 
2025-04-15 16:41:39.6811 | DEBUG | Attempting to validate the bound parameter 'sortFeild' of type 'System.String' ... 
2025-04-15 16:41:39.6811 | DEBUG | Done attempting to validate the bound parameter 'sortFeild' of type 'System.String'. 
2025-04-15 16:41:39.6811 | DEBUG | Attempting to bind parameter 'sortType' of type 'System.Nullable`1[System.Int32]' ... 
2025-04-15 16:41:39.6811 | DEBUG | Attempting to bind parameter 'sortType' of type 'System.Nullable`1[System.Int32]' using the name 'sortType' in request data ... 
2025-04-15 16:41:39.6811 | DEBUG | Done attempting to bind parameter 'sortType' of type 'System.Nullable`1[System.Int32]'. 
2025-04-15 16:41:39.6811 | DEBUG | Done attempting to bind parameter 'sortType' of type 'System.Nullable`1[System.Int32]'. 
2025-04-15 16:41:39.6811 | DEBUG | Attempting to validate the bound parameter 'sortType' of type 'System.Nullable`1[System.Int32]' ... 
2025-04-15 16:41:39.6811 | DEBUG | Done attempting to validate the bound parameter 'sortType' of type 'System.Nullable`1[System.Int32]'. 
2025-04-15 16:41:39.6895 | DEBUG | List of registered output formatters, in the following order: Microsoft.AspNetCore.Mvc.Formatters.HttpNoContentOutputFormatter, Microsoft.AspNetCore.Mvc.Formatters.StringOutputFormatter, Microsoft.AspNetCore.Mvc.Formatters.StreamOutputFormatter, Microsoft.AspNetCore.Mvc.Formatters.NewtonsoftJsonOutputFormatter 
2025-04-15 16:41:39.6895 | DEBUG | No information found on request to perform content negotiation. 
2025-04-15 16:41:39.6895 | DEBUG | Attempting to select an output formatter without using a content type as no explicit content types were specified for the response. 
2025-04-15 16:41:39.6895 | DEBUG | Attempting to select the first formatter in the output formatters list which can write the result. 
2025-04-15 16:41:39.6895 | DEBUG | Selected output formatter 'Microsoft.AspNetCore.Mvc.Formatters.NewtonsoftJsonOutputFormatter' and content type 'application/json' to write the response. 
2025-04-15 16:41:39.6895 | DEBUG | Connection id "0HNBS1NN8QBM3" completed keep alive response. 
2025-04-15 16:41:39.8887 | DEBUG | The request path  does not match the path filter 
2025-04-15 16:41:39.8887 | DEBUG | The request has an origin header: 'http://127.0.0.1:5503'. 
2025-04-15 16:41:39.8887 | DEBUG | 1 candidate(s) found for the request path '/api/Author/GetAllBooks2' 
2025-04-15 16:41:39.8887 | DEBUG | Endpoint 'WebApplication1.Controller.AuthorController.GetAllBooks2 (WebApplication1)' with route pattern 'api/Author/GetAllBooks2' is valid for the request path '/api/Author/GetAllBooks2' 
2025-04-15 16:41:39.8887 | DEBUG | Request matched endpoint 'WebApplication1.Controller.AuthorController.GetAllBooks2 (WebApplication1)' 
2025-04-15 16:41:39.8887 | DEBUG | Execution plan of authorization filters (in the following order): None 
2025-04-15 16:41:39.8887 | DEBUG | Execution plan of resource filters (in the following order): None 
2025-04-15 16:41:39.8887 | DEBUG | Execution plan of action filters (in the following order): Microsoft.AspNetCore.Mvc.ModelBinding.UnsupportedContentTypeFilter (Order: -3000), Microsoft.AspNetCore.Mvc.Infrastructure.ModelStateInvalidFilter (Order: -2000) 
2025-04-15 16:41:39.8887 | DEBUG | Execution plan of exception filters (in the following order): None 
2025-04-15 16:41:39.8887 | DEBUG | Execution plan of result filters (in the following order): Microsoft.AspNetCore.Mvc.Infrastructure.ClientErrorResultFilter (Order: -2000) 
2025-04-15 16:41:39.8887 | DEBUG | Executing controller factory for controller WebApplication1.Controller.AuthorController (WebApplication1) 
2025-04-15 16:41:39.9050 | DEBUG | Executed controller factory for controller WebApplication1.Controller.AuthorController (WebApplication1) 
2025-04-15 16:41:39.9050 | DEBUG | Attempting to bind parameter 'skip' of type 'System.Int32' ... 
2025-04-15 16:41:39.9050 | DEBUG | Attempting to bind parameter 'skip' of type 'System.Int32' using the name 'skip' in request data ... 
2025-04-15 16:41:39.9050 | DEBUG | Done attempting to bind parameter 'skip' of type 'System.Int32'. 
2025-04-15 16:41:39.9050 | DEBUG | Done attempting to bind parameter 'skip' of type 'System.Int32'. 
2025-04-15 16:41:39.9050 | DEBUG | Attempting to validate the bound parameter 'skip' of type 'System.Int32' ... 
2025-04-15 16:41:39.9050 | DEBUG | Done attempting to validate the bound parameter 'skip' of type 'System.Int32'. 
2025-04-15 16:41:39.9050 | DEBUG | Attempting to bind parameter 'take' of type 'System.Int32' ... 
2025-04-15 16:41:39.9050 | DEBUG | Attempting to bind parameter 'take' of type 'System.Int32' using the name 'take' in request data ... 
2025-04-15 16:41:39.9050 | DEBUG | Done attempting to bind parameter 'take' of type 'System.Int32'. 
2025-04-15 16:41:39.9050 | DEBUG | Done attempting to bind parameter 'take' of type 'System.Int32'. 
2025-04-15 16:41:39.9050 | DEBUG | Attempting to validate the bound parameter 'take' of type 'System.Int32' ... 
2025-04-15 16:41:39.9050 | DEBUG | Done attempting to validate the bound parameter 'take' of type 'System.Int32'. 
2025-04-15 16:41:39.9050 | DEBUG | Attempting to bind parameter 'sortFeild' of type 'System.String' ... 
2025-04-15 16:41:39.9050 | DEBUG | Attempting to bind parameter 'sortFeild' of type 'System.String' using the name 'sortFeild' in request data ... 
2025-04-15 16:41:39.9050 | DEBUG | Done attempting to bind parameter 'sortFeild' of type 'System.String'. 
2025-04-15 16:41:39.9050 | DEBUG | Done attempting to bind parameter 'sortFeild' of type 'System.String'. 
2025-04-15 16:41:39.9050 | DEBUG | Attempting to validate the bound parameter 'sortFeild' of type 'System.String' ... 
2025-04-15 16:41:39.9050 | DEBUG | Done attempting to validate the bound parameter 'sortFeild' of type 'System.String'. 
2025-04-15 16:41:39.9050 | DEBUG | Attempting to bind parameter 'sortType' of type 'System.Nullable`1[System.Int32]' ... 
2025-04-15 16:41:39.9050 | DEBUG | Attempting to bind parameter 'sortType' of type 'System.Nullable`1[System.Int32]' using the name 'sortType' in request data ... 
2025-04-15 16:41:39.9050 | DEBUG | Done attempting to bind parameter 'sortType' of type 'System.Nullable`1[System.Int32]'. 
2025-04-15 16:41:39.9050 | DEBUG | Done attempting to bind parameter 'sortType' of type 'System.Nullable`1[System.Int32]'. 
2025-04-15 16:41:39.9050 | DEBUG | Attempting to validate the bound parameter 'sortType' of type 'System.Nullable`1[System.Int32]' ... 
2025-04-15 16:41:39.9050 | DEBUG | Done attempting to validate the bound parameter 'sortType' of type 'System.Nullable`1[System.Int32]'. 
2025-04-15 16:41:39.9050 | DEBUG | List of registered output formatters, in the following order: Microsoft.AspNetCore.Mvc.Formatters.HttpNoContentOutputFormatter, Microsoft.AspNetCore.Mvc.Formatters.StringOutputFormatter, Microsoft.AspNetCore.Mvc.Formatters.StreamOutputFormatter, Microsoft.AspNetCore.Mvc.Formatters.NewtonsoftJsonOutputFormatter 
2025-04-15 16:41:39.9050 | DEBUG | No information found on request to perform content negotiation. 
2025-04-15 16:41:39.9050 | DEBUG | Attempting to select an output formatter without using a content type as no explicit content types were specified for the response. 
2025-04-15 16:41:39.9050 | DEBUG | Attempting to select the first formatter in the output formatters list which can write the result. 
2025-04-15 16:41:39.9050 | DEBUG | Selected output formatter 'Microsoft.AspNetCore.Mvc.Formatters.NewtonsoftJsonOutputFormatter' and content type 'application/json' to write the response. 
2025-04-15 16:41:39.9050 | DEBUG | Connection id "0HNBS1NN8QBM3" completed keep alive response. 
2025-04-15 16:41:40.8974 | DEBUG | The request path  does not match the path filter 
2025-04-15 16:41:40.8974 | DEBUG | The request has an origin header: 'http://127.0.0.1:5503'. 
2025-04-15 16:41:40.8974 | DEBUG | 1 candidate(s) found for the request path '/api/Author/GetAllBooks2' 
2025-04-15 16:41:40.8974 | DEBUG | Endpoint 'WebApplication1.Controller.AuthorController.GetAllBooks2 (WebApplication1)' with route pattern 'api/Author/GetAllBooks2' is valid for the request path '/api/Author/GetAllBooks2' 
2025-04-15 16:41:40.8974 | DEBUG | Request matched endpoint 'WebApplication1.Controller.AuthorController.GetAllBooks2 (WebApplication1)' 
2025-04-15 16:41:40.8974 | DEBUG | Execution plan of authorization filters (in the following order): None 
2025-04-15 16:41:40.8974 | DEBUG | Execution plan of resource filters (in the following order): None 
2025-04-15 16:41:40.8974 | DEBUG | Execution plan of action filters (in the following order): Microsoft.AspNetCore.Mvc.ModelBinding.UnsupportedContentTypeFilter (Order: -3000), Microsoft.AspNetCore.Mvc.Infrastructure.ModelStateInvalidFilter (Order: -2000) 
2025-04-15 16:41:40.8974 | DEBUG | Execution plan of exception filters (in the following order): None 
2025-04-15 16:41:40.8974 | DEBUG | Execution plan of result filters (in the following order): Microsoft.AspNetCore.Mvc.Infrastructure.ClientErrorResultFilter (Order: -2000) 
2025-04-15 16:41:40.8974 | DEBUG | Executing controller factory for controller WebApplication1.Controller.AuthorController (WebApplication1) 
2025-04-15 16:41:40.9121 | DEBUG | Executed controller factory for controller WebApplication1.Controller.AuthorController (WebApplication1) 
2025-04-15 16:41:40.9121 | DEBUG | Attempting to bind parameter 'skip' of type 'System.Int32' ... 
2025-04-15 16:41:40.9121 | DEBUG | Attempting to bind parameter 'skip' of type 'System.Int32' using the name 'skip' in request data ... 
2025-04-15 16:41:40.9121 | DEBUG | Done attempting to bind parameter 'skip' of type 'System.Int32'. 
2025-04-15 16:41:40.9121 | DEBUG | Done attempting to bind parameter 'skip' of type 'System.Int32'. 
2025-04-15 16:41:40.9121 | DEBUG | Attempting to validate the bound parameter 'skip' of type 'System.Int32' ... 
2025-04-15 16:41:40.9121 | DEBUG | Done attempting to validate the bound parameter 'skip' of type 'System.Int32'. 
2025-04-15 16:41:40.9121 | DEBUG | Attempting to bind parameter 'take' of type 'System.Int32' ... 
2025-04-15 16:41:40.9121 | DEBUG | Attempting to bind parameter 'take' of type 'System.Int32' using the name 'take' in request data ... 
2025-04-15 16:41:40.9121 | DEBUG | Done attempting to bind parameter 'take' of type 'System.Int32'. 
2025-04-15 16:41:40.9121 | DEBUG | Done attempting to bind parameter 'take' of type 'System.Int32'. 
2025-04-15 16:41:40.9121 | DEBUG | Attempting to validate the bound parameter 'take' of type 'System.Int32' ... 
2025-04-15 16:41:40.9121 | DEBUG | Done attempting to validate the bound parameter 'take' of type 'System.Int32'. 
2025-04-15 16:41:40.9121 | DEBUG | Attempting to bind parameter 'sortFeild' of type 'System.String' ... 
2025-04-15 16:41:40.9121 | DEBUG | Attempting to bind parameter 'sortFeild' of type 'System.String' using the name 'sortFeild' in request data ... 
2025-04-15 16:41:40.9121 | DEBUG | Done attempting to bind parameter 'sortFeild' of type 'System.String'. 
2025-04-15 16:41:40.9121 | DEBUG | Done attempting to bind parameter 'sortFeild' of type 'System.String'. 
2025-04-15 16:41:40.9121 | DEBUG | Attempting to validate the bound parameter 'sortFeild' of type 'System.String' ... 
2025-04-15 16:41:40.9121 | DEBUG | Done attempting to validate the bound parameter 'sortFeild' of type 'System.String'. 
2025-04-15 16:41:40.9121 | DEBUG | Attempting to bind parameter 'sortType' of type 'System.Nullable`1[System.Int32]' ... 
2025-04-15 16:41:40.9121 | DEBUG | Attempting to bind parameter 'sortType' of type 'System.Nullable`1[System.Int32]' using the name 'sortType' in request data ... 
2025-04-15 16:41:40.9121 | DEBUG | Done attempting to bind parameter 'sortType' of type 'System.Nullable`1[System.Int32]'. 
2025-04-15 16:41:40.9121 | DEBUG | Done attempting to bind parameter 'sortType' of type 'System.Nullable`1[System.Int32]'. 
2025-04-15 16:41:40.9121 | DEBUG | Attempting to validate the bound parameter 'sortType' of type 'System.Nullable`1[System.Int32]' ... 
2025-04-15 16:41:40.9121 | DEBUG | Done attempting to validate the bound parameter 'sortType' of type 'System.Nullable`1[System.Int32]'. 
2025-04-15 16:41:40.9210 | DEBUG | List of registered output formatters, in the following order: Microsoft.AspNetCore.Mvc.Formatters.HttpNoContentOutputFormatter, Microsoft.AspNetCore.Mvc.Formatters.StringOutputFormatter, Microsoft.AspNetCore.Mvc.Formatters.StreamOutputFormatter, Microsoft.AspNetCore.Mvc.Formatters.NewtonsoftJsonOutputFormatter 
2025-04-15 16:41:40.9210 | DEBUG | No information found on request to perform content negotiation. 
2025-04-15 16:41:40.9210 | DEBUG | Attempting to select an output formatter without using a content type as no explicit content types were specified for the response. 
2025-04-15 16:41:40.9210 | DEBUG | Attempting to select the first formatter in the output formatters list which can write the result. 
2025-04-15 16:41:40.9210 | DEBUG | Selected output formatter 'Microsoft.AspNetCore.Mvc.Formatters.NewtonsoftJsonOutputFormatter' and content type 'application/json' to write the response. 
2025-04-15 16:41:40.9210 | DEBUG | Connection id "0HNBS1NN8QBM3" completed keep alive response. 
2025-04-15 16:41:48.4035 | DEBUG | The request path  does not match the path filter 
2025-04-15 16:41:48.4035 | DEBUG | The request has an origin header: 'http://127.0.0.1:5503'. 
2025-04-15 16:41:48.4035 | DEBUG | 1 candidate(s) found for the request path '/api/Author/GetAllBooks2' 
2025-04-15 16:41:48.4035 | DEBUG | Endpoint 'WebApplication1.Controller.AuthorController.GetAllBooks2 (WebApplication1)' with route pattern 'api/Author/GetAllBooks2' is valid for the request path '/api/Author/GetAllBooks2' 
2025-04-15 16:41:48.4035 | DEBUG | Request matched endpoint 'WebApplication1.Controller.AuthorController.GetAllBooks2 (WebApplication1)' 
2025-04-15 16:41:48.4035 | DEBUG | Execution plan of authorization filters (in the following order): None 
2025-04-15 16:41:48.4035 | DEBUG | Execution plan of resource filters (in the following order): None 
2025-04-15 16:41:48.4035 | DEBUG | Execution plan of action filters (in the following order): Microsoft.AspNetCore.Mvc.ModelBinding.UnsupportedContentTypeFilter (Order: -3000), Microsoft.AspNetCore.Mvc.Infrastructure.ModelStateInvalidFilter (Order: -2000) 
2025-04-15 16:41:48.4035 | DEBUG | Execution plan of exception filters (in the following order): None 
2025-04-15 16:41:48.4035 | DEBUG | Execution plan of result filters (in the following order): Microsoft.AspNetCore.Mvc.Infrastructure.ClientErrorResultFilter (Order: -2000) 
2025-04-15 16:41:48.4035 | DEBUG | Executing controller factory for controller WebApplication1.Controller.AuthorController (WebApplication1) 
2025-04-15 16:41:48.4222 | DEBUG | Executed controller factory for controller WebApplication1.Controller.AuthorController (WebApplication1) 
2025-04-15 16:41:48.4222 | DEBUG | Attempting to bind parameter 'skip' of type 'System.Int32' ... 
2025-04-15 16:41:48.4222 | DEBUG | Attempting to bind parameter 'skip' of type 'System.Int32' using the name 'skip' in request data ... 
2025-04-15 16:41:48.4222 | DEBUG | Done attempting to bind parameter 'skip' of type 'System.Int32'. 
2025-04-15 16:41:48.4222 | DEBUG | Done attempting to bind parameter 'skip' of type 'System.Int32'. 
2025-04-15 16:41:48.4222 | DEBUG | Attempting to validate the bound parameter 'skip' of type 'System.Int32' ... 
2025-04-15 16:41:48.4222 | DEBUG | Done attempting to validate the bound parameter 'skip' of type 'System.Int32'. 
2025-04-15 16:41:48.4222 | DEBUG | Attempting to bind parameter 'take' of type 'System.Int32' ... 
2025-04-15 16:41:48.4222 | DEBUG | Attempting to bind parameter 'take' of type 'System.Int32' using the name 'take' in request data ... 
2025-04-15 16:41:48.4222 | DEBUG | Done attempting to bind parameter 'take' of type 'System.Int32'. 
2025-04-15 16:41:48.4222 | DEBUG | Done attempting to bind parameter 'take' of type 'System.Int32'. 
2025-04-15 16:41:48.4222 | DEBUG | Attempting to validate the bound parameter 'take' of type 'System.Int32' ... 
2025-04-15 16:41:48.4222 | DEBUG | Done attempting to validate the bound parameter 'take' of type 'System.Int32'. 
2025-04-15 16:41:48.4222 | DEBUG | Attempting to bind parameter 'sortFeild' of type 'System.String' ... 
2025-04-15 16:41:48.4222 | DEBUG | Attempting to bind parameter 'sortFeild' of type 'System.String' using the name 'sortFeild' in request data ... 
2025-04-15 16:41:48.4222 | DEBUG | Done attempting to bind parameter 'sortFeild' of type 'System.String'. 
2025-04-15 16:41:48.4222 | DEBUG | Done attempting to bind parameter 'sortFeild' of type 'System.String'. 
2025-04-15 16:41:48.4222 | DEBUG | Attempting to validate the bound parameter 'sortFeild' of type 'System.String' ... 
2025-04-15 16:41:48.4222 | DEBUG | Done attempting to validate the bound parameter 'sortFeild' of type 'System.String'. 
2025-04-15 16:41:48.4222 | DEBUG | Attempting to bind parameter 'sortType' of type 'System.Nullable`1[System.Int32]' ... 
2025-04-15 16:41:48.4222 | DEBUG | Attempting to bind parameter 'sortType' of type 'System.Nullable`1[System.Int32]' using the name 'sortType' in request data ... 
2025-04-15 16:41:48.4222 | DEBUG | Done attempting to bind parameter 'sortType' of type 'System.Nullable`1[System.Int32]'. 
2025-04-15 16:41:48.4222 | DEBUG | Done attempting to bind parameter 'sortType' of type 'System.Nullable`1[System.Int32]'. 
2025-04-15 16:41:48.4222 | DEBUG | Attempting to validate the bound parameter 'sortType' of type 'System.Nullable`1[System.Int32]' ... 
2025-04-15 16:41:48.4222 | DEBUG | Done attempting to validate the bound parameter 'sortType' of type 'System.Nullable`1[System.Int32]'. 
2025-04-15 16:41:48.4222 | DEBUG | List of registered output formatters, in the following order: Microsoft.AspNetCore.Mvc.Formatters.HttpNoContentOutputFormatter, Microsoft.AspNetCore.Mvc.Formatters.StringOutputFormatter, Microsoft.AspNetCore.Mvc.Formatters.StreamOutputFormatter, Microsoft.AspNetCore.Mvc.Formatters.NewtonsoftJsonOutputFormatter 
2025-04-15 16:41:48.4222 | DEBUG | No information found on request to perform content negotiation. 
2025-04-15 16:41:48.4222 | DEBUG | Attempting to select an output formatter without using a content type as no explicit content types were specified for the response. 
2025-04-15 16:41:48.4222 | DEBUG | Attempting to select the first formatter in the output formatters list which can write the result. 
2025-04-15 16:41:48.4222 | DEBUG | Selected output formatter 'Microsoft.AspNetCore.Mvc.Formatters.NewtonsoftJsonOutputFormatter' and content type 'application/json' to write the response. 
2025-04-15 16:41:48.4222 | DEBUG | Connection id "0HNBS1NN8QBM3" completed keep alive response. 
2025-04-15 16:41:48.6164 | DEBUG | The request path  does not match the path filter 
2025-04-15 16:41:48.6164 | DEBUG | The request has an origin header: 'http://127.0.0.1:5503'. 
2025-04-15 16:41:48.6164 | DEBUG | 1 candidate(s) found for the request path '/api/Author/GetAllBooks2' 
2025-04-15 16:41:48.6164 | DEBUG | Endpoint 'WebApplication1.Controller.AuthorController.GetAllBooks2 (WebApplication1)' with route pattern 'api/Author/GetAllBooks2' is valid for the request path '/api/Author/GetAllBooks2' 
2025-04-15 16:41:48.6164 | DEBUG | Request matched endpoint 'WebApplication1.Controller.AuthorController.GetAllBooks2 (WebApplication1)' 
2025-04-15 16:41:48.6164 | DEBUG | Execution plan of authorization filters (in the following order): None 
2025-04-15 16:41:48.6164 | DEBUG | Execution plan of resource filters (in the following order): None 
2025-04-15 16:41:48.6164 | DEBUG | Execution plan of action filters (in the following order): Microsoft.AspNetCore.Mvc.ModelBinding.UnsupportedContentTypeFilter (Order: -3000), Microsoft.AspNetCore.Mvc.Infrastructure.ModelStateInvalidFilter (Order: -2000) 
2025-04-15 16:41:48.6164 | DEBUG | Execution plan of exception filters (in the following order): None 
2025-04-15 16:41:48.6164 | DEBUG | Execution plan of result filters (in the following order): Microsoft.AspNetCore.Mvc.Infrastructure.ClientErrorResultFilter (Order: -2000) 
2025-04-15 16:41:48.6164 | DEBUG | Executing controller factory for controller WebApplication1.Controller.AuthorController (WebApplication1) 
2025-04-15 16:41:48.6324 | DEBUG | Executed controller factory for controller WebApplication1.Controller.AuthorController (WebApplication1) 
2025-04-15 16:41:48.6324 | DEBUG | Attempting to bind parameter 'skip' of type 'System.Int32' ... 
2025-04-15 16:41:48.6324 | DEBUG | Attempting to bind parameter 'skip' of type 'System.Int32' using the name 'skip' in request data ... 
2025-04-15 16:41:48.6324 | DEBUG | Done attempting to bind parameter 'skip' of type 'System.Int32'. 
2025-04-15 16:41:48.6324 | DEBUG | Done attempting to bind parameter 'skip' of type 'System.Int32'. 
2025-04-15 16:41:48.6324 | DEBUG | Attempting to validate the bound parameter 'skip' of type 'System.Int32' ... 
2025-04-15 16:41:48.6324 | DEBUG | Done attempting to validate the bound parameter 'skip' of type 'System.Int32'. 
2025-04-15 16:41:48.6324 | DEBUG | Attempting to bind parameter 'take' of type 'System.Int32' ... 
2025-04-15 16:41:48.6324 | DEBUG | Attempting to bind parameter 'take' of type 'System.Int32' using the name 'take' in request data ... 
2025-04-15 16:41:48.6324 | DEBUG | Done attempting to bind parameter 'take' of type 'System.Int32'. 
2025-04-15 16:41:48.6324 | DEBUG | Done attempting to bind parameter 'take' of type 'System.Int32'. 
2025-04-15 16:41:48.6324 | DEBUG | Attempting to validate the bound parameter 'take' of type 'System.Int32' ... 
2025-04-15 16:41:48.6324 | DEBUG | Done attempting to validate the bound parameter 'take' of type 'System.Int32'. 
2025-04-15 16:41:48.6324 | DEBUG | Attempting to bind parameter 'sortFeild' of type 'System.String' ... 
2025-04-15 16:41:48.6324 | DEBUG | Attempting to bind parameter 'sortFeild' of type 'System.String' using the name 'sortFeild' in request data ... 
2025-04-15 16:41:48.6324 | DEBUG | Done attempting to bind parameter 'sortFeild' of type 'System.String'. 
2025-04-15 16:41:48.6324 | DEBUG | Done attempting to bind parameter 'sortFeild' of type 'System.String'. 
2025-04-15 16:41:48.6324 | DEBUG | Attempting to validate the bound parameter 'sortFeild' of type 'System.String' ... 
2025-04-15 16:41:48.6324 | DEBUG | Done attempting to validate the bound parameter 'sortFeild' of type 'System.String'. 
2025-04-15 16:41:48.6324 | DEBUG | Attempting to bind parameter 'sortType' of type 'System.Nullable`1[System.Int32]' ... 
2025-04-15 16:41:48.6324 | DEBUG | Attempting to bind parameter 'sortType' of type 'System.Nullable`1[System.Int32]' using the name 'sortType' in request data ... 
2025-04-15 16:41:48.6324 | DEBUG | Done attempting to bind parameter 'sortType' of type 'System.Nullable`1[System.Int32]'. 
2025-04-15 16:41:48.6324 | DEBUG | Done attempting to bind parameter 'sortType' of type 'System.Nullable`1[System.Int32]'. 
2025-04-15 16:41:48.6324 | DEBUG | Attempting to validate the bound parameter 'sortType' of type 'System.Nullable`1[System.Int32]' ... 
2025-04-15 16:41:48.6324 | DEBUG | Done attempting to validate the bound parameter 'sortType' of type 'System.Nullable`1[System.Int32]'. 
2025-04-15 16:41:48.6324 | DEBUG | List of registered output formatters, in the following order: Microsoft.AspNetCore.Mvc.Formatters.HttpNoContentOutputFormatter, Microsoft.AspNetCore.Mvc.Formatters.StringOutputFormatter, Microsoft.AspNetCore.Mvc.Formatters.StreamOutputFormatter, Microsoft.AspNetCore.Mvc.Formatters.NewtonsoftJsonOutputFormatter 
2025-04-15 16:41:48.6324 | DEBUG | No information found on request to perform content negotiation. 
2025-04-15 16:41:48.6324 | DEBUG | Attempting to select an output formatter without using a content type as no explicit content types were specified for the response. 
2025-04-15 16:41:48.6324 | DEBUG | Attempting to select the first formatter in the output formatters list which can write the result. 
2025-04-15 16:41:48.6324 | DEBUG | Selected output formatter 'Microsoft.AspNetCore.Mvc.Formatters.NewtonsoftJsonOutputFormatter' and content type 'application/json' to write the response. 
2025-04-15 16:41:48.6324 | DEBUG | Connection id "0HNBS1NN8QBM3" completed keep alive response. 
2025-04-15 16:41:49.6248 | DEBUG | The request path  does not match the path filter 
2025-04-15 16:41:49.6248 | DEBUG | The request has an origin header: 'http://127.0.0.1:5503'. 
2025-04-15 16:41:49.6248 | DEBUG | 1 candidate(s) found for the request path '/api/Author/GetAllBooks2' 
2025-04-15 16:41:49.6248 | DEBUG | Endpoint 'WebApplication1.Controller.AuthorController.GetAllBooks2 (WebApplication1)' with route pattern 'api/Author/GetAllBooks2' is valid for the request path '/api/Author/GetAllBooks2' 
2025-04-15 16:41:49.6248 | DEBUG | Request matched endpoint 'WebApplication1.Controller.AuthorController.GetAllBooks2 (WebApplication1)' 
2025-04-15 16:41:49.6248 | DEBUG | Execution plan of authorization filters (in the following order): None 
2025-04-15 16:41:49.6248 | DEBUG | Execution plan of resource filters (in the following order): None 
2025-04-15 16:41:49.6248 | DEBUG | Execution plan of action filters (in the following order): Microsoft.AspNetCore.Mvc.ModelBinding.UnsupportedContentTypeFilter (Order: -3000), Microsoft.AspNetCore.Mvc.Infrastructure.ModelStateInvalidFilter (Order: -2000) 
2025-04-15 16:41:49.6248 | DEBUG | Execution plan of exception filters (in the following order): None 
2025-04-15 16:41:49.6248 | DEBUG | Execution plan of result filters (in the following order): Microsoft.AspNetCore.Mvc.Infrastructure.ClientErrorResultFilter (Order: -2000) 
2025-04-15 16:41:49.6248 | DEBUG | Executing controller factory for controller WebApplication1.Controller.AuthorController (WebApplication1) 
2025-04-15 16:41:49.6406 | DEBUG | Executed controller factory for controller WebApplication1.Controller.AuthorController (WebApplication1) 
2025-04-15 16:41:49.6406 | DEBUG | Attempting to bind parameter 'skip' of type 'System.Int32' ... 
2025-04-15 16:41:49.6406 | DEBUG | Attempting to bind parameter 'skip' of type 'System.Int32' using the name 'skip' in request data ... 
2025-04-15 16:41:49.6406 | DEBUG | Done attempting to bind parameter 'skip' of type 'System.Int32'. 
2025-04-15 16:41:49.6406 | DEBUG | Done attempting to bind parameter 'skip' of type 'System.Int32'. 
2025-04-15 16:41:49.6406 | DEBUG | Attempting to validate the bound parameter 'skip' of type 'System.Int32' ... 
2025-04-15 16:41:49.6406 | DEBUG | Done attempting to validate the bound parameter 'skip' of type 'System.Int32'. 
2025-04-15 16:41:49.6406 | DEBUG | Attempting to bind parameter 'take' of type 'System.Int32' ... 
2025-04-15 16:41:49.6406 | DEBUG | Attempting to bind parameter 'take' of type 'System.Int32' using the name 'take' in request data ... 
2025-04-15 16:41:49.6406 | DEBUG | Done attempting to bind parameter 'take' of type 'System.Int32'. 
2025-04-15 16:41:49.6406 | DEBUG | Done attempting to bind parameter 'take' of type 'System.Int32'. 
2025-04-15 16:41:49.6406 | DEBUG | Attempting to validate the bound parameter 'take' of type 'System.Int32' ... 
2025-04-15 16:41:49.6406 | DEBUG | Done attempting to validate the bound parameter 'take' of type 'System.Int32'. 
2025-04-15 16:41:49.6406 | DEBUG | Attempting to bind parameter 'sortFeild' of type 'System.String' ... 
2025-04-15 16:41:49.6406 | DEBUG | Attempting to bind parameter 'sortFeild' of type 'System.String' using the name 'sortFeild' in request data ... 
2025-04-15 16:41:49.6406 | DEBUG | Done attempting to bind parameter 'sortFeild' of type 'System.String'. 
2025-04-15 16:41:49.6406 | DEBUG | Done attempting to bind parameter 'sortFeild' of type 'System.String'. 
2025-04-15 16:41:49.6406 | DEBUG | Attempting to validate the bound parameter 'sortFeild' of type 'System.String' ... 
2025-04-15 16:41:49.6406 | DEBUG | Done attempting to validate the bound parameter 'sortFeild' of type 'System.String'. 
2025-04-15 16:41:49.6406 | DEBUG | Attempting to bind parameter 'sortType' of type 'System.Nullable`1[System.Int32]' ... 
2025-04-15 16:41:49.6406 | DEBUG | Attempting to bind parameter 'sortType' of type 'System.Nullable`1[System.Int32]' using the name 'sortType' in request data ... 
2025-04-15 16:41:49.6406 | DEBUG | Done attempting to bind parameter 'sortType' of type 'System.Nullable`1[System.Int32]'. 
2025-04-15 16:41:49.6406 | DEBUG | Done attempting to bind parameter 'sortType' of type 'System.Nullable`1[System.Int32]'. 
2025-04-15 16:41:49.6406 | DEBUG | Attempting to validate the bound parameter 'sortType' of type 'System.Nullable`1[System.Int32]' ... 
2025-04-15 16:41:49.6406 | DEBUG | Done attempting to validate the bound parameter 'sortType' of type 'System.Nullable`1[System.Int32]'. 
2025-04-15 16:41:49.6406 | DEBUG | List of registered output formatters, in the following order: Microsoft.AspNetCore.Mvc.Formatters.HttpNoContentOutputFormatter, Microsoft.AspNetCore.Mvc.Formatters.StringOutputFormatter, Microsoft.AspNetCore.Mvc.Formatters.StreamOutputFormatter, Microsoft.AspNetCore.Mvc.Formatters.NewtonsoftJsonOutputFormatter 
2025-04-15 16:41:49.6406 | DEBUG | No information found on request to perform content negotiation. 
2025-04-15 16:41:49.6406 | DEBUG | Attempting to select an output formatter without using a content type as no explicit content types were specified for the response. 
2025-04-15 16:41:49.6406 | DEBUG | Attempting to select the first formatter in the output formatters list which can write the result. 
2025-04-15 16:41:49.6406 | DEBUG | Selected output formatter 'Microsoft.AspNetCore.Mvc.Formatters.NewtonsoftJsonOutputFormatter' and content type 'application/json' to write the response. 
2025-04-15 16:41:49.6406 | DEBUG | Connection id "0HNBS1NN8QBM3" completed keep alive response. 
2025-04-15 16:41:51.0545 | DEBUG | The request path  does not match the path filter 
2025-04-15 16:41:51.0545 | DEBUG | The request has an origin header: 'http://127.0.0.1:5503'. 
2025-04-15 16:41:51.0545 | DEBUG | 1 candidate(s) found for the request path '/api/Author/GetAllBooks2' 
2025-04-15 16:41:51.0545 | DEBUG | Endpoint 'WebApplication1.Controller.AuthorController.GetAllBooks2 (WebApplication1)' with route pattern 'api/Author/GetAllBooks2' is valid for the request path '/api/Author/GetAllBooks2' 
2025-04-15 16:41:51.0545 | DEBUG | Request matched endpoint 'WebApplication1.Controller.AuthorController.GetAllBooks2 (WebApplication1)' 
2025-04-15 16:41:51.0545 | DEBUG | Execution plan of authorization filters (in the following order): None 
2025-04-15 16:41:51.0545 | DEBUG | Execution plan of resource filters (in the following order): None 
2025-04-15 16:41:51.0545 | DEBUG | Execution plan of action filters (in the following order): Microsoft.AspNetCore.Mvc.ModelBinding.UnsupportedContentTypeFilter (Order: -3000), Microsoft.AspNetCore.Mvc.Infrastructure.ModelStateInvalidFilter (Order: -2000) 
2025-04-15 16:41:51.0545 | DEBUG | Execution plan of exception filters (in the following order): None 
2025-04-15 16:41:51.0545 | DEBUG | Execution plan of result filters (in the following order): Microsoft.AspNetCore.Mvc.Infrastructure.ClientErrorResultFilter (Order: -2000) 
2025-04-15 16:41:51.0545 | DEBUG | Executing controller factory for controller WebApplication1.Controller.AuthorController (WebApplication1) 
2025-04-15 16:41:51.0714 | DEBUG | Executed controller factory for controller WebApplication1.Controller.AuthorController (WebApplication1) 
2025-04-15 16:41:51.0714 | DEBUG | Attempting to bind parameter 'skip' of type 'System.Int32' ... 
2025-04-15 16:41:51.0714 | DEBUG | Attempting to bind parameter 'skip' of type 'System.Int32' using the name 'skip' in request data ... 
2025-04-15 16:41:51.0714 | DEBUG | Done attempting to bind parameter 'skip' of type 'System.Int32'. 
2025-04-15 16:41:51.0714 | DEBUG | Done attempting to bind parameter 'skip' of type 'System.Int32'. 
2025-04-15 16:41:51.0714 | DEBUG | Attempting to validate the bound parameter 'skip' of type 'System.Int32' ... 
2025-04-15 16:41:51.0714 | DEBUG | Done attempting to validate the bound parameter 'skip' of type 'System.Int32'. 
2025-04-15 16:41:51.0714 | DEBUG | Attempting to bind parameter 'take' of type 'System.Int32' ... 
2025-04-15 16:41:51.0714 | DEBUG | Attempting to bind parameter 'take' of type 'System.Int32' using the name 'take' in request data ... 
2025-04-15 16:41:51.0714 | DEBUG | Done attempting to bind parameter 'take' of type 'System.Int32'. 
2025-04-15 16:41:51.0714 | DEBUG | Done attempting to bind parameter 'take' of type 'System.Int32'. 
2025-04-15 16:41:51.0714 | DEBUG | Attempting to validate the bound parameter 'take' of type 'System.Int32' ... 
2025-04-15 16:41:51.0714 | DEBUG | Done attempting to validate the bound parameter 'take' of type 'System.Int32'. 
2025-04-15 16:41:51.0714 | DEBUG | Attempting to bind parameter 'sortFeild' of type 'System.String' ... 
2025-04-15 16:41:51.0714 | DEBUG | Attempting to bind parameter 'sortFeild' of type 'System.String' using the name 'sortFeild' in request data ... 
2025-04-15 16:41:51.0714 | DEBUG | Done attempting to bind parameter 'sortFeild' of type 'System.String'. 
2025-04-15 16:41:51.0714 | DEBUG | Done attempting to bind parameter 'sortFeild' of type 'System.String'. 
2025-04-15 16:41:51.0714 | DEBUG | Attempting to validate the bound parameter 'sortFeild' of type 'System.String' ... 
2025-04-15 16:41:51.0714 | DEBUG | Done attempting to validate the bound parameter 'sortFeild' of type 'System.String'. 
2025-04-15 16:41:51.0714 | DEBUG | Attempting to bind parameter 'sortType' of type 'System.Nullable`1[System.Int32]' ... 
2025-04-15 16:41:51.0714 | DEBUG | Attempting to bind parameter 'sortType' of type 'System.Nullable`1[System.Int32]' using the name 'sortType' in request data ... 
2025-04-15 16:41:51.0714 | DEBUG | Done attempting to bind parameter 'sortType' of type 'System.Nullable`1[System.Int32]'. 
2025-04-15 16:41:51.0714 | DEBUG | Done attempting to bind parameter 'sortType' of type 'System.Nullable`1[System.Int32]'. 
2025-04-15 16:41:51.0714 | DEBUG | Attempting to validate the bound parameter 'sortType' of type 'System.Nullable`1[System.Int32]' ... 
2025-04-15 16:41:51.0714 | DEBUG | Done attempting to validate the bound parameter 'sortType' of type 'System.Nullable`1[System.Int32]'. 
2025-04-15 16:41:51.0798 | DEBUG | List of registered output formatters, in the following order: Microsoft.AspNetCore.Mvc.Formatters.HttpNoContentOutputFormatter, Microsoft.AspNetCore.Mvc.Formatters.StringOutputFormatter, Microsoft.AspNetCore.Mvc.Formatters.StreamOutputFormatter, Microsoft.AspNetCore.Mvc.Formatters.NewtonsoftJsonOutputFormatter 
2025-04-15 16:41:51.0798 | DEBUG | No information found on request to perform content negotiation. 
2025-04-15 16:41:51.0798 | DEBUG | Attempting to select an output formatter without using a content type as no explicit content types were specified for the response. 
2025-04-15 16:41:51.0798 | DEBUG | Attempting to select the first formatter in the output formatters list which can write the result. 
2025-04-15 16:41:51.0798 | DEBUG | Selected output formatter 'Microsoft.AspNetCore.Mvc.Formatters.NewtonsoftJsonOutputFormatter' and content type 'application/json' to write the response. 
2025-04-15 16:41:51.0798 | DEBUG | Connection id "0HNBS1NN8QBM3" completed keep alive response. 
2025-04-15 16:41:51.3068 | DEBUG | The request path  does not match the path filter 
2025-04-15 16:41:51.3068 | DEBUG | The request has an origin header: 'http://127.0.0.1:5503'. 
2025-04-15 16:41:51.3068 | DEBUG | 1 candidate(s) found for the request path '/api/Author/GetAllBooks2' 
2025-04-15 16:41:51.3068 | DEBUG | Endpoint 'WebApplication1.Controller.AuthorController.GetAllBooks2 (WebApplication1)' with route pattern 'api/Author/GetAllBooks2' is valid for the request path '/api/Author/GetAllBooks2' 
2025-04-15 16:41:51.3068 | DEBUG | Request matched endpoint 'WebApplication1.Controller.AuthorController.GetAllBooks2 (WebApplication1)' 
2025-04-15 16:41:51.3068 | DEBUG | Execution plan of authorization filters (in the following order): None 
2025-04-15 16:41:51.3068 | DEBUG | Execution plan of resource filters (in the following order): None 
2025-04-15 16:41:51.3068 | DEBUG | Execution plan of action filters (in the following order): Microsoft.AspNetCore.Mvc.ModelBinding.UnsupportedContentTypeFilter (Order: -3000), Microsoft.AspNetCore.Mvc.Infrastructure.ModelStateInvalidFilter (Order: -2000) 
2025-04-15 16:41:51.3068 | DEBUG | Execution plan of exception filters (in the following order): None 
2025-04-15 16:41:51.3068 | DEBUG | Execution plan of result filters (in the following order): Microsoft.AspNetCore.Mvc.Infrastructure.ClientErrorResultFilter (Order: -2000) 
2025-04-15 16:41:51.3068 | DEBUG | Executing controller factory for controller WebApplication1.Controller.AuthorController (WebApplication1) 
2025-04-15 16:41:51.3213 | DEBUG | Executed controller factory for controller WebApplication1.Controller.AuthorController (WebApplication1) 
2025-04-15 16:41:51.3213 | DEBUG | Attempting to bind parameter 'skip' of type 'System.Int32' ... 
2025-04-15 16:41:51.3213 | DEBUG | Attempting to bind parameter 'skip' of type 'System.Int32' using the name 'skip' in request data ... 
2025-04-15 16:41:51.3213 | DEBUG | Done attempting to bind parameter 'skip' of type 'System.Int32'. 
2025-04-15 16:41:51.3213 | DEBUG | Done attempting to bind parameter 'skip' of type 'System.Int32'. 
2025-04-15 16:41:51.3213 | DEBUG | Attempting to validate the bound parameter 'skip' of type 'System.Int32' ... 
2025-04-15 16:41:51.3213 | DEBUG | Done attempting to validate the bound parameter 'skip' of type 'System.Int32'. 
2025-04-15 16:41:51.3213 | DEBUG | Attempting to bind parameter 'take' of type 'System.Int32' ... 
2025-04-15 16:41:51.3213 | DEBUG | Attempting to bind parameter 'take' of type 'System.Int32' using the name 'take' in request data ... 
2025-04-15 16:41:51.3213 | DEBUG | Done attempting to bind parameter 'take' of type 'System.Int32'. 
2025-04-15 16:41:51.3213 | DEBUG | Done attempting to bind parameter 'take' of type 'System.Int32'. 
2025-04-15 16:41:51.3213 | DEBUG | Attempting to validate the bound parameter 'take' of type 'System.Int32' ... 
2025-04-15 16:41:51.3213 | DEBUG | Done attempting to validate the bound parameter 'take' of type 'System.Int32'. 
2025-04-15 16:41:51.3213 | DEBUG | Attempting to bind parameter 'sortFeild' of type 'System.String' ... 
2025-04-15 16:41:51.3213 | DEBUG | Attempting to bind parameter 'sortFeild' of type 'System.String' using the name 'sortFeild' in request data ... 
2025-04-15 16:41:51.3213 | DEBUG | Done attempting to bind parameter 'sortFeild' of type 'System.String'. 
2025-04-15 16:41:51.3213 | DEBUG | Done attempting to bind parameter 'sortFeild' of type 'System.String'. 
2025-04-15 16:41:51.3213 | DEBUG | Attempting to validate the bound parameter 'sortFeild' of type 'System.String' ... 
2025-04-15 16:41:51.3213 | DEBUG | Done attempting to validate the bound parameter 'sortFeild' of type 'System.String'. 
2025-04-15 16:41:51.3213 | DEBUG | Attempting to bind parameter 'sortType' of type 'System.Nullable`1[System.Int32]' ... 
2025-04-15 16:41:51.3213 | DEBUG | Attempting to bind parameter 'sortType' of type 'System.Nullable`1[System.Int32]' using the name 'sortType' in request data ... 
2025-04-15 16:41:51.3213 | DEBUG | Done attempting to bind parameter 'sortType' of type 'System.Nullable`1[System.Int32]'. 
2025-04-15 16:41:51.3213 | DEBUG | Done attempting to bind parameter 'sortType' of type 'System.Nullable`1[System.Int32]'. 
2025-04-15 16:41:51.3213 | DEBUG | Attempting to validate the bound parameter 'sortType' of type 'System.Nullable`1[System.Int32]' ... 
2025-04-15 16:41:51.3213 | DEBUG | Done attempting to validate the bound parameter 'sortType' of type 'System.Nullable`1[System.Int32]'. 
2025-04-15 16:41:51.3213 | DEBUG | List of registered output formatters, in the following order: Microsoft.AspNetCore.Mvc.Formatters.HttpNoContentOutputFormatter, Microsoft.AspNetCore.Mvc.Formatters.StringOutputFormatter, Microsoft.AspNetCore.Mvc.Formatters.StreamOutputFormatter, Microsoft.AspNetCore.Mvc.Formatters.NewtonsoftJsonOutputFormatter 
2025-04-15 16:41:51.3213 | DEBUG | No information found on request to perform content negotiation. 
2025-04-15 16:41:51.3213 | DEBUG | Attempting to select an output formatter without using a content type as no explicit content types were specified for the response. 
2025-04-15 16:41:51.3213 | DEBUG | Attempting to select the first formatter in the output formatters list which can write the result. 
2025-04-15 16:41:51.3213 | DEBUG | Selected output formatter 'Microsoft.AspNetCore.Mvc.Formatters.NewtonsoftJsonOutputFormatter' and content type 'application/json' to write the response. 
2025-04-15 16:41:51.3213 | DEBUG | Connection id "0HNBS1NN8QBM3" completed keep alive response. 
2025-04-15 16:41:52.2767 | DEBUG | The request path  does not match the path filter 
2025-04-15 16:41:52.2767 | DEBUG | The request has an origin header: 'http://127.0.0.1:5503'. 
2025-04-15 16:41:52.2767 | DEBUG | 1 candidate(s) found for the request path '/api/Author/GetAllBooks2' 
2025-04-15 16:41:52.2767 | DEBUG | Endpoint 'WebApplication1.Controller.AuthorController.GetAllBooks2 (WebApplication1)' with route pattern 'api/Author/GetAllBooks2' is valid for the request path '/api/Author/GetAllBooks2' 
2025-04-15 16:41:52.2767 | DEBUG | Request matched endpoint 'WebApplication1.Controller.AuthorController.GetAllBooks2 (WebApplication1)' 
2025-04-15 16:41:52.2767 | DEBUG | Execution plan of authorization filters (in the following order): None 
2025-04-15 16:41:52.2767 | DEBUG | Execution plan of resource filters (in the following order): None 
2025-04-15 16:41:52.2767 | DEBUG | Execution plan of action filters (in the following order): Microsoft.AspNetCore.Mvc.ModelBinding.UnsupportedContentTypeFilter (Order: -3000), Microsoft.AspNetCore.Mvc.Infrastructure.ModelStateInvalidFilter (Order: -2000) 
2025-04-15 16:41:52.2767 | DEBUG | Execution plan of exception filters (in the following order): None 
2025-04-15 16:41:52.2767 | DEBUG | Execution plan of result filters (in the following order): Microsoft.AspNetCore.Mvc.Infrastructure.ClientErrorResultFilter (Order: -2000) 
2025-04-15 16:41:52.2767 | DEBUG | Executing controller factory for controller WebApplication1.Controller.AuthorController (WebApplication1) 
2025-04-15 16:41:52.2933 | DEBUG | Executed controller factory for controller WebApplication1.Controller.AuthorController (WebApplication1) 
2025-04-15 16:41:52.2933 | DEBUG | Attempting to bind parameter 'skip' of type 'System.Int32' ... 
2025-04-15 16:41:52.2933 | DEBUG | Attempting to bind parameter 'skip' of type 'System.Int32' using the name 'skip' in request data ... 
2025-04-15 16:41:52.2933 | DEBUG | Done attempting to bind parameter 'skip' of type 'System.Int32'. 
2025-04-15 16:41:52.2933 | DEBUG | Done attempting to bind parameter 'skip' of type 'System.Int32'. 
2025-04-15 16:41:52.2933 | DEBUG | Attempting to validate the bound parameter 'skip' of type 'System.Int32' ... 
2025-04-15 16:41:52.2933 | DEBUG | Done attempting to validate the bound parameter 'skip' of type 'System.Int32'. 
2025-04-15 16:41:52.2933 | DEBUG | Attempting to bind parameter 'take' of type 'System.Int32' ... 
2025-04-15 16:41:52.2933 | DEBUG | Attempting to bind parameter 'take' of type 'System.Int32' using the name 'take' in request data ... 
2025-04-15 16:41:52.2933 | DEBUG | Done attempting to bind parameter 'take' of type 'System.Int32'. 
2025-04-15 16:41:52.2933 | DEBUG | Done attempting to bind parameter 'take' of type 'System.Int32'. 
2025-04-15 16:41:52.2933 | DEBUG | Attempting to validate the bound parameter 'take' of type 'System.Int32' ... 
2025-04-15 16:41:52.2933 | DEBUG | Done attempting to validate the bound parameter 'take' of type 'System.Int32'. 
2025-04-15 16:41:52.2933 | DEBUG | Attempting to bind parameter 'sortFeild' of type 'System.String' ... 
2025-04-15 16:41:52.2933 | DEBUG | Attempting to bind parameter 'sortFeild' of type 'System.String' using the name 'sortFeild' in request data ... 
2025-04-15 16:41:52.2933 | DEBUG | Done attempting to bind parameter 'sortFeild' of type 'System.String'. 
2025-04-15 16:41:52.2933 | DEBUG | Done attempting to bind parameter 'sortFeild' of type 'System.String'. 
2025-04-15 16:41:52.2933 | DEBUG | Attempting to validate the bound parameter 'sortFeild' of type 'System.String' ... 
2025-04-15 16:41:52.2933 | DEBUG | Done attempting to validate the bound parameter 'sortFeild' of type 'System.String'. 
2025-04-15 16:41:52.2933 | DEBUG | Attempting to bind parameter 'sortType' of type 'System.Nullable`1[System.Int32]' ... 
2025-04-15 16:41:52.2933 | DEBUG | Attempting to bind parameter 'sortType' of type 'System.Nullable`1[System.Int32]' using the name 'sortType' in request data ... 
2025-04-15 16:41:52.2933 | DEBUG | Done attempting to bind parameter 'sortType' of type 'System.Nullable`1[System.Int32]'. 
2025-04-15 16:41:52.2933 | DEBUG | Done attempting to bind parameter 'sortType' of type 'System.Nullable`1[System.Int32]'. 
2025-04-15 16:41:52.2933 | DEBUG | Attempting to validate the bound parameter 'sortType' of type 'System.Nullable`1[System.Int32]' ... 
2025-04-15 16:41:52.2933 | DEBUG | Done attempting to validate the bound parameter 'sortType' of type 'System.Nullable`1[System.Int32]'. 
2025-04-15 16:41:52.2933 | DEBUG | List of registered output formatters, in the following order: Microsoft.AspNetCore.Mvc.Formatters.HttpNoContentOutputFormatter, Microsoft.AspNetCore.Mvc.Formatters.StringOutputFormatter, Microsoft.AspNetCore.Mvc.Formatters.StreamOutputFormatter, Microsoft.AspNetCore.Mvc.Formatters.NewtonsoftJsonOutputFormatter 
2025-04-15 16:41:52.2933 | DEBUG | No information found on request to perform content negotiation. 
2025-04-15 16:41:52.2933 | DEBUG | Attempting to select an output formatter without using a content type as no explicit content types were specified for the response. 
2025-04-15 16:41:52.2933 | DEBUG | Attempting to select the first formatter in the output formatters list which can write the result. 
2025-04-15 16:41:52.2933 | DEBUG | Selected output formatter 'Microsoft.AspNetCore.Mvc.Formatters.NewtonsoftJsonOutputFormatter' and content type 'application/json' to write the response. 
2025-04-15 16:41:52.2933 | DEBUG | Connection id "0HNBS1NN8QBM3" completed keep alive response. 
2025-04-15 16:41:54.0216 | DEBUG | The request path  does not match the path filter 
2025-04-15 16:41:54.0216 | DEBUG | The request has an origin header: 'http://127.0.0.1:5503'. 
2025-04-15 16:41:54.0216 | DEBUG | 1 candidate(s) found for the request path '/api/Author/GetAllBooks2' 
2025-04-15 16:41:54.0216 | DEBUG | Endpoint 'WebApplication1.Controller.AuthorController.GetAllBooks2 (WebApplication1)' with route pattern 'api/Author/GetAllBooks2' is valid for the request path '/api/Author/GetAllBooks2' 
2025-04-15 16:41:54.0216 | DEBUG | Request matched endpoint 'WebApplication1.Controller.AuthorController.GetAllBooks2 (WebApplication1)' 
2025-04-15 16:41:54.0216 | DEBUG | Execution plan of authorization filters (in the following order): None 
2025-04-15 16:41:54.0216 | DEBUG | Execution plan of resource filters (in the following order): None 
2025-04-15 16:41:54.0216 | DEBUG | Execution plan of action filters (in the following order): Microsoft.AspNetCore.Mvc.ModelBinding.UnsupportedContentTypeFilter (Order: -3000), Microsoft.AspNetCore.Mvc.Infrastructure.ModelStateInvalidFilter (Order: -2000) 
2025-04-15 16:41:54.0216 | DEBUG | Execution plan of exception filters (in the following order): None 
2025-04-15 16:41:54.0216 | DEBUG | Execution plan of result filters (in the following order): Microsoft.AspNetCore.Mvc.Infrastructure.ClientErrorResultFilter (Order: -2000) 
2025-04-15 16:41:54.0216 | DEBUG | Executing controller factory for controller WebApplication1.Controller.AuthorController (WebApplication1) 
2025-04-15 16:41:54.0387 | DEBUG | Executed controller factory for controller WebApplication1.Controller.AuthorController (WebApplication1) 
2025-04-15 16:41:54.0387 | DEBUG | Attempting to bind parameter 'skip' of type 'System.Int32' ... 
2025-04-15 16:41:54.0387 | DEBUG | Attempting to bind parameter 'skip' of type 'System.Int32' using the name 'skip' in request data ... 
2025-04-15 16:41:54.0387 | DEBUG | Done attempting to bind parameter 'skip' of type 'System.Int32'. 
2025-04-15 16:41:54.0387 | DEBUG | Done attempting to bind parameter 'skip' of type 'System.Int32'. 
2025-04-15 16:41:54.0387 | DEBUG | Attempting to validate the bound parameter 'skip' of type 'System.Int32' ... 
2025-04-15 16:41:54.0387 | DEBUG | Done attempting to validate the bound parameter 'skip' of type 'System.Int32'. 
2025-04-15 16:41:54.0387 | DEBUG | Attempting to bind parameter 'take' of type 'System.Int32' ... 
2025-04-15 16:41:54.0387 | DEBUG | Attempting to bind parameter 'take' of type 'System.Int32' using the name 'take' in request data ... 
2025-04-15 16:41:54.0387 | DEBUG | Done attempting to bind parameter 'take' of type 'System.Int32'. 
2025-04-15 16:41:54.0387 | DEBUG | Done attempting to bind parameter 'take' of type 'System.Int32'. 
2025-04-15 16:41:54.0387 | DEBUG | Attempting to validate the bound parameter 'take' of type 'System.Int32' ... 
2025-04-15 16:41:54.0387 | DEBUG | Done attempting to validate the bound parameter 'take' of type 'System.Int32'. 
2025-04-15 16:41:54.0387 | DEBUG | Attempting to bind parameter 'sortFeild' of type 'System.String' ... 
2025-04-15 16:41:54.0387 | DEBUG | Attempting to bind parameter 'sortFeild' of type 'System.String' using the name 'sortFeild' in request data ... 
2025-04-15 16:41:54.0387 | DEBUG | Done attempting to bind parameter 'sortFeild' of type 'System.String'. 
2025-04-15 16:41:54.0387 | DEBUG | Done attempting to bind parameter 'sortFeild' of type 'System.String'. 
2025-04-15 16:41:54.0387 | DEBUG | Attempting to validate the bound parameter 'sortFeild' of type 'System.String' ... 
2025-04-15 16:41:54.0387 | DEBUG | Done attempting to validate the bound parameter 'sortFeild' of type 'System.String'. 
2025-04-15 16:41:54.0387 | DEBUG | Attempting to bind parameter 'sortType' of type 'System.Nullable`1[System.Int32]' ... 
2025-04-15 16:41:54.0387 | DEBUG | Attempting to bind parameter 'sortType' of type 'System.Nullable`1[System.Int32]' using the name 'sortType' in request data ... 
2025-04-15 16:41:54.0387 | DEBUG | Done attempting to bind parameter 'sortType' of type 'System.Nullable`1[System.Int32]'. 
2025-04-15 16:41:54.0387 | DEBUG | Done attempting to bind parameter 'sortType' of type 'System.Nullable`1[System.Int32]'. 
2025-04-15 16:41:54.0387 | DEBUG | Attempting to validate the bound parameter 'sortType' of type 'System.Nullable`1[System.Int32]' ... 
2025-04-15 16:41:54.0387 | DEBUG | Done attempting to validate the bound parameter 'sortType' of type 'System.Nullable`1[System.Int32]'. 
2025-04-15 16:41:54.0387 | DEBUG | List of registered output formatters, in the following order: Microsoft.AspNetCore.Mvc.Formatters.HttpNoContentOutputFormatter, Microsoft.AspNetCore.Mvc.Formatters.StringOutputFormatter, Microsoft.AspNetCore.Mvc.Formatters.StreamOutputFormatter, Microsoft.AspNetCore.Mvc.Formatters.NewtonsoftJsonOutputFormatter 
2025-04-15 16:41:54.0387 | DEBUG | No information found on request to perform content negotiation. 
2025-04-15 16:41:54.0387 | DEBUG | Attempting to select an output formatter without using a content type as no explicit content types were specified for the response. 
2025-04-15 16:41:54.0387 | DEBUG | Attempting to select the first formatter in the output formatters list which can write the result. 
2025-04-15 16:41:54.0387 | DEBUG | Selected output formatter 'Microsoft.AspNetCore.Mvc.Formatters.NewtonsoftJsonOutputFormatter' and content type 'application/json' to write the response. 
2025-04-15 16:41:54.0387 | DEBUG | Connection id "0HNBS1NN8QBM3" completed keep alive response. 
2025-04-15 16:41:54.2413 | DEBUG | The request path  does not match the path filter 
2025-04-15 16:41:54.2413 | DEBUG | The request has an origin header: 'http://127.0.0.1:5503'. 
2025-04-15 16:41:54.2413 | DEBUG | 1 candidate(s) found for the request path '/api/Author/GetAllBooks2' 
2025-04-15 16:41:54.2413 | DEBUG | Endpoint 'WebApplication1.Controller.AuthorController.GetAllBooks2 (WebApplication1)' with route pattern 'api/Author/GetAllBooks2' is valid for the request path '/api/Author/GetAllBooks2' 
2025-04-15 16:41:54.2413 | DEBUG | Request matched endpoint 'WebApplication1.Controller.AuthorController.GetAllBooks2 (WebApplication1)' 
2025-04-15 16:41:54.2413 | DEBUG | Execution plan of authorization filters (in the following order): None 
2025-04-15 16:41:54.2413 | DEBUG | Execution plan of resource filters (in the following order): None 
2025-04-15 16:41:54.2413 | DEBUG | Execution plan of action filters (in the following order): Microsoft.AspNetCore.Mvc.ModelBinding.UnsupportedContentTypeFilter (Order: -3000), Microsoft.AspNetCore.Mvc.Infrastructure.ModelStateInvalidFilter (Order: -2000) 
2025-04-15 16:41:54.2413 | DEBUG | Execution plan of exception filters (in the following order): None 
2025-04-15 16:41:54.2413 | DEBUG | Execution plan of result filters (in the following order): Microsoft.AspNetCore.Mvc.Infrastructure.ClientErrorResultFilter (Order: -2000) 
2025-04-15 16:41:54.2413 | DEBUG | Executing controller factory for controller WebApplication1.Controller.AuthorController (WebApplication1) 
2025-04-15 16:41:54.2581 | DEBUG | Executed controller factory for controller WebApplication1.Controller.AuthorController (WebApplication1) 
2025-04-15 16:41:54.2581 | DEBUG | Attempting to bind parameter 'skip' of type 'System.Int32' ... 
2025-04-15 16:41:54.2581 | DEBUG | Attempting to bind parameter 'skip' of type 'System.Int32' using the name 'skip' in request data ... 
2025-04-15 16:41:54.2581 | DEBUG | Done attempting to bind parameter 'skip' of type 'System.Int32'. 
2025-04-15 16:41:54.2581 | DEBUG | Done attempting to bind parameter 'skip' of type 'System.Int32'. 
2025-04-15 16:41:54.2581 | DEBUG | Attempting to validate the bound parameter 'skip' of type 'System.Int32' ... 
2025-04-15 16:41:54.2581 | DEBUG | Done attempting to validate the bound parameter 'skip' of type 'System.Int32'. 
2025-04-15 16:41:54.2581 | DEBUG | Attempting to bind parameter 'take' of type 'System.Int32' ... 
2025-04-15 16:41:54.2581 | DEBUG | Attempting to bind parameter 'take' of type 'System.Int32' using the name 'take' in request data ... 
2025-04-15 16:41:54.2581 | DEBUG | Done attempting to bind parameter 'take' of type 'System.Int32'. 
2025-04-15 16:41:54.2581 | DEBUG | Done attempting to bind parameter 'take' of type 'System.Int32'. 
2025-04-15 16:41:54.2581 | DEBUG | Attempting to validate the bound parameter 'take' of type 'System.Int32' ... 
2025-04-15 16:41:54.2581 | DEBUG | Done attempting to validate the bound parameter 'take' of type 'System.Int32'. 
2025-04-15 16:41:54.2581 | DEBUG | Attempting to bind parameter 'sortFeild' of type 'System.String' ... 
2025-04-15 16:41:54.2581 | DEBUG | Attempting to bind parameter 'sortFeild' of type 'System.String' using the name 'sortFeild' in request data ... 
2025-04-15 16:41:54.2581 | DEBUG | Done attempting to bind parameter 'sortFeild' of type 'System.String'. 
2025-04-15 16:41:54.2581 | DEBUG | Done attempting to bind parameter 'sortFeild' of type 'System.String'. 
2025-04-15 16:41:54.2581 | DEBUG | Attempting to validate the bound parameter 'sortFeild' of type 'System.String' ... 
2025-04-15 16:41:54.2581 | DEBUG | Done attempting to validate the bound parameter 'sortFeild' of type 'System.String'. 
2025-04-15 16:41:54.2581 | DEBUG | Attempting to bind parameter 'sortType' of type 'System.Nullable`1[System.Int32]' ... 
2025-04-15 16:41:54.2581 | DEBUG | Attempting to bind parameter 'sortType' of type 'System.Nullable`1[System.Int32]' using the name 'sortType' in request data ... 
2025-04-15 16:41:54.2581 | DEBUG | Done attempting to bind parameter 'sortType' of type 'System.Nullable`1[System.Int32]'. 
2025-04-15 16:41:54.2581 | DEBUG | Done attempting to bind parameter 'sortType' of type 'System.Nullable`1[System.Int32]'. 
2025-04-15 16:41:54.2581 | DEBUG | Attempting to validate the bound parameter 'sortType' of type 'System.Nullable`1[System.Int32]' ... 
2025-04-15 16:41:54.2581 | DEBUG | Done attempting to validate the bound parameter 'sortType' of type 'System.Nullable`1[System.Int32]'. 
2025-04-15 16:41:54.2664 | DEBUG | List of registered output formatters, in the following order: Microsoft.AspNetCore.Mvc.Formatters.HttpNoContentOutputFormatter, Microsoft.AspNetCore.Mvc.Formatters.StringOutputFormatter, Microsoft.AspNetCore.Mvc.Formatters.StreamOutputFormatter, Microsoft.AspNetCore.Mvc.Formatters.NewtonsoftJsonOutputFormatter 
2025-04-15 16:41:54.2664 | DEBUG | No information found on request to perform content negotiation. 
2025-04-15 16:41:54.2664 | DEBUG | Attempting to select an output formatter without using a content type as no explicit content types were specified for the response. 
2025-04-15 16:41:54.2664 | DEBUG | Attempting to select the first formatter in the output formatters list which can write the result. 
2025-04-15 16:41:54.2664 | DEBUG | Selected output formatter 'Microsoft.AspNetCore.Mvc.Formatters.NewtonsoftJsonOutputFormatter' and content type 'application/json' to write the response. 
2025-04-15 16:41:54.2664 | DEBUG | Connection id "0HNBS1NN8QBM3" completed keep alive response. 
2025-04-15 16:41:55.2496 | DEBUG | The request path  does not match the path filter 
2025-04-15 16:41:55.2496 | DEBUG | The request has an origin header: 'http://127.0.0.1:5503'. 
2025-04-15 16:41:55.2496 | DEBUG | 1 candidate(s) found for the request path '/api/Author/GetAllBooks2' 
2025-04-15 16:41:55.2496 | DEBUG | Endpoint 'WebApplication1.Controller.AuthorController.GetAllBooks2 (WebApplication1)' with route pattern 'api/Author/GetAllBooks2' is valid for the request path '/api/Author/GetAllBooks2' 
2025-04-15 16:41:55.2496 | DEBUG | Request matched endpoint 'WebApplication1.Controller.AuthorController.GetAllBooks2 (WebApplication1)' 
2025-04-15 16:41:55.2496 | DEBUG | Execution plan of authorization filters (in the following order): None 
2025-04-15 16:41:55.2496 | DEBUG | Execution plan of resource filters (in the following order): None 
2025-04-15 16:41:55.2496 | DEBUG | Execution plan of action filters (in the following order): Microsoft.AspNetCore.Mvc.ModelBinding.UnsupportedContentTypeFilter (Order: -3000), Microsoft.AspNetCore.Mvc.Infrastructure.ModelStateInvalidFilter (Order: -2000) 
2025-04-15 16:41:55.2496 | DEBUG | Execution plan of exception filters (in the following order): None 
2025-04-15 16:41:55.2496 | DEBUG | Execution plan of result filters (in the following order): Microsoft.AspNetCore.Mvc.Infrastructure.ClientErrorResultFilter (Order: -2000) 
2025-04-15 16:41:55.2496 | DEBUG | Executing controller factory for controller WebApplication1.Controller.AuthorController (WebApplication1) 
2025-04-15 16:41:55.2496 | DEBUG | Executed controller factory for controller WebApplication1.Controller.AuthorController (WebApplication1) 
2025-04-15 16:41:55.2496 | DEBUG | Attempting to bind parameter 'skip' of type 'System.Int32' ... 
2025-04-15 16:41:55.2496 | DEBUG | Attempting to bind parameter 'skip' of type 'System.Int32' using the name 'skip' in request data ... 
2025-04-15 16:41:55.2496 | DEBUG | Done attempting to bind parameter 'skip' of type 'System.Int32'. 
2025-04-15 16:41:55.2496 | DEBUG | Done attempting to bind parameter 'skip' of type 'System.Int32'. 
2025-04-15 16:41:55.2496 | DEBUG | Attempting to validate the bound parameter 'skip' of type 'System.Int32' ... 
2025-04-15 16:41:55.2496 | DEBUG | Done attempting to validate the bound parameter 'skip' of type 'System.Int32'. 
2025-04-15 16:41:55.2496 | DEBUG | Attempting to bind parameter 'take' of type 'System.Int32' ... 
2025-04-15 16:41:55.2496 | DEBUG | Attempting to bind parameter 'take' of type 'System.Int32' using the name 'take' in request data ... 
2025-04-15 16:41:55.2496 | DEBUG | Done attempting to bind parameter 'take' of type 'System.Int32'. 
2025-04-15 16:41:55.2496 | DEBUG | Done attempting to bind parameter 'take' of type 'System.Int32'. 
2025-04-15 16:41:55.2496 | DEBUG | Attempting to validate the bound parameter 'take' of type 'System.Int32' ... 
2025-04-15 16:41:55.2496 | DEBUG | Done attempting to validate the bound parameter 'take' of type 'System.Int32'. 
2025-04-15 16:41:55.2496 | DEBUG | Attempting to bind parameter 'sortFeild' of type 'System.String' ... 
2025-04-15 16:41:55.2496 | DEBUG | Attempting to bind parameter 'sortFeild' of type 'System.String' using the name 'sortFeild' in request data ... 
2025-04-15 16:41:55.2496 | DEBUG | Done attempting to bind parameter 'sortFeild' of type 'System.String'. 
2025-04-15 16:41:55.2496 | DEBUG | Done attempting to bind parameter 'sortFeild' of type 'System.String'. 
2025-04-15 16:41:55.2496 | DEBUG | Attempting to validate the bound parameter 'sortFeild' of type 'System.String' ... 
2025-04-15 16:41:55.2496 | DEBUG | Done attempting to validate the bound parameter 'sortFeild' of type 'System.String'. 
2025-04-15 16:41:55.2496 | DEBUG | Attempting to bind parameter 'sortType' of type 'System.Nullable`1[System.Int32]' ... 
2025-04-15 16:41:55.2496 | DEBUG | Attempting to bind parameter 'sortType' of type 'System.Nullable`1[System.Int32]' using the name 'sortType' in request data ... 
2025-04-15 16:41:55.2496 | DEBUG | Done attempting to bind parameter 'sortType' of type 'System.Nullable`1[System.Int32]'. 
2025-04-15 16:41:55.2496 | DEBUG | Done attempting to bind parameter 'sortType' of type 'System.Nullable`1[System.Int32]'. 
2025-04-15 16:41:55.2496 | DEBUG | Attempting to validate the bound parameter 'sortType' of type 'System.Nullable`1[System.Int32]' ... 
2025-04-15 16:41:55.2496 | DEBUG | Done attempting to validate the bound parameter 'sortType' of type 'System.Nullable`1[System.Int32]'. 
2025-04-15 16:41:55.2736 | DEBUG | List of registered output formatters, in the following order: Microsoft.AspNetCore.Mvc.Formatters.HttpNoContentOutputFormatter, Microsoft.AspNetCore.Mvc.Formatters.StringOutputFormatter, Microsoft.AspNetCore.Mvc.Formatters.StreamOutputFormatter, Microsoft.AspNetCore.Mvc.Formatters.NewtonsoftJsonOutputFormatter 
2025-04-15 16:41:55.2736 | DEBUG | No information found on request to perform content negotiation. 
2025-04-15 16:41:55.2736 | DEBUG | Attempting to select an output formatter without using a content type as no explicit content types were specified for the response. 
2025-04-15 16:41:55.2736 | DEBUG | Attempting to select the first formatter in the output formatters list which can write the result. 
2025-04-15 16:41:55.2736 | DEBUG | Selected output formatter 'Microsoft.AspNetCore.Mvc.Formatters.NewtonsoftJsonOutputFormatter' and content type 'application/json' to write the response. 
2025-04-15 16:41:55.2736 | DEBUG | Connection id "0HNBS1NN8QBM3" completed keep alive response. 
2025-04-15 16:41:55.8617 | DEBUG | The request path  does not match the path filter 
2025-04-15 16:41:55.8617 | DEBUG | The request has an origin header: 'http://127.0.0.1:5503'. 
2025-04-15 16:41:55.8617 | DEBUG | 1 candidate(s) found for the request path '/api/Author/GetAllBooks2' 
2025-04-15 16:41:55.8617 | DEBUG | Endpoint 'WebApplication1.Controller.AuthorController.GetAllBooks2 (WebApplication1)' with route pattern 'api/Author/GetAllBooks2' is valid for the request path '/api/Author/GetAllBooks2' 
2025-04-15 16:41:55.8617 | DEBUG | Request matched endpoint 'WebApplication1.Controller.AuthorController.GetAllBooks2 (WebApplication1)' 
2025-04-15 16:41:55.8617 | DEBUG | Execution plan of authorization filters (in the following order): None 
2025-04-15 16:41:55.8617 | DEBUG | Execution plan of resource filters (in the following order): None 
2025-04-15 16:41:55.8617 | DEBUG | Execution plan of action filters (in the following order): Microsoft.AspNetCore.Mvc.ModelBinding.UnsupportedContentTypeFilter (Order: -3000), Microsoft.AspNetCore.Mvc.Infrastructure.ModelStateInvalidFilter (Order: -2000) 
2025-04-15 16:41:55.8617 | DEBUG | Execution plan of exception filters (in the following order): None 
2025-04-15 16:41:55.8617 | DEBUG | Execution plan of result filters (in the following order): Microsoft.AspNetCore.Mvc.Infrastructure.ClientErrorResultFilter (Order: -2000) 
2025-04-15 16:41:55.8617 | DEBUG | Executing controller factory for controller WebApplication1.Controller.AuthorController (WebApplication1) 
2025-04-15 16:41:55.8617 | DEBUG | Executed controller factory for controller WebApplication1.Controller.AuthorController (WebApplication1) 
2025-04-15 16:41:55.8617 | DEBUG | Attempting to bind parameter 'skip' of type 'System.Int32' ... 
2025-04-15 16:41:55.8617 | DEBUG | Attempting to bind parameter 'skip' of type 'System.Int32' using the name 'skip' in request data ... 
2025-04-15 16:41:55.8617 | DEBUG | Done attempting to bind parameter 'skip' of type 'System.Int32'. 
2025-04-15 16:41:55.8617 | DEBUG | Done attempting to bind parameter 'skip' of type 'System.Int32'. 
2025-04-15 16:41:55.8617 | DEBUG | Attempting to validate the bound parameter 'skip' of type 'System.Int32' ... 
2025-04-15 16:41:55.8617 | DEBUG | Done attempting to validate the bound parameter 'skip' of type 'System.Int32'. 
2025-04-15 16:41:55.8617 | DEBUG | Attempting to bind parameter 'take' of type 'System.Int32' ... 
2025-04-15 16:41:55.8617 | DEBUG | Attempting to bind parameter 'take' of type 'System.Int32' using the name 'take' in request data ... 
2025-04-15 16:41:55.8617 | DEBUG | Done attempting to bind parameter 'take' of type 'System.Int32'. 
2025-04-15 16:41:55.8617 | DEBUG | Done attempting to bind parameter 'take' of type 'System.Int32'. 
2025-04-15 16:41:55.8617 | DEBUG | Attempting to validate the bound parameter 'take' of type 'System.Int32' ... 
2025-04-15 16:41:55.8617 | DEBUG | Done attempting to validate the bound parameter 'take' of type 'System.Int32'. 
2025-04-15 16:41:55.8617 | DEBUG | Attempting to bind parameter 'sortFeild' of type 'System.String' ... 
2025-04-15 16:41:55.8617 | DEBUG | Attempting to bind parameter 'sortFeild' of type 'System.String' using the name 'sortFeild' in request data ... 
2025-04-15 16:41:55.8617 | DEBUG | Done attempting to bind parameter 'sortFeild' of type 'System.String'. 
2025-04-15 16:41:55.8617 | DEBUG | Done attempting to bind parameter 'sortFeild' of type 'System.String'. 
2025-04-15 16:41:55.8617 | DEBUG | Attempting to validate the bound parameter 'sortFeild' of type 'System.String' ... 
2025-04-15 16:41:55.8617 | DEBUG | Done attempting to validate the bound parameter 'sortFeild' of type 'System.String'. 
2025-04-15 16:41:55.8617 | DEBUG | Attempting to bind parameter 'sortType' of type 'System.Nullable`1[System.Int32]' ... 
2025-04-15 16:41:55.8617 | DEBUG | Attempting to bind parameter 'sortType' of type 'System.Nullable`1[System.Int32]' using the name 'sortType' in request data ... 
2025-04-15 16:41:55.8617 | DEBUG | Done attempting to bind parameter 'sortType' of type 'System.Nullable`1[System.Int32]'. 
2025-04-15 16:41:55.8617 | DEBUG | Done attempting to bind parameter 'sortType' of type 'System.Nullable`1[System.Int32]'. 
2025-04-15 16:41:55.8617 | DEBUG | Attempting to validate the bound parameter 'sortType' of type 'System.Nullable`1[System.Int32]' ... 
2025-04-15 16:41:55.8617 | DEBUG | Done attempting to validate the bound parameter 'sortType' of type 'System.Nullable`1[System.Int32]'. 
2025-04-15 16:41:55.8869 | DEBUG | List of registered output formatters, in the following order: Microsoft.AspNetCore.Mvc.Formatters.HttpNoContentOutputFormatter, Microsoft.AspNetCore.Mvc.Formatters.StringOutputFormatter, Microsoft.AspNetCore.Mvc.Formatters.StreamOutputFormatter, Microsoft.AspNetCore.Mvc.Formatters.NewtonsoftJsonOutputFormatter 
2025-04-15 16:41:55.8869 | DEBUG | No information found on request to perform content negotiation. 
2025-04-15 16:41:55.8869 | DEBUG | Attempting to select an output formatter without using a content type as no explicit content types were specified for the response. 
2025-04-15 16:41:55.8869 | DEBUG | Attempting to select the first formatter in the output formatters list which can write the result. 
2025-04-15 16:41:55.8869 | DEBUG | Selected output formatter 'Microsoft.AspNetCore.Mvc.Formatters.NewtonsoftJsonOutputFormatter' and content type 'application/json' to write the response. 
2025-04-15 16:41:55.8869 | DEBUG | Connection id "0HNBS1NN8QBM3" completed keep alive response. 
2025-04-15 16:41:58.1280 | DEBUG | The request path  does not match the path filter 
2025-04-15 16:41:58.1280 | DEBUG | The request has an origin header: 'http://127.0.0.1:5503'. 
2025-04-15 16:41:58.1280 | DEBUG | 1 candidate(s) found for the request path '/api/Author/GetAllBooks2' 
2025-04-15 16:41:58.1280 | DEBUG | Endpoint 'WebApplication1.Controller.AuthorController.GetAllBooks2 (WebApplication1)' with route pattern 'api/Author/GetAllBooks2' is valid for the request path '/api/Author/GetAllBooks2' 
2025-04-15 16:41:58.1280 | DEBUG | Request matched endpoint 'WebApplication1.Controller.AuthorController.GetAllBooks2 (WebApplication1)' 
2025-04-15 16:41:58.1280 | DEBUG | Execution plan of authorization filters (in the following order): None 
2025-04-15 16:41:58.1280 | DEBUG | Execution plan of resource filters (in the following order): None 
2025-04-15 16:41:58.1280 | DEBUG | Execution plan of action filters (in the following order): Microsoft.AspNetCore.Mvc.ModelBinding.UnsupportedContentTypeFilter (Order: -3000), Microsoft.AspNetCore.Mvc.Infrastructure.ModelStateInvalidFilter (Order: -2000) 
2025-04-15 16:41:58.1280 | DEBUG | Execution plan of exception filters (in the following order): None 
2025-04-15 16:41:58.1280 | DEBUG | Execution plan of result filters (in the following order): Microsoft.AspNetCore.Mvc.Infrastructure.ClientErrorResultFilter (Order: -2000) 
2025-04-15 16:41:58.1280 | DEBUG | Executing controller factory for controller WebApplication1.Controller.AuthorController (WebApplication1) 
2025-04-15 16:41:58.1467 | DEBUG | Executed controller factory for controller WebApplication1.Controller.AuthorController (WebApplication1) 
2025-04-15 16:41:58.1467 | DEBUG | Attempting to bind parameter 'skip' of type 'System.Int32' ... 
2025-04-15 16:41:58.1467 | DEBUG | Attempting to bind parameter 'skip' of type 'System.Int32' using the name 'skip' in request data ... 
2025-04-15 16:41:58.1467 | DEBUG | Done attempting to bind parameter 'skip' of type 'System.Int32'. 
2025-04-15 16:41:58.1467 | DEBUG | Done attempting to bind parameter 'skip' of type 'System.Int32'. 
2025-04-15 16:41:58.1467 | DEBUG | Attempting to validate the bound parameter 'skip' of type 'System.Int32' ... 
2025-04-15 16:41:58.1467 | DEBUG | Done attempting to validate the bound parameter 'skip' of type 'System.Int32'. 
2025-04-15 16:41:58.1467 | DEBUG | Attempting to bind parameter 'take' of type 'System.Int32' ... 
2025-04-15 16:41:58.1467 | DEBUG | Attempting to bind parameter 'take' of type 'System.Int32' using the name 'take' in request data ... 
2025-04-15 16:41:58.1467 | DEBUG | Done attempting to bind parameter 'take' of type 'System.Int32'. 
2025-04-15 16:41:58.1467 | DEBUG | Done attempting to bind parameter 'take' of type 'System.Int32'. 
2025-04-15 16:41:58.1467 | DEBUG | Attempting to validate the bound parameter 'take' of type 'System.Int32' ... 
2025-04-15 16:41:58.1467 | DEBUG | Done attempting to validate the bound parameter 'take' of type 'System.Int32'. 
2025-04-15 16:41:58.1467 | DEBUG | Attempting to bind parameter 'sortFeild' of type 'System.String' ... 
2025-04-15 16:41:58.1467 | DEBUG | Attempting to bind parameter 'sortFeild' of type 'System.String' using the name 'sortFeild' in request data ... 
2025-04-15 16:41:58.1467 | DEBUG | Done attempting to bind parameter 'sortFeild' of type 'System.String'. 
2025-04-15 16:41:58.1467 | DEBUG | Done attempting to bind parameter 'sortFeild' of type 'System.String'. 
2025-04-15 16:41:58.1467 | DEBUG | Attempting to validate the bound parameter 'sortFeild' of type 'System.String' ... 
2025-04-15 16:41:58.1467 | DEBUG | Done attempting to validate the bound parameter 'sortFeild' of type 'System.String'. 
2025-04-15 16:41:58.1467 | DEBUG | Attempting to bind parameter 'sortType' of type 'System.Nullable`1[System.Int32]' ... 
2025-04-15 16:41:58.1467 | DEBUG | Attempting to bind parameter 'sortType' of type 'System.Nullable`1[System.Int32]' using the name 'sortType' in request data ... 
2025-04-15 16:41:58.1467 | DEBUG | Done attempting to bind parameter 'sortType' of type 'System.Nullable`1[System.Int32]'. 
2025-04-15 16:41:58.1467 | DEBUG | Done attempting to bind parameter 'sortType' of type 'System.Nullable`1[System.Int32]'. 
2025-04-15 16:41:58.1467 | DEBUG | Attempting to validate the bound parameter 'sortType' of type 'System.Nullable`1[System.Int32]' ... 
2025-04-15 16:41:58.1467 | DEBUG | Done attempting to validate the bound parameter 'sortType' of type 'System.Nullable`1[System.Int32]'. 
2025-04-15 16:41:58.1549 | DEBUG | List of registered output formatters, in the following order: Microsoft.AspNetCore.Mvc.Formatters.HttpNoContentOutputFormatter, Microsoft.AspNetCore.Mvc.Formatters.StringOutputFormatter, Microsoft.AspNetCore.Mvc.Formatters.StreamOutputFormatter, Microsoft.AspNetCore.Mvc.Formatters.NewtonsoftJsonOutputFormatter 
2025-04-15 16:41:58.1549 | DEBUG | No information found on request to perform content negotiation. 
2025-04-15 16:41:58.1549 | DEBUG | Attempting to select an output formatter without using a content type as no explicit content types were specified for the response. 
2025-04-15 16:41:58.1549 | DEBUG | Attempting to select the first formatter in the output formatters list which can write the result. 
2025-04-15 16:41:58.1549 | DEBUG | Selected output formatter 'Microsoft.AspNetCore.Mvc.Formatters.NewtonsoftJsonOutputFormatter' and content type 'application/json' to write the response. 
2025-04-15 16:41:58.1549 | DEBUG | Connection id "0HNBS1NN8QBM3" completed keep alive response. 
2025-04-15 16:41:58.3413 | DEBUG | The request path  does not match the path filter 
2025-04-15 16:41:58.3413 | DEBUG | The request has an origin header: 'http://127.0.0.1:5503'. 
2025-04-15 16:41:58.3413 | DEBUG | 1 candidate(s) found for the request path '/api/Author/GetAllBooks2' 
2025-04-15 16:41:58.3413 | DEBUG | Endpoint 'WebApplication1.Controller.AuthorController.GetAllBooks2 (WebApplication1)' with route pattern 'api/Author/GetAllBooks2' is valid for the request path '/api/Author/GetAllBooks2' 
2025-04-15 16:41:58.3413 | DEBUG | Request matched endpoint 'WebApplication1.Controller.AuthorController.GetAllBooks2 (WebApplication1)' 
2025-04-15 16:41:58.3413 | DEBUG | Execution plan of authorization filters (in the following order): None 
2025-04-15 16:41:58.3413 | DEBUG | Execution plan of resource filters (in the following order): None 
2025-04-15 16:41:58.3413 | DEBUG | Execution plan of action filters (in the following order): Microsoft.AspNetCore.Mvc.ModelBinding.UnsupportedContentTypeFilter (Order: -3000), Microsoft.AspNetCore.Mvc.Infrastructure.ModelStateInvalidFilter (Order: -2000) 
2025-04-15 16:41:58.3413 | DEBUG | Execution plan of exception filters (in the following order): None 
2025-04-15 16:41:58.3413 | DEBUG | Execution plan of result filters (in the following order): Microsoft.AspNetCore.Mvc.Infrastructure.ClientErrorResultFilter (Order: -2000) 
2025-04-15 16:41:58.3413 | DEBUG | Executing controller factory for controller WebApplication1.Controller.AuthorController (WebApplication1) 
2025-04-15 16:41:58.3413 | DEBUG | Executed controller factory for controller WebApplication1.Controller.AuthorController (WebApplication1) 
2025-04-15 16:41:58.3413 | DEBUG | Attempting to bind parameter 'skip' of type 'System.Int32' ... 
2025-04-15 16:41:58.3413 | DEBUG | Attempting to bind parameter 'skip' of type 'System.Int32' using the name 'skip' in request data ... 
2025-04-15 16:41:58.3413 | DEBUG | Done attempting to bind parameter 'skip' of type 'System.Int32'. 
2025-04-15 16:41:58.3413 | DEBUG | Done attempting to bind parameter 'skip' of type 'System.Int32'. 
2025-04-15 16:41:58.3413 | DEBUG | Attempting to validate the bound parameter 'skip' of type 'System.Int32' ... 
2025-04-15 16:41:58.3413 | DEBUG | Done attempting to validate the bound parameter 'skip' of type 'System.Int32'. 
2025-04-15 16:41:58.3413 | DEBUG | Attempting to bind parameter 'take' of type 'System.Int32' ... 
2025-04-15 16:41:58.3413 | DEBUG | Attempting to bind parameter 'take' of type 'System.Int32' using the name 'take' in request data ... 
2025-04-15 16:41:58.3413 | DEBUG | Done attempting to bind parameter 'take' of type 'System.Int32'. 
2025-04-15 16:41:58.3413 | DEBUG | Done attempting to bind parameter 'take' of type 'System.Int32'. 
2025-04-15 16:41:58.3413 | DEBUG | Attempting to validate the bound parameter 'take' of type 'System.Int32' ... 
2025-04-15 16:41:58.3413 | DEBUG | Done attempting to validate the bound parameter 'take' of type 'System.Int32'. 
2025-04-15 16:41:58.3413 | DEBUG | Attempting to bind parameter 'sortFeild' of type 'System.String' ... 
2025-04-15 16:41:58.3413 | DEBUG | Attempting to bind parameter 'sortFeild' of type 'System.String' using the name 'sortFeild' in request data ... 
2025-04-15 16:41:58.3413 | DEBUG | Done attempting to bind parameter 'sortFeild' of type 'System.String'. 
2025-04-15 16:41:58.3413 | DEBUG | Done attempting to bind parameter 'sortFeild' of type 'System.String'. 
2025-04-15 16:41:58.3413 | DEBUG | Attempting to validate the bound parameter 'sortFeild' of type 'System.String' ... 
2025-04-15 16:41:58.3413 | DEBUG | Done attempting to validate the bound parameter 'sortFeild' of type 'System.String'. 
2025-04-15 16:41:58.3413 | DEBUG | Attempting to bind parameter 'sortType' of type 'System.Nullable`1[System.Int32]' ... 
2025-04-15 16:41:58.3413 | DEBUG | Attempting to bind parameter 'sortType' of type 'System.Nullable`1[System.Int32]' using the name 'sortType' in request data ... 
2025-04-15 16:41:58.3413 | DEBUG | Done attempting to bind parameter 'sortType' of type 'System.Nullable`1[System.Int32]'. 
2025-04-15 16:41:58.3413 | DEBUG | Done attempting to bind parameter 'sortType' of type 'System.Nullable`1[System.Int32]'. 
2025-04-15 16:41:58.3413 | DEBUG | Attempting to validate the bound parameter 'sortType' of type 'System.Nullable`1[System.Int32]' ... 
2025-04-15 16:41:58.3413 | DEBUG | Done attempting to validate the bound parameter 'sortType' of type 'System.Nullable`1[System.Int32]'. 
2025-04-15 16:41:58.3645 | DEBUG | List of registered output formatters, in the following order: Microsoft.AspNetCore.Mvc.Formatters.HttpNoContentOutputFormatter, Microsoft.AspNetCore.Mvc.Formatters.StringOutputFormatter, Microsoft.AspNetCore.Mvc.Formatters.StreamOutputFormatter, Microsoft.AspNetCore.Mvc.Formatters.NewtonsoftJsonOutputFormatter 
2025-04-15 16:41:58.3645 | DEBUG | No information found on request to perform content negotiation. 
2025-04-15 16:41:58.3645 | DEBUG | Attempting to select an output formatter without using a content type as no explicit content types were specified for the response. 
2025-04-15 16:41:58.3645 | DEBUG | Attempting to select the first formatter in the output formatters list which can write the result. 
2025-04-15 16:41:58.3645 | DEBUG | Selected output formatter 'Microsoft.AspNetCore.Mvc.Formatters.NewtonsoftJsonOutputFormatter' and content type 'application/json' to write the response. 
2025-04-15 16:41:58.3645 | DEBUG | Connection id "0HNBS1NN8QBM3" completed keep alive response. 
2025-04-15 16:41:59.3643 | DEBUG | The request path  does not match the path filter 
2025-04-15 16:41:59.3643 | DEBUG | The request has an origin header: 'http://127.0.0.1:5503'. 
2025-04-15 16:41:59.3643 | DEBUG | 1 candidate(s) found for the request path '/api/Author/GetAllBooks2' 
2025-04-15 16:41:59.3643 | DEBUG | Endpoint 'WebApplication1.Controller.AuthorController.GetAllBooks2 (WebApplication1)' with route pattern 'api/Author/GetAllBooks2' is valid for the request path '/api/Author/GetAllBooks2' 
2025-04-15 16:41:59.3643 | DEBUG | Request matched endpoint 'WebApplication1.Controller.AuthorController.GetAllBooks2 (WebApplication1)' 
2025-04-15 16:41:59.3643 | DEBUG | Execution plan of authorization filters (in the following order): None 
2025-04-15 16:41:59.3643 | DEBUG | Execution plan of resource filters (in the following order): None 
2025-04-15 16:41:59.3643 | DEBUG | Execution plan of action filters (in the following order): Microsoft.AspNetCore.Mvc.ModelBinding.UnsupportedContentTypeFilter (Order: -3000), Microsoft.AspNetCore.Mvc.Infrastructure.ModelStateInvalidFilter (Order: -2000) 
2025-04-15 16:41:59.3643 | DEBUG | Execution plan of exception filters (in the following order): None 
2025-04-15 16:41:59.3643 | DEBUG | Execution plan of result filters (in the following order): Microsoft.AspNetCore.Mvc.Infrastructure.ClientErrorResultFilter (Order: -2000) 
2025-04-15 16:41:59.3643 | DEBUG | Executing controller factory for controller WebApplication1.Controller.AuthorController (WebApplication1) 
2025-04-15 16:41:59.3792 | DEBUG | Executed controller factory for controller WebApplication1.Controller.AuthorController (WebApplication1) 
2025-04-15 16:41:59.3792 | DEBUG | Attempting to bind parameter 'skip' of type 'System.Int32' ... 
2025-04-15 16:41:59.3792 | DEBUG | Attempting to bind parameter 'skip' of type 'System.Int32' using the name 'skip' in request data ... 
2025-04-15 16:41:59.3792 | DEBUG | Done attempting to bind parameter 'skip' of type 'System.Int32'. 
2025-04-15 16:41:59.3792 | DEBUG | Done attempting to bind parameter 'skip' of type 'System.Int32'. 
2025-04-15 16:41:59.3792 | DEBUG | Attempting to validate the bound parameter 'skip' of type 'System.Int32' ... 
2025-04-15 16:41:59.3792 | DEBUG | Done attempting to validate the bound parameter 'skip' of type 'System.Int32'. 
2025-04-15 16:41:59.3792 | DEBUG | Attempting to bind parameter 'take' of type 'System.Int32' ... 
2025-04-15 16:41:59.3792 | DEBUG | Attempting to bind parameter 'take' of type 'System.Int32' using the name 'take' in request data ... 
2025-04-15 16:41:59.3792 | DEBUG | Done attempting to bind parameter 'take' of type 'System.Int32'. 
2025-04-15 16:41:59.3792 | DEBUG | Done attempting to bind parameter 'take' of type 'System.Int32'. 
2025-04-15 16:41:59.3792 | DEBUG | Attempting to validate the bound parameter 'take' of type 'System.Int32' ... 
2025-04-15 16:41:59.3792 | DEBUG | Done attempting to validate the bound parameter 'take' of type 'System.Int32'. 
2025-04-15 16:41:59.3792 | DEBUG | Attempting to bind parameter 'sortFeild' of type 'System.String' ... 
2025-04-15 16:41:59.3792 | DEBUG | Attempting to bind parameter 'sortFeild' of type 'System.String' using the name 'sortFeild' in request data ... 
2025-04-15 16:41:59.3792 | DEBUG | Done attempting to bind parameter 'sortFeild' of type 'System.String'. 
2025-04-15 16:41:59.3792 | DEBUG | Done attempting to bind parameter 'sortFeild' of type 'System.String'. 
2025-04-15 16:41:59.3792 | DEBUG | Attempting to validate the bound parameter 'sortFeild' of type 'System.String' ... 
2025-04-15 16:41:59.3792 | DEBUG | Done attempting to validate the bound parameter 'sortFeild' of type 'System.String'. 
2025-04-15 16:41:59.3792 | DEBUG | Attempting to bind parameter 'sortType' of type 'System.Nullable`1[System.Int32]' ... 
2025-04-15 16:41:59.3792 | DEBUG | Attempting to bind parameter 'sortType' of type 'System.Nullable`1[System.Int32]' using the name 'sortType' in request data ... 
2025-04-15 16:41:59.3792 | DEBUG | Done attempting to bind parameter 'sortType' of type 'System.Nullable`1[System.Int32]'. 
2025-04-15 16:41:59.3792 | DEBUG | Done attempting to bind parameter 'sortType' of type 'System.Nullable`1[System.Int32]'. 
2025-04-15 16:41:59.3792 | DEBUG | Attempting to validate the bound parameter 'sortType' of type 'System.Nullable`1[System.Int32]' ... 
2025-04-15 16:41:59.3792 | DEBUG | Done attempting to validate the bound parameter 'sortType' of type 'System.Nullable`1[System.Int32]'. 
2025-04-15 16:41:59.3874 | DEBUG | List of registered output formatters, in the following order: Microsoft.AspNetCore.Mvc.Formatters.HttpNoContentOutputFormatter, Microsoft.AspNetCore.Mvc.Formatters.StringOutputFormatter, Microsoft.AspNetCore.Mvc.Formatters.StreamOutputFormatter, Microsoft.AspNetCore.Mvc.Formatters.NewtonsoftJsonOutputFormatter 
2025-04-15 16:41:59.3874 | DEBUG | No information found on request to perform content negotiation. 
2025-04-15 16:41:59.3874 | DEBUG | Attempting to select an output formatter without using a content type as no explicit content types were specified for the response. 
2025-04-15 16:41:59.3874 | DEBUG | Attempting to select the first formatter in the output formatters list which can write the result. 
2025-04-15 16:41:59.3874 | DEBUG | Selected output formatter 'Microsoft.AspNetCore.Mvc.Formatters.NewtonsoftJsonOutputFormatter' and content type 'application/json' to write the response. 
2025-04-15 16:41:59.3874 | DEBUG | Connection id "0HNBS1NN8QBM3" completed keep alive response. 
2025-04-15 16:42:04.1903 | DEBUG | The request path  does not match the path filter 
2025-04-15 16:42:04.1903 | DEBUG | The request has an origin header: 'http://127.0.0.1:5503'. 
2025-04-15 16:42:04.1903 | DEBUG | 1 candidate(s) found for the request path '/api/Author/GetAllBooks2' 
2025-04-15 16:42:04.1903 | DEBUG | Endpoint 'WebApplication1.Controller.AuthorController.GetAllBooks2 (WebApplication1)' with route pattern 'api/Author/GetAllBooks2' is valid for the request path '/api/Author/GetAllBooks2' 
2025-04-15 16:42:04.1903 | DEBUG | Request matched endpoint 'WebApplication1.Controller.AuthorController.GetAllBooks2 (WebApplication1)' 
2025-04-15 16:42:04.1903 | DEBUG | Execution plan of authorization filters (in the following order): None 
2025-04-15 16:42:04.1903 | DEBUG | Execution plan of resource filters (in the following order): None 
2025-04-15 16:42:04.1903 | DEBUG | Execution plan of action filters (in the following order): Microsoft.AspNetCore.Mvc.ModelBinding.UnsupportedContentTypeFilter (Order: -3000), Microsoft.AspNetCore.Mvc.Infrastructure.ModelStateInvalidFilter (Order: -2000) 
2025-04-15 16:42:04.1903 | DEBUG | Execution plan of exception filters (in the following order): None 
2025-04-15 16:42:04.1903 | DEBUG | Execution plan of result filters (in the following order): Microsoft.AspNetCore.Mvc.Infrastructure.ClientErrorResultFilter (Order: -2000) 
2025-04-15 16:42:04.1903 | DEBUG | Executing controller factory for controller WebApplication1.Controller.AuthorController (WebApplication1) 
2025-04-15 16:42:04.2097 | DEBUG | Executed controller factory for controller WebApplication1.Controller.AuthorController (WebApplication1) 
2025-04-15 16:42:04.2097 | DEBUG | Attempting to bind parameter 'skip' of type 'System.Int32' ... 
2025-04-15 16:42:04.2097 | DEBUG | Attempting to bind parameter 'skip' of type 'System.Int32' using the name 'skip' in request data ... 
2025-04-15 16:42:04.2097 | DEBUG | Done attempting to bind parameter 'skip' of type 'System.Int32'. 
2025-04-15 16:42:04.2097 | DEBUG | Done attempting to bind parameter 'skip' of type 'System.Int32'. 
2025-04-15 16:42:04.2097 | DEBUG | Attempting to validate the bound parameter 'skip' of type 'System.Int32' ... 
2025-04-15 16:42:04.2097 | DEBUG | Done attempting to validate the bound parameter 'skip' of type 'System.Int32'. 
2025-04-15 16:42:04.2097 | DEBUG | Attempting to bind parameter 'take' of type 'System.Int32' ... 
2025-04-15 16:42:04.2097 | DEBUG | Attempting to bind parameter 'take' of type 'System.Int32' using the name 'take' in request data ... 
2025-04-15 16:42:04.2097 | DEBUG | Done attempting to bind parameter 'take' of type 'System.Int32'. 
2025-04-15 16:42:04.2097 | DEBUG | Done attempting to bind parameter 'take' of type 'System.Int32'. 
2025-04-15 16:42:04.2097 | DEBUG | Attempting to validate the bound parameter 'take' of type 'System.Int32' ... 
2025-04-15 16:42:04.2097 | DEBUG | Done attempting to validate the bound parameter 'take' of type 'System.Int32'. 
2025-04-15 16:42:04.2097 | DEBUG | Attempting to bind parameter 'sortFeild' of type 'System.String' ... 
2025-04-15 16:42:04.2097 | DEBUG | Attempting to bind parameter 'sortFeild' of type 'System.String' using the name 'sortFeild' in request data ... 
2025-04-15 16:42:04.2097 | DEBUG | Done attempting to bind parameter 'sortFeild' of type 'System.String'. 
2025-04-15 16:42:04.2097 | DEBUG | Done attempting to bind parameter 'sortFeild' of type 'System.String'. 
2025-04-15 16:42:04.2097 | DEBUG | Attempting to validate the bound parameter 'sortFeild' of type 'System.String' ... 
2025-04-15 16:42:04.2097 | DEBUG | Done attempting to validate the bound parameter 'sortFeild' of type 'System.String'. 
2025-04-15 16:42:04.2097 | DEBUG | Attempting to bind parameter 'sortType' of type 'System.Nullable`1[System.Int32]' ... 
2025-04-15 16:42:04.2097 | DEBUG | Attempting to bind parameter 'sortType' of type 'System.Nullable`1[System.Int32]' using the name 'sortType' in request data ... 
2025-04-15 16:42:04.2097 | DEBUG | Done attempting to bind parameter 'sortType' of type 'System.Nullable`1[System.Int32]'. 
2025-04-15 16:42:04.2097 | DEBUG | Done attempting to bind parameter 'sortType' of type 'System.Nullable`1[System.Int32]'. 
2025-04-15 16:42:04.2097 | DEBUG | Attempting to validate the bound parameter 'sortType' of type 'System.Nullable`1[System.Int32]' ... 
2025-04-15 16:42:04.2097 | DEBUG | Done attempting to validate the bound parameter 'sortType' of type 'System.Nullable`1[System.Int32]'. 
2025-04-15 16:42:04.2097 | DEBUG | List of registered output formatters, in the following order: Microsoft.AspNetCore.Mvc.Formatters.HttpNoContentOutputFormatter, Microsoft.AspNetCore.Mvc.Formatters.StringOutputFormatter, Microsoft.AspNetCore.Mvc.Formatters.StreamOutputFormatter, Microsoft.AspNetCore.Mvc.Formatters.NewtonsoftJsonOutputFormatter 
2025-04-15 16:42:04.2097 | DEBUG | No information found on request to perform content negotiation. 
2025-04-15 16:42:04.2097 | DEBUG | Attempting to select an output formatter without using a content type as no explicit content types were specified for the response. 
2025-04-15 16:42:04.2097 | DEBUG | Attempting to select the first formatter in the output formatters list which can write the result. 
2025-04-15 16:42:04.2097 | DEBUG | Selected output formatter 'Microsoft.AspNetCore.Mvc.Formatters.NewtonsoftJsonOutputFormatter' and content type 'application/json' to write the response. 
2025-04-15 16:42:04.2097 | DEBUG | Connection id "0HNBS1NN8QBM3" completed keep alive response. 
2025-04-15 16:42:04.4144 | DEBUG | The request path  does not match the path filter 
2025-04-15 16:42:04.4144 | DEBUG | The request has an origin header: 'http://127.0.0.1:5503'. 
2025-04-15 16:42:04.4144 | DEBUG | 1 candidate(s) found for the request path '/api/Author/GetAllBooks2' 
2025-04-15 16:42:04.4144 | DEBUG | Endpoint 'WebApplication1.Controller.AuthorController.GetAllBooks2 (WebApplication1)' with route pattern 'api/Author/GetAllBooks2' is valid for the request path '/api/Author/GetAllBooks2' 
2025-04-15 16:42:04.4144 | DEBUG | Request matched endpoint 'WebApplication1.Controller.AuthorController.GetAllBooks2 (WebApplication1)' 
2025-04-15 16:42:04.4144 | DEBUG | Execution plan of authorization filters (in the following order): None 
2025-04-15 16:42:04.4144 | DEBUG | Execution plan of resource filters (in the following order): None 
2025-04-15 16:42:04.4144 | DEBUG | Execution plan of action filters (in the following order): Microsoft.AspNetCore.Mvc.ModelBinding.UnsupportedContentTypeFilter (Order: -3000), Microsoft.AspNetCore.Mvc.Infrastructure.ModelStateInvalidFilter (Order: -2000) 
2025-04-15 16:42:04.4144 | DEBUG | Execution plan of exception filters (in the following order): None 
2025-04-15 16:42:04.4144 | DEBUG | Execution plan of result filters (in the following order): Microsoft.AspNetCore.Mvc.Infrastructure.ClientErrorResultFilter (Order: -2000) 
2025-04-15 16:42:04.4144 | DEBUG | Executing controller factory for controller WebApplication1.Controller.AuthorController (WebApplication1) 
2025-04-15 16:42:04.4292 | DEBUG | Executed controller factory for controller WebApplication1.Controller.AuthorController (WebApplication1) 
2025-04-15 16:42:04.4292 | DEBUG | Attempting to bind parameter 'skip' of type 'System.Int32' ... 
2025-04-15 16:42:04.4292 | DEBUG | Attempting to bind parameter 'skip' of type 'System.Int32' using the name 'skip' in request data ... 
2025-04-15 16:42:04.4292 | DEBUG | Done attempting to bind parameter 'skip' of type 'System.Int32'. 
2025-04-15 16:42:04.4292 | DEBUG | Done attempting to bind parameter 'skip' of type 'System.Int32'. 
2025-04-15 16:42:04.4292 | DEBUG | Attempting to validate the bound parameter 'skip' of type 'System.Int32' ... 
2025-04-15 16:42:04.4292 | DEBUG | Done attempting to validate the bound parameter 'skip' of type 'System.Int32'. 
2025-04-15 16:42:04.4292 | DEBUG | Attempting to bind parameter 'take' of type 'System.Int32' ... 
2025-04-15 16:42:04.4292 | DEBUG | Attempting to bind parameter 'take' of type 'System.Int32' using the name 'take' in request data ... 
2025-04-15 16:42:04.4292 | DEBUG | Done attempting to bind parameter 'take' of type 'System.Int32'. 
2025-04-15 16:42:04.4292 | DEBUG | Done attempting to bind parameter 'take' of type 'System.Int32'. 
2025-04-15 16:42:04.4292 | DEBUG | Attempting to validate the bound parameter 'take' of type 'System.Int32' ... 
2025-04-15 16:42:04.4292 | DEBUG | Done attempting to validate the bound parameter 'take' of type 'System.Int32'. 
2025-04-15 16:42:04.4292 | DEBUG | Attempting to bind parameter 'sortFeild' of type 'System.String' ... 
2025-04-15 16:42:04.4292 | DEBUG | Attempting to bind parameter 'sortFeild' of type 'System.String' using the name 'sortFeild' in request data ... 
2025-04-15 16:42:04.4292 | DEBUG | Done attempting to bind parameter 'sortFeild' of type 'System.String'. 
2025-04-15 16:42:04.4292 | DEBUG | Done attempting to bind parameter 'sortFeild' of type 'System.String'. 
2025-04-15 16:42:04.4292 | DEBUG | Attempting to validate the bound parameter 'sortFeild' of type 'System.String' ... 
2025-04-15 16:42:04.4292 | DEBUG | Done attempting to validate the bound parameter 'sortFeild' of type 'System.String'. 
2025-04-15 16:42:04.4292 | DEBUG | Attempting to bind parameter 'sortType' of type 'System.Nullable`1[System.Int32]' ... 
2025-04-15 16:42:04.4292 | DEBUG | Attempting to bind parameter 'sortType' of type 'System.Nullable`1[System.Int32]' using the name 'sortType' in request data ... 
2025-04-15 16:42:04.4292 | DEBUG | Done attempting to bind parameter 'sortType' of type 'System.Nullable`1[System.Int32]'. 
2025-04-15 16:42:04.4292 | DEBUG | Done attempting to bind parameter 'sortType' of type 'System.Nullable`1[System.Int32]'. 
2025-04-15 16:42:04.4292 | DEBUG | Attempting to validate the bound parameter 'sortType' of type 'System.Nullable`1[System.Int32]' ... 
2025-04-15 16:42:04.4292 | DEBUG | Done attempting to validate the bound parameter 'sortType' of type 'System.Nullable`1[System.Int32]'. 
2025-04-15 16:42:04.4375 | DEBUG | List of registered output formatters, in the following order: Microsoft.AspNetCore.Mvc.Formatters.HttpNoContentOutputFormatter, Microsoft.AspNetCore.Mvc.Formatters.StringOutputFormatter, Microsoft.AspNetCore.Mvc.Formatters.StreamOutputFormatter, Microsoft.AspNetCore.Mvc.Formatters.NewtonsoftJsonOutputFormatter 
2025-04-15 16:42:04.4375 | DEBUG | No information found on request to perform content negotiation. 
2025-04-15 16:42:04.4375 | DEBUG | Attempting to select an output formatter without using a content type as no explicit content types were specified for the response. 
2025-04-15 16:42:04.4375 | DEBUG | Attempting to select the first formatter in the output formatters list which can write the result. 
2025-04-15 16:42:04.4375 | DEBUG | Selected output formatter 'Microsoft.AspNetCore.Mvc.Formatters.NewtonsoftJsonOutputFormatter' and content type 'application/json' to write the response. 
2025-04-15 16:42:04.4375 | DEBUG | Connection id "0HNBS1NN8QBM3" completed keep alive response. 
2025-04-15 16:42:05.4164 | DEBUG | The request path  does not match the path filter 
2025-04-15 16:42:05.4164 | DEBUG | The request has an origin header: 'http://127.0.0.1:5503'. 
2025-04-15 16:42:05.4164 | DEBUG | 1 candidate(s) found for the request path '/api/Author/GetAllBooks2' 
2025-04-15 16:42:05.4164 | DEBUG | Endpoint 'WebApplication1.Controller.AuthorController.GetAllBooks2 (WebApplication1)' with route pattern 'api/Author/GetAllBooks2' is valid for the request path '/api/Author/GetAllBooks2' 
2025-04-15 16:42:05.4164 | DEBUG | Request matched endpoint 'WebApplication1.Controller.AuthorController.GetAllBooks2 (WebApplication1)' 
2025-04-15 16:42:05.4164 | DEBUG | Execution plan of authorization filters (in the following order): None 
2025-04-15 16:42:05.4164 | DEBUG | Execution plan of resource filters (in the following order): None 
2025-04-15 16:42:05.4164 | DEBUG | Execution plan of action filters (in the following order): Microsoft.AspNetCore.Mvc.ModelBinding.UnsupportedContentTypeFilter (Order: -3000), Microsoft.AspNetCore.Mvc.Infrastructure.ModelStateInvalidFilter (Order: -2000) 
2025-04-15 16:42:05.4164 | DEBUG | Execution plan of exception filters (in the following order): None 
2025-04-15 16:42:05.4164 | DEBUG | Execution plan of result filters (in the following order): Microsoft.AspNetCore.Mvc.Infrastructure.ClientErrorResultFilter (Order: -2000) 
2025-04-15 16:42:05.4164 | DEBUG | Executing controller factory for controller WebApplication1.Controller.AuthorController (WebApplication1) 
2025-04-15 16:42:05.4164 | DEBUG | Executed controller factory for controller WebApplication1.Controller.AuthorController (WebApplication1) 
2025-04-15 16:42:05.4164 | DEBUG | Attempting to bind parameter 'skip' of type 'System.Int32' ... 
2025-04-15 16:42:05.4164 | DEBUG | Attempting to bind parameter 'skip' of type 'System.Int32' using the name 'skip' in request data ... 
2025-04-15 16:42:05.4164 | DEBUG | Done attempting to bind parameter 'skip' of type 'System.Int32'. 
2025-04-15 16:42:05.4164 | DEBUG | Done attempting to bind parameter 'skip' of type 'System.Int32'. 
2025-04-15 16:42:05.4164 | DEBUG | Attempting to validate the bound parameter 'skip' of type 'System.Int32' ... 
2025-04-15 16:42:05.4164 | DEBUG | Done attempting to validate the bound parameter 'skip' of type 'System.Int32'. 
2025-04-15 16:42:05.4164 | DEBUG | Attempting to bind parameter 'take' of type 'System.Int32' ... 
2025-04-15 16:42:05.4164 | DEBUG | Attempting to bind parameter 'take' of type 'System.Int32' using the name 'take' in request data ... 
2025-04-15 16:42:05.4164 | DEBUG | Done attempting to bind parameter 'take' of type 'System.Int32'. 
2025-04-15 16:42:05.4164 | DEBUG | Done attempting to bind parameter 'take' of type 'System.Int32'. 
2025-04-15 16:42:05.4164 | DEBUG | Attempting to validate the bound parameter 'take' of type 'System.Int32' ... 
2025-04-15 16:42:05.4164 | DEBUG | Done attempting to validate the bound parameter 'take' of type 'System.Int32'. 
2025-04-15 16:42:05.4164 | DEBUG | Attempting to bind parameter 'sortFeild' of type 'System.String' ... 
2025-04-15 16:42:05.4164 | DEBUG | Attempting to bind parameter 'sortFeild' of type 'System.String' using the name 'sortFeild' in request data ... 
2025-04-15 16:42:05.4164 | DEBUG | Done attempting to bind parameter 'sortFeild' of type 'System.String'. 
2025-04-15 16:42:05.4164 | DEBUG | Done attempting to bind parameter 'sortFeild' of type 'System.String'. 
2025-04-15 16:42:05.4164 | DEBUG | Attempting to validate the bound parameter 'sortFeild' of type 'System.String' ... 
2025-04-15 16:42:05.4164 | DEBUG | Done attempting to validate the bound parameter 'sortFeild' of type 'System.String'. 
2025-04-15 16:42:05.4164 | DEBUG | Attempting to bind parameter 'sortType' of type 'System.Nullable`1[System.Int32]' ... 
2025-04-15 16:42:05.4164 | DEBUG | Attempting to bind parameter 'sortType' of type 'System.Nullable`1[System.Int32]' using the name 'sortType' in request data ... 
2025-04-15 16:42:05.4164 | DEBUG | Done attempting to bind parameter 'sortType' of type 'System.Nullable`1[System.Int32]'. 
2025-04-15 16:42:05.4164 | DEBUG | Done attempting to bind parameter 'sortType' of type 'System.Nullable`1[System.Int32]'. 
2025-04-15 16:42:05.4164 | DEBUG | Attempting to validate the bound parameter 'sortType' of type 'System.Nullable`1[System.Int32]' ... 
2025-04-15 16:42:05.4164 | DEBUG | Done attempting to validate the bound parameter 'sortType' of type 'System.Nullable`1[System.Int32]'. 
2025-04-15 16:42:05.4391 | DEBUG | List of registered output formatters, in the following order: Microsoft.AspNetCore.Mvc.Formatters.HttpNoContentOutputFormatter, Microsoft.AspNetCore.Mvc.Formatters.StringOutputFormatter, Microsoft.AspNetCore.Mvc.Formatters.StreamOutputFormatter, Microsoft.AspNetCore.Mvc.Formatters.NewtonsoftJsonOutputFormatter 
2025-04-15 16:42:05.4391 | DEBUG | No information found on request to perform content negotiation. 
2025-04-15 16:42:05.4391 | DEBUG | Attempting to select an output formatter without using a content type as no explicit content types were specified for the response. 
2025-04-15 16:42:05.4391 | DEBUG | Attempting to select the first formatter in the output formatters list which can write the result. 
2025-04-15 16:42:05.4391 | DEBUG | Selected output formatter 'Microsoft.AspNetCore.Mvc.Formatters.NewtonsoftJsonOutputFormatter' and content type 'application/json' to write the response. 
2025-04-15 16:42:05.4391 | DEBUG | Connection id "0HNBS1NN8QBM3" completed keep alive response. 
2025-04-15 16:42:06.8146 | DEBUG | The request path  does not match the path filter 
2025-04-15 16:42:06.8146 | DEBUG | The request has an origin header: 'http://127.0.0.1:5503'. 
2025-04-15 16:42:06.8146 | DEBUG | 1 candidate(s) found for the request path '/api/Author/GetAllBooks2' 
2025-04-15 16:42:06.8146 | DEBUG | Endpoint 'WebApplication1.Controller.AuthorController.GetAllBooks2 (WebApplication1)' with route pattern 'api/Author/GetAllBooks2' is valid for the request path '/api/Author/GetAllBooks2' 
2025-04-15 16:42:06.8146 | DEBUG | Request matched endpoint 'WebApplication1.Controller.AuthorController.GetAllBooks2 (WebApplication1)' 
2025-04-15 16:42:06.8146 | DEBUG | Execution plan of authorization filters (in the following order): None 
2025-04-15 16:42:06.8146 | DEBUG | Execution plan of resource filters (in the following order): None 
2025-04-15 16:42:06.8146 | DEBUG | Execution plan of action filters (in the following order): Microsoft.AspNetCore.Mvc.ModelBinding.UnsupportedContentTypeFilter (Order: -3000), Microsoft.AspNetCore.Mvc.Infrastructure.ModelStateInvalidFilter (Order: -2000) 
2025-04-15 16:42:06.8146 | DEBUG | Execution plan of exception filters (in the following order): None 
2025-04-15 16:42:06.8146 | DEBUG | Execution plan of result filters (in the following order): Microsoft.AspNetCore.Mvc.Infrastructure.ClientErrorResultFilter (Order: -2000) 
2025-04-15 16:42:06.8146 | DEBUG | Executing controller factory for controller WebApplication1.Controller.AuthorController (WebApplication1) 
2025-04-15 16:42:06.8311 | DEBUG | Executed controller factory for controller WebApplication1.Controller.AuthorController (WebApplication1) 
2025-04-15 16:42:06.8311 | DEBUG | Attempting to bind parameter 'skip' of type 'System.Int32' ... 
2025-04-15 16:42:06.8311 | DEBUG | Attempting to bind parameter 'skip' of type 'System.Int32' using the name 'skip' in request data ... 
2025-04-15 16:42:06.8311 | DEBUG | Done attempting to bind parameter 'skip' of type 'System.Int32'. 
2025-04-15 16:42:06.8311 | DEBUG | Done attempting to bind parameter 'skip' of type 'System.Int32'. 
2025-04-15 16:42:06.8311 | DEBUG | Attempting to validate the bound parameter 'skip' of type 'System.Int32' ... 
2025-04-15 16:42:06.8311 | DEBUG | Done attempting to validate the bound parameter 'skip' of type 'System.Int32'. 
2025-04-15 16:42:06.8311 | DEBUG | Attempting to bind parameter 'take' of type 'System.Int32' ... 
2025-04-15 16:42:06.8311 | DEBUG | Attempting to bind parameter 'take' of type 'System.Int32' using the name 'take' in request data ... 
2025-04-15 16:42:06.8311 | DEBUG | Done attempting to bind parameter 'take' of type 'System.Int32'. 
2025-04-15 16:42:06.8311 | DEBUG | Done attempting to bind parameter 'take' of type 'System.Int32'. 
2025-04-15 16:42:06.8311 | DEBUG | Attempting to validate the bound parameter 'take' of type 'System.Int32' ... 
2025-04-15 16:42:06.8311 | DEBUG | Done attempting to validate the bound parameter 'take' of type 'System.Int32'. 
2025-04-15 16:42:06.8311 | DEBUG | Attempting to bind parameter 'sortFeild' of type 'System.String' ... 
2025-04-15 16:42:06.8311 | DEBUG | Attempting to bind parameter 'sortFeild' of type 'System.String' using the name 'sortFeild' in request data ... 
2025-04-15 16:42:06.8311 | DEBUG | Done attempting to bind parameter 'sortFeild' of type 'System.String'. 
2025-04-15 16:42:06.8311 | DEBUG | Done attempting to bind parameter 'sortFeild' of type 'System.String'. 
2025-04-15 16:42:06.8311 | DEBUG | Attempting to validate the bound parameter 'sortFeild' of type 'System.String' ... 
2025-04-15 16:42:06.8311 | DEBUG | Done attempting to validate the bound parameter 'sortFeild' of type 'System.String'. 
2025-04-15 16:42:06.8311 | DEBUG | Attempting to bind parameter 'sortType' of type 'System.Nullable`1[System.Int32]' ... 
2025-04-15 16:42:06.8311 | DEBUG | Attempting to bind parameter 'sortType' of type 'System.Nullable`1[System.Int32]' using the name 'sortType' in request data ... 
2025-04-15 16:42:06.8311 | DEBUG | Done attempting to bind parameter 'sortType' of type 'System.Nullable`1[System.Int32]'. 
2025-04-15 16:42:06.8311 | DEBUG | Done attempting to bind parameter 'sortType' of type 'System.Nullable`1[System.Int32]'. 
2025-04-15 16:42:06.8311 | DEBUG | Attempting to validate the bound parameter 'sortType' of type 'System.Nullable`1[System.Int32]' ... 
2025-04-15 16:42:06.8311 | DEBUG | Done attempting to validate the bound parameter 'sortType' of type 'System.Nullable`1[System.Int32]'. 
2025-04-15 16:42:06.8391 | DEBUG | List of registered output formatters, in the following order: Microsoft.AspNetCore.Mvc.Formatters.HttpNoContentOutputFormatter, Microsoft.AspNetCore.Mvc.Formatters.StringOutputFormatter, Microsoft.AspNetCore.Mvc.Formatters.StreamOutputFormatter, Microsoft.AspNetCore.Mvc.Formatters.NewtonsoftJsonOutputFormatter 
2025-04-15 16:42:06.8391 | DEBUG | No information found on request to perform content negotiation. 
2025-04-15 16:42:06.8391 | DEBUG | Attempting to select an output formatter without using a content type as no explicit content types were specified for the response. 
2025-04-15 16:42:06.8391 | DEBUG | Attempting to select the first formatter in the output formatters list which can write the result. 
2025-04-15 16:42:06.8391 | DEBUG | Selected output formatter 'Microsoft.AspNetCore.Mvc.Formatters.NewtonsoftJsonOutputFormatter' and content type 'application/json' to write the response. 
2025-04-15 16:42:06.8391 | DEBUG | Connection id "0HNBS1NN8QBM3" completed keep alive response. 
2025-04-15 16:42:07.0353 | DEBUG | The request path  does not match the path filter 
2025-04-15 16:42:07.0353 | DEBUG | The request has an origin header: 'http://127.0.0.1:5503'. 
2025-04-15 16:42:07.0353 | DEBUG | 1 candidate(s) found for the request path '/api/Author/GetAllBooks2' 
2025-04-15 16:42:07.0353 | DEBUG | Endpoint 'WebApplication1.Controller.AuthorController.GetAllBooks2 (WebApplication1)' with route pattern 'api/Author/GetAllBooks2' is valid for the request path '/api/Author/GetAllBooks2' 
2025-04-15 16:42:07.0353 | DEBUG | Request matched endpoint 'WebApplication1.Controller.AuthorController.GetAllBooks2 (WebApplication1)' 
2025-04-15 16:42:07.0353 | DEBUG | Execution plan of authorization filters (in the following order): None 
2025-04-15 16:42:07.0353 | DEBUG | Execution plan of resource filters (in the following order): None 
2025-04-15 16:42:07.0353 | DEBUG | Execution plan of action filters (in the following order): Microsoft.AspNetCore.Mvc.ModelBinding.UnsupportedContentTypeFilter (Order: -3000), Microsoft.AspNetCore.Mvc.Infrastructure.ModelStateInvalidFilter (Order: -2000) 
2025-04-15 16:42:07.0353 | DEBUG | Execution plan of exception filters (in the following order): None 
2025-04-15 16:42:07.0353 | DEBUG | Execution plan of result filters (in the following order): Microsoft.AspNetCore.Mvc.Infrastructure.ClientErrorResultFilter (Order: -2000) 
2025-04-15 16:42:07.0353 | DEBUG | Executing controller factory for controller WebApplication1.Controller.AuthorController (WebApplication1) 
2025-04-15 16:42:07.0514 | DEBUG | Executed controller factory for controller WebApplication1.Controller.AuthorController (WebApplication1) 
2025-04-15 16:42:07.0514 | DEBUG | Attempting to bind parameter 'skip' of type 'System.Int32' ... 
2025-04-15 16:42:07.0514 | DEBUG | Attempting to bind parameter 'skip' of type 'System.Int32' using the name 'skip' in request data ... 
2025-04-15 16:42:07.0514 | DEBUG | Done attempting to bind parameter 'skip' of type 'System.Int32'. 
2025-04-15 16:42:07.0514 | DEBUG | Done attempting to bind parameter 'skip' of type 'System.Int32'. 
2025-04-15 16:42:07.0514 | DEBUG | Attempting to validate the bound parameter 'skip' of type 'System.Int32' ... 
2025-04-15 16:42:07.0514 | DEBUG | Done attempting to validate the bound parameter 'skip' of type 'System.Int32'. 
2025-04-15 16:42:07.0514 | DEBUG | Attempting to bind parameter 'take' of type 'System.Int32' ... 
2025-04-15 16:42:07.0514 | DEBUG | Attempting to bind parameter 'take' of type 'System.Int32' using the name 'take' in request data ... 
2025-04-15 16:42:07.0514 | DEBUG | Done attempting to bind parameter 'take' of type 'System.Int32'. 
2025-04-15 16:42:07.0514 | DEBUG | Done attempting to bind parameter 'take' of type 'System.Int32'. 
2025-04-15 16:42:07.0514 | DEBUG | Attempting to validate the bound parameter 'take' of type 'System.Int32' ... 
2025-04-15 16:42:07.0514 | DEBUG | Done attempting to validate the bound parameter 'take' of type 'System.Int32'. 
2025-04-15 16:42:07.0514 | DEBUG | Attempting to bind parameter 'sortFeild' of type 'System.String' ... 
2025-04-15 16:42:07.0514 | DEBUG | Attempting to bind parameter 'sortFeild' of type 'System.String' using the name 'sortFeild' in request data ... 
2025-04-15 16:42:07.0514 | DEBUG | Done attempting to bind parameter 'sortFeild' of type 'System.String'. 
2025-04-15 16:42:07.0514 | DEBUG | Done attempting to bind parameter 'sortFeild' of type 'System.String'. 
2025-04-15 16:42:07.0514 | DEBUG | Attempting to validate the bound parameter 'sortFeild' of type 'System.String' ... 
2025-04-15 16:42:07.0514 | DEBUG | Done attempting to validate the bound parameter 'sortFeild' of type 'System.String'. 
2025-04-15 16:42:07.0514 | DEBUG | Attempting to bind parameter 'sortType' of type 'System.Nullable`1[System.Int32]' ... 
2025-04-15 16:42:07.0514 | DEBUG | Attempting to bind parameter 'sortType' of type 'System.Nullable`1[System.Int32]' using the name 'sortType' in request data ... 
2025-04-15 16:42:07.0514 | DEBUG | Done attempting to bind parameter 'sortType' of type 'System.Nullable`1[System.Int32]'. 
2025-04-15 16:42:07.0514 | DEBUG | Done attempting to bind parameter 'sortType' of type 'System.Nullable`1[System.Int32]'. 
2025-04-15 16:42:07.0514 | DEBUG | Attempting to validate the bound parameter 'sortType' of type 'System.Nullable`1[System.Int32]' ... 
2025-04-15 16:42:07.0514 | DEBUG | Done attempting to validate the bound parameter 'sortType' of type 'System.Nullable`1[System.Int32]'. 
2025-04-15 16:42:07.0604 | DEBUG | List of registered output formatters, in the following order: Microsoft.AspNetCore.Mvc.Formatters.HttpNoContentOutputFormatter, Microsoft.AspNetCore.Mvc.Formatters.StringOutputFormatter, Microsoft.AspNetCore.Mvc.Formatters.StreamOutputFormatter, Microsoft.AspNetCore.Mvc.Formatters.NewtonsoftJsonOutputFormatter 
2025-04-15 16:42:07.0604 | DEBUG | No information found on request to perform content negotiation. 
2025-04-15 16:42:07.0604 | DEBUG | Attempting to select an output formatter without using a content type as no explicit content types were specified for the response. 
2025-04-15 16:42:07.0604 | DEBUG | Attempting to select the first formatter in the output formatters list which can write the result. 
2025-04-15 16:42:07.0604 | DEBUG | Selected output formatter 'Microsoft.AspNetCore.Mvc.Formatters.NewtonsoftJsonOutputFormatter' and content type 'application/json' to write the response. 
2025-04-15 16:42:07.0604 | DEBUG | Connection id "0HNBS1NN8QBM3" completed keep alive response. 
2025-04-15 16:42:08.0375 | DEBUG | The request path  does not match the path filter 
2025-04-15 16:42:08.0375 | DEBUG | The request has an origin header: 'http://127.0.0.1:5503'. 
2025-04-15 16:42:08.0375 | DEBUG | 1 candidate(s) found for the request path '/api/Author/GetAllBooks2' 
2025-04-15 16:42:08.0375 | DEBUG | Endpoint 'WebApplication1.Controller.AuthorController.GetAllBooks2 (WebApplication1)' with route pattern 'api/Author/GetAllBooks2' is valid for the request path '/api/Author/GetAllBooks2' 
2025-04-15 16:42:08.0375 | DEBUG | Request matched endpoint 'WebApplication1.Controller.AuthorController.GetAllBooks2 (WebApplication1)' 
2025-04-15 16:42:08.0375 | DEBUG | Execution plan of authorization filters (in the following order): None 
2025-04-15 16:42:08.0375 | DEBUG | Execution plan of resource filters (in the following order): None 
2025-04-15 16:42:08.0375 | DEBUG | Execution plan of action filters (in the following order): Microsoft.AspNetCore.Mvc.ModelBinding.UnsupportedContentTypeFilter (Order: -3000), Microsoft.AspNetCore.Mvc.Infrastructure.ModelStateInvalidFilter (Order: -2000) 
2025-04-15 16:42:08.0375 | DEBUG | Execution plan of exception filters (in the following order): None 
2025-04-15 16:42:08.0375 | DEBUG | Execution plan of result filters (in the following order): Microsoft.AspNetCore.Mvc.Infrastructure.ClientErrorResultFilter (Order: -2000) 
2025-04-15 16:42:08.0375 | DEBUG | Executing controller factory for controller WebApplication1.Controller.AuthorController (WebApplication1) 
2025-04-15 16:42:08.0524 | DEBUG | Executed controller factory for controller WebApplication1.Controller.AuthorController (WebApplication1) 
2025-04-15 16:42:08.0524 | DEBUG | Attempting to bind parameter 'skip' of type 'System.Int32' ... 
2025-04-15 16:42:08.0524 | DEBUG | Attempting to bind parameter 'skip' of type 'System.Int32' using the name 'skip' in request data ... 
2025-04-15 16:42:08.0524 | DEBUG | Done attempting to bind parameter 'skip' of type 'System.Int32'. 
2025-04-15 16:42:08.0524 | DEBUG | Done attempting to bind parameter 'skip' of type 'System.Int32'. 
2025-04-15 16:42:08.0524 | DEBUG | Attempting to validate the bound parameter 'skip' of type 'System.Int32' ... 
2025-04-15 16:42:08.0524 | DEBUG | Done attempting to validate the bound parameter 'skip' of type 'System.Int32'. 
2025-04-15 16:42:08.0524 | DEBUG | Attempting to bind parameter 'take' of type 'System.Int32' ... 
2025-04-15 16:42:08.0524 | DEBUG | Attempting to bind parameter 'take' of type 'System.Int32' using the name 'take' in request data ... 
2025-04-15 16:42:08.0524 | DEBUG | Done attempting to bind parameter 'take' of type 'System.Int32'. 
2025-04-15 16:42:08.0524 | DEBUG | Done attempting to bind parameter 'take' of type 'System.Int32'. 
2025-04-15 16:42:08.0524 | DEBUG | Attempting to validate the bound parameter 'take' of type 'System.Int32' ... 
2025-04-15 16:42:08.0524 | DEBUG | Done attempting to validate the bound parameter 'take' of type 'System.Int32'. 
2025-04-15 16:42:08.0524 | DEBUG | Attempting to bind parameter 'sortFeild' of type 'System.String' ... 
2025-04-15 16:42:08.0524 | DEBUG | Attempting to bind parameter 'sortFeild' of type 'System.String' using the name 'sortFeild' in request data ... 
2025-04-15 16:42:08.0524 | DEBUG | Done attempting to bind parameter 'sortFeild' of type 'System.String'. 
2025-04-15 16:42:08.0524 | DEBUG | Done attempting to bind parameter 'sortFeild' of type 'System.String'. 
2025-04-15 16:42:08.0524 | DEBUG | Attempting to validate the bound parameter 'sortFeild' of type 'System.String' ... 
2025-04-15 16:42:08.0524 | DEBUG | Done attempting to validate the bound parameter 'sortFeild' of type 'System.String'. 
2025-04-15 16:42:08.0524 | DEBUG | Attempting to bind parameter 'sortType' of type 'System.Nullable`1[System.Int32]' ... 
2025-04-15 16:42:08.0524 | DEBUG | Attempting to bind parameter 'sortType' of type 'System.Nullable`1[System.Int32]' using the name 'sortType' in request data ... 
2025-04-15 16:42:08.0524 | DEBUG | Done attempting to bind parameter 'sortType' of type 'System.Nullable`1[System.Int32]'. 
2025-04-15 16:42:08.0524 | DEBUG | Done attempting to bind parameter 'sortType' of type 'System.Nullable`1[System.Int32]'. 
2025-04-15 16:42:08.0524 | DEBUG | Attempting to validate the bound parameter 'sortType' of type 'System.Nullable`1[System.Int32]' ... 
2025-04-15 16:42:08.0524 | DEBUG | Done attempting to validate the bound parameter 'sortType' of type 'System.Nullable`1[System.Int32]'. 
2025-04-15 16:42:08.0604 | DEBUG | List of registered output formatters, in the following order: Microsoft.AspNetCore.Mvc.Formatters.HttpNoContentOutputFormatter, Microsoft.AspNetCore.Mvc.Formatters.StringOutputFormatter, Microsoft.AspNetCore.Mvc.Formatters.StreamOutputFormatter, Microsoft.AspNetCore.Mvc.Formatters.NewtonsoftJsonOutputFormatter 
2025-04-15 16:42:08.0604 | DEBUG | No information found on request to perform content negotiation. 
2025-04-15 16:42:08.0604 | DEBUG | Attempting to select an output formatter without using a content type as no explicit content types were specified for the response. 
2025-04-15 16:42:08.0604 | DEBUG | Attempting to select the first formatter in the output formatters list which can write the result. 
2025-04-15 16:42:08.0604 | DEBUG | Selected output formatter 'Microsoft.AspNetCore.Mvc.Formatters.NewtonsoftJsonOutputFormatter' and content type 'application/json' to write the response. 
2025-04-15 16:42:08.0604 | DEBUG | Connection id "0HNBS1NN8QBM3" completed keep alive response. 
2025-04-15 16:42:12.1336 | DEBUG | The request path  does not match the path filter 
2025-04-15 16:42:12.1336 | DEBUG | The request has an origin header: 'http://127.0.0.1:5503'. 
2025-04-15 16:42:12.1356 | DEBUG | 1 candidate(s) found for the request path '/api/Author/GetAllBooks2' 
2025-04-15 16:42:12.1356 | DEBUG | Endpoint 'WebApplication1.Controller.AuthorController.GetAllBooks2 (WebApplication1)' with route pattern 'api/Author/GetAllBooks2' is valid for the request path '/api/Author/GetAllBooks2' 
2025-04-15 16:42:12.1356 | DEBUG | Request matched endpoint 'WebApplication1.Controller.AuthorController.GetAllBooks2 (WebApplication1)' 
2025-04-15 16:42:12.1356 | DEBUG | Execution plan of authorization filters (in the following order): None 
2025-04-15 16:42:12.1356 | DEBUG | Execution plan of resource filters (in the following order): None 
2025-04-15 16:42:12.1356 | DEBUG | Execution plan of action filters (in the following order): Microsoft.AspNetCore.Mvc.ModelBinding.UnsupportedContentTypeFilter (Order: -3000), Microsoft.AspNetCore.Mvc.Infrastructure.ModelStateInvalidFilter (Order: -2000) 
2025-04-15 16:42:12.1356 | DEBUG | Execution plan of exception filters (in the following order): None 
2025-04-15 16:42:12.1356 | DEBUG | Execution plan of result filters (in the following order): Microsoft.AspNetCore.Mvc.Infrastructure.ClientErrorResultFilter (Order: -2000) 
2025-04-15 16:42:12.1356 | DEBUG | Executing controller factory for controller WebApplication1.Controller.AuthorController (WebApplication1) 
2025-04-15 16:42:12.1512 | DEBUG | Executed controller factory for controller WebApplication1.Controller.AuthorController (WebApplication1) 
2025-04-15 16:42:12.1512 | DEBUG | Attempting to bind parameter 'skip' of type 'System.Int32' ... 
2025-04-15 16:42:12.1512 | DEBUG | Attempting to bind parameter 'skip' of type 'System.Int32' using the name 'skip' in request data ... 
2025-04-15 16:42:12.1512 | DEBUG | Done attempting to bind parameter 'skip' of type 'System.Int32'. 
2025-04-15 16:42:12.1512 | DEBUG | Done attempting to bind parameter 'skip' of type 'System.Int32'. 
2025-04-15 16:42:12.1512 | DEBUG | Attempting to validate the bound parameter 'skip' of type 'System.Int32' ... 
2025-04-15 16:42:12.1512 | DEBUG | Done attempting to validate the bound parameter 'skip' of type 'System.Int32'. 
2025-04-15 16:42:12.1512 | DEBUG | Attempting to bind parameter 'take' of type 'System.Int32' ... 
2025-04-15 16:42:12.1512 | DEBUG | Attempting to bind parameter 'take' of type 'System.Int32' using the name 'take' in request data ... 
2025-04-15 16:42:12.1512 | DEBUG | Done attempting to bind parameter 'take' of type 'System.Int32'. 
2025-04-15 16:42:12.1512 | DEBUG | Done attempting to bind parameter 'take' of type 'System.Int32'. 
2025-04-15 16:42:12.1512 | DEBUG | Attempting to validate the bound parameter 'take' of type 'System.Int32' ... 
2025-04-15 16:42:12.1512 | DEBUG | Done attempting to validate the bound parameter 'take' of type 'System.Int32'. 
2025-04-15 16:42:12.1512 | DEBUG | Attempting to bind parameter 'sortFeild' of type 'System.String' ... 
2025-04-15 16:42:12.1512 | DEBUG | Attempting to bind parameter 'sortFeild' of type 'System.String' using the name 'sortFeild' in request data ... 
2025-04-15 16:42:12.1512 | DEBUG | Done attempting to bind parameter 'sortFeild' of type 'System.String'. 
2025-04-15 16:42:12.1512 | DEBUG | Done attempting to bind parameter 'sortFeild' of type 'System.String'. 
2025-04-15 16:42:12.1512 | DEBUG | Attempting to validate the bound parameter 'sortFeild' of type 'System.String' ... 
2025-04-15 16:42:12.1512 | DEBUG | Done attempting to validate the bound parameter 'sortFeild' of type 'System.String'. 
2025-04-15 16:42:12.1512 | DEBUG | Attempting to bind parameter 'sortType' of type 'System.Nullable`1[System.Int32]' ... 
2025-04-15 16:42:12.1512 | DEBUG | Attempting to bind parameter 'sortType' of type 'System.Nullable`1[System.Int32]' using the name 'sortType' in request data ... 
2025-04-15 16:42:12.1512 | DEBUG | Done attempting to bind parameter 'sortType' of type 'System.Nullable`1[System.Int32]'. 
2025-04-15 16:42:12.1512 | DEBUG | Done attempting to bind parameter 'sortType' of type 'System.Nullable`1[System.Int32]'. 
2025-04-15 16:42:12.1512 | DEBUG | Attempting to validate the bound parameter 'sortType' of type 'System.Nullable`1[System.Int32]' ... 
2025-04-15 16:42:12.1512 | DEBUG | Done attempting to validate the bound parameter 'sortType' of type 'System.Nullable`1[System.Int32]'. 
2025-04-15 16:42:12.1512 | DEBUG | List of registered output formatters, in the following order: Microsoft.AspNetCore.Mvc.Formatters.HttpNoContentOutputFormatter, Microsoft.AspNetCore.Mvc.Formatters.StringOutputFormatter, Microsoft.AspNetCore.Mvc.Formatters.StreamOutputFormatter, Microsoft.AspNetCore.Mvc.Formatters.NewtonsoftJsonOutputFormatter 
2025-04-15 16:42:12.1512 | DEBUG | No information found on request to perform content negotiation. 
2025-04-15 16:42:12.1512 | DEBUG | Attempting to select an output formatter without using a content type as no explicit content types were specified for the response. 
2025-04-15 16:42:12.1512 | DEBUG | Attempting to select the first formatter in the output formatters list which can write the result. 
2025-04-15 16:42:12.1512 | DEBUG | Selected output formatter 'Microsoft.AspNetCore.Mvc.Formatters.NewtonsoftJsonOutputFormatter' and content type 'application/json' to write the response. 
2025-04-15 16:42:12.1512 | DEBUG | Connection id "0HNBS1NN8QBM3" completed keep alive response. 
2025-04-15 16:42:12.3496 | DEBUG | The request path  does not match the path filter 
2025-04-15 16:42:12.3496 | DEBUG | The request has an origin header: 'http://127.0.0.1:5503'. 
2025-04-15 16:42:12.3496 | DEBUG | 1 candidate(s) found for the request path '/api/Author/GetAllBooks2' 
2025-04-15 16:42:12.3496 | DEBUG | Endpoint 'WebApplication1.Controller.AuthorController.GetAllBooks2 (WebApplication1)' with route pattern 'api/Author/GetAllBooks2' is valid for the request path '/api/Author/GetAllBooks2' 
2025-04-15 16:42:12.3496 | DEBUG | Request matched endpoint 'WebApplication1.Controller.AuthorController.GetAllBooks2 (WebApplication1)' 
2025-04-15 16:42:12.3496 | DEBUG | Execution plan of authorization filters (in the following order): None 
2025-04-15 16:42:12.3496 | DEBUG | Execution plan of resource filters (in the following order): None 
2025-04-15 16:42:12.3496 | DEBUG | Execution plan of action filters (in the following order): Microsoft.AspNetCore.Mvc.ModelBinding.UnsupportedContentTypeFilter (Order: -3000), Microsoft.AspNetCore.Mvc.Infrastructure.ModelStateInvalidFilter (Order: -2000) 
2025-04-15 16:42:12.3496 | DEBUG | Execution plan of exception filters (in the following order): None 
2025-04-15 16:42:12.3496 | DEBUG | Execution plan of result filters (in the following order): Microsoft.AspNetCore.Mvc.Infrastructure.ClientErrorResultFilter (Order: -2000) 
2025-04-15 16:42:12.3496 | DEBUG | Executing controller factory for controller WebApplication1.Controller.AuthorController (WebApplication1) 
2025-04-15 16:42:12.3647 | DEBUG | Executed controller factory for controller WebApplication1.Controller.AuthorController (WebApplication1) 
2025-04-15 16:42:12.3647 | DEBUG | Attempting to bind parameter 'skip' of type 'System.Int32' ... 
2025-04-15 16:42:12.3647 | DEBUG | Attempting to bind parameter 'skip' of type 'System.Int32' using the name 'skip' in request data ... 
2025-04-15 16:42:12.3647 | DEBUG | Done attempting to bind parameter 'skip' of type 'System.Int32'. 
2025-04-15 16:42:12.3647 | DEBUG | Done attempting to bind parameter 'skip' of type 'System.Int32'. 
2025-04-15 16:42:12.3647 | DEBUG | Attempting to validate the bound parameter 'skip' of type 'System.Int32' ... 
2025-04-15 16:42:12.3647 | DEBUG | Done attempting to validate the bound parameter 'skip' of type 'System.Int32'. 
2025-04-15 16:42:12.3647 | DEBUG | Attempting to bind parameter 'take' of type 'System.Int32' ... 
2025-04-15 16:42:12.3647 | DEBUG | Attempting to bind parameter 'take' of type 'System.Int32' using the name 'take' in request data ... 
2025-04-15 16:42:12.3647 | DEBUG | Done attempting to bind parameter 'take' of type 'System.Int32'. 
2025-04-15 16:42:12.3647 | DEBUG | Done attempting to bind parameter 'take' of type 'System.Int32'. 
2025-04-15 16:42:12.3647 | DEBUG | Attempting to validate the bound parameter 'take' of type 'System.Int32' ... 
2025-04-15 16:42:12.3647 | DEBUG | Done attempting to validate the bound parameter 'take' of type 'System.Int32'. 
2025-04-15 16:42:12.3647 | DEBUG | Attempting to bind parameter 'sortFeild' of type 'System.String' ... 
2025-04-15 16:42:12.3647 | DEBUG | Attempting to bind parameter 'sortFeild' of type 'System.String' using the name 'sortFeild' in request data ... 
2025-04-15 16:42:12.3647 | DEBUG | Done attempting to bind parameter 'sortFeild' of type 'System.String'. 
2025-04-15 16:42:12.3647 | DEBUG | Done attempting to bind parameter 'sortFeild' of type 'System.String'. 
2025-04-15 16:42:12.3647 | DEBUG | Attempting to validate the bound parameter 'sortFeild' of type 'System.String' ... 
2025-04-15 16:42:12.3647 | DEBUG | Done attempting to validate the bound parameter 'sortFeild' of type 'System.String'. 
2025-04-15 16:42:12.3647 | DEBUG | Attempting to bind parameter 'sortType' of type 'System.Nullable`1[System.Int32]' ... 
2025-04-15 16:42:12.3647 | DEBUG | Attempting to bind parameter 'sortType' of type 'System.Nullable`1[System.Int32]' using the name 'sortType' in request data ... 
2025-04-15 16:42:12.3647 | DEBUG | Done attempting to bind parameter 'sortType' of type 'System.Nullable`1[System.Int32]'. 
2025-04-15 16:42:12.3647 | DEBUG | Done attempting to bind parameter 'sortType' of type 'System.Nullable`1[System.Int32]'. 
2025-04-15 16:42:12.3647 | DEBUG | Attempting to validate the bound parameter 'sortType' of type 'System.Nullable`1[System.Int32]' ... 
2025-04-15 16:42:12.3647 | DEBUG | Done attempting to validate the bound parameter 'sortType' of type 'System.Nullable`1[System.Int32]'. 
2025-04-15 16:42:12.3734 | DEBUG | List of registered output formatters, in the following order: Microsoft.AspNetCore.Mvc.Formatters.HttpNoContentOutputFormatter, Microsoft.AspNetCore.Mvc.Formatters.StringOutputFormatter, Microsoft.AspNetCore.Mvc.Formatters.StreamOutputFormatter, Microsoft.AspNetCore.Mvc.Formatters.NewtonsoftJsonOutputFormatter 
2025-04-15 16:42:12.3734 | DEBUG | No information found on request to perform content negotiation. 
2025-04-15 16:42:12.3734 | DEBUG | Attempting to select an output formatter without using a content type as no explicit content types were specified for the response. 
2025-04-15 16:42:12.3734 | DEBUG | Attempting to select the first formatter in the output formatters list which can write the result. 
2025-04-15 16:42:12.3734 | DEBUG | Selected output formatter 'Microsoft.AspNetCore.Mvc.Formatters.NewtonsoftJsonOutputFormatter' and content type 'application/json' to write the response. 
2025-04-15 16:42:12.3734 | DEBUG | Connection id "0HNBS1NN8QBM3" completed keep alive response. 
2025-04-15 16:42:13.3825 | DEBUG | The request path  does not match the path filter 
2025-04-15 16:42:13.3825 | DEBUG | The request has an origin header: 'http://127.0.0.1:5503'. 
2025-04-15 16:42:13.3825 | DEBUG | 1 candidate(s) found for the request path '/api/Author/GetAllBooks2' 
2025-04-15 16:42:13.3825 | DEBUG | Endpoint 'WebApplication1.Controller.AuthorController.GetAllBooks2 (WebApplication1)' with route pattern 'api/Author/GetAllBooks2' is valid for the request path '/api/Author/GetAllBooks2' 
2025-04-15 16:42:13.3825 | DEBUG | Request matched endpoint 'WebApplication1.Controller.AuthorController.GetAllBooks2 (WebApplication1)' 
2025-04-15 16:42:13.3825 | DEBUG | Execution plan of authorization filters (in the following order): None 
2025-04-15 16:42:13.3825 | DEBUG | Execution plan of resource filters (in the following order): None 
2025-04-15 16:42:13.3825 | DEBUG | Execution plan of action filters (in the following order): Microsoft.AspNetCore.Mvc.ModelBinding.UnsupportedContentTypeFilter (Order: -3000), Microsoft.AspNetCore.Mvc.Infrastructure.ModelStateInvalidFilter (Order: -2000) 
2025-04-15 16:42:13.3825 | DEBUG | Execution plan of exception filters (in the following order): None 
2025-04-15 16:42:13.3825 | DEBUG | Execution plan of result filters (in the following order): Microsoft.AspNetCore.Mvc.Infrastructure.ClientErrorResultFilter (Order: -2000) 
2025-04-15 16:42:13.3825 | DEBUG | Executing controller factory for controller WebApplication1.Controller.AuthorController (WebApplication1) 
2025-04-15 16:42:13.3979 | DEBUG | Executed controller factory for controller WebApplication1.Controller.AuthorController (WebApplication1) 
2025-04-15 16:42:13.3979 | DEBUG | Attempting to bind parameter 'skip' of type 'System.Int32' ... 
2025-04-15 16:42:13.3979 | DEBUG | Attempting to bind parameter 'skip' of type 'System.Int32' using the name 'skip' in request data ... 
2025-04-15 16:42:13.3979 | DEBUG | Done attempting to bind parameter 'skip' of type 'System.Int32'. 
2025-04-15 16:42:13.3979 | DEBUG | Done attempting to bind parameter 'skip' of type 'System.Int32'. 
2025-04-15 16:42:13.3979 | DEBUG | Attempting to validate the bound parameter 'skip' of type 'System.Int32' ... 
2025-04-15 16:42:13.3979 | DEBUG | Done attempting to validate the bound parameter 'skip' of type 'System.Int32'. 
2025-04-15 16:42:13.3979 | DEBUG | Attempting to bind parameter 'take' of type 'System.Int32' ... 
2025-04-15 16:42:13.3979 | DEBUG | Attempting to bind parameter 'take' of type 'System.Int32' using the name 'take' in request data ... 
2025-04-15 16:42:13.3979 | DEBUG | Done attempting to bind parameter 'take' of type 'System.Int32'. 
2025-04-15 16:42:13.3979 | DEBUG | Done attempting to bind parameter 'take' of type 'System.Int32'. 
2025-04-15 16:42:13.3979 | DEBUG | Attempting to validate the bound parameter 'take' of type 'System.Int32' ... 
2025-04-15 16:42:13.3979 | DEBUG | Done attempting to validate the bound parameter 'take' of type 'System.Int32'. 
2025-04-15 16:42:13.3979 | DEBUG | Attempting to bind parameter 'sortFeild' of type 'System.String' ... 
2025-04-15 16:42:13.3979 | DEBUG | Attempting to bind parameter 'sortFeild' of type 'System.String' using the name 'sortFeild' in request data ... 
2025-04-15 16:42:13.3979 | DEBUG | Done attempting to bind parameter 'sortFeild' of type 'System.String'. 
2025-04-15 16:42:13.3979 | DEBUG | Done attempting to bind parameter 'sortFeild' of type 'System.String'. 
2025-04-15 16:42:13.3979 | DEBUG | Attempting to validate the bound parameter 'sortFeild' of type 'System.String' ... 
2025-04-15 16:42:13.3979 | DEBUG | Done attempting to validate the bound parameter 'sortFeild' of type 'System.String'. 
2025-04-15 16:42:13.3979 | DEBUG | Attempting to bind parameter 'sortType' of type 'System.Nullable`1[System.Int32]' ... 
2025-04-15 16:42:13.3979 | DEBUG | Attempting to bind parameter 'sortType' of type 'System.Nullable`1[System.Int32]' using the name 'sortType' in request data ... 
2025-04-15 16:42:13.3979 | DEBUG | Done attempting to bind parameter 'sortType' of type 'System.Nullable`1[System.Int32]'. 
2025-04-15 16:42:13.3979 | DEBUG | Done attempting to bind parameter 'sortType' of type 'System.Nullable`1[System.Int32]'. 
2025-04-15 16:42:13.3979 | DEBUG | Attempting to validate the bound parameter 'sortType' of type 'System.Nullable`1[System.Int32]' ... 
2025-04-15 16:42:13.3979 | DEBUG | Done attempting to validate the bound parameter 'sortType' of type 'System.Nullable`1[System.Int32]'. 
2025-04-15 16:42:13.4068 | DEBUG | List of registered output formatters, in the following order: Microsoft.AspNetCore.Mvc.Formatters.HttpNoContentOutputFormatter, Microsoft.AspNetCore.Mvc.Formatters.StringOutputFormatter, Microsoft.AspNetCore.Mvc.Formatters.StreamOutputFormatter, Microsoft.AspNetCore.Mvc.Formatters.NewtonsoftJsonOutputFormatter 
2025-04-15 16:42:13.4068 | DEBUG | No information found on request to perform content negotiation. 
2025-04-15 16:42:13.4068 | DEBUG | Attempting to select an output formatter without using a content type as no explicit content types were specified for the response. 
2025-04-15 16:42:13.4068 | DEBUG | Attempting to select the first formatter in the output formatters list which can write the result. 
2025-04-15 16:42:13.4068 | DEBUG | Selected output formatter 'Microsoft.AspNetCore.Mvc.Formatters.NewtonsoftJsonOutputFormatter' and content type 'application/json' to write the response. 
2025-04-15 16:42:13.4068 | DEBUG | Connection id "0HNBS1NN8QBM3" completed keep alive response. 
2025-04-15 16:42:16.1140 | DEBUG | The request path  does not match the path filter 
2025-04-15 16:42:16.1140 | DEBUG | The request has an origin header: 'http://127.0.0.1:5503'. 
2025-04-15 16:42:16.1140 | DEBUG | 1 candidate(s) found for the request path '/api/Author/GetAllBooks2' 
2025-04-15 16:42:16.1140 | DEBUG | Endpoint 'WebApplication1.Controller.AuthorController.GetAllBooks2 (WebApplication1)' with route pattern 'api/Author/GetAllBooks2' is valid for the request path '/api/Author/GetAllBooks2' 
2025-04-15 16:42:16.1140 | DEBUG | Request matched endpoint 'WebApplication1.Controller.AuthorController.GetAllBooks2 (WebApplication1)' 
2025-04-15 16:42:16.1140 | DEBUG | Execution plan of authorization filters (in the following order): None 
2025-04-15 16:42:16.1140 | DEBUG | Execution plan of resource filters (in the following order): None 
2025-04-15 16:42:16.1140 | DEBUG | Execution plan of action filters (in the following order): Microsoft.AspNetCore.Mvc.ModelBinding.UnsupportedContentTypeFilter (Order: -3000), Microsoft.AspNetCore.Mvc.Infrastructure.ModelStateInvalidFilter (Order: -2000) 
2025-04-15 16:42:16.1140 | DEBUG | Execution plan of exception filters (in the following order): None 
2025-04-15 16:42:16.1140 | DEBUG | Execution plan of result filters (in the following order): Microsoft.AspNetCore.Mvc.Infrastructure.ClientErrorResultFilter (Order: -2000) 
2025-04-15 16:42:16.1140 | DEBUG | Executing controller factory for controller WebApplication1.Controller.AuthorController (WebApplication1) 
2025-04-15 16:42:16.1313 | DEBUG | Executed controller factory for controller WebApplication1.Controller.AuthorController (WebApplication1) 
2025-04-15 16:42:16.1313 | DEBUG | Attempting to bind parameter 'skip' of type 'System.Int32' ... 
2025-04-15 16:42:16.1313 | DEBUG | Attempting to bind parameter 'skip' of type 'System.Int32' using the name 'skip' in request data ... 
2025-04-15 16:42:16.1313 | DEBUG | Done attempting to bind parameter 'skip' of type 'System.Int32'. 
2025-04-15 16:42:16.1313 | DEBUG | Done attempting to bind parameter 'skip' of type 'System.Int32'. 
2025-04-15 16:42:16.1313 | DEBUG | Attempting to validate the bound parameter 'skip' of type 'System.Int32' ... 
2025-04-15 16:42:16.1313 | DEBUG | Done attempting to validate the bound parameter 'skip' of type 'System.Int32'. 
2025-04-15 16:42:16.1313 | DEBUG | Attempting to bind parameter 'take' of type 'System.Int32' ... 
2025-04-15 16:42:16.1313 | DEBUG | Attempting to bind parameter 'take' of type 'System.Int32' using the name 'take' in request data ... 
2025-04-15 16:42:16.1313 | DEBUG | Done attempting to bind parameter 'take' of type 'System.Int32'. 
2025-04-15 16:42:16.1313 | DEBUG | Done attempting to bind parameter 'take' of type 'System.Int32'. 
2025-04-15 16:42:16.1313 | DEBUG | Attempting to validate the bound parameter 'take' of type 'System.Int32' ... 
2025-04-15 16:42:16.1313 | DEBUG | Done attempting to validate the bound parameter 'take' of type 'System.Int32'. 
2025-04-15 16:42:16.1313 | DEBUG | Attempting to bind parameter 'sortFeild' of type 'System.String' ... 
2025-04-15 16:42:16.1313 | DEBUG | Attempting to bind parameter 'sortFeild' of type 'System.String' using the name 'sortFeild' in request data ... 
2025-04-15 16:42:16.1313 | DEBUG | Done attempting to bind parameter 'sortFeild' of type 'System.String'. 
2025-04-15 16:42:16.1313 | DEBUG | Done attempting to bind parameter 'sortFeild' of type 'System.String'. 
2025-04-15 16:42:16.1313 | DEBUG | Attempting to validate the bound parameter 'sortFeild' of type 'System.String' ... 
2025-04-15 16:42:16.1313 | DEBUG | Done attempting to validate the bound parameter 'sortFeild' of type 'System.String'. 
2025-04-15 16:42:16.1313 | DEBUG | Attempting to bind parameter 'sortType' of type 'System.Nullable`1[System.Int32]' ... 
2025-04-15 16:42:16.1313 | DEBUG | Attempting to bind parameter 'sortType' of type 'System.Nullable`1[System.Int32]' using the name 'sortType' in request data ... 
2025-04-15 16:42:16.1313 | DEBUG | Done attempting to bind parameter 'sortType' of type 'System.Nullable`1[System.Int32]'. 
2025-04-15 16:42:16.1313 | DEBUG | Done attempting to bind parameter 'sortType' of type 'System.Nullable`1[System.Int32]'. 
2025-04-15 16:42:16.1313 | DEBUG | Attempting to validate the bound parameter 'sortType' of type 'System.Nullable`1[System.Int32]' ... 
2025-04-15 16:42:16.1313 | DEBUG | Done attempting to validate the bound parameter 'sortType' of type 'System.Nullable`1[System.Int32]'. 
2025-04-15 16:42:16.1404 | DEBUG | List of registered output formatters, in the following order: Microsoft.AspNetCore.Mvc.Formatters.HttpNoContentOutputFormatter, Microsoft.AspNetCore.Mvc.Formatters.StringOutputFormatter, Microsoft.AspNetCore.Mvc.Formatters.StreamOutputFormatter, Microsoft.AspNetCore.Mvc.Formatters.NewtonsoftJsonOutputFormatter 
2025-04-15 16:42:16.1404 | DEBUG | No information found on request to perform content negotiation. 
2025-04-15 16:42:16.1404 | DEBUG | Attempting to select an output formatter without using a content type as no explicit content types were specified for the response. 
2025-04-15 16:42:16.1404 | DEBUG | Attempting to select the first formatter in the output formatters list which can write the result. 
2025-04-15 16:42:16.1404 | DEBUG | Selected output formatter 'Microsoft.AspNetCore.Mvc.Formatters.NewtonsoftJsonOutputFormatter' and content type 'application/json' to write the response. 
2025-04-15 16:42:16.1404 | DEBUG | Connection id "0HNBS1NN8QBM3" completed keep alive response. 
2025-04-15 16:42:16.3299 | DEBUG | The request path  does not match the path filter 
2025-04-15 16:42:16.3299 | DEBUG | The request has an origin header: 'http://127.0.0.1:5503'. 
2025-04-15 16:42:16.3299 | DEBUG | 1 candidate(s) found for the request path '/api/Author/GetAllBooks2' 
2025-04-15 16:42:16.3299 | DEBUG | Endpoint 'WebApplication1.Controller.AuthorController.GetAllBooks2 (WebApplication1)' with route pattern 'api/Author/GetAllBooks2' is valid for the request path '/api/Author/GetAllBooks2' 
2025-04-15 16:42:16.3299 | DEBUG | Request matched endpoint 'WebApplication1.Controller.AuthorController.GetAllBooks2 (WebApplication1)' 
2025-04-15 16:42:16.3299 | DEBUG | Execution plan of authorization filters (in the following order): None 
2025-04-15 16:42:16.3299 | DEBUG | Execution plan of resource filters (in the following order): None 
2025-04-15 16:42:16.3299 | DEBUG | Execution plan of action filters (in the following order): Microsoft.AspNetCore.Mvc.ModelBinding.UnsupportedContentTypeFilter (Order: -3000), Microsoft.AspNetCore.Mvc.Infrastructure.ModelStateInvalidFilter (Order: -2000) 
2025-04-15 16:42:16.3299 | DEBUG | Execution plan of exception filters (in the following order): None 
2025-04-15 16:42:16.3299 | DEBUG | Execution plan of result filters (in the following order): Microsoft.AspNetCore.Mvc.Infrastructure.ClientErrorResultFilter (Order: -2000) 
2025-04-15 16:42:16.3299 | DEBUG | Executing controller factory for controller WebApplication1.Controller.AuthorController (WebApplication1) 
2025-04-15 16:42:16.3299 | DEBUG | Executed controller factory for controller WebApplication1.Controller.AuthorController (WebApplication1) 
2025-04-15 16:42:16.3299 | DEBUG | Attempting to bind parameter 'skip' of type 'System.Int32' ... 
2025-04-15 16:42:16.3299 | DEBUG | Attempting to bind parameter 'skip' of type 'System.Int32' using the name 'skip' in request data ... 
2025-04-15 16:42:16.3299 | DEBUG | Done attempting to bind parameter 'skip' of type 'System.Int32'. 
2025-04-15 16:42:16.3299 | DEBUG | Done attempting to bind parameter 'skip' of type 'System.Int32'. 
2025-04-15 16:42:16.3299 | DEBUG | Attempting to validate the bound parameter 'skip' of type 'System.Int32' ... 
2025-04-15 16:42:16.3299 | DEBUG | Done attempting to validate the bound parameter 'skip' of type 'System.Int32'. 
2025-04-15 16:42:16.3299 | DEBUG | Attempting to bind parameter 'take' of type 'System.Int32' ... 
2025-04-15 16:42:16.3299 | DEBUG | Attempting to bind parameter 'take' of type 'System.Int32' using the name 'take' in request data ... 
2025-04-15 16:42:16.3299 | DEBUG | Done attempting to bind parameter 'take' of type 'System.Int32'. 
2025-04-15 16:42:16.3299 | DEBUG | Done attempting to bind parameter 'take' of type 'System.Int32'. 
2025-04-15 16:42:16.3299 | DEBUG | Attempting to validate the bound parameter 'take' of type 'System.Int32' ... 
2025-04-15 16:42:16.3299 | DEBUG | Done attempting to validate the bound parameter 'take' of type 'System.Int32'. 
2025-04-15 16:42:16.3299 | DEBUG | Attempting to bind parameter 'sortFeild' of type 'System.String' ... 
2025-04-15 16:42:16.3299 | DEBUG | Attempting to bind parameter 'sortFeild' of type 'System.String' using the name 'sortFeild' in request data ... 
2025-04-15 16:42:16.3299 | DEBUG | Done attempting to bind parameter 'sortFeild' of type 'System.String'. 
2025-04-15 16:42:16.3299 | DEBUG | Done attempting to bind parameter 'sortFeild' of type 'System.String'. 
2025-04-15 16:42:16.3299 | DEBUG | Attempting to validate the bound parameter 'sortFeild' of type 'System.String' ... 
2025-04-15 16:42:16.3299 | DEBUG | Done attempting to validate the bound parameter 'sortFeild' of type 'System.String'. 
2025-04-15 16:42:16.3299 | DEBUG | Attempting to bind parameter 'sortType' of type 'System.Nullable`1[System.Int32]' ... 
2025-04-15 16:42:16.3299 | DEBUG | Attempting to bind parameter 'sortType' of type 'System.Nullable`1[System.Int32]' using the name 'sortType' in request data ... 
2025-04-15 16:42:16.3299 | DEBUG | Done attempting to bind parameter 'sortType' of type 'System.Nullable`1[System.Int32]'. 
2025-04-15 16:42:16.3299 | DEBUG | Done attempting to bind parameter 'sortType' of type 'System.Nullable`1[System.Int32]'. 
2025-04-15 16:42:16.3299 | DEBUG | Attempting to validate the bound parameter 'sortType' of type 'System.Nullable`1[System.Int32]' ... 
2025-04-15 16:42:16.3299 | DEBUG | Done attempting to validate the bound parameter 'sortType' of type 'System.Nullable`1[System.Int32]'. 
2025-04-15 16:42:16.3530 | DEBUG | List of registered output formatters, in the following order: Microsoft.AspNetCore.Mvc.Formatters.HttpNoContentOutputFormatter, Microsoft.AspNetCore.Mvc.Formatters.StringOutputFormatter, Microsoft.AspNetCore.Mvc.Formatters.StreamOutputFormatter, Microsoft.AspNetCore.Mvc.Formatters.NewtonsoftJsonOutputFormatter 
2025-04-15 16:42:16.3530 | DEBUG | No information found on request to perform content negotiation. 
2025-04-15 16:42:16.3530 | DEBUG | Attempting to select an output formatter without using a content type as no explicit content types were specified for the response. 
2025-04-15 16:42:16.3530 | DEBUG | Attempting to select the first formatter in the output formatters list which can write the result. 
2025-04-15 16:42:16.3530 | DEBUG | Selected output formatter 'Microsoft.AspNetCore.Mvc.Formatters.NewtonsoftJsonOutputFormatter' and content type 'application/json' to write the response. 
2025-04-15 16:42:16.3530 | DEBUG | Connection id "0HNBS1NN8QBM3" completed keep alive response. 
2025-04-15 16:42:17.3367 | DEBUG | The request path  does not match the path filter 
2025-04-15 16:42:17.3367 | DEBUG | The request has an origin header: 'http://127.0.0.1:5503'. 
2025-04-15 16:42:17.3367 | DEBUG | 1 candidate(s) found for the request path '/api/Author/GetAllBooks2' 
2025-04-15 16:42:17.3367 | DEBUG | Endpoint 'WebApplication1.Controller.AuthorController.GetAllBooks2 (WebApplication1)' with route pattern 'api/Author/GetAllBooks2' is valid for the request path '/api/Author/GetAllBooks2' 
2025-04-15 16:42:17.3367 | DEBUG | Request matched endpoint 'WebApplication1.Controller.AuthorController.GetAllBooks2 (WebApplication1)' 
2025-04-15 16:42:17.3367 | DEBUG | Execution plan of authorization filters (in the following order): None 
2025-04-15 16:42:17.3367 | DEBUG | Execution plan of resource filters (in the following order): None 
2025-04-15 16:42:17.3367 | DEBUG | Execution plan of action filters (in the following order): Microsoft.AspNetCore.Mvc.ModelBinding.UnsupportedContentTypeFilter (Order: -3000), Microsoft.AspNetCore.Mvc.Infrastructure.ModelStateInvalidFilter (Order: -2000) 
2025-04-15 16:42:17.3367 | DEBUG | Execution plan of exception filters (in the following order): None 
2025-04-15 16:42:17.3367 | DEBUG | Execution plan of result filters (in the following order): Microsoft.AspNetCore.Mvc.Infrastructure.ClientErrorResultFilter (Order: -2000) 
2025-04-15 16:42:17.3367 | DEBUG | Executing controller factory for controller WebApplication1.Controller.AuthorController (WebApplication1) 
2025-04-15 16:42:17.3526 | DEBUG | Executed controller factory for controller WebApplication1.Controller.AuthorController (WebApplication1) 
2025-04-15 16:42:17.3526 | DEBUG | Attempting to bind parameter 'skip' of type 'System.Int32' ... 
2025-04-15 16:42:17.3526 | DEBUG | Attempting to bind parameter 'skip' of type 'System.Int32' using the name 'skip' in request data ... 
2025-04-15 16:42:17.3526 | DEBUG | Done attempting to bind parameter 'skip' of type 'System.Int32'. 
2025-04-15 16:42:17.3526 | DEBUG | Done attempting to bind parameter 'skip' of type 'System.Int32'. 
2025-04-15 16:42:17.3526 | DEBUG | Attempting to validate the bound parameter 'skip' of type 'System.Int32' ... 
2025-04-15 16:42:17.3526 | DEBUG | Done attempting to validate the bound parameter 'skip' of type 'System.Int32'. 
2025-04-15 16:42:17.3526 | DEBUG | Attempting to bind parameter 'take' of type 'System.Int32' ... 
2025-04-15 16:42:17.3526 | DEBUG | Attempting to bind parameter 'take' of type 'System.Int32' using the name 'take' in request data ... 
2025-04-15 16:42:17.3526 | DEBUG | Done attempting to bind parameter 'take' of type 'System.Int32'. 
2025-04-15 16:42:17.3526 | DEBUG | Done attempting to bind parameter 'take' of type 'System.Int32'. 
2025-04-15 16:42:17.3526 | DEBUG | Attempting to validate the bound parameter 'take' of type 'System.Int32' ... 
2025-04-15 16:42:17.3526 | DEBUG | Done attempting to validate the bound parameter 'take' of type 'System.Int32'. 
2025-04-15 16:42:17.3526 | DEBUG | Attempting to bind parameter 'sortFeild' of type 'System.String' ... 
2025-04-15 16:42:17.3526 | DEBUG | Attempting to bind parameter 'sortFeild' of type 'System.String' using the name 'sortFeild' in request data ... 
2025-04-15 16:42:17.3526 | DEBUG | Done attempting to bind parameter 'sortFeild' of type 'System.String'. 
2025-04-15 16:42:17.3526 | DEBUG | Done attempting to bind parameter 'sortFeild' of type 'System.String'. 
2025-04-15 16:42:17.3526 | DEBUG | Attempting to validate the bound parameter 'sortFeild' of type 'System.String' ... 
2025-04-15 16:42:17.3526 | DEBUG | Done attempting to validate the bound parameter 'sortFeild' of type 'System.String'. 
2025-04-15 16:42:17.3526 | DEBUG | Attempting to bind parameter 'sortType' of type 'System.Nullable`1[System.Int32]' ... 
2025-04-15 16:42:17.3526 | DEBUG | Attempting to bind parameter 'sortType' of type 'System.Nullable`1[System.Int32]' using the name 'sortType' in request data ... 
2025-04-15 16:42:17.3526 | DEBUG | Done attempting to bind parameter 'sortType' of type 'System.Nullable`1[System.Int32]'. 
2025-04-15 16:42:17.3526 | DEBUG | Done attempting to bind parameter 'sortType' of type 'System.Nullable`1[System.Int32]'. 
2025-04-15 16:42:17.3526 | DEBUG | Attempting to validate the bound parameter 'sortType' of type 'System.Nullable`1[System.Int32]' ... 
2025-04-15 16:42:17.3526 | DEBUG | Done attempting to validate the bound parameter 'sortType' of type 'System.Nullable`1[System.Int32]'. 
2025-04-15 16:42:17.3612 | DEBUG | List of registered output formatters, in the following order: Microsoft.AspNetCore.Mvc.Formatters.HttpNoContentOutputFormatter, Microsoft.AspNetCore.Mvc.Formatters.StringOutputFormatter, Microsoft.AspNetCore.Mvc.Formatters.StreamOutputFormatter, Microsoft.AspNetCore.Mvc.Formatters.NewtonsoftJsonOutputFormatter 
2025-04-15 16:42:17.3612 | DEBUG | No information found on request to perform content negotiation. 
2025-04-15 16:42:17.3612 | DEBUG | Attempting to select an output formatter without using a content type as no explicit content types were specified for the response. 
2025-04-15 16:42:17.3612 | DEBUG | Attempting to select the first formatter in the output formatters list which can write the result. 
2025-04-15 16:42:17.3612 | DEBUG | Selected output formatter 'Microsoft.AspNetCore.Mvc.Formatters.NewtonsoftJsonOutputFormatter' and content type 'application/json' to write the response. 
2025-04-15 16:42:17.3612 | DEBUG | Connection id "0HNBS1NN8QBM3" completed keep alive response. 
2025-04-15 16:42:18.0538 | DEBUG | The request path  does not match the path filter 
2025-04-15 16:42:18.0538 | DEBUG | The request has an origin header: 'http://127.0.0.1:5503'. 
2025-04-15 16:42:18.0538 | DEBUG | 1 candidate(s) found for the request path '/api/Author/GetAllBooks2' 
2025-04-15 16:42:18.0538 | DEBUG | Endpoint 'WebApplication1.Controller.AuthorController.GetAllBooks2 (WebApplication1)' with route pattern 'api/Author/GetAllBooks2' is valid for the request path '/api/Author/GetAllBooks2' 
2025-04-15 16:42:18.0538 | DEBUG | Request matched endpoint 'WebApplication1.Controller.AuthorController.GetAllBooks2 (WebApplication1)' 
2025-04-15 16:42:18.0538 | DEBUG | Execution plan of authorization filters (in the following order): None 
2025-04-15 16:42:18.0538 | DEBUG | Execution plan of resource filters (in the following order): None 
2025-04-15 16:42:18.0538 | DEBUG | Execution plan of action filters (in the following order): Microsoft.AspNetCore.Mvc.ModelBinding.UnsupportedContentTypeFilter (Order: -3000), Microsoft.AspNetCore.Mvc.Infrastructure.ModelStateInvalidFilter (Order: -2000) 
2025-04-15 16:42:18.0538 | DEBUG | Execution plan of exception filters (in the following order): None 
2025-04-15 16:42:18.0538 | DEBUG | Execution plan of result filters (in the following order): Microsoft.AspNetCore.Mvc.Infrastructure.ClientErrorResultFilter (Order: -2000) 
2025-04-15 16:42:18.0538 | DEBUG | Executing controller factory for controller WebApplication1.Controller.AuthorController (WebApplication1) 
2025-04-15 16:42:18.0538 | DEBUG | Executed controller factory for controller WebApplication1.Controller.AuthorController (WebApplication1) 
2025-04-15 16:42:18.0538 | DEBUG | Attempting to bind parameter 'skip' of type 'System.Int32' ... 
2025-04-15 16:42:18.0538 | DEBUG | Attempting to bind parameter 'skip' of type 'System.Int32' using the name 'skip' in request data ... 
2025-04-15 16:42:18.0538 | DEBUG | Done attempting to bind parameter 'skip' of type 'System.Int32'. 
2025-04-15 16:42:18.0538 | DEBUG | Done attempting to bind parameter 'skip' of type 'System.Int32'. 
2025-04-15 16:42:18.0538 | DEBUG | Attempting to validate the bound parameter 'skip' of type 'System.Int32' ... 
2025-04-15 16:42:18.0538 | DEBUG | Done attempting to validate the bound parameter 'skip' of type 'System.Int32'. 
2025-04-15 16:42:18.0538 | DEBUG | Attempting to bind parameter 'take' of type 'System.Int32' ... 
2025-04-15 16:42:18.0538 | DEBUG | Attempting to bind parameter 'take' of type 'System.Int32' using the name 'take' in request data ... 
2025-04-15 16:42:18.0538 | DEBUG | Done attempting to bind parameter 'take' of type 'System.Int32'. 
2025-04-15 16:42:18.0538 | DEBUG | Done attempting to bind parameter 'take' of type 'System.Int32'. 
2025-04-15 16:42:18.0538 | DEBUG | Attempting to validate the bound parameter 'take' of type 'System.Int32' ... 
2025-04-15 16:42:18.0538 | DEBUG | Done attempting to validate the bound parameter 'take' of type 'System.Int32'. 
2025-04-15 16:42:18.0538 | DEBUG | Attempting to bind parameter 'sortFeild' of type 'System.String' ... 
2025-04-15 16:42:18.0538 | DEBUG | Attempting to bind parameter 'sortFeild' of type 'System.String' using the name 'sortFeild' in request data ... 
2025-04-15 16:42:18.0538 | DEBUG | Done attempting to bind parameter 'sortFeild' of type 'System.String'. 
2025-04-15 16:42:18.0538 | DEBUG | Done attempting to bind parameter 'sortFeild' of type 'System.String'. 
2025-04-15 16:42:18.0538 | DEBUG | Attempting to validate the bound parameter 'sortFeild' of type 'System.String' ... 
2025-04-15 16:42:18.0538 | DEBUG | Done attempting to validate the bound parameter 'sortFeild' of type 'System.String'. 
2025-04-15 16:42:18.0538 | DEBUG | Attempting to bind parameter 'sortType' of type 'System.Nullable`1[System.Int32]' ... 
2025-04-15 16:42:18.0538 | DEBUG | Attempting to bind parameter 'sortType' of type 'System.Nullable`1[System.Int32]' using the name 'sortType' in request data ... 
2025-04-15 16:42:18.0538 | DEBUG | Done attempting to bind parameter 'sortType' of type 'System.Nullable`1[System.Int32]'. 
2025-04-15 16:42:18.0538 | DEBUG | Done attempting to bind parameter 'sortType' of type 'System.Nullable`1[System.Int32]'. 
2025-04-15 16:42:18.0538 | DEBUG | Attempting to validate the bound parameter 'sortType' of type 'System.Nullable`1[System.Int32]' ... 
2025-04-15 16:42:18.0538 | DEBUG | Done attempting to validate the bound parameter 'sortType' of type 'System.Nullable`1[System.Int32]'. 
2025-04-15 16:42:18.0768 | DEBUG | List of registered output formatters, in the following order: Microsoft.AspNetCore.Mvc.Formatters.HttpNoContentOutputFormatter, Microsoft.AspNetCore.Mvc.Formatters.StringOutputFormatter, Microsoft.AspNetCore.Mvc.Formatters.StreamOutputFormatter, Microsoft.AspNetCore.Mvc.Formatters.NewtonsoftJsonOutputFormatter 
2025-04-15 16:42:18.0768 | DEBUG | No information found on request to perform content negotiation. 
2025-04-15 16:42:18.0768 | DEBUG | Attempting to select an output formatter without using a content type as no explicit content types were specified for the response. 
2025-04-15 16:42:18.0768 | DEBUG | Attempting to select the first formatter in the output formatters list which can write the result. 
2025-04-15 16:42:18.0768 | DEBUG | Selected output formatter 'Microsoft.AspNetCore.Mvc.Formatters.NewtonsoftJsonOutputFormatter' and content type 'application/json' to write the response. 
2025-04-15 16:42:18.0768 | DEBUG | Connection id "0HNBS1NN8QBM3" completed keep alive response. 
2025-04-15 16:42:24.2729 | DEBUG | The request path  does not match the path filter 
2025-04-15 16:42:24.2729 | DEBUG | The request has an origin header: 'http://127.0.0.1:5503'. 
2025-04-15 16:42:24.2729 | DEBUG | 1 candidate(s) found for the request path '/api/Author/GetAllBooks2' 
2025-04-15 16:42:24.2729 | DEBUG | Endpoint 'WebApplication1.Controller.AuthorController.GetAllBooks2 (WebApplication1)' with route pattern 'api/Author/GetAllBooks2' is valid for the request path '/api/Author/GetAllBooks2' 
2025-04-15 16:42:24.2729 | DEBUG | Request matched endpoint 'WebApplication1.Controller.AuthorController.GetAllBooks2 (WebApplication1)' 
2025-04-15 16:42:24.2729 | DEBUG | Execution plan of authorization filters (in the following order): None 
2025-04-15 16:42:24.2729 | DEBUG | Execution plan of resource filters (in the following order): None 
2025-04-15 16:42:24.2729 | DEBUG | Execution plan of action filters (in the following order): Microsoft.AspNetCore.Mvc.ModelBinding.UnsupportedContentTypeFilter (Order: -3000), Microsoft.AspNetCore.Mvc.Infrastructure.ModelStateInvalidFilter (Order: -2000) 
2025-04-15 16:42:24.2729 | DEBUG | Execution plan of exception filters (in the following order): None 
2025-04-15 16:42:24.2729 | DEBUG | Execution plan of result filters (in the following order): Microsoft.AspNetCore.Mvc.Infrastructure.ClientErrorResultFilter (Order: -2000) 
2025-04-15 16:42:24.2729 | DEBUG | Executing controller factory for controller WebApplication1.Controller.AuthorController (WebApplication1) 
2025-04-15 16:42:24.2900 | DEBUG | Executed controller factory for controller WebApplication1.Controller.AuthorController (WebApplication1) 
2025-04-15 16:42:24.2900 | DEBUG | Attempting to bind parameter 'skip' of type 'System.Int32' ... 
2025-04-15 16:42:24.2900 | DEBUG | Attempting to bind parameter 'skip' of type 'System.Int32' using the name 'skip' in request data ... 
2025-04-15 16:42:24.2900 | DEBUG | Done attempting to bind parameter 'skip' of type 'System.Int32'. 
2025-04-15 16:42:24.2900 | DEBUG | Done attempting to bind parameter 'skip' of type 'System.Int32'. 
2025-04-15 16:42:24.2900 | DEBUG | Attempting to validate the bound parameter 'skip' of type 'System.Int32' ... 
2025-04-15 16:42:24.2900 | DEBUG | Done attempting to validate the bound parameter 'skip' of type 'System.Int32'. 
2025-04-15 16:42:24.2900 | DEBUG | Attempting to bind parameter 'take' of type 'System.Int32' ... 
2025-04-15 16:42:24.2900 | DEBUG | Attempting to bind parameter 'take' of type 'System.Int32' using the name 'take' in request data ... 
2025-04-15 16:42:24.2900 | DEBUG | Done attempting to bind parameter 'take' of type 'System.Int32'. 
2025-04-15 16:42:24.2900 | DEBUG | Done attempting to bind parameter 'take' of type 'System.Int32'. 
2025-04-15 16:42:24.2900 | DEBUG | Attempting to validate the bound parameter 'take' of type 'System.Int32' ... 
2025-04-15 16:42:24.2900 | DEBUG | Done attempting to validate the bound parameter 'take' of type 'System.Int32'. 
2025-04-15 16:42:24.2900 | DEBUG | Attempting to bind parameter 'sortFeild' of type 'System.String' ... 
2025-04-15 16:42:24.2900 | DEBUG | Attempting to bind parameter 'sortFeild' of type 'System.String' using the name 'sortFeild' in request data ... 
2025-04-15 16:42:24.2900 | DEBUG | Done attempting to bind parameter 'sortFeild' of type 'System.String'. 
2025-04-15 16:42:24.2900 | DEBUG | Done attempting to bind parameter 'sortFeild' of type 'System.String'. 
2025-04-15 16:42:24.2900 | DEBUG | Attempting to validate the bound parameter 'sortFeild' of type 'System.String' ... 
2025-04-15 16:42:24.2900 | DEBUG | Done attempting to validate the bound parameter 'sortFeild' of type 'System.String'. 
2025-04-15 16:42:24.2900 | DEBUG | Attempting to bind parameter 'sortType' of type 'System.Nullable`1[System.Int32]' ... 
2025-04-15 16:42:24.2900 | DEBUG | Attempting to bind parameter 'sortType' of type 'System.Nullable`1[System.Int32]' using the name 'sortType' in request data ... 
2025-04-15 16:42:24.2900 | DEBUG | Done attempting to bind parameter 'sortType' of type 'System.Nullable`1[System.Int32]'. 
2025-04-15 16:42:24.2900 | DEBUG | Done attempting to bind parameter 'sortType' of type 'System.Nullable`1[System.Int32]'. 
2025-04-15 16:42:24.2900 | DEBUG | Attempting to validate the bound parameter 'sortType' of type 'System.Nullable`1[System.Int32]' ... 
2025-04-15 16:42:24.2900 | DEBUG | Done attempting to validate the bound parameter 'sortType' of type 'System.Nullable`1[System.Int32]'. 
2025-04-15 16:42:24.2986 | DEBUG | List of registered output formatters, in the following order: Microsoft.AspNetCore.Mvc.Formatters.HttpNoContentOutputFormatter, Microsoft.AspNetCore.Mvc.Formatters.StringOutputFormatter, Microsoft.AspNetCore.Mvc.Formatters.StreamOutputFormatter, Microsoft.AspNetCore.Mvc.Formatters.NewtonsoftJsonOutputFormatter 
2025-04-15 16:42:24.2986 | DEBUG | No information found on request to perform content negotiation. 
2025-04-15 16:42:24.2986 | DEBUG | Attempting to select an output formatter without using a content type as no explicit content types were specified for the response. 
2025-04-15 16:42:24.2986 | DEBUG | Attempting to select the first formatter in the output formatters list which can write the result. 
2025-04-15 16:42:24.2986 | DEBUG | Selected output formatter 'Microsoft.AspNetCore.Mvc.Formatters.NewtonsoftJsonOutputFormatter' and content type 'application/json' to write the response. 
2025-04-15 16:42:24.2986 | DEBUG | Connection id "0HNBS1NN8QBM3" completed keep alive response. 
2025-04-15 16:42:24.4974 | DEBUG | The request path  does not match the path filter 
2025-04-15 16:42:24.4974 | DEBUG | The request has an origin header: 'http://127.0.0.1:5503'. 
2025-04-15 16:42:24.4974 | DEBUG | 1 candidate(s) found for the request path '/api/Author/GetAllBooks2' 
2025-04-15 16:42:24.4974 | DEBUG | Endpoint 'WebApplication1.Controller.AuthorController.GetAllBooks2 (WebApplication1)' with route pattern 'api/Author/GetAllBooks2' is valid for the request path '/api/Author/GetAllBooks2' 
2025-04-15 16:42:24.4974 | DEBUG | Request matched endpoint 'WebApplication1.Controller.AuthorController.GetAllBooks2 (WebApplication1)' 
2025-04-15 16:42:24.4974 | DEBUG | Execution plan of authorization filters (in the following order): None 
2025-04-15 16:42:24.4974 | DEBUG | Execution plan of resource filters (in the following order): None 
2025-04-15 16:42:24.4974 | DEBUG | Execution plan of action filters (in the following order): Microsoft.AspNetCore.Mvc.ModelBinding.UnsupportedContentTypeFilter (Order: -3000), Microsoft.AspNetCore.Mvc.Infrastructure.ModelStateInvalidFilter (Order: -2000) 
2025-04-15 16:42:24.4974 | DEBUG | Execution plan of exception filters (in the following order): None 
2025-04-15 16:42:24.4974 | DEBUG | Execution plan of result filters (in the following order): Microsoft.AspNetCore.Mvc.Infrastructure.ClientErrorResultFilter (Order: -2000) 
2025-04-15 16:42:24.4974 | DEBUG | Executing controller factory for controller WebApplication1.Controller.AuthorController (WebApplication1) 
2025-04-15 16:42:24.5116 | DEBUG | Executed controller factory for controller WebApplication1.Controller.AuthorController (WebApplication1) 
2025-04-15 16:42:24.5116 | DEBUG | Attempting to bind parameter 'skip' of type 'System.Int32' ... 
2025-04-15 16:42:24.5116 | DEBUG | Attempting to bind parameter 'skip' of type 'System.Int32' using the name 'skip' in request data ... 
2025-04-15 16:42:24.5116 | DEBUG | Done attempting to bind parameter 'skip' of type 'System.Int32'. 
2025-04-15 16:42:24.5116 | DEBUG | Done attempting to bind parameter 'skip' of type 'System.Int32'. 
2025-04-15 16:42:24.5116 | DEBUG | Attempting to validate the bound parameter 'skip' of type 'System.Int32' ... 
2025-04-15 16:42:24.5116 | DEBUG | Done attempting to validate the bound parameter 'skip' of type 'System.Int32'. 
2025-04-15 16:42:24.5116 | DEBUG | Attempting to bind parameter 'take' of type 'System.Int32' ... 
2025-04-15 16:42:24.5116 | DEBUG | Attempting to bind parameter 'take' of type 'System.Int32' using the name 'take' in request data ... 
2025-04-15 16:42:24.5116 | DEBUG | Done attempting to bind parameter 'take' of type 'System.Int32'. 
2025-04-15 16:42:24.5116 | DEBUG | Done attempting to bind parameter 'take' of type 'System.Int32'. 
2025-04-15 16:42:24.5116 | DEBUG | Attempting to validate the bound parameter 'take' of type 'System.Int32' ... 
2025-04-15 16:42:24.5116 | DEBUG | Done attempting to validate the bound parameter 'take' of type 'System.Int32'. 
2025-04-15 16:42:24.5116 | DEBUG | Attempting to bind parameter 'sortFeild' of type 'System.String' ... 
2025-04-15 16:42:24.5116 | DEBUG | Attempting to bind parameter 'sortFeild' of type 'System.String' using the name 'sortFeild' in request data ... 
2025-04-15 16:42:24.5116 | DEBUG | Done attempting to bind parameter 'sortFeild' of type 'System.String'. 
2025-04-15 16:42:24.5116 | DEBUG | Done attempting to bind parameter 'sortFeild' of type 'System.String'. 
2025-04-15 16:42:24.5116 | DEBUG | Attempting to validate the bound parameter 'sortFeild' of type 'System.String' ... 
2025-04-15 16:42:24.5116 | DEBUG | Done attempting to validate the bound parameter 'sortFeild' of type 'System.String'. 
2025-04-15 16:42:24.5116 | DEBUG | Attempting to bind parameter 'sortType' of type 'System.Nullable`1[System.Int32]' ... 
2025-04-15 16:42:24.5116 | DEBUG | Attempting to bind parameter 'sortType' of type 'System.Nullable`1[System.Int32]' using the name 'sortType' in request data ... 
2025-04-15 16:42:24.5116 | DEBUG | Done attempting to bind parameter 'sortType' of type 'System.Nullable`1[System.Int32]'. 
2025-04-15 16:42:24.5116 | DEBUG | Done attempting to bind parameter 'sortType' of type 'System.Nullable`1[System.Int32]'. 
2025-04-15 16:42:24.5116 | DEBUG | Attempting to validate the bound parameter 'sortType' of type 'System.Nullable`1[System.Int32]' ... 
2025-04-15 16:42:24.5116 | DEBUG | Done attempting to validate the bound parameter 'sortType' of type 'System.Nullable`1[System.Int32]'. 
2025-04-15 16:42:24.5116 | DEBUG | List of registered output formatters, in the following order: Microsoft.AspNetCore.Mvc.Formatters.HttpNoContentOutputFormatter, Microsoft.AspNetCore.Mvc.Formatters.StringOutputFormatter, Microsoft.AspNetCore.Mvc.Formatters.StreamOutputFormatter, Microsoft.AspNetCore.Mvc.Formatters.NewtonsoftJsonOutputFormatter 
2025-04-15 16:42:24.5116 | DEBUG | No information found on request to perform content negotiation. 
2025-04-15 16:42:24.5116 | DEBUG | Attempting to select an output formatter without using a content type as no explicit content types were specified for the response. 
2025-04-15 16:42:24.5116 | DEBUG | Attempting to select the first formatter in the output formatters list which can write the result. 
2025-04-15 16:42:24.5116 | DEBUG | Selected output formatter 'Microsoft.AspNetCore.Mvc.Formatters.NewtonsoftJsonOutputFormatter' and content type 'application/json' to write the response. 
2025-04-15 16:42:24.5116 | DEBUG | Connection id "0HNBS1NN8QBM3" completed keep alive response. 
2025-04-15 16:42:25.5055 | DEBUG | The request path  does not match the path filter 
2025-04-15 16:42:25.5055 | DEBUG | The request has an origin header: 'http://127.0.0.1:5503'. 
2025-04-15 16:42:25.5055 | DEBUG | 1 candidate(s) found for the request path '/api/Author/GetAllBooks2' 
2025-04-15 16:42:25.5055 | DEBUG | Endpoint 'WebApplication1.Controller.AuthorController.GetAllBooks2 (WebApplication1)' with route pattern 'api/Author/GetAllBooks2' is valid for the request path '/api/Author/GetAllBooks2' 
2025-04-15 16:42:25.5055 | DEBUG | Request matched endpoint 'WebApplication1.Controller.AuthorController.GetAllBooks2 (WebApplication1)' 
2025-04-15 16:42:25.5055 | DEBUG | Execution plan of authorization filters (in the following order): None 
2025-04-15 16:42:25.5055 | DEBUG | Execution plan of resource filters (in the following order): None 
2025-04-15 16:42:25.5055 | DEBUG | Execution plan of action filters (in the following order): Microsoft.AspNetCore.Mvc.ModelBinding.UnsupportedContentTypeFilter (Order: -3000), Microsoft.AspNetCore.Mvc.Infrastructure.ModelStateInvalidFilter (Order: -2000) 
2025-04-15 16:42:25.5055 | DEBUG | Execution plan of exception filters (in the following order): None 
2025-04-15 16:42:25.5055 | DEBUG | Execution plan of result filters (in the following order): Microsoft.AspNetCore.Mvc.Infrastructure.ClientErrorResultFilter (Order: -2000) 
2025-04-15 16:42:25.5055 | DEBUG | Executing controller factory for controller WebApplication1.Controller.AuthorController (WebApplication1) 
2025-04-15 16:42:25.5208 | DEBUG | Executed controller factory for controller WebApplication1.Controller.AuthorController (WebApplication1) 
2025-04-15 16:42:25.5208 | DEBUG | Attempting to bind parameter 'skip' of type 'System.Int32' ... 
2025-04-15 16:42:25.5208 | DEBUG | Attempting to bind parameter 'skip' of type 'System.Int32' using the name 'skip' in request data ... 
2025-04-15 16:42:25.5208 | DEBUG | Done attempting to bind parameter 'skip' of type 'System.Int32'. 
2025-04-15 16:42:25.5208 | DEBUG | Done attempting to bind parameter 'skip' of type 'System.Int32'. 
2025-04-15 16:42:25.5208 | DEBUG | Attempting to validate the bound parameter 'skip' of type 'System.Int32' ... 
2025-04-15 16:42:25.5208 | DEBUG | Done attempting to validate the bound parameter 'skip' of type 'System.Int32'. 
2025-04-15 16:42:25.5208 | DEBUG | Attempting to bind parameter 'take' of type 'System.Int32' ... 
2025-04-15 16:42:25.5208 | DEBUG | Attempting to bind parameter 'take' of type 'System.Int32' using the name 'take' in request data ... 
2025-04-15 16:42:25.5208 | DEBUG | Done attempting to bind parameter 'take' of type 'System.Int32'. 
2025-04-15 16:42:25.5208 | DEBUG | Done attempting to bind parameter 'take' of type 'System.Int32'. 
2025-04-15 16:42:25.5208 | DEBUG | Attempting to validate the bound parameter 'take' of type 'System.Int32' ... 
2025-04-15 16:42:25.5208 | DEBUG | Done attempting to validate the bound parameter 'take' of type 'System.Int32'. 
2025-04-15 16:42:25.5208 | DEBUG | Attempting to bind parameter 'sortFeild' of type 'System.String' ... 
2025-04-15 16:42:25.5208 | DEBUG | Attempting to bind parameter 'sortFeild' of type 'System.String' using the name 'sortFeild' in request data ... 
2025-04-15 16:42:25.5208 | DEBUG | Done attempting to bind parameter 'sortFeild' of type 'System.String'. 
2025-04-15 16:42:25.5208 | DEBUG | Done attempting to bind parameter 'sortFeild' of type 'System.String'. 
2025-04-15 16:42:25.5208 | DEBUG | Attempting to validate the bound parameter 'sortFeild' of type 'System.String' ... 
2025-04-15 16:42:25.5208 | DEBUG | Done attempting to validate the bound parameter 'sortFeild' of type 'System.String'. 
2025-04-15 16:42:25.5208 | DEBUG | Attempting to bind parameter 'sortType' of type 'System.Nullable`1[System.Int32]' ... 
2025-04-15 16:42:25.5208 | DEBUG | Attempting to bind parameter 'sortType' of type 'System.Nullable`1[System.Int32]' using the name 'sortType' in request data ... 
2025-04-15 16:42:25.5208 | DEBUG | Done attempting to bind parameter 'sortType' of type 'System.Nullable`1[System.Int32]'. 
2025-04-15 16:42:25.5208 | DEBUG | Done attempting to bind parameter 'sortType' of type 'System.Nullable`1[System.Int32]'. 
2025-04-15 16:42:25.5208 | DEBUG | Attempting to validate the bound parameter 'sortType' of type 'System.Nullable`1[System.Int32]' ... 
2025-04-15 16:42:25.5208 | DEBUG | Done attempting to validate the bound parameter 'sortType' of type 'System.Nullable`1[System.Int32]'. 
2025-04-15 16:42:25.5294 | DEBUG | List of registered output formatters, in the following order: Microsoft.AspNetCore.Mvc.Formatters.HttpNoContentOutputFormatter, Microsoft.AspNetCore.Mvc.Formatters.StringOutputFormatter, Microsoft.AspNetCore.Mvc.Formatters.StreamOutputFormatter, Microsoft.AspNetCore.Mvc.Formatters.NewtonsoftJsonOutputFormatter 
2025-04-15 16:42:25.5294 | DEBUG | No information found on request to perform content negotiation. 
2025-04-15 16:42:25.5294 | DEBUG | Attempting to select an output formatter without using a content type as no explicit content types were specified for the response. 
2025-04-15 16:42:25.5294 | DEBUG | Attempting to select the first formatter in the output formatters list which can write the result. 
2025-04-15 16:42:25.5294 | DEBUG | Selected output formatter 'Microsoft.AspNetCore.Mvc.Formatters.NewtonsoftJsonOutputFormatter' and content type 'application/json' to write the response. 
2025-04-15 16:42:25.5294 | DEBUG | Connection id "0HNBS1NN8QBM3" completed keep alive response. 
2025-04-15 16:42:28.6043 | DEBUG | The request path  does not match the path filter 
2025-04-15 16:42:28.6043 | DEBUG | The request has an origin header: 'http://127.0.0.1:5503'. 
2025-04-15 16:42:28.6043 | DEBUG | 1 candidate(s) found for the request path '/api/Author/GetAllBooks2' 
2025-04-15 16:42:28.6043 | DEBUG | Endpoint 'WebApplication1.Controller.AuthorController.GetAllBooks2 (WebApplication1)' with route pattern 'api/Author/GetAllBooks2' is valid for the request path '/api/Author/GetAllBooks2' 
2025-04-15 16:42:28.6043 | DEBUG | Request matched endpoint 'WebApplication1.Controller.AuthorController.GetAllBooks2 (WebApplication1)' 
2025-04-15 16:42:28.6043 | DEBUG | Execution plan of authorization filters (in the following order): None 
2025-04-15 16:42:28.6043 | DEBUG | Execution plan of resource filters (in the following order): None 
2025-04-15 16:42:28.6043 | DEBUG | Execution plan of action filters (in the following order): Microsoft.AspNetCore.Mvc.ModelBinding.UnsupportedContentTypeFilter (Order: -3000), Microsoft.AspNetCore.Mvc.Infrastructure.ModelStateInvalidFilter (Order: -2000) 
2025-04-15 16:42:28.6043 | DEBUG | Execution plan of exception filters (in the following order): None 
2025-04-15 16:42:28.6043 | DEBUG | Execution plan of result filters (in the following order): Microsoft.AspNetCore.Mvc.Infrastructure.ClientErrorResultFilter (Order: -2000) 
2025-04-15 16:42:28.6043 | DEBUG | Executing controller factory for controller WebApplication1.Controller.AuthorController (WebApplication1) 
2025-04-15 16:42:28.6235 | DEBUG | Executed controller factory for controller WebApplication1.Controller.AuthorController (WebApplication1) 
2025-04-15 16:42:28.6235 | DEBUG | Attempting to bind parameter 'skip' of type 'System.Int32' ... 
2025-04-15 16:42:28.6235 | DEBUG | Attempting to bind parameter 'skip' of type 'System.Int32' using the name 'skip' in request data ... 
2025-04-15 16:42:28.6235 | DEBUG | Done attempting to bind parameter 'skip' of type 'System.Int32'. 
2025-04-15 16:42:28.6235 | DEBUG | Done attempting to bind parameter 'skip' of type 'System.Int32'. 
2025-04-15 16:42:28.6235 | DEBUG | Attempting to validate the bound parameter 'skip' of type 'System.Int32' ... 
2025-04-15 16:42:28.6235 | DEBUG | Done attempting to validate the bound parameter 'skip' of type 'System.Int32'. 
2025-04-15 16:42:28.6235 | DEBUG | Attempting to bind parameter 'take' of type 'System.Int32' ... 
2025-04-15 16:42:28.6235 | DEBUG | Attempting to bind parameter 'take' of type 'System.Int32' using the name 'take' in request data ... 
2025-04-15 16:42:28.6235 | DEBUG | Done attempting to bind parameter 'take' of type 'System.Int32'. 
2025-04-15 16:42:28.6235 | DEBUG | Done attempting to bind parameter 'take' of type 'System.Int32'. 
2025-04-15 16:42:28.6235 | DEBUG | Attempting to validate the bound parameter 'take' of type 'System.Int32' ... 
2025-04-15 16:42:28.6235 | DEBUG | Done attempting to validate the bound parameter 'take' of type 'System.Int32'. 
2025-04-15 16:42:28.6235 | DEBUG | Attempting to bind parameter 'sortFeild' of type 'System.String' ... 
2025-04-15 16:42:28.6235 | DEBUG | Attempting to bind parameter 'sortFeild' of type 'System.String' using the name 'sortFeild' in request data ... 
2025-04-15 16:42:28.6235 | DEBUG | Done attempting to bind parameter 'sortFeild' of type 'System.String'. 
2025-04-15 16:42:28.6235 | DEBUG | Done attempting to bind parameter 'sortFeild' of type 'System.String'. 
2025-04-15 16:42:28.6235 | DEBUG | Attempting to validate the bound parameter 'sortFeild' of type 'System.String' ... 
2025-04-15 16:42:28.6235 | DEBUG | Done attempting to validate the bound parameter 'sortFeild' of type 'System.String'. 
2025-04-15 16:42:28.6235 | DEBUG | Attempting to bind parameter 'sortType' of type 'System.Nullable`1[System.Int32]' ... 
2025-04-15 16:42:28.6235 | DEBUG | Attempting to bind parameter 'sortType' of type 'System.Nullable`1[System.Int32]' using the name 'sortType' in request data ... 
2025-04-15 16:42:28.6235 | DEBUG | Done attempting to bind parameter 'sortType' of type 'System.Nullable`1[System.Int32]'. 
2025-04-15 16:42:28.6235 | DEBUG | Done attempting to bind parameter 'sortType' of type 'System.Nullable`1[System.Int32]'. 
2025-04-15 16:42:28.6235 | DEBUG | Attempting to validate the bound parameter 'sortType' of type 'System.Nullable`1[System.Int32]' ... 
2025-04-15 16:42:28.6235 | DEBUG | Done attempting to validate the bound parameter 'sortType' of type 'System.Nullable`1[System.Int32]'. 
2025-04-15 16:42:28.6235 | DEBUG | List of registered output formatters, in the following order: Microsoft.AspNetCore.Mvc.Formatters.HttpNoContentOutputFormatter, Microsoft.AspNetCore.Mvc.Formatters.StringOutputFormatter, Microsoft.AspNetCore.Mvc.Formatters.StreamOutputFormatter, Microsoft.AspNetCore.Mvc.Formatters.NewtonsoftJsonOutputFormatter 
2025-04-15 16:42:28.6235 | DEBUG | No information found on request to perform content negotiation. 
2025-04-15 16:42:28.6235 | DEBUG | Attempting to select an output formatter without using a content type as no explicit content types were specified for the response. 
2025-04-15 16:42:28.6235 | DEBUG | Attempting to select the first formatter in the output formatters list which can write the result. 
2025-04-15 16:42:28.6235 | DEBUG | Selected output formatter 'Microsoft.AspNetCore.Mvc.Formatters.NewtonsoftJsonOutputFormatter' and content type 'application/json' to write the response. 
2025-04-15 16:42:28.6325 | DEBUG | Connection id "0HNBS1NN8QBM3" completed keep alive response. 
2025-04-15 16:42:28.8259 | DEBUG | The request path  does not match the path filter 
2025-04-15 16:42:28.8259 | DEBUG | The request has an origin header: 'http://127.0.0.1:5503'. 
2025-04-15 16:42:28.8259 | DEBUG | 1 candidate(s) found for the request path '/api/Author/GetAllBooks2' 
2025-04-15 16:42:28.8259 | DEBUG | Endpoint 'WebApplication1.Controller.AuthorController.GetAllBooks2 (WebApplication1)' with route pattern 'api/Author/GetAllBooks2' is valid for the request path '/api/Author/GetAllBooks2' 
2025-04-15 16:42:28.8259 | DEBUG | Request matched endpoint 'WebApplication1.Controller.AuthorController.GetAllBooks2 (WebApplication1)' 
2025-04-15 16:42:28.8259 | DEBUG | Execution plan of authorization filters (in the following order): None 
2025-04-15 16:42:28.8259 | DEBUG | Execution plan of resource filters (in the following order): None 
2025-04-15 16:42:28.8259 | DEBUG | Execution plan of action filters (in the following order): Microsoft.AspNetCore.Mvc.ModelBinding.UnsupportedContentTypeFilter (Order: -3000), Microsoft.AspNetCore.Mvc.Infrastructure.ModelStateInvalidFilter (Order: -2000) 
2025-04-15 16:42:28.8259 | DEBUG | Execution plan of exception filters (in the following order): None 
2025-04-15 16:42:28.8259 | DEBUG | Execution plan of result filters (in the following order): Microsoft.AspNetCore.Mvc.Infrastructure.ClientErrorResultFilter (Order: -2000) 
2025-04-15 16:42:28.8259 | DEBUG | Executing controller factory for controller WebApplication1.Controller.AuthorController (WebApplication1) 
2025-04-15 16:42:28.8426 | DEBUG | Executed controller factory for controller WebApplication1.Controller.AuthorController (WebApplication1) 
2025-04-15 16:42:28.8426 | DEBUG | Attempting to bind parameter 'skip' of type 'System.Int32' ... 
2025-04-15 16:42:28.8426 | DEBUG | Attempting to bind parameter 'skip' of type 'System.Int32' using the name 'skip' in request data ... 
2025-04-15 16:42:28.8426 | DEBUG | Done attempting to bind parameter 'skip' of type 'System.Int32'. 
2025-04-15 16:42:28.8426 | DEBUG | Done attempting to bind parameter 'skip' of type 'System.Int32'. 
2025-04-15 16:42:28.8426 | DEBUG | Attempting to validate the bound parameter 'skip' of type 'System.Int32' ... 
2025-04-15 16:42:28.8426 | DEBUG | Done attempting to validate the bound parameter 'skip' of type 'System.Int32'. 
2025-04-15 16:42:28.8426 | DEBUG | Attempting to bind parameter 'take' of type 'System.Int32' ... 
2025-04-15 16:42:28.8426 | DEBUG | Attempting to bind parameter 'take' of type 'System.Int32' using the name 'take' in request data ... 
2025-04-15 16:42:28.8426 | DEBUG | Done attempting to bind parameter 'take' of type 'System.Int32'. 
2025-04-15 16:42:28.8426 | DEBUG | Done attempting to bind parameter 'take' of type 'System.Int32'. 
2025-04-15 16:42:28.8426 | DEBUG | Attempting to validate the bound parameter 'take' of type 'System.Int32' ... 
2025-04-15 16:42:28.8426 | DEBUG | Done attempting to validate the bound parameter 'take' of type 'System.Int32'. 
2025-04-15 16:42:28.8426 | DEBUG | Attempting to bind parameter 'sortFeild' of type 'System.String' ... 
2025-04-15 16:42:28.8426 | DEBUG | Attempting to bind parameter 'sortFeild' of type 'System.String' using the name 'sortFeild' in request data ... 
2025-04-15 16:42:28.8426 | DEBUG | Done attempting to bind parameter 'sortFeild' of type 'System.String'. 
2025-04-15 16:42:28.8426 | DEBUG | Done attempting to bind parameter 'sortFeild' of type 'System.String'. 
2025-04-15 16:42:28.8426 | DEBUG | Attempting to validate the bound parameter 'sortFeild' of type 'System.String' ... 
2025-04-15 16:42:28.8426 | DEBUG | Done attempting to validate the bound parameter 'sortFeild' of type 'System.String'. 
2025-04-15 16:42:28.8426 | DEBUG | Attempting to bind parameter 'sortType' of type 'System.Nullable`1[System.Int32]' ... 
2025-04-15 16:42:28.8426 | DEBUG | Attempting to bind parameter 'sortType' of type 'System.Nullable`1[System.Int32]' using the name 'sortType' in request data ... 
2025-04-15 16:42:28.8426 | DEBUG | Done attempting to bind parameter 'sortType' of type 'System.Nullable`1[System.Int32]'. 
2025-04-15 16:42:28.8426 | DEBUG | Done attempting to bind parameter 'sortType' of type 'System.Nullable`1[System.Int32]'. 
2025-04-15 16:42:28.8426 | DEBUG | Attempting to validate the bound parameter 'sortType' of type 'System.Nullable`1[System.Int32]' ... 
2025-04-15 16:42:28.8426 | DEBUG | Done attempting to validate the bound parameter 'sortType' of type 'System.Nullable`1[System.Int32]'. 
2025-04-15 16:42:28.8426 | DEBUG | List of registered output formatters, in the following order: Microsoft.AspNetCore.Mvc.Formatters.HttpNoContentOutputFormatter, Microsoft.AspNetCore.Mvc.Formatters.StringOutputFormatter, Microsoft.AspNetCore.Mvc.Formatters.StreamOutputFormatter, Microsoft.AspNetCore.Mvc.Formatters.NewtonsoftJsonOutputFormatter 
2025-04-15 16:42:28.8426 | DEBUG | No information found on request to perform content negotiation. 
2025-04-15 16:42:28.8426 | DEBUG | Attempting to select an output formatter without using a content type as no explicit content types were specified for the response. 
2025-04-15 16:42:28.8426 | DEBUG | Attempting to select the first formatter in the output formatters list which can write the result. 
2025-04-15 16:42:28.8426 | DEBUG | Selected output formatter 'Microsoft.AspNetCore.Mvc.Formatters.NewtonsoftJsonOutputFormatter' and content type 'application/json' to write the response. 
2025-04-15 16:42:28.8426 | DEBUG | Connection id "0HNBS1NN8QBM3" completed keep alive response. 
2025-04-15 16:42:29.8542 | DEBUG | The request path  does not match the path filter 
2025-04-15 16:42:29.8542 | DEBUG | The request has an origin header: 'http://127.0.0.1:5503'. 
2025-04-15 16:42:29.8542 | DEBUG | 1 candidate(s) found for the request path '/api/Author/GetAllBooks2' 
2025-04-15 16:42:29.8542 | DEBUG | Endpoint 'WebApplication1.Controller.AuthorController.GetAllBooks2 (WebApplication1)' with route pattern 'api/Author/GetAllBooks2' is valid for the request path '/api/Author/GetAllBooks2' 
2025-04-15 16:42:29.8542 | DEBUG | Request matched endpoint 'WebApplication1.Controller.AuthorController.GetAllBooks2 (WebApplication1)' 
2025-04-15 16:42:29.8542 | DEBUG | Execution plan of authorization filters (in the following order): None 
2025-04-15 16:42:29.8542 | DEBUG | Execution plan of resource filters (in the following order): None 
2025-04-15 16:42:29.8542 | DEBUG | Execution plan of action filters (in the following order): Microsoft.AspNetCore.Mvc.ModelBinding.UnsupportedContentTypeFilter (Order: -3000), Microsoft.AspNetCore.Mvc.Infrastructure.ModelStateInvalidFilter (Order: -2000) 
2025-04-15 16:42:29.8542 | DEBUG | Execution plan of exception filters (in the following order): None 
2025-04-15 16:42:29.8542 | DEBUG | Execution plan of result filters (in the following order): Microsoft.AspNetCore.Mvc.Infrastructure.ClientErrorResultFilter (Order: -2000) 
2025-04-15 16:42:29.8542 | DEBUG | Executing controller factory for controller WebApplication1.Controller.AuthorController (WebApplication1) 
2025-04-15 16:42:29.8542 | DEBUG | Executed controller factory for controller WebApplication1.Controller.AuthorController (WebApplication1) 
2025-04-15 16:42:29.8542 | DEBUG | Attempting to bind parameter 'skip' of type 'System.Int32' ... 
2025-04-15 16:42:29.8542 | DEBUG | Attempting to bind parameter 'skip' of type 'System.Int32' using the name 'skip' in request data ... 
2025-04-15 16:42:29.8542 | DEBUG | Done attempting to bind parameter 'skip' of type 'System.Int32'. 
2025-04-15 16:42:29.8542 | DEBUG | Done attempting to bind parameter 'skip' of type 'System.Int32'. 
2025-04-15 16:42:29.8542 | DEBUG | Attempting to validate the bound parameter 'skip' of type 'System.Int32' ... 
2025-04-15 16:42:29.8542 | DEBUG | Done attempting to validate the bound parameter 'skip' of type 'System.Int32'. 
2025-04-15 16:42:29.8542 | DEBUG | Attempting to bind parameter 'take' of type 'System.Int32' ... 
2025-04-15 16:42:29.8542 | DEBUG | Attempting to bind parameter 'take' of type 'System.Int32' using the name 'take' in request data ... 
2025-04-15 16:42:29.8542 | DEBUG | Done attempting to bind parameter 'take' of type 'System.Int32'. 
2025-04-15 16:42:29.8542 | DEBUG | Done attempting to bind parameter 'take' of type 'System.Int32'. 
2025-04-15 16:42:29.8542 | DEBUG | Attempting to validate the bound parameter 'take' of type 'System.Int32' ... 
2025-04-15 16:42:29.8542 | DEBUG | Done attempting to validate the bound parameter 'take' of type 'System.Int32'. 
2025-04-15 16:42:29.8542 | DEBUG | Attempting to bind parameter 'sortFeild' of type 'System.String' ... 
2025-04-15 16:42:29.8542 | DEBUG | Attempting to bind parameter 'sortFeild' of type 'System.String' using the name 'sortFeild' in request data ... 
2025-04-15 16:42:29.8542 | DEBUG | Done attempting to bind parameter 'sortFeild' of type 'System.String'. 
2025-04-15 16:42:29.8542 | DEBUG | Done attempting to bind parameter 'sortFeild' of type 'System.String'. 
2025-04-15 16:42:29.8542 | DEBUG | Attempting to validate the bound parameter 'sortFeild' of type 'System.String' ... 
2025-04-15 16:42:29.8542 | DEBUG | Done attempting to validate the bound parameter 'sortFeild' of type 'System.String'. 
2025-04-15 16:42:29.8542 | DEBUG | Attempting to bind parameter 'sortType' of type 'System.Nullable`1[System.Int32]' ... 
2025-04-15 16:42:29.8542 | DEBUG | Attempting to bind parameter 'sortType' of type 'System.Nullable`1[System.Int32]' using the name 'sortType' in request data ... 
2025-04-15 16:42:29.8542 | DEBUG | Done attempting to bind parameter 'sortType' of type 'System.Nullable`1[System.Int32]'. 
2025-04-15 16:42:29.8542 | DEBUG | Done attempting to bind parameter 'sortType' of type 'System.Nullable`1[System.Int32]'. 
2025-04-15 16:42:29.8542 | DEBUG | Attempting to validate the bound parameter 'sortType' of type 'System.Nullable`1[System.Int32]' ... 
2025-04-15 16:42:29.8542 | DEBUG | Done attempting to validate the bound parameter 'sortType' of type 'System.Nullable`1[System.Int32]'. 
2025-04-15 16:42:29.8703 | DEBUG | List of registered output formatters, in the following order: Microsoft.AspNetCore.Mvc.Formatters.HttpNoContentOutputFormatter, Microsoft.AspNetCore.Mvc.Formatters.StringOutputFormatter, Microsoft.AspNetCore.Mvc.Formatters.StreamOutputFormatter, Microsoft.AspNetCore.Mvc.Formatters.NewtonsoftJsonOutputFormatter 
2025-04-15 16:42:29.8703 | DEBUG | No information found on request to perform content negotiation. 
2025-04-15 16:42:29.8703 | DEBUG | Attempting to select an output formatter without using a content type as no explicit content types were specified for the response. 
2025-04-15 16:42:29.8703 | DEBUG | Attempting to select the first formatter in the output formatters list which can write the result. 
2025-04-15 16:42:29.8703 | DEBUG | Selected output formatter 'Microsoft.AspNetCore.Mvc.Formatters.NewtonsoftJsonOutputFormatter' and content type 'application/json' to write the response. 
2025-04-15 16:42:29.8703 | DEBUG | Connection id "0HNBS1NN8QBM3" completed keep alive response. 
2025-04-15 16:42:30.9869 | DEBUG | The request path  does not match the path filter 
2025-04-15 16:42:30.9869 | DEBUG | The request has an origin header: 'http://127.0.0.1:5503'. 
2025-04-15 16:42:30.9869 | DEBUG | 1 candidate(s) found for the request path '/api/Author/GetAllBooks2' 
2025-04-15 16:42:30.9869 | DEBUG | Endpoint 'WebApplication1.Controller.AuthorController.GetAllBooks2 (WebApplication1)' with route pattern 'api/Author/GetAllBooks2' is valid for the request path '/api/Author/GetAllBooks2' 
2025-04-15 16:42:30.9869 | DEBUG | Request matched endpoint 'WebApplication1.Controller.AuthorController.GetAllBooks2 (WebApplication1)' 
2025-04-15 16:42:30.9869 | DEBUG | Execution plan of authorization filters (in the following order): None 
2025-04-15 16:42:30.9869 | DEBUG | Execution plan of resource filters (in the following order): None 
2025-04-15 16:42:30.9869 | DEBUG | Execution plan of action filters (in the following order): Microsoft.AspNetCore.Mvc.ModelBinding.UnsupportedContentTypeFilter (Order: -3000), Microsoft.AspNetCore.Mvc.Infrastructure.ModelStateInvalidFilter (Order: -2000) 
2025-04-15 16:42:30.9869 | DEBUG | Execution plan of exception filters (in the following order): None 
2025-04-15 16:42:30.9869 | DEBUG | Execution plan of result filters (in the following order): Microsoft.AspNetCore.Mvc.Infrastructure.ClientErrorResultFilter (Order: -2000) 
2025-04-15 16:42:30.9869 | DEBUG | Executing controller factory for controller WebApplication1.Controller.AuthorController (WebApplication1) 
2025-04-15 16:42:31.0043 | DEBUG | Executed controller factory for controller WebApplication1.Controller.AuthorController (WebApplication1) 
2025-04-15 16:42:31.0043 | DEBUG | Attempting to bind parameter 'skip' of type 'System.Int32' ... 
2025-04-15 16:42:31.0043 | DEBUG | Attempting to bind parameter 'skip' of type 'System.Int32' using the name 'skip' in request data ... 
2025-04-15 16:42:31.0043 | DEBUG | Done attempting to bind parameter 'skip' of type 'System.Int32'. 
2025-04-15 16:42:31.0043 | DEBUG | Done attempting to bind parameter 'skip' of type 'System.Int32'. 
2025-04-15 16:42:31.0043 | DEBUG | Attempting to validate the bound parameter 'skip' of type 'System.Int32' ... 
2025-04-15 16:42:31.0043 | DEBUG | Done attempting to validate the bound parameter 'skip' of type 'System.Int32'. 
2025-04-15 16:42:31.0043 | DEBUG | Attempting to bind parameter 'take' of type 'System.Int32' ... 
2025-04-15 16:42:31.0043 | DEBUG | Attempting to bind parameter 'take' of type 'System.Int32' using the name 'take' in request data ... 
2025-04-15 16:42:31.0043 | DEBUG | Done attempting to bind parameter 'take' of type 'System.Int32'. 
2025-04-15 16:42:31.0043 | DEBUG | Done attempting to bind parameter 'take' of type 'System.Int32'. 
2025-04-15 16:42:31.0043 | DEBUG | Attempting to validate the bound parameter 'take' of type 'System.Int32' ... 
2025-04-15 16:42:31.0043 | DEBUG | Done attempting to validate the bound parameter 'take' of type 'System.Int32'. 
2025-04-15 16:42:31.0043 | DEBUG | Attempting to bind parameter 'sortFeild' of type 'System.String' ... 
2025-04-15 16:42:31.0043 | DEBUG | Attempting to bind parameter 'sortFeild' of type 'System.String' using the name 'sortFeild' in request data ... 
2025-04-15 16:42:31.0043 | DEBUG | Done attempting to bind parameter 'sortFeild' of type 'System.String'. 
2025-04-15 16:42:31.0043 | DEBUG | Done attempting to bind parameter 'sortFeild' of type 'System.String'. 
2025-04-15 16:42:31.0043 | DEBUG | Attempting to validate the bound parameter 'sortFeild' of type 'System.String' ... 
2025-04-15 16:42:31.0043 | DEBUG | Done attempting to validate the bound parameter 'sortFeild' of type 'System.String'. 
2025-04-15 16:42:31.0043 | DEBUG | Attempting to bind parameter 'sortType' of type 'System.Nullable`1[System.Int32]' ... 
2025-04-15 16:42:31.0043 | DEBUG | Attempting to bind parameter 'sortType' of type 'System.Nullable`1[System.Int32]' using the name 'sortType' in request data ... 
2025-04-15 16:42:31.0043 | DEBUG | Done attempting to bind parameter 'sortType' of type 'System.Nullable`1[System.Int32]'. 
2025-04-15 16:42:31.0043 | DEBUG | Done attempting to bind parameter 'sortType' of type 'System.Nullable`1[System.Int32]'. 
2025-04-15 16:42:31.0043 | DEBUG | Attempting to validate the bound parameter 'sortType' of type 'System.Nullable`1[System.Int32]' ... 
2025-04-15 16:42:31.0043 | DEBUG | Done attempting to validate the bound parameter 'sortType' of type 'System.Nullable`1[System.Int32]'. 
2025-04-15 16:42:31.0128 | DEBUG | List of registered output formatters, in the following order: Microsoft.AspNetCore.Mvc.Formatters.HttpNoContentOutputFormatter, Microsoft.AspNetCore.Mvc.Formatters.StringOutputFormatter, Microsoft.AspNetCore.Mvc.Formatters.StreamOutputFormatter, Microsoft.AspNetCore.Mvc.Formatters.NewtonsoftJsonOutputFormatter 
2025-04-15 16:42:31.0128 | DEBUG | No information found on request to perform content negotiation. 
2025-04-15 16:42:31.0128 | DEBUG | Attempting to select an output formatter without using a content type as no explicit content types were specified for the response. 
2025-04-15 16:42:31.0128 | DEBUG | Attempting to select the first formatter in the output formatters list which can write the result. 
2025-04-15 16:42:31.0128 | DEBUG | Selected output formatter 'Microsoft.AspNetCore.Mvc.Formatters.NewtonsoftJsonOutputFormatter' and content type 'application/json' to write the response. 
2025-04-15 16:42:31.0128 | DEBUG | Connection id "0HNBS1NN8QBM3" completed keep alive response. 
2025-04-15 16:42:31.2093 | DEBUG | The request path  does not match the path filter 
2025-04-15 16:42:31.2093 | DEBUG | The request has an origin header: 'http://127.0.0.1:5503'. 
2025-04-15 16:42:31.2093 | DEBUG | 1 candidate(s) found for the request path '/api/Author/GetAllBooks2' 
2025-04-15 16:42:31.2093 | DEBUG | Endpoint 'WebApplication1.Controller.AuthorController.GetAllBooks2 (WebApplication1)' with route pattern 'api/Author/GetAllBooks2' is valid for the request path '/api/Author/GetAllBooks2' 
2025-04-15 16:42:31.2093 | DEBUG | Request matched endpoint 'WebApplication1.Controller.AuthorController.GetAllBooks2 (WebApplication1)' 
2025-04-15 16:42:31.2093 | DEBUG | Execution plan of authorization filters (in the following order): None 
2025-04-15 16:42:31.2093 | DEBUG | Execution plan of resource filters (in the following order): None 
2025-04-15 16:42:31.2093 | DEBUG | Execution plan of action filters (in the following order): Microsoft.AspNetCore.Mvc.ModelBinding.UnsupportedContentTypeFilter (Order: -3000), Microsoft.AspNetCore.Mvc.Infrastructure.ModelStateInvalidFilter (Order: -2000) 
2025-04-15 16:42:31.2093 | DEBUG | Execution plan of exception filters (in the following order): None 
2025-04-15 16:42:31.2093 | DEBUG | Execution plan of result filters (in the following order): Microsoft.AspNetCore.Mvc.Infrastructure.ClientErrorResultFilter (Order: -2000) 
2025-04-15 16:42:31.2093 | DEBUG | Executing controller factory for controller WebApplication1.Controller.AuthorController (WebApplication1) 
2025-04-15 16:42:31.2260 | DEBUG | Executed controller factory for controller WebApplication1.Controller.AuthorController (WebApplication1) 
2025-04-15 16:42:31.2260 | DEBUG | Attempting to bind parameter 'skip' of type 'System.Int32' ... 
2025-04-15 16:42:31.2260 | DEBUG | Attempting to bind parameter 'skip' of type 'System.Int32' using the name 'skip' in request data ... 
2025-04-15 16:42:31.2260 | DEBUG | Done attempting to bind parameter 'skip' of type 'System.Int32'. 
2025-04-15 16:42:31.2260 | DEBUG | Done attempting to bind parameter 'skip' of type 'System.Int32'. 
2025-04-15 16:42:31.2260 | DEBUG | Attempting to validate the bound parameter 'skip' of type 'System.Int32' ... 
2025-04-15 16:42:31.2260 | DEBUG | Done attempting to validate the bound parameter 'skip' of type 'System.Int32'. 
2025-04-15 16:42:31.2260 | DEBUG | Attempting to bind parameter 'take' of type 'System.Int32' ... 
2025-04-15 16:42:31.2260 | DEBUG | Attempting to bind parameter 'take' of type 'System.Int32' using the name 'take' in request data ... 
2025-04-15 16:42:31.2260 | DEBUG | Done attempting to bind parameter 'take' of type 'System.Int32'. 
2025-04-15 16:42:31.2260 | DEBUG | Done attempting to bind parameter 'take' of type 'System.Int32'. 
2025-04-15 16:42:31.2260 | DEBUG | Attempting to validate the bound parameter 'take' of type 'System.Int32' ... 
2025-04-15 16:42:31.2260 | DEBUG | Done attempting to validate the bound parameter 'take' of type 'System.Int32'. 
2025-04-15 16:42:31.2260 | DEBUG | Attempting to bind parameter 'sortFeild' of type 'System.String' ... 
2025-04-15 16:42:31.2260 | DEBUG | Attempting to bind parameter 'sortFeild' of type 'System.String' using the name 'sortFeild' in request data ... 
2025-04-15 16:42:31.2260 | DEBUG | Done attempting to bind parameter 'sortFeild' of type 'System.String'. 
2025-04-15 16:42:31.2260 | DEBUG | Done attempting to bind parameter 'sortFeild' of type 'System.String'. 
2025-04-15 16:42:31.2260 | DEBUG | Attempting to validate the bound parameter 'sortFeild' of type 'System.String' ... 
2025-04-15 16:42:31.2260 | DEBUG | Done attempting to validate the bound parameter 'sortFeild' of type 'System.String'. 
2025-04-15 16:42:31.2260 | DEBUG | Attempting to bind parameter 'sortType' of type 'System.Nullable`1[System.Int32]' ... 
2025-04-15 16:42:31.2260 | DEBUG | Attempting to bind parameter 'sortType' of type 'System.Nullable`1[System.Int32]' using the name 'sortType' in request data ... 
2025-04-15 16:42:31.2260 | DEBUG | Done attempting to bind parameter 'sortType' of type 'System.Nullable`1[System.Int32]'. 
2025-04-15 16:42:31.2260 | DEBUG | Done attempting to bind parameter 'sortType' of type 'System.Nullable`1[System.Int32]'. 
2025-04-15 16:42:31.2260 | DEBUG | Attempting to validate the bound parameter 'sortType' of type 'System.Nullable`1[System.Int32]' ... 
2025-04-15 16:42:31.2260 | DEBUG | Done attempting to validate the bound parameter 'sortType' of type 'System.Nullable`1[System.Int32]'. 
2025-04-15 16:42:31.2348 | DEBUG | List of registered output formatters, in the following order: Microsoft.AspNetCore.Mvc.Formatters.HttpNoContentOutputFormatter, Microsoft.AspNetCore.Mvc.Formatters.StringOutputFormatter, Microsoft.AspNetCore.Mvc.Formatters.StreamOutputFormatter, Microsoft.AspNetCore.Mvc.Formatters.NewtonsoftJsonOutputFormatter 
2025-04-15 16:42:31.2348 | DEBUG | No information found on request to perform content negotiation. 
2025-04-15 16:42:31.2348 | DEBUG | Attempting to select an output formatter without using a content type as no explicit content types were specified for the response. 
2025-04-15 16:42:31.2348 | DEBUG | Attempting to select the first formatter in the output formatters list which can write the result. 
2025-04-15 16:42:31.2348 | DEBUG | Selected output formatter 'Microsoft.AspNetCore.Mvc.Formatters.NewtonsoftJsonOutputFormatter' and content type 'application/json' to write the response. 
2025-04-15 16:42:31.2348 | DEBUG | Connection id "0HNBS1NN8QBM3" completed keep alive response. 
2025-04-15 16:42:32.2154 | DEBUG | The request path  does not match the path filter 
2025-04-15 16:42:32.2154 | DEBUG | The request has an origin header: 'http://127.0.0.1:5503'. 
2025-04-15 16:42:32.2154 | DEBUG | 1 candidate(s) found for the request path '/api/Author/GetAllBooks2' 
2025-04-15 16:42:32.2154 | DEBUG | Endpoint 'WebApplication1.Controller.AuthorController.GetAllBooks2 (WebApplication1)' with route pattern 'api/Author/GetAllBooks2' is valid for the request path '/api/Author/GetAllBooks2' 
2025-04-15 16:42:32.2154 | DEBUG | Request matched endpoint 'WebApplication1.Controller.AuthorController.GetAllBooks2 (WebApplication1)' 
2025-04-15 16:42:32.2154 | DEBUG | Execution plan of authorization filters (in the following order): None 
2025-04-15 16:42:32.2154 | DEBUG | Execution plan of resource filters (in the following order): None 
2025-04-15 16:42:32.2154 | DEBUG | Execution plan of action filters (in the following order): Microsoft.AspNetCore.Mvc.ModelBinding.UnsupportedContentTypeFilter (Order: -3000), Microsoft.AspNetCore.Mvc.Infrastructure.ModelStateInvalidFilter (Order: -2000) 
2025-04-15 16:42:32.2154 | DEBUG | Execution plan of exception filters (in the following order): None 
2025-04-15 16:42:32.2154 | DEBUG | Execution plan of result filters (in the following order): Microsoft.AspNetCore.Mvc.Infrastructure.ClientErrorResultFilter (Order: -2000) 
2025-04-15 16:42:32.2154 | DEBUG | Executing controller factory for controller WebApplication1.Controller.AuthorController (WebApplication1) 
2025-04-15 16:42:37.2966 | DEBUG | Connection id "0HNBS1NN8QBM3" received FIN. 
2025-04-15 16:42:37.2966 | DEBUG | Connection id "0HNBS1NN8QBM3" sending FIN because: "The client closed the connection." 
2025-04-15 16:42:37.2966 | DEBUG | Connection id "0HNBS1NN8QBM3" disconnecting. 
2025-04-15 16:42:37.4050 | DEBUG | Connection id "0HNBS1NN8QBM4" accepted. 
2025-04-15 16:42:37.4050 | DEBUG | Connection id "0HNBS1NN8QBM4" started. 
2025-04-15 16:42:37.4050 | DEBUG | The request path  does not match the path filter 
2025-04-15 16:42:37.4050 | DEBUG | The request has an origin header: 'http://127.0.0.1:5503'. 
2025-04-15 16:42:37.4050 | DEBUG | 1 candidate(s) found for the request path '/api/Author/GetAllBooks2' 
2025-04-15 16:42:37.4050 | DEBUG | Endpoint 'WebApplication1.Controller.AuthorController.GetAllBooks2 (WebApplication1)' with route pattern 'api/Author/GetAllBooks2' is valid for the request path '/api/Author/GetAllBooks2' 
2025-04-15 16:42:37.4050 | DEBUG | Request matched endpoint 'WebApplication1.Controller.AuthorController.GetAllBooks2 (WebApplication1)' 
2025-04-15 16:42:37.4050 | DEBUG | Execution plan of authorization filters (in the following order): None 
2025-04-15 16:42:37.4050 | DEBUG | Execution plan of resource filters (in the following order): None 
2025-04-15 16:42:37.4050 | DEBUG | Execution plan of action filters (in the following order): Microsoft.AspNetCore.Mvc.ModelBinding.UnsupportedContentTypeFilter (Order: -3000), Microsoft.AspNetCore.Mvc.Infrastructure.ModelStateInvalidFilter (Order: -2000) 
2025-04-15 16:42:37.4050 | DEBUG | Execution plan of exception filters (in the following order): None 
2025-04-15 16:42:37.4050 | DEBUG | Execution plan of result filters (in the following order): Microsoft.AspNetCore.Mvc.Infrastructure.ClientErrorResultFilter (Order: -2000) 
2025-04-15 16:42:37.4050 | DEBUG | Executing controller factory for controller WebApplication1.Controller.AuthorController (WebApplication1) 
2025-04-15 16:42:38.4369 | DEBUG | Connection id "0HNBS1NN8QBM4" received FIN. 
2025-04-15 16:42:38.4369 | DEBUG | Connection id "0HNBS1NN8QBM4" sending FIN because: "The client closed the connection." 
2025-04-15 16:42:38.4369 | DEBUG | Connection id "0HNBS1NN8QBM4" disconnecting. 
2025-04-15 16:42:38.5413 | DEBUG | Connection id "0HNBS1NN8QBM5" accepted. 
2025-04-15 16:42:38.5413 | DEBUG | Connection id "0HNBS1NN8QBM5" started. 
2025-04-15 16:42:38.5413 | DEBUG | The request path  does not match the path filter 
2025-04-15 16:42:38.5413 | DEBUG | The request has an origin header: 'http://127.0.0.1:5503'. 
2025-04-15 16:42:38.5413 | DEBUG | 1 candidate(s) found for the request path '/api/Author/GetAllBooks2' 
2025-04-15 16:42:38.5413 | DEBUG | Endpoint 'WebApplication1.Controller.AuthorController.GetAllBooks2 (WebApplication1)' with route pattern 'api/Author/GetAllBooks2' is valid for the request path '/api/Author/GetAllBooks2' 
2025-04-15 16:42:38.5413 | DEBUG | Request matched endpoint 'WebApplication1.Controller.AuthorController.GetAllBooks2 (WebApplication1)' 
2025-04-15 16:42:38.5413 | DEBUG | Execution plan of authorization filters (in the following order): None 
2025-04-15 16:42:38.5413 | DEBUG | Execution plan of resource filters (in the following order): None 
2025-04-15 16:42:38.5413 | DEBUG | Execution plan of action filters (in the following order): Microsoft.AspNetCore.Mvc.ModelBinding.UnsupportedContentTypeFilter (Order: -3000), Microsoft.AspNetCore.Mvc.Infrastructure.ModelStateInvalidFilter (Order: -2000) 
2025-04-15 16:42:38.5413 | DEBUG | Execution plan of exception filters (in the following order): None 
2025-04-15 16:42:38.5413 | DEBUG | Execution plan of result filters (in the following order): Microsoft.AspNetCore.Mvc.Infrastructure.ClientErrorResultFilter (Order: -2000) 
2025-04-15 16:42:38.5413 | DEBUG | Executing controller factory for controller WebApplication1.Controller.AuthorController (WebApplication1) 
2025-04-15 16:42:43.8460 | DEBUG | Connection id "0HNBS1NN8QBM5" received FIN. 
2025-04-15 16:42:43.8460 | DEBUG | Connection id "0HNBS1NN8QBM5" sending FIN because: "The client closed the connection." 
2025-04-15 16:42:43.8460 | DEBUG | Connection id "0HNBS1NN8QBM5" disconnecting. 
2025-04-15 16:42:43.9472 | DEBUG | Connection id "0HNBS1NN8QBM6" accepted. 
2025-04-15 16:42:43.9472 | DEBUG | Connection id "0HNBS1NN8QBM6" started. 
2025-04-15 16:42:43.9483 | DEBUG | The request path  does not match the path filter 
2025-04-15 16:42:43.9483 | DEBUG | The request has an origin header: 'http://127.0.0.1:5503'. 
2025-04-15 16:42:43.9483 | DEBUG | 1 candidate(s) found for the request path '/api/Author/GetAllBooks2' 
2025-04-15 16:42:43.9483 | DEBUG | Endpoint 'WebApplication1.Controller.AuthorController.GetAllBooks2 (WebApplication1)' with route pattern 'api/Author/GetAllBooks2' is valid for the request path '/api/Author/GetAllBooks2' 
2025-04-15 16:42:43.9483 | DEBUG | Request matched endpoint 'WebApplication1.Controller.AuthorController.GetAllBooks2 (WebApplication1)' 
2025-04-15 16:42:43.9483 | DEBUG | Execution plan of authorization filters (in the following order): None 
2025-04-15 16:42:43.9483 | DEBUG | Execution plan of resource filters (in the following order): None 
2025-04-15 16:42:43.9483 | DEBUG | Execution plan of action filters (in the following order): Microsoft.AspNetCore.Mvc.ModelBinding.UnsupportedContentTypeFilter (Order: -3000), Microsoft.AspNetCore.Mvc.Infrastructure.ModelStateInvalidFilter (Order: -2000) 
2025-04-15 16:42:43.9483 | DEBUG | Execution plan of exception filters (in the following order): None 
2025-04-15 16:42:43.9483 | DEBUG | Execution plan of result filters (in the following order): Microsoft.AspNetCore.Mvc.Infrastructure.ClientErrorResultFilter (Order: -2000) 
2025-04-15 16:42:43.9483 | DEBUG | Executing controller factory for controller WebApplication1.Controller.AuthorController (WebApplication1) 
2025-04-15 16:42:44.9781 | DEBUG | Connection id "0HNBS1NN8QBM6" received FIN. 
2025-04-15 16:42:44.9781 | DEBUG | Connection id "0HNBS1NN8QBM6" sending FIN because: "The client closed the connection." 
2025-04-15 16:42:44.9781 | DEBUG | Connection id "0HNBS1NN8QBM6" disconnecting. 
2025-04-15 16:42:45.0792 | DEBUG | Connection id "0HNBS1NN8QBM7" accepted. 
2025-04-15 16:42:45.0792 | DEBUG | Connection id "0HNBS1NN8QBM7" started. 
2025-04-15 16:42:45.0792 | DEBUG | The request path  does not match the path filter 
2025-04-15 16:42:45.0792 | DEBUG | The request has an origin header: 'http://127.0.0.1:5503'. 
2025-04-15 16:42:45.0792 | DEBUG | 1 candidate(s) found for the request path '/api/Author/GetAllBooks2' 
2025-04-15 16:42:45.0792 | DEBUG | Endpoint 'WebApplication1.Controller.AuthorController.GetAllBooks2 (WebApplication1)' with route pattern 'api/Author/GetAllBooks2' is valid for the request path '/api/Author/GetAllBooks2' 
2025-04-15 16:42:45.0792 | DEBUG | Request matched endpoint 'WebApplication1.Controller.AuthorController.GetAllBooks2 (WebApplication1)' 
2025-04-15 16:42:45.0792 | DEBUG | Execution plan of authorization filters (in the following order): None 
2025-04-15 16:42:45.0792 | DEBUG | Execution plan of resource filters (in the following order): None 
2025-04-15 16:42:45.0792 | DEBUG | Execution plan of action filters (in the following order): Microsoft.AspNetCore.Mvc.ModelBinding.UnsupportedContentTypeFilter (Order: -3000), Microsoft.AspNetCore.Mvc.Infrastructure.ModelStateInvalidFilter (Order: -2000) 
2025-04-15 16:42:45.0792 | DEBUG | Execution plan of exception filters (in the following order): None 
2025-04-15 16:42:45.0792 | DEBUG | Execution plan of result filters (in the following order): Microsoft.AspNetCore.Mvc.Infrastructure.ClientErrorResultFilter (Order: -2000) 
2025-04-15 16:42:45.0792 | DEBUG | Executing controller factory for controller WebApplication1.Controller.AuthorController (WebApplication1) 
2025-04-15 16:42:47.7230 | DEBUG | Connection id "0HNBS1NN8QBM7" received FIN. 
2025-04-15 16:42:47.7416 | DEBUG | Connection id "0HNBS1NN8QBM7" sending FIN because: "The client closed the connection." 
2025-04-15 16:42:47.7416 | DEBUG | Connection id "0HNBS1NN8QBM7" disconnecting. 
2025-04-15 16:42:47.8579 | DEBUG | Connection id "0HNBS1NN8QBM8" accepted. 
2025-04-15 16:42:47.8579 | DEBUG | Connection id "0HNBS1NN8QBM8" started. 
2025-04-15 16:42:47.8579 | DEBUG | The request path  does not match the path filter 
2025-04-15 16:42:47.8579 | DEBUG | The request has an origin header: 'http://127.0.0.1:5503'. 
2025-04-15 16:42:47.8579 | DEBUG | 1 candidate(s) found for the request path '/api/Author/GetAllBooks2' 
2025-04-15 16:42:47.8579 | DEBUG | Endpoint 'WebApplication1.Controller.AuthorController.GetAllBooks2 (WebApplication1)' with route pattern 'api/Author/GetAllBooks2' is valid for the request path '/api/Author/GetAllBooks2' 
2025-04-15 16:42:47.8579 | DEBUG | Request matched endpoint 'WebApplication1.Controller.AuthorController.GetAllBooks2 (WebApplication1)' 
2025-04-15 16:42:47.8579 | DEBUG | Execution plan of authorization filters (in the following order): None 
2025-04-15 16:42:47.8579 | DEBUG | Execution plan of resource filters (in the following order): None 
2025-04-15 16:42:47.8579 | DEBUG | Execution plan of action filters (in the following order): Microsoft.AspNetCore.Mvc.ModelBinding.UnsupportedContentTypeFilter (Order: -3000), Microsoft.AspNetCore.Mvc.Infrastructure.ModelStateInvalidFilter (Order: -2000) 
2025-04-15 16:42:47.8579 | DEBUG | Execution plan of exception filters (in the following order): None 
2025-04-15 16:42:47.8579 | DEBUG | Execution plan of result filters (in the following order): Microsoft.AspNetCore.Mvc.Infrastructure.ClientErrorResultFilter (Order: -2000) 
2025-04-15 16:42:47.8579 | DEBUG | Executing controller factory for controller WebApplication1.Controller.AuthorController (WebApplication1) 
2025-04-15 16:42:47.9314 | DEBUG | Connection id "0HNBS1NN8QBM3" stopped. 
2025-04-15 16:42:48.0606 | DEBUG | Connection id "0HNBS1NN8QBM8" received FIN. 
2025-04-15 16:42:48.0606 | DEBUG | Connection id "0HNBS1NN8QBM8" sending FIN because: "The client closed the connection." 
2025-04-15 16:42:48.0606 | DEBUG | Connection id "0HNBS1NN8QBM8" disconnecting. 
2025-04-15 16:42:48.1554 | DEBUG | Connection id "0HNBS1NN8QBM9" accepted. 
2025-04-15 16:42:48.1554 | DEBUG | Connection id "0HNBS1NN8QBM9" started. 
2025-04-15 16:42:48.1554 | DEBUG | The request path  does not match the path filter 
2025-04-15 16:42:48.1554 | DEBUG | The request has an origin header: 'http://127.0.0.1:5503'. 
2025-04-15 16:42:48.1554 | DEBUG | 1 candidate(s) found for the request path '/api/Author/GetAllBooks2' 
2025-04-15 16:42:48.1554 | DEBUG | Endpoint 'WebApplication1.Controller.AuthorController.GetAllBooks2 (WebApplication1)' with route pattern 'api/Author/GetAllBooks2' is valid for the request path '/api/Author/GetAllBooks2' 
2025-04-15 16:42:48.1554 | DEBUG | Request matched endpoint 'WebApplication1.Controller.AuthorController.GetAllBooks2 (WebApplication1)' 
2025-04-15 16:42:48.1554 | DEBUG | Execution plan of authorization filters (in the following order): None 
2025-04-15 16:42:48.1554 | DEBUG | Execution plan of resource filters (in the following order): None 
2025-04-15 16:42:48.1554 | DEBUG | Execution plan of action filters (in the following order): Microsoft.AspNetCore.Mvc.ModelBinding.UnsupportedContentTypeFilter (Order: -3000), Microsoft.AspNetCore.Mvc.Infrastructure.ModelStateInvalidFilter (Order: -2000) 
2025-04-15 16:42:48.1554 | DEBUG | Execution plan of exception filters (in the following order): None 
2025-04-15 16:42:48.1554 | DEBUG | Execution plan of result filters (in the following order): Microsoft.AspNetCore.Mvc.Infrastructure.ClientErrorResultFilter (Order: -2000) 
2025-04-15 16:42:48.1554 | DEBUG | Executing controller factory for controller WebApplication1.Controller.AuthorController (WebApplication1) 
2025-04-15 16:42:48.7271 | DEBUG | Connection id "0HNBS1NN8QBM9" received FIN. 
2025-04-15 16:42:48.7271 | DEBUG | Connection id "0HNBS1NN8QBM9" sending FIN because: "The client closed the connection." 
2025-04-15 16:42:48.7271 | DEBUG | Connection id "0HNBS1NN8QBM9" disconnecting. 
2025-04-15 16:42:48.8382 | DEBUG | Connection id "0HNBS1NN8QBMA" accepted. 
2025-04-15 16:42:48.8399 | DEBUG | Connection id "0HNBS1NN8QBMA" started. 
2025-04-15 16:42:48.8399 | DEBUG | The request path  does not match the path filter 
2025-04-15 16:42:48.8399 | DEBUG | The request has an origin header: 'http://127.0.0.1:5503'. 
2025-04-15 16:42:48.8399 | DEBUG | 1 candidate(s) found for the request path '/api/Author/GetAllBooks2' 
2025-04-15 16:42:48.8399 | DEBUG | Endpoint 'WebApplication1.Controller.AuthorController.GetAllBooks2 (WebApplication1)' with route pattern 'api/Author/GetAllBooks2' is valid for the request path '/api/Author/GetAllBooks2' 
2025-04-15 16:42:48.8399 | DEBUG | Request matched endpoint 'WebApplication1.Controller.AuthorController.GetAllBooks2 (WebApplication1)' 
2025-04-15 16:42:48.8399 | DEBUG | Execution plan of authorization filters (in the following order): None 
2025-04-15 16:42:48.8399 | DEBUG | Execution plan of resource filters (in the following order): None 
2025-04-15 16:42:48.8399 | DEBUG | Execution plan of action filters (in the following order): Microsoft.AspNetCore.Mvc.ModelBinding.UnsupportedContentTypeFilter (Order: -3000), Microsoft.AspNetCore.Mvc.Infrastructure.ModelStateInvalidFilter (Order: -2000) 
2025-04-15 16:42:48.8399 | DEBUG | Execution plan of exception filters (in the following order): None 
2025-04-15 16:42:48.8399 | DEBUG | Execution plan of result filters (in the following order): Microsoft.AspNetCore.Mvc.Infrastructure.ClientErrorResultFilter (Order: -2000) 
2025-04-15 16:42:48.8399 | DEBUG | Executing controller factory for controller WebApplication1.Controller.AuthorController (WebApplication1) 
2025-04-15 16:42:48.9890 | DEBUG | Connection id "0HNBS1NN8QBMA" received FIN. 
2025-04-15 16:42:48.9890 | DEBUG | Connection id "0HNBS1NN8QBMA" sending FIN because: "The client closed the connection." 
2025-04-15 16:42:48.9890 | DEBUG | Connection id "0HNBS1NN8QBMA" disconnecting. 
2025-04-15 16:42:49.0827 | DEBUG | Connection id "0HNBS1NN8QBMB" accepted. 
2025-04-15 16:42:49.0827 | DEBUG | Connection id "0HNBS1NN8QBMB" started. 
2025-04-15 16:42:49.0827 | DEBUG | The request path  does not match the path filter 
2025-04-15 16:42:49.0827 | DEBUG | The request has an origin header: 'http://127.0.0.1:5503'. 
2025-04-15 16:42:49.0827 | DEBUG | 1 candidate(s) found for the request path '/api/Author/GetAllBooks2' 
2025-04-15 16:42:49.0827 | DEBUG | Endpoint 'WebApplication1.Controller.AuthorController.GetAllBooks2 (WebApplication1)' with route pattern 'api/Author/GetAllBooks2' is valid for the request path '/api/Author/GetAllBooks2' 
2025-04-15 16:42:49.0827 | DEBUG | Request matched endpoint 'WebApplication1.Controller.AuthorController.GetAllBooks2 (WebApplication1)' 
2025-04-15 16:42:49.0827 | DEBUG | Execution plan of authorization filters (in the following order): None 
2025-04-15 16:42:49.0827 | DEBUG | Execution plan of resource filters (in the following order): None 
2025-04-15 16:42:49.0827 | DEBUG | Execution plan of action filters (in the following order): Microsoft.AspNetCore.Mvc.ModelBinding.UnsupportedContentTypeFilter (Order: -3000), Microsoft.AspNetCore.Mvc.Infrastructure.ModelStateInvalidFilter (Order: -2000) 
2025-04-15 16:42:49.0827 | DEBUG | Execution plan of exception filters (in the following order): None 
2025-04-15 16:42:49.0827 | DEBUG | Execution plan of result filters (in the following order): Microsoft.AspNetCore.Mvc.Infrastructure.ClientErrorResultFilter (Order: -2000) 
2025-04-15 16:42:49.0827 | DEBUG | Executing controller factory for controller WebApplication1.Controller.AuthorController (WebApplication1) 
2025-04-15 16:42:52.9165 | DEBUG | Connection id "0HNBS1NN8QBMB" received FIN. 
2025-04-15 16:42:52.9424 | DEBUG | Connection id "0HNBS1NN8QBMB" sending FIN because: "The client closed the connection." 
2025-04-15 16:42:52.9584 | DEBUG | Connection id "0HNBS1NN8QBMB" disconnecting. 
2025-04-15 16:42:53.0525 | DEBUG | Connection id "0HNBS1NN8QBMC" accepted. 
2025-04-15 16:42:53.0525 | DEBUG | Connection id "0HNBS1NN8QBMC" started. 
2025-04-15 16:42:53.0525 | DEBUG | The request path  does not match the path filter 
2025-04-15 16:42:53.0525 | DEBUG | The request has an origin header: 'http://127.0.0.1:5503'. 
2025-04-15 16:42:53.0525 | DEBUG | 1 candidate(s) found for the request path '/api/Author/GetAllBooks2' 
2025-04-15 16:42:53.0525 | DEBUG | Endpoint 'WebApplication1.Controller.AuthorController.GetAllBooks2 (WebApplication1)' with route pattern 'api/Author/GetAllBooks2' is valid for the request path '/api/Author/GetAllBooks2' 
2025-04-15 16:42:53.0525 | DEBUG | Request matched endpoint 'WebApplication1.Controller.AuthorController.GetAllBooks2 (WebApplication1)' 
2025-04-15 16:42:53.0525 | DEBUG | Execution plan of authorization filters (in the following order): None 
2025-04-15 16:42:53.0525 | DEBUG | Execution plan of resource filters (in the following order): None 
2025-04-15 16:42:53.0525 | DEBUG | Execution plan of action filters (in the following order): Microsoft.AspNetCore.Mvc.ModelBinding.UnsupportedContentTypeFilter (Order: -3000), Microsoft.AspNetCore.Mvc.Infrastructure.ModelStateInvalidFilter (Order: -2000) 
2025-04-15 16:42:53.0525 | DEBUG | Execution plan of exception filters (in the following order): None 
2025-04-15 16:42:53.0525 | DEBUG | Execution plan of result filters (in the following order): Microsoft.AspNetCore.Mvc.Infrastructure.ClientErrorResultFilter (Order: -2000) 
2025-04-15 16:42:53.0525 | DEBUG | Executing controller factory for controller WebApplication1.Controller.AuthorController (WebApplication1) 
2025-04-15 16:42:53.0525 | DEBUG | Connection id "0HNBS1NN8QBM4" stopped. 
2025-04-15 16:42:53.9873 | DEBUG | Connection id "0HNBS1NN8QBMC" received FIN. 
2025-04-15 16:42:53.9873 | DEBUG | Connection id "0HNBS1NN8QBMC" sending FIN because: "The client closed the connection." 
2025-04-15 16:42:53.9873 | DEBUG | Connection id "0HNBS1NN8QBMC" disconnecting. 
2025-04-15 16:42:54.0979 | DEBUG | Connection id "0HNBS1NN8QBMD" accepted. 
2025-04-15 16:42:54.0979 | DEBUG | Connection id "0HNBS1NN8QBMD" started. 
2025-04-15 16:42:54.1163 | DEBUG | The request path  does not match the path filter 
2025-04-15 16:42:54.1163 | DEBUG | The request has an origin header: 'http://127.0.0.1:5503'. 
2025-04-15 16:42:54.1330 | DEBUG | 1 candidate(s) found for the request path '/api/Author/GetAllBooks2' 
2025-04-15 16:42:54.1330 | DEBUG | Endpoint 'WebApplication1.Controller.AuthorController.GetAllBooks2 (WebApplication1)' with route pattern 'api/Author/GetAllBooks2' is valid for the request path '/api/Author/GetAllBooks2' 
2025-04-15 16:42:54.1360 | DEBUG | Request matched endpoint 'WebApplication1.Controller.AuthorController.GetAllBooks2 (WebApplication1)' 
2025-04-15 16:42:54.1360 | DEBUG | Execution plan of authorization filters (in the following order): None 
2025-04-15 16:42:54.1360 | DEBUG | Execution plan of resource filters (in the following order): None 
2025-04-15 16:42:54.1360 | DEBUG | Execution plan of action filters (in the following order): Microsoft.AspNetCore.Mvc.ModelBinding.UnsupportedContentTypeFilter (Order: -3000), Microsoft.AspNetCore.Mvc.Infrastructure.ModelStateInvalidFilter (Order: -2000) 
2025-04-15 16:42:54.1360 | DEBUG | Execution plan of exception filters (in the following order): None 
2025-04-15 16:42:54.1360 | DEBUG | Execution plan of result filters (in the following order): Microsoft.AspNetCore.Mvc.Infrastructure.ClientErrorResultFilter (Order: -2000) 
2025-04-15 16:42:54.1360 | DEBUG | Executing controller factory for controller WebApplication1.Controller.AuthorController (WebApplication1) 
2025-04-15 16:42:54.1631 | DEBUG | Connection id "0HNBS1NN8QBM5" stopped. 
2025-04-15 16:42:59.3878 | DEBUG | Connection id "0HNBS1NN8QBMD" received FIN. 
2025-04-15 16:42:59.3878 | DEBUG | Connection id "0HNBS1NN8QBMD" sending FIN because: "The client closed the connection." 
2025-04-15 16:42:59.3878 | DEBUG | Connection id "0HNBS1NN8QBMD" disconnecting. 
2025-04-15 16:42:59.5004 | DEBUG | Connection id "0HNBS1NN8QBME" accepted. 
2025-04-15 16:42:59.5004 | DEBUG | Connection id "0HNBS1NN8QBME" started. 
2025-04-15 16:42:59.5004 | DEBUG | The request path  does not match the path filter 
2025-04-15 16:42:59.5004 | DEBUG | The request has an origin header: 'http://127.0.0.1:5503'. 
2025-04-15 16:42:59.5004 | DEBUG | 1 candidate(s) found for the request path '/api/Author/GetAllBooks2' 
2025-04-15 16:42:59.5004 | DEBUG | Endpoint 'WebApplication1.Controller.AuthorController.GetAllBooks2 (WebApplication1)' with route pattern 'api/Author/GetAllBooks2' is valid for the request path '/api/Author/GetAllBooks2' 
2025-04-15 16:42:59.5004 | DEBUG | Request matched endpoint 'WebApplication1.Controller.AuthorController.GetAllBooks2 (WebApplication1)' 
2025-04-15 16:42:59.5206 | DEBUG | Execution plan of authorization filters (in the following order): None 
2025-04-15 16:42:59.5206 | DEBUG | Execution plan of resource filters (in the following order): None 
2025-04-15 16:42:59.5206 | DEBUG | Execution plan of action filters (in the following order): Microsoft.AspNetCore.Mvc.ModelBinding.UnsupportedContentTypeFilter (Order: -3000), Microsoft.AspNetCore.Mvc.Infrastructure.ModelStateInvalidFilter (Order: -2000) 
2025-04-15 16:42:59.5206 | DEBUG | Execution plan of exception filters (in the following order): None 
2025-04-15 16:42:59.5206 | DEBUG | Execution plan of result filters (in the following order): Microsoft.AspNetCore.Mvc.Infrastructure.ClientErrorResultFilter (Order: -2000) 
2025-04-15 16:42:59.5206 | DEBUG | Executing controller factory for controller WebApplication1.Controller.AuthorController (WebApplication1) 
2025-04-15 16:42:59.5948 | DEBUG | Connection id "0HNBS1NN8QBM6" stopped. 
2025-04-15 16:42:59.8338 | DEBUG | Connection id "0HNBS1NN8QBME" received FIN. 
2025-04-15 16:42:59.8338 | DEBUG | Connection id "0HNBS1NN8QBME" sending FIN because: "The client closed the connection." 
2025-04-15 16:42:59.8338 | DEBUG | Connection id "0HNBS1NN8QBME" disconnecting. 
2025-04-15 16:43:00.6709 | DEBUG | Connection id "0HNBS1NN8QBM7" stopped. 
2025-04-15 16:43:03.7827 | DEBUG | Connection id "0HNBS1NN8QBM8" stopped. 
2025-04-15 16:43:04.4032 | DEBUG | Connection id "0HNBS1NN8QBM9" stopped. 
2025-04-15 16:43:05.1981 | DEBUG | Connection id "0HNBS1NN8QBMA" stopped. 
2025-04-15 16:43:05.1981 | DEBUG | Connection id "0HNBS1NN8QBMB" stopped. 
2025-04-15 16:43:08.6296 | DEBUG | Connection id "0HNBS1NN8QBMC" stopped. 
2025-04-15 16:43:09.7471 | DEBUG | Connection id "0HNBS1NN8QBMD" stopped. 
2025-04-15 16:43:13.2009 | DEBUG | Connection id "0HNBS1NN8QBMF" accepted. 
2025-04-15 16:43:13.2009 | DEBUG | Connection id "0HNBS1NN8QBMF" started. 
2025-04-15 16:43:13.2009 | DEBUG | The request path  does not match the path filter 
2025-04-15 16:43:13.2009 | DEBUG | The request has an origin header: 'null'. 
2025-04-15 16:43:13.2009 | DEBUG | 1 candidate(s) found for the request path '/api/Author/GetAllBooks2' 
2025-04-15 16:43:13.2009 | DEBUG | Endpoint 'WebApplication1.Controller.AuthorController.GetAllBooks2 (WebApplication1)' with route pattern 'api/Author/GetAllBooks2' is valid for the request path '/api/Author/GetAllBooks2' 
2025-04-15 16:43:13.2009 | DEBUG | Request matched endpoint 'WebApplication1.Controller.AuthorController.GetAllBooks2 (WebApplication1)' 
2025-04-15 16:43:13.2009 | DEBUG | Execution plan of authorization filters (in the following order): None 
2025-04-15 16:43:13.2009 | DEBUG | Execution plan of resource filters (in the following order): None 
2025-04-15 16:43:13.2009 | DEBUG | Execution plan of action filters (in the following order): Microsoft.AspNetCore.Mvc.ModelBinding.UnsupportedContentTypeFilter (Order: -3000), Microsoft.AspNetCore.Mvc.Infrastructure.ModelStateInvalidFilter (Order: -2000) 
2025-04-15 16:43:13.2009 | DEBUG | Execution plan of exception filters (in the following order): None 
2025-04-15 16:43:13.2009 | DEBUG | Execution plan of result filters (in the following order): Microsoft.AspNetCore.Mvc.Infrastructure.ClientErrorResultFilter (Order: -2000) 
2025-04-15 16:43:13.2009 | DEBUG | Executing controller factory for controller WebApplication1.Controller.AuthorController (WebApplication1) 
2025-04-15 16:43:15.1001 | DEBUG | Connection id "0HNBS1NN8QBME" stopped. 
2025-04-15 16:43:28.7877 | DEBUG | Connection id "0HNBS1NN8QBMF" completed keep alive response. 
2025-04-15 16:43:33.5357 | DEBUG | The request path  does not match the path filter 
2025-04-15 16:43:33.5357 | DEBUG | The request has an origin header: 'null'. 
2025-04-15 16:43:33.5357 | DEBUG | 1 candidate(s) found for the request path '/api/Author/GetAllBooks2' 
2025-04-15 16:43:33.5357 | DEBUG | Endpoint 'WebApplication1.Controller.AuthorController.GetAllBooks2 (WebApplication1)' with route pattern 'api/Author/GetAllBooks2' is valid for the request path '/api/Author/GetAllBooks2' 
2025-04-15 16:43:33.5357 | DEBUG | Request matched endpoint 'WebApplication1.Controller.AuthorController.GetAllBooks2 (WebApplication1)' 
2025-04-15 16:43:33.5357 | DEBUG | Execution plan of authorization filters (in the following order): None 
2025-04-15 16:43:33.5357 | DEBUG | Execution plan of resource filters (in the following order): None 
2025-04-15 16:43:33.5357 | DEBUG | Execution plan of action filters (in the following order): Microsoft.AspNetCore.Mvc.ModelBinding.UnsupportedContentTypeFilter (Order: -3000), Microsoft.AspNetCore.Mvc.Infrastructure.ModelStateInvalidFilter (Order: -2000) 
2025-04-15 16:43:33.5357 | DEBUG | Execution plan of exception filters (in the following order): None 
2025-04-15 16:43:33.5357 | DEBUG | Execution plan of result filters (in the following order): Microsoft.AspNetCore.Mvc.Infrastructure.ClientErrorResultFilter (Order: -2000) 
2025-04-15 16:43:33.5357 | DEBUG | Executing controller factory for controller WebApplication1.Controller.AuthorController (WebApplication1) 
2025-04-15 16:43:49.0465 | DEBUG | Connection id "0HNBS1NN8QBMF" completed keep alive response. 
2025-04-15 16:44:07.8855 | DEBUG | Registered model binder providers, in the following order: Microsoft.AspNetCore.Mvc.ModelBinding.Binders.BinderTypeModelBinderProvider, Microsoft.AspNetCore.Mvc.ModelBinding.Binders.ServicesModelBinderProvider, Microsoft.AspNetCore.Mvc.ModelBinding.Binders.BodyModelBinderProvider, Microsoft.AspNetCore.Mvc.ModelBinding.Binders.HeaderModelBinderProvider, Microsoft.AspNetCore.Mvc.ModelBinding.Binders.FloatingPointTypeModelBinderProvider, Microsoft.AspNetCore.Mvc.ModelBinding.Binders.EnumTypeModelBinderProvider, Microsoft.AspNetCore.Mvc.ModelBinding.Binders.DateTimeModelBinderProvider, Microsoft.AspNetCore.Mvc.ModelBinding.Binders.TryParseModelBinderProvider, Microsoft.AspNetCore.Mvc.ModelBinding.Binders.SimpleTypeModelBinderProvider, Microsoft.AspNetCore.Mvc.ModelBinding.Binders.CancellationTokenModelBinderProvider, Microsoft.AspNetCore.Mvc.ModelBinding.Binders.ByteArrayModelBinderProvider, Microsoft.AspNetCore.Mvc.ModelBinding.Binders.FormFileModelBinderProvider, Microsoft.AspNetCore.Mvc.ModelBinding.Binders.FormCollectionModelBinderProvider, Microsoft.AspNetCore.Mvc.ModelBinding.Binders.KeyValuePairModelBinderProvider, Microsoft.AspNetCore.Mvc.ModelBinding.Binders.DictionaryModelBinderProvider, Microsoft.AspNetCore.Mvc.ModelBinding.Binders.ArrayModelBinderProvider, Microsoft.AspNetCore.Mvc.ModelBinding.Binders.CollectionModelBinderProvider, Microsoft.AspNetCore.Mvc.ModelBinding.Binders.ComplexObjectModelBinderProvider 
2025-04-15 16:44:07.9816 | DEBUG | Hosting starting 
2025-04-15 16:44:08.1949 | DEBUG | Loaded hosting startup assembly WebApplication1 
2025-04-15 16:44:08.1949 | DEBUG | Loaded hosting startup assembly Microsoft.AspNetCore.Watch.BrowserRefresh 
2025-04-15 16:44:08.1949 | DEBUG | Loaded hosting startup assembly Microsoft.WebTools.BrowserLink.Net 
2025-04-15 16:44:08.1949 | DEBUG | Hosting started 
2025-04-15 16:44:08.2116 | DEBUG | Connection id "0HNBS1QI2KP44" received FIN. 
2025-04-15 16:44:08.2299 | DEBUG | Connection id "0HNBS1QI2KP44" accepted. 
2025-04-15 16:44:08.2318 | DEBUG | Connection id "0HNBS1QI2KP44" started. 
2025-04-15 16:44:08.2518 | DEBUG | Connection id "0HNBS1QI2KP44" sending FIN because: "The client closed the connection." 
2025-04-15 16:44:08.2518 | DEBUG | Connection id "0HNBS1QI2KP44" disconnecting. 
2025-04-15 16:44:08.2518 | DEBUG | Connection id "0HNBS1QI2KP44" stopped. 
2025-04-15 16:44:08.4066 | DEBUG | Connection id "0HNBS1QI2KP45" accepted. 
2025-04-15 16:44:08.4066 | DEBUG | Connection id "0HNBS1QI2KP45" started. 
2025-04-15 16:44:08.4066 | DEBUG | Connection id "0HNBS1QI2KP46" accepted. 
2025-04-15 16:44:08.4066 | DEBUG | Connection id "0HNBS1QI2KP46" started. 
2025-04-15 16:44:08.4994 | DEBUG | Wildcard detected, all requests with hosts will be allowed. 
2025-04-15 16:44:08.5240 | DEBUG | The request path  does not match the path filter 
2025-04-15 16:44:08.5479 | DEBUG | No candidates found for the request path '/' 
2025-04-15 16:44:08.5479 | DEBUG | Request did not match any endpoints 
2025-04-15 16:44:08.5663 | DEBUG | Connection id "0HNBS1QI2KP45" completed keep alive response. 
2025-04-15 16:44:19.1944 | DEBUG | Connection id "0HNBS1QI2KP47" accepted. 
2025-04-15 16:44:19.1944 | DEBUG | Connection id "0HNBS1QI2KP47" started. 
2025-04-15 16:44:19.2007 | DEBUG | The request path  does not match the path filter 
2025-04-15 16:44:19.2007 | DEBUG | The request has an origin header: 'null'. 
2025-04-15 16:44:19.2373 | DEBUG | 1 candidate(s) found for the request path '/api/Author/GetAllBooks2' 
2025-04-15 16:44:19.2373 | DEBUG | Endpoint 'WebApplication1.Controller.AuthorController.GetAllBooks2 (WebApplication1)' with route pattern 'api/Author/GetAllBooks2' is valid for the request path '/api/Author/GetAllBooks2' 
2025-04-15 16:44:19.2373 | DEBUG | Request matched endpoint 'WebApplication1.Controller.AuthorController.GetAllBooks2 (WebApplication1)' 
2025-04-15 16:44:19.2851 | DEBUG | Execution plan of authorization filters (in the following order): None 
2025-04-15 16:44:19.2851 | DEBUG | Execution plan of resource filters (in the following order): None 
2025-04-15 16:44:19.2851 | DEBUG | Execution plan of action filters (in the following order): Microsoft.AspNetCore.Mvc.ModelBinding.UnsupportedContentTypeFilter (Order: -3000), Microsoft.AspNetCore.Mvc.Infrastructure.ModelStateInvalidFilter (Order: -2000) 
2025-04-15 16:44:19.2851 | DEBUG | Execution plan of exception filters (in the following order): None 
2025-04-15 16:44:19.2851 | DEBUG | Execution plan of result filters (in the following order): Microsoft.AspNetCore.Mvc.Infrastructure.ClientErrorResultFilter (Order: -2000) 
2025-04-15 16:44:19.2851 | DEBUG | Executing controller factory for controller WebApplication1.Controller.AuthorController (WebApplication1) 
2025-04-15 16:44:19.8663 | DEBUG | Executed controller factory for controller WebApplication1.Controller.AuthorController (WebApplication1) 
2025-04-15 16:44:19.8753 | DEBUG | Attempting to bind parameter 'skip' of type 'System.Int32' ... 
2025-04-15 16:44:19.8753 | DEBUG | Attempting to bind parameter 'skip' of type 'System.Int32' using the name 'skip' in request data ... 
2025-04-15 16:44:19.8753 | DEBUG | Done attempting to bind parameter 'skip' of type 'System.Int32'. 
2025-04-15 16:44:19.8753 | DEBUG | Done attempting to bind parameter 'skip' of type 'System.Int32'. 
2025-04-15 16:44:19.8753 | DEBUG | Attempting to validate the bound parameter 'skip' of type 'System.Int32' ... 
2025-04-15 16:44:19.8753 | DEBUG | Done attempting to validate the bound parameter 'skip' of type 'System.Int32'. 
2025-04-15 16:44:19.8753 | DEBUG | Attempting to bind parameter 'take' of type 'System.Int32' ... 
2025-04-15 16:44:19.8753 | DEBUG | Attempting to bind parameter 'take' of type 'System.Int32' using the name 'take' in request data ... 
2025-04-15 16:44:19.8753 | DEBUG | Done attempting to bind parameter 'take' of type 'System.Int32'. 
2025-04-15 16:44:19.8753 | DEBUG | Done attempting to bind parameter 'take' of type 'System.Int32'. 
2025-04-15 16:44:19.8753 | DEBUG | Attempting to validate the bound parameter 'take' of type 'System.Int32' ... 
2025-04-15 16:44:19.8753 | DEBUG | Done attempting to validate the bound parameter 'take' of type 'System.Int32'. 
2025-04-15 16:44:19.8753 | DEBUG | Attempting to bind parameter 'sortFeild' of type 'System.String' ... 
2025-04-15 16:44:19.8753 | DEBUG | Attempting to bind parameter 'sortFeild' of type 'System.String' using the name 'sortFeild' in request data ... 
2025-04-15 16:44:19.8753 | DEBUG | Done attempting to bind parameter 'sortFeild' of type 'System.String'. 
2025-04-15 16:44:19.8753 | DEBUG | Done attempting to bind parameter 'sortFeild' of type 'System.String'. 
2025-04-15 16:44:19.8753 | DEBUG | Attempting to validate the bound parameter 'sortFeild' of type 'System.String' ... 
2025-04-15 16:44:19.8753 | DEBUG | Done attempting to validate the bound parameter 'sortFeild' of type 'System.String'. 
2025-04-15 16:44:19.8753 | DEBUG | Attempting to bind parameter 'sortType' of type 'System.Nullable`1[System.Int32]' ... 
2025-04-15 16:44:19.8753 | DEBUG | Attempting to bind parameter 'sortType' of type 'System.Nullable`1[System.Int32]' using the name 'sortType' in request data ... 
2025-04-15 16:44:19.8753 | DEBUG | Done attempting to bind parameter 'sortType' of type 'System.Nullable`1[System.Int32]'. 
2025-04-15 16:44:19.8753 | DEBUG | Done attempting to bind parameter 'sortType' of type 'System.Nullable`1[System.Int32]'. 
2025-04-15 16:44:19.8753 | DEBUG | Attempting to validate the bound parameter 'sortType' of type 'System.Nullable`1[System.Int32]' ... 
2025-04-15 16:44:19.8753 | DEBUG | Done attempting to validate the bound parameter 'sortType' of type 'System.Nullable`1[System.Int32]'. 
2025-04-15 16:44:20.0161 | DEBUG | List of registered output formatters, in the following order: Microsoft.AspNetCore.Mvc.Formatters.HttpNoContentOutputFormatter, Microsoft.AspNetCore.Mvc.Formatters.StringOutputFormatter, Microsoft.AspNetCore.Mvc.Formatters.StreamOutputFormatter, Microsoft.AspNetCore.Mvc.Formatters.NewtonsoftJsonOutputFormatter 
2025-04-15 16:44:20.0161 | DEBUG | No information found on request to perform content negotiation. 
2025-04-15 16:44:20.0161 | DEBUG | Attempting to select an output formatter without using a content type as no explicit content types were specified for the response. 
2025-04-15 16:44:20.0161 | DEBUG | Attempting to select the first formatter in the output formatters list which can write the result. 
2025-04-15 16:44:20.0161 | DEBUG | Selected output formatter 'Microsoft.AspNetCore.Mvc.Formatters.NewtonsoftJsonOutputFormatter' and content type 'application/json' to write the response. 
2025-04-15 16:44:20.1553 | DEBUG | Connection id "0HNBS1QI2KP47" completed keep alive response. 
2025-04-15 16:45:22.0759 | DEBUG | Connection id "0HNBS1QI2KP46" received FIN. 
2025-04-15 16:45:22.0759 | DEBUG | Connection id "0HNBS1QI2KP46" sending FIN because: "The client closed the connection." 
2025-04-15 16:45:22.0759 | DEBUG | Connection id "0HNBS1QI2KP46" disconnecting. 
2025-04-15 16:45:22.0988 | DEBUG | Connection id "0HNBS1QI2KP46" stopped. 
2025-04-15 16:45:22.0988 | DEBUG | The request path  does not match the path filter 
2025-04-15 16:45:22.0988 | DEBUG | The request has an origin header: 'null'. 
2025-04-15 16:45:22.0988 | DEBUG | 1 candidate(s) found for the request path '/api/Author/GetAllBooks2' 
2025-04-15 16:45:22.0988 | DEBUG | Endpoint 'WebApplication1.Controller.AuthorController.GetAllBooks2 (WebApplication1)' with route pattern 'api/Author/GetAllBooks2' is valid for the request path '/api/Author/GetAllBooks2' 
2025-04-15 16:45:22.0988 | DEBUG | Request matched endpoint 'WebApplication1.Controller.AuthorController.GetAllBooks2 (WebApplication1)' 
2025-04-15 16:45:22.0988 | DEBUG | Execution plan of authorization filters (in the following order): None 
2025-04-15 16:45:22.0988 | DEBUG | Execution plan of resource filters (in the following order): None 
2025-04-15 16:45:22.0988 | DEBUG | Execution plan of action filters (in the following order): Microsoft.AspNetCore.Mvc.ModelBinding.UnsupportedContentTypeFilter (Order: -3000), Microsoft.AspNetCore.Mvc.Infrastructure.ModelStateInvalidFilter (Order: -2000) 
2025-04-15 16:45:22.0988 | DEBUG | Execution plan of exception filters (in the following order): None 
2025-04-15 16:45:22.0988 | DEBUG | Execution plan of result filters (in the following order): Microsoft.AspNetCore.Mvc.Infrastructure.ClientErrorResultFilter (Order: -2000) 
2025-04-15 16:45:22.0988 | DEBUG | Executing controller factory for controller WebApplication1.Controller.AuthorController (WebApplication1) 
2025-04-15 16:45:22.1293 | DEBUG | Executed controller factory for controller WebApplication1.Controller.AuthorController (WebApplication1) 
2025-04-15 16:45:22.1293 | DEBUG | Attempting to bind parameter 'skip' of type 'System.Int32' ... 
2025-04-15 16:45:22.1293 | DEBUG | Attempting to bind parameter 'skip' of type 'System.Int32' using the name 'skip' in request data ... 
2025-04-15 16:45:22.1293 | DEBUG | Done attempting to bind parameter 'skip' of type 'System.Int32'. 
2025-04-15 16:45:22.1293 | DEBUG | Done attempting to bind parameter 'skip' of type 'System.Int32'. 
2025-04-15 16:45:22.1293 | DEBUG | Attempting to validate the bound parameter 'skip' of type 'System.Int32' ... 
2025-04-15 16:45:22.1293 | DEBUG | Done attempting to validate the bound parameter 'skip' of type 'System.Int32'. 
2025-04-15 16:45:22.1293 | DEBUG | Attempting to bind parameter 'take' of type 'System.Int32' ... 
2025-04-15 16:45:22.1293 | DEBUG | Attempting to bind parameter 'take' of type 'System.Int32' using the name 'take' in request data ... 
2025-04-15 16:45:22.1293 | DEBUG | Done attempting to bind parameter 'take' of type 'System.Int32'. 
2025-04-15 16:45:22.1293 | DEBUG | Done attempting to bind parameter 'take' of type 'System.Int32'. 
2025-04-15 16:45:22.1293 | DEBUG | Attempting to validate the bound parameter 'take' of type 'System.Int32' ... 
2025-04-15 16:45:22.1293 | DEBUG | Done attempting to validate the bound parameter 'take' of type 'System.Int32'. 
2025-04-15 16:45:22.1293 | DEBUG | Attempting to bind parameter 'sortFeild' of type 'System.String' ... 
2025-04-15 16:45:22.1293 | DEBUG | Attempting to bind parameter 'sortFeild' of type 'System.String' using the name 'sortFeild' in request data ... 
2025-04-15 16:45:22.1293 | DEBUG | Done attempting to bind parameter 'sortFeild' of type 'System.String'. 
2025-04-15 16:45:22.1293 | DEBUG | Done attempting to bind parameter 'sortFeild' of type 'System.String'. 
2025-04-15 16:45:22.1293 | DEBUG | Attempting to validate the bound parameter 'sortFeild' of type 'System.String' ... 
2025-04-15 16:45:22.1293 | DEBUG | Done attempting to validate the bound parameter 'sortFeild' of type 'System.String'. 
2025-04-15 16:45:22.1293 | DEBUG | Attempting to bind parameter 'sortType' of type 'System.Nullable`1[System.Int32]' ... 
2025-04-15 16:45:22.1293 | DEBUG | Attempting to bind parameter 'sortType' of type 'System.Nullable`1[System.Int32]' using the name 'sortType' in request data ... 
2025-04-15 16:45:22.1293 | DEBUG | Done attempting to bind parameter 'sortType' of type 'System.Nullable`1[System.Int32]'. 
2025-04-15 16:45:22.1293 | DEBUG | Done attempting to bind parameter 'sortType' of type 'System.Nullable`1[System.Int32]'. 
2025-04-15 16:45:22.1293 | DEBUG | Attempting to validate the bound parameter 'sortType' of type 'System.Nullable`1[System.Int32]' ... 
2025-04-15 16:45:22.1293 | DEBUG | Done attempting to validate the bound parameter 'sortType' of type 'System.Nullable`1[System.Int32]'. 
2025-04-15 16:45:22.1387 | DEBUG | List of registered output formatters, in the following order: Microsoft.AspNetCore.Mvc.Formatters.HttpNoContentOutputFormatter, Microsoft.AspNetCore.Mvc.Formatters.StringOutputFormatter, Microsoft.AspNetCore.Mvc.Formatters.StreamOutputFormatter, Microsoft.AspNetCore.Mvc.Formatters.NewtonsoftJsonOutputFormatter 
2025-04-15 16:45:22.1387 | DEBUG | No information found on request to perform content negotiation. 
2025-04-15 16:45:22.1387 | DEBUG | Attempting to select an output formatter without using a content type as no explicit content types were specified for the response. 
2025-04-15 16:45:22.1387 | DEBUG | Attempting to select the first formatter in the output formatters list which can write the result. 
2025-04-15 16:45:22.1387 | DEBUG | Selected output formatter 'Microsoft.AspNetCore.Mvc.Formatters.NewtonsoftJsonOutputFormatter' and content type 'application/json' to write the response. 
2025-04-15 16:45:22.1387 | DEBUG | Connection id "0HNBS1QI2KP47" completed keep alive response. 
2025-04-15 16:46:53.2206 | DEBUG | Connection id "0HNBS1QI2KP45" received FIN. 
2025-04-15 16:46:53.2206 | DEBUG | Connection id "0HNBS1QI2KP47" received FIN. 
2025-04-15 16:46:53.2206 | DEBUG | Connection id "0HNBS1QI2KP45" disconnecting. 
2025-04-15 16:46:53.2206 | DEBUG | Connection id "0HNBS1QI2KP45" stopped. 
2025-04-15 16:46:53.2206 | DEBUG | Connection id "0HNBS1QI2KP47" disconnecting. 
2025-04-15 16:46:53.2206 | DEBUG | Connection id "0HNBS1QI2KP47" stopped. 
2025-04-15 16:46:53.2405 | DEBUG | Connection id "0HNBS1QI2KP45" sending FIN because: "The Socket transport's send loop completed gracefully." 
2025-04-15 16:46:53.2405 | DEBUG | Connection id "0HNBS1QI2KP47" sending FIN because: "The Socket transport's send loop completed gracefully." 
