2025-04-14 11:42:42.6516 | ERROR | An unhandled exception has occurred while executing the request. Swashbuckle.AspNetCore.SwaggerGen.SwaggerGeneratorException: Conflicting method/path combination "GET api/Author/GetAllBooks2" for actions - WebApplication1.Controller.AuthorController.GetAllBooks2 (WebApplication1), WebApplication1.Controller.AuthorController.GetAllBooks2 (WebApplication1). Actions require a unique method/path combination for Swagger/OpenAPI 2.0 and 3.0. Use ConflictingActionsResolver as a workaround or provide your own implementation of PathGroupSelector.
   at Swashbuckle.AspNetCore.SwaggerGen.SwaggerGenerator.PrepareGenerateOperation(IGrouping`2 group)
   at System.Linq.Enumerable.SelectEnumerableIterator`2.MoveNext()
   at Swashbuckle.AspNetCore.SwaggerGen.SwaggerGenerator.GenerateOperationsAsync(IEnumerable`1 apiDescriptions, SchemaRepository schemaRepository)
   at Swashbuckle.AspNetCore.SwaggerGen.SwaggerGenerator.GeneratePathsAsync(IEnumerable`1 apiDescriptions, SchemaRepository schemaRepository, Func`3 operationsGenerator)
   at Swashbuckle.AspNetCore.SwaggerGen.SwaggerGenerator.GeneratePathsAsync(IEnumerable`1 apiDescriptions, SchemaRepository schemaRepository)
   at Swashbuckle.AspNetCore.SwaggerGen.SwaggerGenerator.GetSwaggerAsync(String documentName, String host, String basePath)
   at Swashbuckle.AspNetCore.Swagger.SwaggerMiddleware.Invoke(HttpContext httpContext, ISwaggerProvider swaggerProvider)
   at Microsoft.AspNetCore.Authorization.AuthorizationMiddleware.Invoke(HttpContext context)
   at Microsoft.AspNetCore.Authentication.AuthenticationMiddleware.Invoke(HttpContext context)
   at Microsoft.AspNetCore.Diagnostics.DeveloperExceptionPageMiddlewareImpl.Invoke(HttpContext context)
2025-04-14 11:42:48.6475 | ERROR | An unhandled exception has occurred while executing the request. Swashbuckle.AspNetCore.SwaggerGen.SwaggerGeneratorException: Conflicting method/path combination "GET api/Author/GetAllBooks2" for actions - WebApplication1.Controller.AuthorController.GetAllBooks2 (WebApplication1), WebApplication1.Controller.AuthorController.GetAllBooks2 (WebApplication1). Actions require a unique method/path combination for Swagger/OpenAPI 2.0 and 3.0. Use ConflictingActionsResolver as a workaround or provide your own implementation of PathGroupSelector.
   at Swashbuckle.AspNetCore.SwaggerGen.SwaggerGenerator.PrepareGenerateOperation(IGrouping`2 group)
   at System.Linq.Enumerable.SelectEnumerableIterator`2.MoveNext()
   at Swashbuckle.AspNetCore.SwaggerGen.SwaggerGenerator.GenerateOperationsAsync(IEnumerable`1 apiDescriptions, SchemaRepository schemaRepository)
   at Swashbuckle.AspNetCore.SwaggerGen.SwaggerGenerator.GeneratePathsAsync(IEnumerable`1 apiDescriptions, SchemaRepository schemaRepository, Func`3 operationsGenerator)
   at Swashbuckle.AspNetCore.SwaggerGen.SwaggerGenerator.GeneratePathsAsync(IEnumerable`1 apiDescriptions, SchemaRepository schemaRepository)
   at Swashbuckle.AspNetCore.SwaggerGen.SwaggerGenerator.GetSwaggerAsync(String documentName, String host, String basePath)
   at Swashbuckle.AspNetCore.Swagger.SwaggerMiddleware.Invoke(HttpContext httpContext, ISwaggerProvider swaggerProvider)
   at Microsoft.AspNetCore.Authorization.AuthorizationMiddleware.Invoke(HttpContext context)
   at Microsoft.AspNetCore.Authentication.AuthenticationMiddleware.Invoke(HttpContext context)
   at Microsoft.AspNetCore.Diagnostics.DeveloperExceptionPageMiddlewareImpl.Invoke(HttpContext context)
2025-04-14 11:42:50.0167 | ERROR | An unhandled exception has occurred while executing the request. Swashbuckle.AspNetCore.SwaggerGen.SwaggerGeneratorException: Conflicting method/path combination "GET api/Author/GetAllBooks2" for actions - WebApplication1.Controller.AuthorController.GetAllBooks2 (WebApplication1), WebApplication1.Controller.AuthorController.GetAllBooks2 (WebApplication1). Actions require a unique method/path combination for Swagger/OpenAPI 2.0 and 3.0. Use ConflictingActionsResolver as a workaround or provide your own implementation of PathGroupSelector.
   at Swashbuckle.AspNetCore.SwaggerGen.SwaggerGenerator.PrepareGenerateOperation(IGrouping`2 group)
   at System.Linq.Enumerable.SelectEnumerableIterator`2.MoveNext()
   at Swashbuckle.AspNetCore.SwaggerGen.SwaggerGenerator.GenerateOperationsAsync(IEnumerable`1 apiDescriptions, SchemaRepository schemaRepository)
   at Swashbuckle.AspNetCore.SwaggerGen.SwaggerGenerator.GeneratePathsAsync(IEnumerable`1 apiDescriptions, SchemaRepository schemaRepository, Func`3 operationsGenerator)
   at Swashbuckle.AspNetCore.SwaggerGen.SwaggerGenerator.GeneratePathsAsync(IEnumerable`1 apiDescriptions, SchemaRepository schemaRepository)
   at Swashbuckle.AspNetCore.SwaggerGen.SwaggerGenerator.GetSwaggerAsync(String documentName, String host, String basePath)
   at Swashbuckle.AspNetCore.Swagger.SwaggerMiddleware.Invoke(HttpContext httpContext, ISwaggerProvider swaggerProvider)
   at Microsoft.AspNetCore.Authorization.AuthorizationMiddleware.Invoke(HttpContext context)
   at Microsoft.AspNetCore.Authentication.AuthenticationMiddleware.Invoke(HttpContext context)
   at Microsoft.AspNetCore.Diagnostics.DeveloperExceptionPageMiddlewareImpl.Invoke(HttpContext context)
2025-04-14 11:42:51.1726 | ERROR | An unhandled exception has occurred while executing the request. Swashbuckle.AspNetCore.SwaggerGen.SwaggerGeneratorException: Conflicting method/path combination "GET api/Author/GetAllBooks2" for actions - WebApplication1.Controller.AuthorController.GetAllBooks2 (WebApplication1), WebApplication1.Controller.AuthorController.GetAllBooks2 (WebApplication1). Actions require a unique method/path combination for Swagger/OpenAPI 2.0 and 3.0. Use ConflictingActionsResolver as a workaround or provide your own implementation of PathGroupSelector.
   at Swashbuckle.AspNetCore.SwaggerGen.SwaggerGenerator.PrepareGenerateOperation(IGrouping`2 group)
   at System.Linq.Enumerable.SelectEnumerableIterator`2.MoveNext()
   at Swashbuckle.AspNetCore.SwaggerGen.SwaggerGenerator.GenerateOperationsAsync(IEnumerable`1 apiDescriptions, SchemaRepository schemaRepository)
   at Swashbuckle.AspNetCore.SwaggerGen.SwaggerGenerator.GeneratePathsAsync(IEnumerable`1 apiDescriptions, SchemaRepository schemaRepository, Func`3 operationsGenerator)
   at Swashbuckle.AspNetCore.SwaggerGen.SwaggerGenerator.GeneratePathsAsync(IEnumerable`1 apiDescriptions, SchemaRepository schemaRepository)
   at Swashbuckle.AspNetCore.SwaggerGen.SwaggerGenerator.GetSwaggerAsync(String documentName, String host, String basePath)
   at Swashbuckle.AspNetCore.Swagger.SwaggerMiddleware.Invoke(HttpContext httpContext, ISwaggerProvider swaggerProvider)
   at Microsoft.AspNetCore.Authorization.AuthorizationMiddleware.Invoke(HttpContext context)
   at Microsoft.AspNetCore.Authentication.AuthenticationMiddleware.Invoke(HttpContext context)
   at Microsoft.AspNetCore.Diagnostics.DeveloperExceptionPageMiddlewareImpl.Invoke(HttpContext context)
2025-04-14 11:45:31.2749 | ERROR | An unhandled exception has occurred while executing the request. Swashbuckle.AspNetCore.SwaggerGen.SwaggerGeneratorException: Conflicting method/path combination "GET api/Author/GetAllBooks2" for actions - WebApplication1.Controller.AuthorController.GetAllBooks2 (WebApplication1), WebApplication1.Controller.AuthorController.GetAllBooks2 (WebApplication1). Actions require a unique method/path combination for Swagger/OpenAPI 2.0 and 3.0. Use ConflictingActionsResolver as a workaround or provide your own implementation of PathGroupSelector.
   at Swashbuckle.AspNetCore.SwaggerGen.SwaggerGenerator.PrepareGenerateOperation(IGrouping`2 group)
   at System.Linq.Enumerable.SelectEnumerableIterator`2.MoveNext()
   at Swashbuckle.AspNetCore.SwaggerGen.SwaggerGenerator.GenerateOperationsAsync(IEnumerable`1 apiDescriptions, SchemaRepository schemaRepository)
   at Swashbuckle.AspNetCore.SwaggerGen.SwaggerGenerator.GeneratePathsAsync(IEnumerable`1 apiDescriptions, SchemaRepository schemaRepository, Func`3 operationsGenerator)
   at Swashbuckle.AspNetCore.SwaggerGen.SwaggerGenerator.GeneratePathsAsync(IEnumerable`1 apiDescriptions, SchemaRepository schemaRepository)
   at Swashbuckle.AspNetCore.SwaggerGen.SwaggerGenerator.GetSwaggerAsync(String documentName, String host, String basePath)
   at Swashbuckle.AspNetCore.Swagger.SwaggerMiddleware.Invoke(HttpContext httpContext, ISwaggerProvider swaggerProvider)
   at Microsoft.AspNetCore.Authorization.AuthorizationMiddleware.Invoke(HttpContext context)
   at Microsoft.AspNetCore.Authentication.AuthenticationMiddleware.Invoke(HttpContext context)
   at Microsoft.AspNetCore.Diagnostics.DeveloperExceptionPageMiddlewareImpl.Invoke(HttpContext context)
2025-04-14 11:45:36.1055 | ERROR | An unhandled exception has occurred while executing the request. Swashbuckle.AspNetCore.SwaggerGen.SwaggerGeneratorException: Conflicting method/path combination "GET api/Author/GetAllBooks2" for actions - WebApplication1.Controller.AuthorController.GetAllBooks2 (WebApplication1), WebApplication1.Controller.AuthorController.GetAllBooks2 (WebApplication1). Actions require a unique method/path combination for Swagger/OpenAPI 2.0 and 3.0. Use ConflictingActionsResolver as a workaround or provide your own implementation of PathGroupSelector.
   at Swashbuckle.AspNetCore.SwaggerGen.SwaggerGenerator.PrepareGenerateOperation(IGrouping`2 group)
   at System.Linq.Enumerable.SelectEnumerableIterator`2.MoveNext()
   at Swashbuckle.AspNetCore.SwaggerGen.SwaggerGenerator.GenerateOperationsAsync(IEnumerable`1 apiDescriptions, SchemaRepository schemaRepository)
   at Swashbuckle.AspNetCore.SwaggerGen.SwaggerGenerator.GeneratePathsAsync(IEnumerable`1 apiDescriptions, SchemaRepository schemaRepository, Func`3 operationsGenerator)
   at Swashbuckle.AspNetCore.SwaggerGen.SwaggerGenerator.GeneratePathsAsync(IEnumerable`1 apiDescriptions, SchemaRepository schemaRepository)
   at Swashbuckle.AspNetCore.SwaggerGen.SwaggerGenerator.GetSwaggerAsync(String documentName, String host, String basePath)
   at Swashbuckle.AspNetCore.Swagger.SwaggerMiddleware.Invoke(HttpContext httpContext, ISwaggerProvider swaggerProvider)
   at Microsoft.AspNetCore.Authorization.AuthorizationMiddleware.Invoke(HttpContext context)
   at Microsoft.AspNetCore.Authentication.AuthenticationMiddleware.Invoke(HttpContext context)
   at Microsoft.AspNetCore.Diagnostics.DeveloperExceptionPageMiddlewareImpl.Invoke(HttpContext context)
2025-04-14 12:42:53.3786 | ERROR | An unhandled exception has occurred while executing the request. System.InvalidOperationException: The service collection cannot be modified because it is read-only.
   at Microsoft.Extensions.DependencyInjection.ServiceCollection.ThrowReadOnlyException()
   at Microsoft.Extensions.DependencyInjection.ServiceCollection.System.Collections.Generic.ICollection<Microsoft.Extensions.DependencyInjection.ServiceDescriptor>.Add(ServiceDescriptor item)
   at Microsoft.Extensions.DependencyInjection.ServiceCollectionServiceExtensions.AddSingleton(IServiceCollection services, Type serviceType, Object implementationInstance)
   at Microsoft.Extensions.DependencyInjection.ServiceCollectionServiceExtensions.AddSingleton[TService](IServiceCollection services, TService implementationInstance)
   at Microsoft.Extensions.DependencyInjection.OptionsServiceCollectionExtensions.Configure[TOptions](IServiceCollection services, String name, Action`1 configureOptions)
   at Microsoft.Extensions.DependencyInjection.CorsServiceCollectionExtensions.AddCors(IServiceCollection services, Action`1 setupAction)
   at WebApplication1.Startup.<>c__DisplayClass5_0.<ConfigureServices>b__0(SwaggerGenOptions c) in C:\Users\navneetkumar.t\source\repos\navneetthakor\RKIT-reconsile\4_DotNet_Core\Final_Demo_DNC\WebApplication1\WebApplication1\Startup.cs:line 42
   at Microsoft.Extensions.Options.OptionsFactory`1.Create(String name)
   at Microsoft.Extensions.Options.UnnamedOptionsManager`1.get_Value()
   at Swashbuckle.AspNetCore.SwaggerGen.ConfigureSwaggerGeneratorOptions..ctor(IOptions`1 swaggerGenOptionsAccessor, IServiceProvider serviceProvider, IWebHostEnvironment hostingEnv)
   at System.RuntimeMethodHandle.InvokeMethod(Object target, Void** arguments, Signature sig, Boolean isConstructor)
   at System.Reflection.ConstructorInvoker.Invoke(Object obj, IntPtr* args, BindingFlags invokeAttr)
   at System.Reflection.RuntimeConstructorInfo.Invoke(BindingFlags invokeAttr, Binder binder, Object[] parameters, CultureInfo culture)
   at Microsoft.Extensions.DependencyInjection.ServiceLookup.CallSiteRuntimeResolver.VisitConstructor(ConstructorCallSite constructorCallSite, RuntimeResolverContext context)
   at Microsoft.Extensions.DependencyInjection.ServiceLookup.CallSiteVisitor`2.VisitCallSiteMain(ServiceCallSite callSite, TArgument argument)
   at Microsoft.Extensions.DependencyInjection.ServiceLookup.CallSiteRuntimeResolver.VisitDisposeCache(ServiceCallSite transientCallSite, RuntimeResolverContext context)
   at Microsoft.Extensions.DependencyInjection.ServiceLookup.CallSiteVisitor`2.VisitCallSite(ServiceCallSite callSite, TArgument argument)
   at Microsoft.Extensions.DependencyInjection.ServiceLookup.CallSiteRuntimeResolver.VisitIEnumerable(IEnumerableCallSite enumerableCallSite, RuntimeResolverContext context)
   at Microsoft.Extensions.DependencyInjection.ServiceLookup.CallSiteVisitor`2.VisitCallSiteMain(ServiceCallSite callSite, TArgument argument)
   at Microsoft.Extensions.DependencyInjection.ServiceLookup.CallSiteVisitor`2.VisitCallSite(ServiceCallSite callSite, TArgument argument)
   at Microsoft.Extensions.DependencyInjection.ServiceLookup.CallSiteRuntimeResolver.VisitConstructor(ConstructorCallSite constructorCallSite, RuntimeResolverContext context)
   at Microsoft.Extensions.DependencyInjection.ServiceLookup.CallSiteVisitor`2.VisitCallSiteMain(ServiceCallSite callSite, TArgument argument)
   at Microsoft.Extensions.DependencyInjection.ServiceLookup.CallSiteRuntimeResolver.VisitDisposeCache(ServiceCallSite transientCallSite, RuntimeResolverContext context)
   at Microsoft.Extensions.DependencyInjection.ServiceLookup.CallSiteVisitor`2.VisitCallSite(ServiceCallSite callSite, TArgument argument)
   at Microsoft.Extensions.DependencyInjection.ServiceLookup.CallSiteRuntimeResolver.VisitConstructor(ConstructorCallSite constructorCallSite, RuntimeResolverContext context)
   at Microsoft.Extensions.DependencyInjection.ServiceLookup.CallSiteVisitor`2.VisitCallSiteMain(ServiceCallSite callSite, TArgument argument)
   at Microsoft.Extensions.DependencyInjection.ServiceLookup.CallSiteRuntimeResolver.VisitRootCache(ServiceCallSite callSite, RuntimeResolverContext context)
   at Microsoft.Extensions.DependencyInjection.ServiceLookup.CallSiteVisitor`2.VisitCallSite(ServiceCallSite callSite, TArgument argument)
   at Microsoft.Extensions.DependencyInjection.ServiceLookup.CallSiteRuntimeResolver.Resolve(ServiceCallSite callSite, ServiceProviderEngineScope scope)
   at Microsoft.Extensions.DependencyInjection.ServiceProvider.CreateServiceAccessor(Type serviceType)
   at System.Collections.Concurrent.ConcurrentDictionary`2.GetOrAdd(TKey key, Func`2 valueFactory)
   at Microsoft.Extensions.DependencyInjection.ServiceProvider.GetService(Type serviceType, ServiceProviderEngineScope serviceProviderEngineScope)
   at Microsoft.Extensions.DependencyInjection.ServiceProviderServiceExtensions.GetRequiredService(IServiceProvider provider, Type serviceType)
   at Microsoft.Extensions.DependencyInjection.ServiceProviderServiceExtensions.GetRequiredService[T](IServiceProvider provider)
   at Microsoft.Extensions.DependencyInjection.SwaggerGenServiceCollectionExtensions.<>c.<AddSwaggerGen>b__0_3(IServiceProvider s)
   at Microsoft.Extensions.DependencyInjection.ServiceLookup.CallSiteVisitor`2.VisitCallSiteMain(ServiceCallSite callSite, TArgument argument)
   at Microsoft.Extensions.DependencyInjection.ServiceLookup.CallSiteRuntimeResolver.VisitDisposeCache(ServiceCallSite transientCallSite, RuntimeResolverContext context)
   at Microsoft.Extensions.DependencyInjection.ServiceLookup.CallSiteVisitor`2.VisitCallSite(ServiceCallSite callSite, TArgument argument)
   at Microsoft.Extensions.DependencyInjection.ServiceLookup.CallSiteRuntimeResolver.VisitConstructor(ConstructorCallSite constructorCallSite, RuntimeResolverContext context)
   at Microsoft.Extensions.DependencyInjection.ServiceLookup.CallSiteVisitor`2.VisitCallSiteMain(ServiceCallSite callSite, TArgument argument)
   at Microsoft.Extensions.DependencyInjection.ServiceLookup.CallSiteRuntimeResolver.VisitDisposeCache(ServiceCallSite transientCallSite, RuntimeResolverContext context)
   at Microsoft.Extensions.DependencyInjection.ServiceLookup.CallSiteVisitor`2.VisitCallSite(ServiceCallSite callSite, TArgument argument)
   at Microsoft.Extensions.DependencyInjection.ServiceLookup.CallSiteRuntimeResolver.Resolve(ServiceCallSite callSite, ServiceProviderEngineScope scope)
   at Microsoft.Extensions.DependencyInjection.ServiceLookup.DynamicServiceProviderEngine.<>c__DisplayClass2_0.<RealizeService>b__0(ServiceProviderEngineScope scope)
   at Microsoft.Extensions.DependencyInjection.ServiceProvider.GetService(Type serviceType, ServiceProviderEngineScope serviceProviderEngineScope)
   at Microsoft.Extensions.DependencyInjection.ServiceProviderServiceExtensions.GetRequiredService(IServiceProvider provider, Type serviceType)
   at Microsoft.Extensions.DependencyInjection.ServiceProviderServiceExtensions.GetRequiredService[T](IServiceProvider provider)
   at Microsoft.Extensions.DependencyInjection.SwaggerGenServiceCollectionExtensions.<>c.<AddSwaggerGen>b__0_1(IServiceProvider s)
   at Microsoft.Extensions.DependencyInjection.ServiceLookup.CallSiteVisitor`2.VisitCallSiteMain(ServiceCallSite callSite, TArgument argument)
   at Microsoft.Extensions.DependencyInjection.ServiceLookup.CallSiteRuntimeResolver.VisitDisposeCache(ServiceCallSite transientCallSite, RuntimeResolverContext context)
   at Microsoft.Extensions.DependencyInjection.ServiceLookup.CallSiteVisitor`2.VisitCallSite(ServiceCallSite callSite, TArgument argument)
   at Microsoft.Extensions.DependencyInjection.ServiceLookup.CallSiteRuntimeResolver.Resolve(ServiceCallSite callSite, ServiceProviderEngineScope scope)
   at Microsoft.Extensions.DependencyInjection.ServiceLookup.DynamicServiceProviderEngine.<>c__DisplayClass2_0.<RealizeService>b__0(ServiceProviderEngineScope scope)
   at Microsoft.Extensions.DependencyInjection.ServiceProvider.GetService(Type serviceType, ServiceProviderEngineScope serviceProviderEngineScope)
   at Microsoft.AspNetCore.Builder.UseMiddlewareExtensions.GetService(IServiceProvider sp, Type type, Type middleware)
   at lambda_method1(Closure, Object, HttpContext, IServiceProvider)
   at Microsoft.AspNetCore.Authorization.AuthorizationMiddleware.Invoke(HttpContext context)
   at Microsoft.AspNetCore.Authentication.AuthenticationMiddleware.Invoke(HttpContext context)
   at Microsoft.AspNetCore.Diagnostics.DeveloperExceptionPageMiddlewareImpl.Invoke(HttpContext context)
2025-04-14 12:46:07.7483 | ERROR | An unhandled exception has occurred while executing the request. System.InvalidOperationException: The service collection cannot be modified because it is read-only.
   at Microsoft.Extensions.DependencyInjection.ServiceCollection.ThrowReadOnlyException()
   at Microsoft.Extensions.DependencyInjection.ServiceCollection.System.Collections.Generic.ICollection<Microsoft.Extensions.DependencyInjection.ServiceDescriptor>.Add(ServiceDescriptor item)
   at Microsoft.Extensions.DependencyInjection.ServiceCollectionServiceExtensions.AddSingleton(IServiceCollection services, Type serviceType, Object implementationInstance)
   at Microsoft.Extensions.DependencyInjection.ServiceCollectionServiceExtensions.AddSingleton[TService](IServiceCollection services, TService implementationInstance)
   at Microsoft.Extensions.DependencyInjection.OptionsServiceCollectionExtensions.Configure[TOptions](IServiceCollection services, String name, Action`1 configureOptions)
   at Microsoft.Extensions.DependencyInjection.CorsServiceCollectionExtensions.AddCors(IServiceCollection services, Action`1 setupAction)
   at WebApplication1.Startup.<>c__DisplayClass5_0.<ConfigureServices>b__0(SwaggerGenOptions c)
   at Microsoft.Extensions.Options.OptionsFactory`1.Create(String name)
   at Microsoft.Extensions.Options.UnnamedOptionsManager`1.get_Value()
   at Swashbuckle.AspNetCore.SwaggerGen.ConfigureSwaggerGeneratorOptions..ctor(IOptions`1 swaggerGenOptionsAccessor, IServiceProvider serviceProvider, IWebHostEnvironment hostingEnv)
   at InvokeStub_ConfigureSwaggerGeneratorOptions..ctor(Object, Object, IntPtr*)
   at System.Reflection.ConstructorInvoker.Invoke(Object obj, IntPtr* args, BindingFlags invokeAttr)
   at System.Reflection.RuntimeConstructorInfo.Invoke(BindingFlags invokeAttr, Binder binder, Object[] parameters, CultureInfo culture)
   at Microsoft.Extensions.DependencyInjection.ServiceLookup.CallSiteRuntimeResolver.VisitConstructor(ConstructorCallSite constructorCallSite, RuntimeResolverContext context)
   at Microsoft.Extensions.DependencyInjection.ServiceLookup.CallSiteVisitor`2.VisitCallSiteMain(ServiceCallSite callSite, TArgument argument)
   at Microsoft.Extensions.DependencyInjection.ServiceLookup.CallSiteRuntimeResolver.VisitDisposeCache(ServiceCallSite transientCallSite, RuntimeResolverContext context)
   at Microsoft.Extensions.DependencyInjection.ServiceLookup.CallSiteVisitor`2.VisitCallSite(ServiceCallSite callSite, TArgument argument)
   at Microsoft.Extensions.DependencyInjection.ServiceLookup.CallSiteRuntimeResolver.VisitIEnumerable(IEnumerableCallSite enumerableCallSite, RuntimeResolverContext context)
   at Microsoft.Extensions.DependencyInjection.ServiceLookup.CallSiteVisitor`2.VisitCallSiteMain(ServiceCallSite callSite, TArgument argument)
   at Microsoft.Extensions.DependencyInjection.ServiceLookup.CallSiteVisitor`2.VisitCallSite(ServiceCallSite callSite, TArgument argument)
   at Microsoft.Extensions.DependencyInjection.ServiceLookup.CallSiteRuntimeResolver.VisitConstructor(ConstructorCallSite constructorCallSite, RuntimeResolverContext context)
   at Microsoft.Extensions.DependencyInjection.ServiceLookup.CallSiteVisitor`2.VisitCallSiteMain(ServiceCallSite callSite, TArgument argument)
   at Microsoft.Extensions.DependencyInjection.ServiceLookup.CallSiteRuntimeResolver.VisitDisposeCache(ServiceCallSite transientCallSite, RuntimeResolverContext context)
   at Microsoft.Extensions.DependencyInjection.ServiceLookup.CallSiteVisitor`2.VisitCallSite(ServiceCallSite callSite, TArgument argument)
   at Microsoft.Extensions.DependencyInjection.ServiceLookup.CallSiteRuntimeResolver.VisitConstructor(ConstructorCallSite constructorCallSite, RuntimeResolverContext context)
   at Microsoft.Extensions.DependencyInjection.ServiceLookup.CallSiteVisitor`2.VisitCallSiteMain(ServiceCallSite callSite, TArgument argument)
   at Microsoft.Extensions.DependencyInjection.ServiceLookup.CallSiteRuntimeResolver.VisitRootCache(ServiceCallSite callSite, RuntimeResolverContext context)
   at Microsoft.Extensions.DependencyInjection.ServiceLookup.CallSiteVisitor`2.VisitCallSite(ServiceCallSite callSite, TArgument argument)
   at Microsoft.Extensions.DependencyInjection.ServiceLookup.CallSiteRuntimeResolver.Resolve(ServiceCallSite callSite, ServiceProviderEngineScope scope)
   at Microsoft.Extensions.DependencyInjection.ServiceProvider.CreateServiceAccessor(Type serviceType)
   at System.Collections.Concurrent.ConcurrentDictionary`2.GetOrAdd(TKey key, Func`2 valueFactory)
   at Microsoft.Extensions.DependencyInjection.ServiceProvider.GetService(Type serviceType, ServiceProviderEngineScope serviceProviderEngineScope)
   at Microsoft.Extensions.DependencyInjection.ServiceProviderServiceExtensions.GetRequiredService(IServiceProvider provider, Type serviceType)
   at Microsoft.Extensions.DependencyInjection.ServiceProviderServiceExtensions.GetRequiredService[T](IServiceProvider provider)
   at Microsoft.Extensions.DependencyInjection.SwaggerGenServiceCollectionExtensions.<>c.<AddSwaggerGen>b__0_3(IServiceProvider s)
   at Microsoft.Extensions.DependencyInjection.ServiceLookup.CallSiteVisitor`2.VisitCallSiteMain(ServiceCallSite callSite, TArgument argument)
   at Microsoft.Extensions.DependencyInjection.ServiceLookup.CallSiteRuntimeResolver.VisitDisposeCache(ServiceCallSite transientCallSite, RuntimeResolverContext context)
   at Microsoft.Extensions.DependencyInjection.ServiceLookup.CallSiteVisitor`2.VisitCallSite(ServiceCallSite callSite, TArgument argument)
   at Microsoft.Extensions.DependencyInjection.ServiceLookup.CallSiteRuntimeResolver.VisitConstructor(ConstructorCallSite constructorCallSite, RuntimeResolverContext context)
   at Microsoft.Extensions.DependencyInjection.ServiceLookup.CallSiteVisitor`2.VisitCallSiteMain(ServiceCallSite callSite, TArgument argument)
   at Microsoft.Extensions.DependencyInjection.ServiceLookup.CallSiteRuntimeResolver.VisitDisposeCache(ServiceCallSite transientCallSite, RuntimeResolverContext context)
   at Microsoft.Extensions.DependencyInjection.ServiceLookup.CallSiteVisitor`2.VisitCallSite(ServiceCallSite callSite, TArgument argument)
   at Microsoft.Extensions.DependencyInjection.ServiceLookup.CallSiteRuntimeResolver.Resolve(ServiceCallSite callSite, ServiceProviderEngineScope scope)
   at Microsoft.Extensions.DependencyInjection.ServiceLookup.DynamicServiceProviderEngine.<>c__DisplayClass2_0.<RealizeService>b__0(ServiceProviderEngineScope scope)
   at Microsoft.Extensions.DependencyInjection.ServiceProvider.GetService(Type serviceType, ServiceProviderEngineScope serviceProviderEngineScope)
   at Microsoft.Extensions.DependencyInjection.ServiceProviderServiceExtensions.GetRequiredService(IServiceProvider provider, Type serviceType)
   at Microsoft.Extensions.DependencyInjection.ServiceProviderServiceExtensions.GetRequiredService[T](IServiceProvider provider)
   at Microsoft.Extensions.DependencyInjection.SwaggerGenServiceCollectionExtensions.<>c.<AddSwaggerGen>b__0_1(IServiceProvider s)
   at Microsoft.Extensions.DependencyInjection.ServiceLookup.CallSiteVisitor`2.VisitCallSiteMain(ServiceCallSite callSite, TArgument argument)
   at Microsoft.Extensions.DependencyInjection.ServiceLookup.CallSiteRuntimeResolver.VisitDisposeCache(ServiceCallSite transientCallSite, RuntimeResolverContext context)
   at Microsoft.Extensions.DependencyInjection.ServiceLookup.CallSiteVisitor`2.VisitCallSite(ServiceCallSite callSite, TArgument argument)
   at Microsoft.Extensions.DependencyInjection.ServiceLookup.CallSiteRuntimeResolver.Resolve(ServiceCallSite callSite, ServiceProviderEngineScope scope)
   at Microsoft.Extensions.DependencyInjection.ServiceLookup.DynamicServiceProviderEngine.<>c__DisplayClass2_0.<RealizeService>b__0(ServiceProviderEngineScope scope)
   at Microsoft.Extensions.DependencyInjection.ServiceProvider.GetService(Type serviceType, ServiceProviderEngineScope serviceProviderEngineScope)
   at Microsoft.AspNetCore.Builder.UseMiddlewareExtensions.GetService(IServiceProvider sp, Type type, Type middleware)
   at lambda_method1(Closure, Object, HttpContext, IServiceProvider)
   at Microsoft.AspNetCore.Authorization.AuthorizationMiddleware.Invoke(HttpContext context)
   at Microsoft.AspNetCore.Authentication.AuthenticationMiddleware.Invoke(HttpContext context)
   at Microsoft.AspNetCore.Diagnostics.DeveloperExceptionPageMiddlewareImpl.Invoke(HttpContext context)
2025-04-14 12:53:49.9692 | ERROR | An unhandled exception has occurred while executing the request. MySql.Data.MySqlClient.MySqlException (0x80004005): error connecting: Timeout expired.  The timeout period elapsed prior to obtaining a connection from the pool.  This may have occurred because all pooled connections were in use and max pool size was reached
   at MySql.Data.MySqlClient.MySqlPool.GetConnectionAsync(Boolean execAsync, CancellationToken cancellationToken)
   at MySql.Data.MySqlClient.MySqlConnection.OpenAsync(Boolean execAsync, CancellationToken cancellationToken)
   at MySql.Data.MySqlClient.MySqlConnection.Open()
   at ServiceStack.OrmLite.OrmLiteConnection.Open() in /home/runner/work/ServiceStack/ServiceStack/ServiceStack.OrmLite/src/ServiceStack.OrmLite/OrmLiteConnection.cs:line 149
   at ServiceStack.OrmLite.OrmLiteConnectionFactory.OpenDbConnection() in /home/runner/work/ServiceStack/ServiceStack/ServiceStack.OrmLite/src/ServiceStack.OrmLite/OrmLiteConnectionFactory.cs:line 98
   at WebApplication1.Utilitlies.DatabaseService..ctor() in C:\Users\navneetkumar.t\source\repos\navneetthakor\RKIT-reconsile\4_DotNet_Core\Final_Demo_DNC\WebApplication1\WebApplication1\Utilitlies\DatabaseService.cs:line 20
   at ResolveService(ILEmitResolverBuilderRuntimeContext, ServiceProviderEngineScope)
   at Microsoft.Extensions.DependencyInjection.ServiceProvider.GetService(Type serviceType, ServiceProviderEngineScope serviceProviderEngineScope)
   at lambda_method4(Closure, IServiceProvider, Object[])
   at Microsoft.AspNetCore.Mvc.Controllers.ControllerFactoryProvider.<>c__DisplayClass6_0.<CreateControllerFactory>g__CreateController|0(ControllerContext controllerContext)
   at Microsoft.AspNetCore.Mvc.Infrastructure.ControllerActionInvoker.Next(State& next, Scope& scope, Object& state, Boolean& isCompleted)
   at Microsoft.AspNetCore.Mvc.Infrastructure.ControllerActionInvoker.InvokeInnerFilterAsync()
--- End of stack trace from previous location ---
   at Microsoft.AspNetCore.Mvc.Infrastructure.ResourceInvoker.<InvokeFilterPipelineAsync>g__Awaited|20_0(ResourceInvoker invoker, Task lastTask, State next, Scope scope, Object state, Boolean isCompleted)
   at Microsoft.AspNetCore.Mvc.Infrastructure.ResourceInvoker.<InvokeAsync>g__Logged|17_1(ResourceInvoker invoker)
   at Microsoft.AspNetCore.Mvc.Infrastructure.ResourceInvoker.<InvokeAsync>g__Logged|17_1(ResourceInvoker invoker)
   at Microsoft.AspNetCore.Routing.EndpointMiddleware.<Invoke>g__AwaitRequestTask|6_0(Endpoint endpoint, Task requestTask, ILogger logger)
   at WebApplication1.Utilitlies.JwtMiddleware.InvokeAsync(HttpContext context) in C:\Users\navneetkumar.t\source\repos\navneetthakor\RKIT-reconsile\4_DotNet_Core\Final_Demo_DNC\WebApplication1\WebApplication1\Utilitlies\JwtMiddleware.cs:line 34
   at Swashbuckle.AspNetCore.SwaggerUI.SwaggerUIMiddleware.Invoke(HttpContext httpContext)
   at Swashbuckle.AspNetCore.Swagger.SwaggerMiddleware.Invoke(HttpContext httpContext, ISwaggerProvider swaggerProvider)
   at Microsoft.AspNetCore.Authorization.AuthorizationMiddleware.Invoke(HttpContext context)
   at Microsoft.AspNetCore.Authentication.AuthenticationMiddleware.Invoke(HttpContext context)
   at Microsoft.AspNetCore.Diagnostics.DeveloperExceptionPageMiddlewareImpl.Invoke(HttpContext context)
2025-04-14 12:53:49.9798 | ERROR | An unhandled exception has occurred while executing the request. MySql.Data.MySqlClient.MySqlException (0x80004005): error connecting: Timeout expired.  The timeout period elapsed prior to obtaining a connection from the pool.  This may have occurred because all pooled connections were in use and max pool size was reached
   at MySql.Data.MySqlClient.MySqlPool.GetConnectionAsync(Boolean execAsync, CancellationToken cancellationToken)
   at MySql.Data.MySqlClient.MySqlConnection.OpenAsync(Boolean execAsync, CancellationToken cancellationToken)
   at MySql.Data.MySqlClient.MySqlConnection.Open()
   at ServiceStack.OrmLite.OrmLiteConnection.Open() in /home/runner/work/ServiceStack/ServiceStack/ServiceStack.OrmLite/src/ServiceStack.OrmLite/OrmLiteConnection.cs:line 149
   at ServiceStack.OrmLite.OrmLiteConnectionFactory.OpenDbConnection() in /home/runner/work/ServiceStack/ServiceStack/ServiceStack.OrmLite/src/ServiceStack.OrmLite/OrmLiteConnectionFactory.cs:line 98
   at WebApplication1.Utilitlies.DatabaseService..ctor() in C:\Users\navneetkumar.t\source\repos\navneetthakor\RKIT-reconsile\4_DotNet_Core\Final_Demo_DNC\WebApplication1\WebApplication1\Utilitlies\DatabaseService.cs:line 20
   at ResolveService(ILEmitResolverBuilderRuntimeContext, ServiceProviderEngineScope)
   at Microsoft.Extensions.DependencyInjection.ServiceProvider.GetService(Type serviceType, ServiceProviderEngineScope serviceProviderEngineScope)
   at lambda_method4(Closure, IServiceProvider, Object[])
   at Microsoft.AspNetCore.Mvc.Controllers.ControllerFactoryProvider.<>c__DisplayClass6_0.<CreateControllerFactory>g__CreateController|0(ControllerContext controllerContext)
   at Microsoft.AspNetCore.Mvc.Infrastructure.ControllerActionInvoker.Next(State& next, Scope& scope, Object& state, Boolean& isCompleted)
   at Microsoft.AspNetCore.Mvc.Infrastructure.ControllerActionInvoker.InvokeInnerFilterAsync()
--- End of stack trace from previous location ---
   at Microsoft.AspNetCore.Mvc.Infrastructure.ResourceInvoker.<InvokeFilterPipelineAsync>g__Awaited|20_0(ResourceInvoker invoker, Task lastTask, State next, Scope scope, Object state, Boolean isCompleted)
   at Microsoft.AspNetCore.Mvc.Infrastructure.ResourceInvoker.<InvokeAsync>g__Logged|17_1(ResourceInvoker invoker)
   at Microsoft.AspNetCore.Mvc.Infrastructure.ResourceInvoker.<InvokeAsync>g__Logged|17_1(ResourceInvoker invoker)
   at Microsoft.AspNetCore.Routing.EndpointMiddleware.<Invoke>g__AwaitRequestTask|6_0(Endpoint endpoint, Task requestTask, ILogger logger)
   at WebApplication1.Utilitlies.JwtMiddleware.InvokeAsync(HttpContext context) in C:\Users\navneetkumar.t\source\repos\navneetthakor\RKIT-reconsile\4_DotNet_Core\Final_Demo_DNC\WebApplication1\WebApplication1\Utilitlies\JwtMiddleware.cs:line 34
   at Swashbuckle.AspNetCore.SwaggerUI.SwaggerUIMiddleware.Invoke(HttpContext httpContext)
   at Swashbuckle.AspNetCore.Swagger.SwaggerMiddleware.Invoke(HttpContext httpContext, ISwaggerProvider swaggerProvider)
   at Microsoft.AspNetCore.Authorization.AuthorizationMiddleware.Invoke(HttpContext context)
   at Microsoft.AspNetCore.Authentication.AuthenticationMiddleware.Invoke(HttpContext context)
   at Microsoft.AspNetCore.Diagnostics.DeveloperExceptionPageMiddlewareImpl.Invoke(HttpContext context)
2025-04-14 12:53:50.6065 | ERROR | An unhandled exception has occurred while executing the request. MySql.Data.MySqlClient.MySqlException (0x80004005): error connecting: Timeout expired.  The timeout period elapsed prior to obtaining a connection from the pool.  This may have occurred because all pooled connections were in use and max pool size was reached
   at MySql.Data.MySqlClient.MySqlPool.GetConnectionAsync(Boolean execAsync, CancellationToken cancellationToken)
   at MySql.Data.MySqlClient.MySqlConnection.OpenAsync(Boolean execAsync, CancellationToken cancellationToken)
   at MySql.Data.MySqlClient.MySqlConnection.Open()
   at ServiceStack.OrmLite.OrmLiteConnection.Open() in /home/runner/work/ServiceStack/ServiceStack/ServiceStack.OrmLite/src/ServiceStack.OrmLite/OrmLiteConnection.cs:line 149
   at ServiceStack.OrmLite.OrmLiteConnectionFactory.OpenDbConnection() in /home/runner/work/ServiceStack/ServiceStack/ServiceStack.OrmLite/src/ServiceStack.OrmLite/OrmLiteConnectionFactory.cs:line 98
   at WebApplication1.Utilitlies.DatabaseService..ctor() in C:\Users\navneetkumar.t\source\repos\navneetthakor\RKIT-reconsile\4_DotNet_Core\Final_Demo_DNC\WebApplication1\WebApplication1\Utilitlies\DatabaseService.cs:line 20
   at ResolveService(ILEmitResolverBuilderRuntimeContext, ServiceProviderEngineScope)
   at Microsoft.Extensions.DependencyInjection.ServiceProvider.GetService(Type serviceType, ServiceProviderEngineScope serviceProviderEngineScope)
   at lambda_method4(Closure, IServiceProvider, Object[])
   at Microsoft.AspNetCore.Mvc.Controllers.ControllerFactoryProvider.<>c__DisplayClass6_0.<CreateControllerFactory>g__CreateController|0(ControllerContext controllerContext)
   at Microsoft.AspNetCore.Mvc.Infrastructure.ControllerActionInvoker.Next(State& next, Scope& scope, Object& state, Boolean& isCompleted)
   at Microsoft.AspNetCore.Mvc.Infrastructure.ControllerActionInvoker.InvokeInnerFilterAsync()
--- End of stack trace from previous location ---
   at Microsoft.AspNetCore.Mvc.Infrastructure.ResourceInvoker.<InvokeFilterPipelineAsync>g__Awaited|20_0(ResourceInvoker invoker, Task lastTask, State next, Scope scope, Object state, Boolean isCompleted)
   at Microsoft.AspNetCore.Mvc.Infrastructure.ResourceInvoker.<InvokeAsync>g__Logged|17_1(ResourceInvoker invoker)
   at Microsoft.AspNetCore.Mvc.Infrastructure.ResourceInvoker.<InvokeAsync>g__Logged|17_1(ResourceInvoker invoker)
   at Microsoft.AspNetCore.Routing.EndpointMiddleware.<Invoke>g__AwaitRequestTask|6_0(Endpoint endpoint, Task requestTask, ILogger logger)
   at WebApplication1.Utilitlies.JwtMiddleware.InvokeAsync(HttpContext context) in C:\Users\navneetkumar.t\source\repos\navneetthakor\RKIT-reconsile\4_DotNet_Core\Final_Demo_DNC\WebApplication1\WebApplication1\Utilitlies\JwtMiddleware.cs:line 34
   at Swashbuckle.AspNetCore.SwaggerUI.SwaggerUIMiddleware.Invoke(HttpContext httpContext)
   at Swashbuckle.AspNetCore.Swagger.SwaggerMiddleware.Invoke(HttpContext httpContext, ISwaggerProvider swaggerProvider)
   at Microsoft.AspNetCore.Authorization.AuthorizationMiddleware.Invoke(HttpContext context)
   at Microsoft.AspNetCore.Authentication.AuthenticationMiddleware.Invoke(HttpContext context)
   at Microsoft.AspNetCore.Diagnostics.DeveloperExceptionPageMiddlewareImpl.Invoke(HttpContext context)
2025-04-14 12:53:55.2154 | ERROR | An unhandled exception has occurred while executing the request. MySql.Data.MySqlClient.MySqlException (0x80004005): error connecting: Timeout expired.  The timeout period elapsed prior to obtaining a connection from the pool.  This may have occurred because all pooled connections were in use and max pool size was reached
   at MySql.Data.MySqlClient.MySqlPool.GetConnectionAsync(Boolean execAsync, CancellationToken cancellationToken)
   at MySql.Data.MySqlClient.MySqlConnection.OpenAsync(Boolean execAsync, CancellationToken cancellationToken)
   at MySql.Data.MySqlClient.MySqlConnection.Open()
   at ServiceStack.OrmLite.OrmLiteConnection.Open() in /home/runner/work/ServiceStack/ServiceStack/ServiceStack.OrmLite/src/ServiceStack.OrmLite/OrmLiteConnection.cs:line 149
   at ServiceStack.OrmLite.OrmLiteConnectionFactory.OpenDbConnection() in /home/runner/work/ServiceStack/ServiceStack/ServiceStack.OrmLite/src/ServiceStack.OrmLite/OrmLiteConnectionFactory.cs:line 98
   at WebApplication1.Utilitlies.DatabaseService..ctor() in C:\Users\navneetkumar.t\source\repos\navneetthakor\RKIT-reconsile\4_DotNet_Core\Final_Demo_DNC\WebApplication1\WebApplication1\Utilitlies\DatabaseService.cs:line 20
   at ResolveService(ILEmitResolverBuilderRuntimeContext, ServiceProviderEngineScope)
   at Microsoft.Extensions.DependencyInjection.ServiceProvider.GetService(Type serviceType, ServiceProviderEngineScope serviceProviderEngineScope)
   at lambda_method4(Closure, IServiceProvider, Object[])
   at Microsoft.AspNetCore.Mvc.Controllers.ControllerFactoryProvider.<>c__DisplayClass6_0.<CreateControllerFactory>g__CreateController|0(ControllerContext controllerContext)
   at Microsoft.AspNetCore.Mvc.Infrastructure.ControllerActionInvoker.Next(State& next, Scope& scope, Object& state, Boolean& isCompleted)
   at Microsoft.AspNetCore.Mvc.Infrastructure.ControllerActionInvoker.InvokeInnerFilterAsync()
--- End of stack trace from previous location ---
   at Microsoft.AspNetCore.Mvc.Infrastructure.ResourceInvoker.<InvokeFilterPipelineAsync>g__Awaited|20_0(ResourceInvoker invoker, Task lastTask, State next, Scope scope, Object state, Boolean isCompleted)
   at Microsoft.AspNetCore.Mvc.Infrastructure.ResourceInvoker.<InvokeAsync>g__Logged|17_1(ResourceInvoker invoker)
   at Microsoft.AspNetCore.Mvc.Infrastructure.ResourceInvoker.<InvokeAsync>g__Logged|17_1(ResourceInvoker invoker)
   at Microsoft.AspNetCore.Routing.EndpointMiddleware.<Invoke>g__AwaitRequestTask|6_0(Endpoint endpoint, Task requestTask, ILogger logger)
   at WebApplication1.Utilitlies.JwtMiddleware.InvokeAsync(HttpContext context) in C:\Users\navneetkumar.t\source\repos\navneetthakor\RKIT-reconsile\4_DotNet_Core\Final_Demo_DNC\WebApplication1\WebApplication1\Utilitlies\JwtMiddleware.cs:line 34
   at Swashbuckle.AspNetCore.SwaggerUI.SwaggerUIMiddleware.Invoke(HttpContext httpContext)
   at Swashbuckle.AspNetCore.Swagger.SwaggerMiddleware.Invoke(HttpContext httpContext, ISwaggerProvider swaggerProvider)
   at Microsoft.AspNetCore.Authorization.AuthorizationMiddleware.Invoke(HttpContext context)
   at Microsoft.AspNetCore.Authentication.AuthenticationMiddleware.Invoke(HttpContext context)
   at Microsoft.AspNetCore.Diagnostics.DeveloperExceptionPageMiddlewareImpl.Invoke(HttpContext context)
2025-04-14 12:53:56.8443 | ERROR | An unhandled exception has occurred while executing the request. MySql.Data.MySqlClient.MySqlException (0x80004005): error connecting: Timeout expired.  The timeout period elapsed prior to obtaining a connection from the pool.  This may have occurred because all pooled connections were in use and max pool size was reached
   at MySql.Data.MySqlClient.MySqlPool.GetConnectionAsync(Boolean execAsync, CancellationToken cancellationToken)
   at MySql.Data.MySqlClient.MySqlConnection.OpenAsync(Boolean execAsync, CancellationToken cancellationToken)
   at MySql.Data.MySqlClient.MySqlConnection.Open()
   at ServiceStack.OrmLite.OrmLiteConnection.Open() in /home/runner/work/ServiceStack/ServiceStack/ServiceStack.OrmLite/src/ServiceStack.OrmLite/OrmLiteConnection.cs:line 149
   at ServiceStack.OrmLite.OrmLiteConnectionFactory.OpenDbConnection() in /home/runner/work/ServiceStack/ServiceStack/ServiceStack.OrmLite/src/ServiceStack.OrmLite/OrmLiteConnectionFactory.cs:line 98
   at WebApplication1.Utilitlies.DatabaseService..ctor() in C:\Users\navneetkumar.t\source\repos\navneetthakor\RKIT-reconsile\4_DotNet_Core\Final_Demo_DNC\WebApplication1\WebApplication1\Utilitlies\DatabaseService.cs:line 20
   at ResolveService(ILEmitResolverBuilderRuntimeContext, ServiceProviderEngineScope)
   at Microsoft.Extensions.DependencyInjection.ServiceProvider.GetService(Type serviceType, ServiceProviderEngineScope serviceProviderEngineScope)
   at lambda_method4(Closure, IServiceProvider, Object[])
   at Microsoft.AspNetCore.Mvc.Controllers.ControllerFactoryProvider.<>c__DisplayClass6_0.<CreateControllerFactory>g__CreateController|0(ControllerContext controllerContext)
   at Microsoft.AspNetCore.Mvc.Infrastructure.ControllerActionInvoker.Next(State& next, Scope& scope, Object& state, Boolean& isCompleted)
   at Microsoft.AspNetCore.Mvc.Infrastructure.ControllerActionInvoker.InvokeInnerFilterAsync()
--- End of stack trace from previous location ---
   at Microsoft.AspNetCore.Mvc.Infrastructure.ResourceInvoker.<InvokeFilterPipelineAsync>g__Awaited|20_0(ResourceInvoker invoker, Task lastTask, State next, Scope scope, Object state, Boolean isCompleted)
   at Microsoft.AspNetCore.Mvc.Infrastructure.ResourceInvoker.<InvokeAsync>g__Logged|17_1(ResourceInvoker invoker)
   at Microsoft.AspNetCore.Mvc.Infrastructure.ResourceInvoker.<InvokeAsync>g__Logged|17_1(ResourceInvoker invoker)
   at Microsoft.AspNetCore.Routing.EndpointMiddleware.<Invoke>g__AwaitRequestTask|6_0(Endpoint endpoint, Task requestTask, ILogger logger)
   at WebApplication1.Utilitlies.JwtMiddleware.InvokeAsync(HttpContext context) in C:\Users\navneetkumar.t\source\repos\navneetthakor\RKIT-reconsile\4_DotNet_Core\Final_Demo_DNC\WebApplication1\WebApplication1\Utilitlies\JwtMiddleware.cs:line 34
   at Swashbuckle.AspNetCore.SwaggerUI.SwaggerUIMiddleware.Invoke(HttpContext httpContext)
   at Swashbuckle.AspNetCore.Swagger.SwaggerMiddleware.Invoke(HttpContext httpContext, ISwaggerProvider swaggerProvider)
   at Microsoft.AspNetCore.Authorization.AuthorizationMiddleware.Invoke(HttpContext context)
   at Microsoft.AspNetCore.Authentication.AuthenticationMiddleware.Invoke(HttpContext context)
   at Microsoft.AspNetCore.Diagnostics.DeveloperExceptionPageMiddlewareImpl.Invoke(HttpContext context)
2025-04-14 12:53:56.9510 | ERROR | An unhandled exception has occurred while executing the request. MySql.Data.MySqlClient.MySqlException (0x80004005): error connecting: Timeout expired.  The timeout period elapsed prior to obtaining a connection from the pool.  This may have occurred because all pooled connections were in use and max pool size was reached
   at MySql.Data.MySqlClient.MySqlPool.GetConnectionAsync(Boolean execAsync, CancellationToken cancellationToken)
   at MySql.Data.MySqlClient.MySqlConnection.OpenAsync(Boolean execAsync, CancellationToken cancellationToken)
   at MySql.Data.MySqlClient.MySqlConnection.Open()
   at ServiceStack.OrmLite.OrmLiteConnection.Open() in /home/runner/work/ServiceStack/ServiceStack/ServiceStack.OrmLite/src/ServiceStack.OrmLite/OrmLiteConnection.cs:line 149
   at ServiceStack.OrmLite.OrmLiteConnectionFactory.OpenDbConnection() in /home/runner/work/ServiceStack/ServiceStack/ServiceStack.OrmLite/src/ServiceStack.OrmLite/OrmLiteConnectionFactory.cs:line 98
   at WebApplication1.Utilitlies.DatabaseService..ctor() in C:\Users\navneetkumar.t\source\repos\navneetthakor\RKIT-reconsile\4_DotNet_Core\Final_Demo_DNC\WebApplication1\WebApplication1\Utilitlies\DatabaseService.cs:line 20
   at ResolveService(ILEmitResolverBuilderRuntimeContext, ServiceProviderEngineScope)
   at Microsoft.Extensions.DependencyInjection.ServiceProvider.GetService(Type serviceType, ServiceProviderEngineScope serviceProviderEngineScope)
   at lambda_method4(Closure, IServiceProvider, Object[])
   at Microsoft.AspNetCore.Mvc.Controllers.ControllerFactoryProvider.<>c__DisplayClass6_0.<CreateControllerFactory>g__CreateController|0(ControllerContext controllerContext)
   at Microsoft.AspNetCore.Mvc.Infrastructure.ControllerActionInvoker.Next(State& next, Scope& scope, Object& state, Boolean& isCompleted)
   at Microsoft.AspNetCore.Mvc.Infrastructure.ControllerActionInvoker.InvokeInnerFilterAsync()
--- End of stack trace from previous location ---
   at Microsoft.AspNetCore.Mvc.Infrastructure.ResourceInvoker.<InvokeFilterPipelineAsync>g__Awaited|20_0(ResourceInvoker invoker, Task lastTask, State next, Scope scope, Object state, Boolean isCompleted)
   at Microsoft.AspNetCore.Mvc.Infrastructure.ResourceInvoker.<InvokeAsync>g__Logged|17_1(ResourceInvoker invoker)
   at Microsoft.AspNetCore.Mvc.Infrastructure.ResourceInvoker.<InvokeAsync>g__Logged|17_1(ResourceInvoker invoker)
   at Microsoft.AspNetCore.Routing.EndpointMiddleware.<Invoke>g__AwaitRequestTask|6_0(Endpoint endpoint, Task requestTask, ILogger logger)
   at WebApplication1.Utilitlies.JwtMiddleware.InvokeAsync(HttpContext context) in C:\Users\navneetkumar.t\source\repos\navneetthakor\RKIT-reconsile\4_DotNet_Core\Final_Demo_DNC\WebApplication1\WebApplication1\Utilitlies\JwtMiddleware.cs:line 34
   at Swashbuckle.AspNetCore.SwaggerUI.SwaggerUIMiddleware.Invoke(HttpContext httpContext)
   at Swashbuckle.AspNetCore.Swagger.SwaggerMiddleware.Invoke(HttpContext httpContext, ISwaggerProvider swaggerProvider)
   at Microsoft.AspNetCore.Authorization.AuthorizationMiddleware.Invoke(HttpContext context)
   at Microsoft.AspNetCore.Authentication.AuthenticationMiddleware.Invoke(HttpContext context)
   at Microsoft.AspNetCore.Diagnostics.DeveloperExceptionPageMiddlewareImpl.Invoke(HttpContext context)
2025-04-14 12:54:05.3580 | ERROR | An unhandled exception has occurred while executing the request. MySql.Data.MySqlClient.MySqlException (0x80004005): error connecting: Timeout expired.  The timeout period elapsed prior to obtaining a connection from the pool.  This may have occurred because all pooled connections were in use and max pool size was reached
   at MySql.Data.MySqlClient.MySqlPool.GetConnectionAsync(Boolean execAsync, CancellationToken cancellationToken)
   at MySql.Data.MySqlClient.MySqlConnection.OpenAsync(Boolean execAsync, CancellationToken cancellationToken)
   at MySql.Data.MySqlClient.MySqlConnection.Open()
   at ServiceStack.OrmLite.OrmLiteConnection.Open() in /home/runner/work/ServiceStack/ServiceStack/ServiceStack.OrmLite/src/ServiceStack.OrmLite/OrmLiteConnection.cs:line 149
   at ServiceStack.OrmLite.OrmLiteConnectionFactory.OpenDbConnection() in /home/runner/work/ServiceStack/ServiceStack/ServiceStack.OrmLite/src/ServiceStack.OrmLite/OrmLiteConnectionFactory.cs:line 98
   at WebApplication1.Utilitlies.DatabaseService..ctor() in C:\Users\navneetkumar.t\source\repos\navneetthakor\RKIT-reconsile\4_DotNet_Core\Final_Demo_DNC\WebApplication1\WebApplication1\Utilitlies\DatabaseService.cs:line 20
   at ResolveService(ILEmitResolverBuilderRuntimeContext, ServiceProviderEngineScope)
   at Microsoft.Extensions.DependencyInjection.ServiceProvider.GetService(Type serviceType, ServiceProviderEngineScope serviceProviderEngineScope)
   at lambda_method4(Closure, IServiceProvider, Object[])
   at Microsoft.AspNetCore.Mvc.Controllers.ControllerFactoryProvider.<>c__DisplayClass6_0.<CreateControllerFactory>g__CreateController|0(ControllerContext controllerContext)
   at Microsoft.AspNetCore.Mvc.Infrastructure.ControllerActionInvoker.Next(State& next, Scope& scope, Object& state, Boolean& isCompleted)
   at Microsoft.AspNetCore.Mvc.Infrastructure.ControllerActionInvoker.InvokeInnerFilterAsync()
--- End of stack trace from previous location ---
   at Microsoft.AspNetCore.Mvc.Infrastructure.ResourceInvoker.<InvokeFilterPipelineAsync>g__Awaited|20_0(ResourceInvoker invoker, Task lastTask, State next, Scope scope, Object state, Boolean isCompleted)
   at Microsoft.AspNetCore.Mvc.Infrastructure.ResourceInvoker.<InvokeAsync>g__Logged|17_1(ResourceInvoker invoker)
   at Microsoft.AspNetCore.Mvc.Infrastructure.ResourceInvoker.<InvokeAsync>g__Logged|17_1(ResourceInvoker invoker)
   at Microsoft.AspNetCore.Routing.EndpointMiddleware.<Invoke>g__AwaitRequestTask|6_0(Endpoint endpoint, Task requestTask, ILogger logger)
   at WebApplication1.Utilitlies.JwtMiddleware.InvokeAsync(HttpContext context) in C:\Users\navneetkumar.t\source\repos\navneetthakor\RKIT-reconsile\4_DotNet_Core\Final_Demo_DNC\WebApplication1\WebApplication1\Utilitlies\JwtMiddleware.cs:line 34
   at Swashbuckle.AspNetCore.SwaggerUI.SwaggerUIMiddleware.Invoke(HttpContext httpContext)
   at Swashbuckle.AspNetCore.Swagger.SwaggerMiddleware.Invoke(HttpContext httpContext, ISwaggerProvider swaggerProvider)
   at Microsoft.AspNetCore.Authorization.AuthorizationMiddleware.Invoke(HttpContext context)
   at Microsoft.AspNetCore.Authentication.AuthenticationMiddleware.Invoke(HttpContext context)
   at Microsoft.AspNetCore.Diagnostics.DeveloperExceptionPageMiddlewareImpl.Invoke(HttpContext context)
2025-04-14 12:54:06.2435 | ERROR | An unhandled exception has occurred while executing the request. MySql.Data.MySqlClient.MySqlException (0x80004005): error connecting: Timeout expired.  The timeout period elapsed prior to obtaining a connection from the pool.  This may have occurred because all pooled connections were in use and max pool size was reached
   at MySql.Data.MySqlClient.MySqlPool.GetConnectionAsync(Boolean execAsync, CancellationToken cancellationToken)
   at MySql.Data.MySqlClient.MySqlConnection.OpenAsync(Boolean execAsync, CancellationToken cancellationToken)
   at MySql.Data.MySqlClient.MySqlConnection.Open()
   at ServiceStack.OrmLite.OrmLiteConnection.Open() in /home/runner/work/ServiceStack/ServiceStack/ServiceStack.OrmLite/src/ServiceStack.OrmLite/OrmLiteConnection.cs:line 149
   at ServiceStack.OrmLite.OrmLiteConnectionFactory.OpenDbConnection() in /home/runner/work/ServiceStack/ServiceStack/ServiceStack.OrmLite/src/ServiceStack.OrmLite/OrmLiteConnectionFactory.cs:line 98
   at WebApplication1.Utilitlies.DatabaseService..ctor() in C:\Users\navneetkumar.t\source\repos\navneetthakor\RKIT-reconsile\4_DotNet_Core\Final_Demo_DNC\WebApplication1\WebApplication1\Utilitlies\DatabaseService.cs:line 20
   at ResolveService(ILEmitResolverBuilderRuntimeContext, ServiceProviderEngineScope)
   at Microsoft.Extensions.DependencyInjection.ServiceProvider.GetService(Type serviceType, ServiceProviderEngineScope serviceProviderEngineScope)
   at lambda_method4(Closure, IServiceProvider, Object[])
   at Microsoft.AspNetCore.Mvc.Controllers.ControllerFactoryProvider.<>c__DisplayClass6_0.<CreateControllerFactory>g__CreateController|0(ControllerContext controllerContext)
   at Microsoft.AspNetCore.Mvc.Infrastructure.ControllerActionInvoker.Next(State& next, Scope& scope, Object& state, Boolean& isCompleted)
   at Microsoft.AspNetCore.Mvc.Infrastructure.ControllerActionInvoker.InvokeInnerFilterAsync()
--- End of stack trace from previous location ---
   at Microsoft.AspNetCore.Mvc.Infrastructure.ResourceInvoker.<InvokeFilterPipelineAsync>g__Awaited|20_0(ResourceInvoker invoker, Task lastTask, State next, Scope scope, Object state, Boolean isCompleted)
   at Microsoft.AspNetCore.Mvc.Infrastructure.ResourceInvoker.<InvokeAsync>g__Logged|17_1(ResourceInvoker invoker)
   at Microsoft.AspNetCore.Mvc.Infrastructure.ResourceInvoker.<InvokeAsync>g__Logged|17_1(ResourceInvoker invoker)
   at Microsoft.AspNetCore.Routing.EndpointMiddleware.<Invoke>g__AwaitRequestTask|6_0(Endpoint endpoint, Task requestTask, ILogger logger)
   at WebApplication1.Utilitlies.JwtMiddleware.InvokeAsync(HttpContext context) in C:\Users\navneetkumar.t\source\repos\navneetthakor\RKIT-reconsile\4_DotNet_Core\Final_Demo_DNC\WebApplication1\WebApplication1\Utilitlies\JwtMiddleware.cs:line 34
   at Swashbuckle.AspNetCore.SwaggerUI.SwaggerUIMiddleware.Invoke(HttpContext httpContext)
   at Swashbuckle.AspNetCore.Swagger.SwaggerMiddleware.Invoke(HttpContext httpContext, ISwaggerProvider swaggerProvider)
   at Microsoft.AspNetCore.Authorization.AuthorizationMiddleware.Invoke(HttpContext context)
   at Microsoft.AspNetCore.Authentication.AuthenticationMiddleware.Invoke(HttpContext context)
   at Microsoft.AspNetCore.Diagnostics.DeveloperExceptionPageMiddlewareImpl.Invoke(HttpContext context)
2025-04-14 12:54:19.1841 | ERROR | An unhandled exception has occurred while executing the request. MySql.Data.MySqlClient.MySqlException (0x80004005): error connecting: Timeout expired.  The timeout period elapsed prior to obtaining a connection from the pool.  This may have occurred because all pooled connections were in use and max pool size was reached
   at MySql.Data.MySqlClient.MySqlPool.GetConnectionAsync(Boolean execAsync, CancellationToken cancellationToken)
   at MySql.Data.MySqlClient.MySqlConnection.OpenAsync(Boolean execAsync, CancellationToken cancellationToken)
   at MySql.Data.MySqlClient.MySqlConnection.Open()
   at ServiceStack.OrmLite.OrmLiteConnection.Open() in /home/runner/work/ServiceStack/ServiceStack/ServiceStack.OrmLite/src/ServiceStack.OrmLite/OrmLiteConnection.cs:line 149
   at ServiceStack.OrmLite.OrmLiteConnectionFactory.OpenDbConnection() in /home/runner/work/ServiceStack/ServiceStack/ServiceStack.OrmLite/src/ServiceStack.OrmLite/OrmLiteConnectionFactory.cs:line 98
   at WebApplication1.Utilitlies.DatabaseService..ctor() in C:\Users\navneetkumar.t\source\repos\navneetthakor\RKIT-reconsile\4_DotNet_Core\Final_Demo_DNC\WebApplication1\WebApplication1\Utilitlies\DatabaseService.cs:line 20
   at ResolveService(ILEmitResolverBuilderRuntimeContext, ServiceProviderEngineScope)
   at Microsoft.Extensions.DependencyInjection.ServiceProvider.GetService(Type serviceType, ServiceProviderEngineScope serviceProviderEngineScope)
   at lambda_method4(Closure, IServiceProvider, Object[])
   at Microsoft.AspNetCore.Mvc.Controllers.ControllerFactoryProvider.<>c__DisplayClass6_0.<CreateControllerFactory>g__CreateController|0(ControllerContext controllerContext)
   at Microsoft.AspNetCore.Mvc.Infrastructure.ControllerActionInvoker.Next(State& next, Scope& scope, Object& state, Boolean& isCompleted)
   at Microsoft.AspNetCore.Mvc.Infrastructure.ControllerActionInvoker.InvokeInnerFilterAsync()
--- End of stack trace from previous location ---
   at Microsoft.AspNetCore.Mvc.Infrastructure.ResourceInvoker.<InvokeFilterPipelineAsync>g__Awaited|20_0(ResourceInvoker invoker, Task lastTask, State next, Scope scope, Object state, Boolean isCompleted)
   at Microsoft.AspNetCore.Mvc.Infrastructure.ResourceInvoker.<InvokeAsync>g__Logged|17_1(ResourceInvoker invoker)
   at Microsoft.AspNetCore.Mvc.Infrastructure.ResourceInvoker.<InvokeAsync>g__Logged|17_1(ResourceInvoker invoker)
   at Microsoft.AspNetCore.Routing.EndpointMiddleware.<Invoke>g__AwaitRequestTask|6_0(Endpoint endpoint, Task requestTask, ILogger logger)
   at WebApplication1.Utilitlies.JwtMiddleware.InvokeAsync(HttpContext context) in C:\Users\navneetkumar.t\source\repos\navneetthakor\RKIT-reconsile\4_DotNet_Core\Final_Demo_DNC\WebApplication1\WebApplication1\Utilitlies\JwtMiddleware.cs:line 34
   at Swashbuckle.AspNetCore.SwaggerUI.SwaggerUIMiddleware.Invoke(HttpContext httpContext)
   at Swashbuckle.AspNetCore.Swagger.SwaggerMiddleware.Invoke(HttpContext httpContext, ISwaggerProvider swaggerProvider)
   at Microsoft.AspNetCore.Authorization.AuthorizationMiddleware.Invoke(HttpContext context)
   at Microsoft.AspNetCore.Authentication.AuthenticationMiddleware.Invoke(HttpContext context)
   at Microsoft.AspNetCore.Diagnostics.DeveloperExceptionPageMiddlewareImpl.Invoke(HttpContext context)
2025-04-14 12:54:21.5991 | ERROR | An unhandled exception has occurred while executing the request. MySql.Data.MySqlClient.MySqlException (0x80004005): error connecting: Timeout expired.  The timeout period elapsed prior to obtaining a connection from the pool.  This may have occurred because all pooled connections were in use and max pool size was reached
   at MySql.Data.MySqlClient.MySqlPool.GetConnectionAsync(Boolean execAsync, CancellationToken cancellationToken)
   at MySql.Data.MySqlClient.MySqlConnection.OpenAsync(Boolean execAsync, CancellationToken cancellationToken)
   at MySql.Data.MySqlClient.MySqlConnection.Open()
   at ServiceStack.OrmLite.OrmLiteConnection.Open() in /home/runner/work/ServiceStack/ServiceStack/ServiceStack.OrmLite/src/ServiceStack.OrmLite/OrmLiteConnection.cs:line 149
   at ServiceStack.OrmLite.OrmLiteConnectionFactory.OpenDbConnection() in /home/runner/work/ServiceStack/ServiceStack/ServiceStack.OrmLite/src/ServiceStack.OrmLite/OrmLiteConnectionFactory.cs:line 98
   at WebApplication1.Utilitlies.DatabaseService..ctor() in C:\Users\navneetkumar.t\source\repos\navneetthakor\RKIT-reconsile\4_DotNet_Core\Final_Demo_DNC\WebApplication1\WebApplication1\Utilitlies\DatabaseService.cs:line 20
   at ResolveService(ILEmitResolverBuilderRuntimeContext, ServiceProviderEngineScope)
   at Microsoft.Extensions.DependencyInjection.ServiceProvider.GetService(Type serviceType, ServiceProviderEngineScope serviceProviderEngineScope)
   at lambda_method4(Closure, IServiceProvider, Object[])
   at Microsoft.AspNetCore.Mvc.Controllers.ControllerFactoryProvider.<>c__DisplayClass6_0.<CreateControllerFactory>g__CreateController|0(ControllerContext controllerContext)
   at Microsoft.AspNetCore.Mvc.Infrastructure.ControllerActionInvoker.Next(State& next, Scope& scope, Object& state, Boolean& isCompleted)
   at Microsoft.AspNetCore.Mvc.Infrastructure.ControllerActionInvoker.InvokeInnerFilterAsync()
--- End of stack trace from previous location ---
   at Microsoft.AspNetCore.Mvc.Infrastructure.ResourceInvoker.<InvokeFilterPipelineAsync>g__Awaited|20_0(ResourceInvoker invoker, Task lastTask, State next, Scope scope, Object state, Boolean isCompleted)
   at Microsoft.AspNetCore.Mvc.Infrastructure.ResourceInvoker.<InvokeAsync>g__Logged|17_1(ResourceInvoker invoker)
   at Microsoft.AspNetCore.Mvc.Infrastructure.ResourceInvoker.<InvokeAsync>g__Logged|17_1(ResourceInvoker invoker)
   at Microsoft.AspNetCore.Routing.EndpointMiddleware.<Invoke>g__AwaitRequestTask|6_0(Endpoint endpoint, Task requestTask, ILogger logger)
   at WebApplication1.Utilitlies.JwtMiddleware.InvokeAsync(HttpContext context) in C:\Users\navneetkumar.t\source\repos\navneetthakor\RKIT-reconsile\4_DotNet_Core\Final_Demo_DNC\WebApplication1\WebApplication1\Utilitlies\JwtMiddleware.cs:line 34
   at Swashbuckle.AspNetCore.SwaggerUI.SwaggerUIMiddleware.Invoke(HttpContext httpContext)
   at Swashbuckle.AspNetCore.Swagger.SwaggerMiddleware.Invoke(HttpContext httpContext, ISwaggerProvider swaggerProvider)
   at Microsoft.AspNetCore.Authorization.AuthorizationMiddleware.Invoke(HttpContext context)
   at Microsoft.AspNetCore.Authentication.AuthenticationMiddleware.Invoke(HttpContext context)
   at Microsoft.AspNetCore.Diagnostics.DeveloperExceptionPageMiddlewareImpl.Invoke(HttpContext context)
2025-04-14 12:54:22.1185 | ERROR | An unhandled exception has occurred while executing the request. MySql.Data.MySqlClient.MySqlException (0x80004005): error connecting: Timeout expired.  The timeout period elapsed prior to obtaining a connection from the pool.  This may have occurred because all pooled connections were in use and max pool size was reached
   at MySql.Data.MySqlClient.MySqlPool.GetConnectionAsync(Boolean execAsync, CancellationToken cancellationToken)
   at MySql.Data.MySqlClient.MySqlConnection.OpenAsync(Boolean execAsync, CancellationToken cancellationToken)
   at MySql.Data.MySqlClient.MySqlConnection.Open()
   at ServiceStack.OrmLite.OrmLiteConnection.Open() in /home/runner/work/ServiceStack/ServiceStack/ServiceStack.OrmLite/src/ServiceStack.OrmLite/OrmLiteConnection.cs:line 149
   at ServiceStack.OrmLite.OrmLiteConnectionFactory.OpenDbConnection() in /home/runner/work/ServiceStack/ServiceStack/ServiceStack.OrmLite/src/ServiceStack.OrmLite/OrmLiteConnectionFactory.cs:line 98
   at WebApplication1.Utilitlies.DatabaseService..ctor() in C:\Users\navneetkumar.t\source\repos\navneetthakor\RKIT-reconsile\4_DotNet_Core\Final_Demo_DNC\WebApplication1\WebApplication1\Utilitlies\DatabaseService.cs:line 20
   at ResolveService(ILEmitResolverBuilderRuntimeContext, ServiceProviderEngineScope)
   at Microsoft.Extensions.DependencyInjection.ServiceProvider.GetService(Type serviceType, ServiceProviderEngineScope serviceProviderEngineScope)
   at lambda_method4(Closure, IServiceProvider, Object[])
   at Microsoft.AspNetCore.Mvc.Controllers.ControllerFactoryProvider.<>c__DisplayClass6_0.<CreateControllerFactory>g__CreateController|0(ControllerContext controllerContext)
   at Microsoft.AspNetCore.Mvc.Infrastructure.ControllerActionInvoker.Next(State& next, Scope& scope, Object& state, Boolean& isCompleted)
   at Microsoft.AspNetCore.Mvc.Infrastructure.ControllerActionInvoker.InvokeInnerFilterAsync()
--- End of stack trace from previous location ---
   at Microsoft.AspNetCore.Mvc.Infrastructure.ResourceInvoker.<InvokeFilterPipelineAsync>g__Awaited|20_0(ResourceInvoker invoker, Task lastTask, State next, Scope scope, Object state, Boolean isCompleted)
   at Microsoft.AspNetCore.Mvc.Infrastructure.ResourceInvoker.<InvokeAsync>g__Logged|17_1(ResourceInvoker invoker)
   at Microsoft.AspNetCore.Mvc.Infrastructure.ResourceInvoker.<InvokeAsync>g__Logged|17_1(ResourceInvoker invoker)
   at Microsoft.AspNetCore.Routing.EndpointMiddleware.<Invoke>g__AwaitRequestTask|6_0(Endpoint endpoint, Task requestTask, ILogger logger)
   at WebApplication1.Utilitlies.JwtMiddleware.InvokeAsync(HttpContext context) in C:\Users\navneetkumar.t\source\repos\navneetthakor\RKIT-reconsile\4_DotNet_Core\Final_Demo_DNC\WebApplication1\WebApplication1\Utilitlies\JwtMiddleware.cs:line 34
   at Swashbuckle.AspNetCore.SwaggerUI.SwaggerUIMiddleware.Invoke(HttpContext httpContext)
   at Swashbuckle.AspNetCore.Swagger.SwaggerMiddleware.Invoke(HttpContext httpContext, ISwaggerProvider swaggerProvider)
   at Microsoft.AspNetCore.Authorization.AuthorizationMiddleware.Invoke(HttpContext context)
   at Microsoft.AspNetCore.Authentication.AuthenticationMiddleware.Invoke(HttpContext context)
   at Microsoft.AspNetCore.Diagnostics.DeveloperExceptionPageMiddlewareImpl.Invoke(HttpContext context)
2025-04-14 12:54:34.7674 | ERROR | An unhandled exception has occurred while executing the request. MySql.Data.MySqlClient.MySqlException (0x80004005): error connecting: Timeout expired.  The timeout period elapsed prior to obtaining a connection from the pool.  This may have occurred because all pooled connections were in use and max pool size was reached
   at MySql.Data.MySqlClient.MySqlPool.GetConnectionAsync(Boolean execAsync, CancellationToken cancellationToken)
   at MySql.Data.MySqlClient.MySqlConnection.OpenAsync(Boolean execAsync, CancellationToken cancellationToken)
   at MySql.Data.MySqlClient.MySqlConnection.Open()
   at ServiceStack.OrmLite.OrmLiteConnection.Open() in /home/runner/work/ServiceStack/ServiceStack/ServiceStack.OrmLite/src/ServiceStack.OrmLite/OrmLiteConnection.cs:line 149
   at ServiceStack.OrmLite.OrmLiteConnectionFactory.OpenDbConnection() in /home/runner/work/ServiceStack/ServiceStack/ServiceStack.OrmLite/src/ServiceStack.OrmLite/OrmLiteConnectionFactory.cs:line 98
   at WebApplication1.Utilitlies.DatabaseService..ctor() in C:\Users\navneetkumar.t\source\repos\navneetthakor\RKIT-reconsile\4_DotNet_Core\Final_Demo_DNC\WebApplication1\WebApplication1\Utilitlies\DatabaseService.cs:line 20
   at ResolveService(ILEmitResolverBuilderRuntimeContext, ServiceProviderEngineScope)
   at Microsoft.Extensions.DependencyInjection.ServiceProvider.GetService(Type serviceType, ServiceProviderEngineScope serviceProviderEngineScope)
   at lambda_method4(Closure, IServiceProvider, Object[])
   at Microsoft.AspNetCore.Mvc.Controllers.ControllerFactoryProvider.<>c__DisplayClass6_0.<CreateControllerFactory>g__CreateController|0(ControllerContext controllerContext)
   at Microsoft.AspNetCore.Mvc.Infrastructure.ControllerActionInvoker.Next(State& next, Scope& scope, Object& state, Boolean& isCompleted)
   at Microsoft.AspNetCore.Mvc.Infrastructure.ControllerActionInvoker.InvokeInnerFilterAsync()
--- End of stack trace from previous location ---
   at Microsoft.AspNetCore.Mvc.Infrastructure.ResourceInvoker.<InvokeFilterPipelineAsync>g__Awaited|20_0(ResourceInvoker invoker, Task lastTask, State next, Scope scope, Object state, Boolean isCompleted)
   at Microsoft.AspNetCore.Mvc.Infrastructure.ResourceInvoker.<InvokeAsync>g__Logged|17_1(ResourceInvoker invoker)
   at Microsoft.AspNetCore.Mvc.Infrastructure.ResourceInvoker.<InvokeAsync>g__Logged|17_1(ResourceInvoker invoker)
   at Microsoft.AspNetCore.Routing.EndpointMiddleware.<Invoke>g__AwaitRequestTask|6_0(Endpoint endpoint, Task requestTask, ILogger logger)
   at WebApplication1.Utilitlies.JwtMiddleware.InvokeAsync(HttpContext context) in C:\Users\navneetkumar.t\source\repos\navneetthakor\RKIT-reconsile\4_DotNet_Core\Final_Demo_DNC\WebApplication1\WebApplication1\Utilitlies\JwtMiddleware.cs:line 34
   at Swashbuckle.AspNetCore.SwaggerUI.SwaggerUIMiddleware.Invoke(HttpContext httpContext)
   at Swashbuckle.AspNetCore.Swagger.SwaggerMiddleware.Invoke(HttpContext httpContext, ISwaggerProvider swaggerProvider)
   at Microsoft.AspNetCore.Authorization.AuthorizationMiddleware.Invoke(HttpContext context)
   at Microsoft.AspNetCore.Authentication.AuthenticationMiddleware.Invoke(HttpContext context)
   at Microsoft.AspNetCore.Diagnostics.DeveloperExceptionPageMiddlewareImpl.Invoke(HttpContext context)
2025-04-14 12:54:36.0862 | ERROR | An unhandled exception has occurred while executing the request. MySql.Data.MySqlClient.MySqlException (0x80004005): error connecting: Timeout expired.  The timeout period elapsed prior to obtaining a connection from the pool.  This may have occurred because all pooled connections were in use and max pool size was reached
   at MySql.Data.MySqlClient.MySqlPool.GetConnectionAsync(Boolean execAsync, CancellationToken cancellationToken)
   at MySql.Data.MySqlClient.MySqlConnection.OpenAsync(Boolean execAsync, CancellationToken cancellationToken)
   at MySql.Data.MySqlClient.MySqlConnection.Open()
   at ServiceStack.OrmLite.OrmLiteConnection.Open() in /home/runner/work/ServiceStack/ServiceStack/ServiceStack.OrmLite/src/ServiceStack.OrmLite/OrmLiteConnection.cs:line 149
   at ServiceStack.OrmLite.OrmLiteConnectionFactory.OpenDbConnection() in /home/runner/work/ServiceStack/ServiceStack/ServiceStack.OrmLite/src/ServiceStack.OrmLite/OrmLiteConnectionFactory.cs:line 98
   at WebApplication1.Utilitlies.DatabaseService..ctor() in C:\Users\navneetkumar.t\source\repos\navneetthakor\RKIT-reconsile\4_DotNet_Core\Final_Demo_DNC\WebApplication1\WebApplication1\Utilitlies\DatabaseService.cs:line 20
   at ResolveService(ILEmitResolverBuilderRuntimeContext, ServiceProviderEngineScope)
   at Microsoft.Extensions.DependencyInjection.ServiceProvider.GetService(Type serviceType, ServiceProviderEngineScope serviceProviderEngineScope)
   at lambda_method4(Closure, IServiceProvider, Object[])
   at Microsoft.AspNetCore.Mvc.Controllers.ControllerFactoryProvider.<>c__DisplayClass6_0.<CreateControllerFactory>g__CreateController|0(ControllerContext controllerContext)
   at Microsoft.AspNetCore.Mvc.Infrastructure.ControllerActionInvoker.Next(State& next, Scope& scope, Object& state, Boolean& isCompleted)
   at Microsoft.AspNetCore.Mvc.Infrastructure.ControllerActionInvoker.InvokeInnerFilterAsync()
--- End of stack trace from previous location ---
   at Microsoft.AspNetCore.Mvc.Infrastructure.ResourceInvoker.<InvokeFilterPipelineAsync>g__Awaited|20_0(ResourceInvoker invoker, Task lastTask, State next, Scope scope, Object state, Boolean isCompleted)
   at Microsoft.AspNetCore.Mvc.Infrastructure.ResourceInvoker.<InvokeAsync>g__Logged|17_1(ResourceInvoker invoker)
   at Microsoft.AspNetCore.Mvc.Infrastructure.ResourceInvoker.<InvokeAsync>g__Logged|17_1(ResourceInvoker invoker)
   at Microsoft.AspNetCore.Routing.EndpointMiddleware.<Invoke>g__AwaitRequestTask|6_0(Endpoint endpoint, Task requestTask, ILogger logger)
   at WebApplication1.Utilitlies.JwtMiddleware.InvokeAsync(HttpContext context) in C:\Users\navneetkumar.t\source\repos\navneetthakor\RKIT-reconsile\4_DotNet_Core\Final_Demo_DNC\WebApplication1\WebApplication1\Utilitlies\JwtMiddleware.cs:line 34
   at Swashbuckle.AspNetCore.SwaggerUI.SwaggerUIMiddleware.Invoke(HttpContext httpContext)
   at Swashbuckle.AspNetCore.Swagger.SwaggerMiddleware.Invoke(HttpContext httpContext, ISwaggerProvider swaggerProvider)
   at Microsoft.AspNetCore.Authorization.AuthorizationMiddleware.Invoke(HttpContext context)
   at Microsoft.AspNetCore.Authentication.AuthenticationMiddleware.Invoke(HttpContext context)
   at Microsoft.AspNetCore.Diagnostics.DeveloperExceptionPageMiddlewareImpl.Invoke(HttpContext context)
2025-04-14 12:54:36.2722 | ERROR | An unhandled exception has occurred while executing the request. MySql.Data.MySqlClient.MySqlException (0x80004005): error connecting: Timeout expired.  The timeout period elapsed prior to obtaining a connection from the pool.  This may have occurred because all pooled connections were in use and max pool size was reached
   at MySql.Data.MySqlClient.MySqlPool.GetConnectionAsync(Boolean execAsync, CancellationToken cancellationToken)
   at MySql.Data.MySqlClient.MySqlConnection.OpenAsync(Boolean execAsync, CancellationToken cancellationToken)
   at MySql.Data.MySqlClient.MySqlConnection.Open()
   at ServiceStack.OrmLite.OrmLiteConnection.Open() in /home/runner/work/ServiceStack/ServiceStack/ServiceStack.OrmLite/src/ServiceStack.OrmLite/OrmLiteConnection.cs:line 149
   at ServiceStack.OrmLite.OrmLiteConnectionFactory.OpenDbConnection() in /home/runner/work/ServiceStack/ServiceStack/ServiceStack.OrmLite/src/ServiceStack.OrmLite/OrmLiteConnectionFactory.cs:line 98
   at WebApplication1.Utilitlies.DatabaseService..ctor() in C:\Users\navneetkumar.t\source\repos\navneetthakor\RKIT-reconsile\4_DotNet_Core\Final_Demo_DNC\WebApplication1\WebApplication1\Utilitlies\DatabaseService.cs:line 20
   at ResolveService(ILEmitResolverBuilderRuntimeContext, ServiceProviderEngineScope)
   at Microsoft.Extensions.DependencyInjection.ServiceProvider.GetService(Type serviceType, ServiceProviderEngineScope serviceProviderEngineScope)
   at lambda_method4(Closure, IServiceProvider, Object[])
   at Microsoft.AspNetCore.Mvc.Controllers.ControllerFactoryProvider.<>c__DisplayClass6_0.<CreateControllerFactory>g__CreateController|0(ControllerContext controllerContext)
   at Microsoft.AspNetCore.Mvc.Infrastructure.ControllerActionInvoker.Next(State& next, Scope& scope, Object& state, Boolean& isCompleted)
   at Microsoft.AspNetCore.Mvc.Infrastructure.ControllerActionInvoker.InvokeInnerFilterAsync()
--- End of stack trace from previous location ---
   at Microsoft.AspNetCore.Mvc.Infrastructure.ResourceInvoker.<InvokeFilterPipelineAsync>g__Awaited|20_0(ResourceInvoker invoker, Task lastTask, State next, Scope scope, Object state, Boolean isCompleted)
   at Microsoft.AspNetCore.Mvc.Infrastructure.ResourceInvoker.<InvokeAsync>g__Logged|17_1(ResourceInvoker invoker)
   at Microsoft.AspNetCore.Mvc.Infrastructure.ResourceInvoker.<InvokeAsync>g__Logged|17_1(ResourceInvoker invoker)
   at Microsoft.AspNetCore.Routing.EndpointMiddleware.<Invoke>g__AwaitRequestTask|6_0(Endpoint endpoint, Task requestTask, ILogger logger)
   at WebApplication1.Utilitlies.JwtMiddleware.InvokeAsync(HttpContext context) in C:\Users\navneetkumar.t\source\repos\navneetthakor\RKIT-reconsile\4_DotNet_Core\Final_Demo_DNC\WebApplication1\WebApplication1\Utilitlies\JwtMiddleware.cs:line 34
   at Swashbuckle.AspNetCore.SwaggerUI.SwaggerUIMiddleware.Invoke(HttpContext httpContext)
   at Swashbuckle.AspNetCore.Swagger.SwaggerMiddleware.Invoke(HttpContext httpContext, ISwaggerProvider swaggerProvider)
   at Microsoft.AspNetCore.Authorization.AuthorizationMiddleware.Invoke(HttpContext context)
   at Microsoft.AspNetCore.Authentication.AuthenticationMiddleware.Invoke(HttpContext context)
   at Microsoft.AspNetCore.Diagnostics.DeveloperExceptionPageMiddlewareImpl.Invoke(HttpContext context)
2025-04-14 12:54:37.1316 | ERROR | An unhandled exception has occurred while executing the request. MySql.Data.MySqlClient.MySqlException (0x80004005): error connecting: Timeout expired.  The timeout period elapsed prior to obtaining a connection from the pool.  This may have occurred because all pooled connections were in use and max pool size was reached
   at MySql.Data.MySqlClient.MySqlPool.GetConnectionAsync(Boolean execAsync, CancellationToken cancellationToken)
   at MySql.Data.MySqlClient.MySqlConnection.OpenAsync(Boolean execAsync, CancellationToken cancellationToken)
   at MySql.Data.MySqlClient.MySqlConnection.Open()
   at ServiceStack.OrmLite.OrmLiteConnection.Open() in /home/runner/work/ServiceStack/ServiceStack/ServiceStack.OrmLite/src/ServiceStack.OrmLite/OrmLiteConnection.cs:line 149
   at ServiceStack.OrmLite.OrmLiteConnectionFactory.OpenDbConnection() in /home/runner/work/ServiceStack/ServiceStack/ServiceStack.OrmLite/src/ServiceStack.OrmLite/OrmLiteConnectionFactory.cs:line 98
   at WebApplication1.Utilitlies.DatabaseService..ctor() in C:\Users\navneetkumar.t\source\repos\navneetthakor\RKIT-reconsile\4_DotNet_Core\Final_Demo_DNC\WebApplication1\WebApplication1\Utilitlies\DatabaseService.cs:line 20
   at ResolveService(ILEmitResolverBuilderRuntimeContext, ServiceProviderEngineScope)
   at Microsoft.Extensions.DependencyInjection.ServiceProvider.GetService(Type serviceType, ServiceProviderEngineScope serviceProviderEngineScope)
   at lambda_method4(Closure, IServiceProvider, Object[])
   at Microsoft.AspNetCore.Mvc.Controllers.ControllerFactoryProvider.<>c__DisplayClass6_0.<CreateControllerFactory>g__CreateController|0(ControllerContext controllerContext)
   at Microsoft.AspNetCore.Mvc.Infrastructure.ControllerActionInvoker.Next(State& next, Scope& scope, Object& state, Boolean& isCompleted)
   at Microsoft.AspNetCore.Mvc.Infrastructure.ControllerActionInvoker.InvokeInnerFilterAsync()
--- End of stack trace from previous location ---
   at Microsoft.AspNetCore.Mvc.Infrastructure.ResourceInvoker.<InvokeFilterPipelineAsync>g__Awaited|20_0(ResourceInvoker invoker, Task lastTask, State next, Scope scope, Object state, Boolean isCompleted)
   at Microsoft.AspNetCore.Mvc.Infrastructure.ResourceInvoker.<InvokeAsync>g__Logged|17_1(ResourceInvoker invoker)
   at Microsoft.AspNetCore.Mvc.Infrastructure.ResourceInvoker.<InvokeAsync>g__Logged|17_1(ResourceInvoker invoker)
   at Microsoft.AspNetCore.Routing.EndpointMiddleware.<Invoke>g__AwaitRequestTask|6_0(Endpoint endpoint, Task requestTask, ILogger logger)
   at WebApplication1.Utilitlies.JwtMiddleware.InvokeAsync(HttpContext context) in C:\Users\navneetkumar.t\source\repos\navneetthakor\RKIT-reconsile\4_DotNet_Core\Final_Demo_DNC\WebApplication1\WebApplication1\Utilitlies\JwtMiddleware.cs:line 34
   at Swashbuckle.AspNetCore.SwaggerUI.SwaggerUIMiddleware.Invoke(HttpContext httpContext)
   at Swashbuckle.AspNetCore.Swagger.SwaggerMiddleware.Invoke(HttpContext httpContext, ISwaggerProvider swaggerProvider)
   at Microsoft.AspNetCore.Authorization.AuthorizationMiddleware.Invoke(HttpContext context)
   at Microsoft.AspNetCore.Authentication.AuthenticationMiddleware.Invoke(HttpContext context)
   at Microsoft.AspNetCore.Diagnostics.DeveloperExceptionPageMiddlewareImpl.Invoke(HttpContext context)
2025-04-14 12:54:37.9601 | ERROR | An unhandled exception has occurred while executing the request. MySql.Data.MySqlClient.MySqlException (0x80004005): error connecting: Timeout expired.  The timeout period elapsed prior to obtaining a connection from the pool.  This may have occurred because all pooled connections were in use and max pool size was reached
   at MySql.Data.MySqlClient.MySqlPool.GetConnectionAsync(Boolean execAsync, CancellationToken cancellationToken)
   at MySql.Data.MySqlClient.MySqlConnection.OpenAsync(Boolean execAsync, CancellationToken cancellationToken)
   at MySql.Data.MySqlClient.MySqlConnection.Open()
   at ServiceStack.OrmLite.OrmLiteConnection.Open() in /home/runner/work/ServiceStack/ServiceStack/ServiceStack.OrmLite/src/ServiceStack.OrmLite/OrmLiteConnection.cs:line 149
   at ServiceStack.OrmLite.OrmLiteConnectionFactory.OpenDbConnection() in /home/runner/work/ServiceStack/ServiceStack/ServiceStack.OrmLite/src/ServiceStack.OrmLite/OrmLiteConnectionFactory.cs:line 98
   at WebApplication1.Utilitlies.DatabaseService..ctor() in C:\Users\navneetkumar.t\source\repos\navneetthakor\RKIT-reconsile\4_DotNet_Core\Final_Demo_DNC\WebApplication1\WebApplication1\Utilitlies\DatabaseService.cs:line 20
   at ResolveService(ILEmitResolverBuilderRuntimeContext, ServiceProviderEngineScope)
   at Microsoft.Extensions.DependencyInjection.ServiceProvider.GetService(Type serviceType, ServiceProviderEngineScope serviceProviderEngineScope)
   at lambda_method4(Closure, IServiceProvider, Object[])
   at Microsoft.AspNetCore.Mvc.Controllers.ControllerFactoryProvider.<>c__DisplayClass6_0.<CreateControllerFactory>g__CreateController|0(ControllerContext controllerContext)
   at Microsoft.AspNetCore.Mvc.Infrastructure.ControllerActionInvoker.Next(State& next, Scope& scope, Object& state, Boolean& isCompleted)
   at Microsoft.AspNetCore.Mvc.Infrastructure.ControllerActionInvoker.InvokeInnerFilterAsync()
--- End of stack trace from previous location ---
   at Microsoft.AspNetCore.Mvc.Infrastructure.ResourceInvoker.<InvokeFilterPipelineAsync>g__Awaited|20_0(ResourceInvoker invoker, Task lastTask, State next, Scope scope, Object state, Boolean isCompleted)
   at Microsoft.AspNetCore.Mvc.Infrastructure.ResourceInvoker.<InvokeAsync>g__Logged|17_1(ResourceInvoker invoker)
   at Microsoft.AspNetCore.Mvc.Infrastructure.ResourceInvoker.<InvokeAsync>g__Logged|17_1(ResourceInvoker invoker)
   at Microsoft.AspNetCore.Routing.EndpointMiddleware.<Invoke>g__AwaitRequestTask|6_0(Endpoint endpoint, Task requestTask, ILogger logger)
   at WebApplication1.Utilitlies.JwtMiddleware.InvokeAsync(HttpContext context) in C:\Users\navneetkumar.t\source\repos\navneetthakor\RKIT-reconsile\4_DotNet_Core\Final_Demo_DNC\WebApplication1\WebApplication1\Utilitlies\JwtMiddleware.cs:line 34
   at Swashbuckle.AspNetCore.SwaggerUI.SwaggerUIMiddleware.Invoke(HttpContext httpContext)
   at Swashbuckle.AspNetCore.Swagger.SwaggerMiddleware.Invoke(HttpContext httpContext, ISwaggerProvider swaggerProvider)
   at Microsoft.AspNetCore.Authorization.AuthorizationMiddleware.Invoke(HttpContext context)
   at Microsoft.AspNetCore.Authentication.AuthenticationMiddleware.Invoke(HttpContext context)
   at Microsoft.AspNetCore.Diagnostics.DeveloperExceptionPageMiddlewareImpl.Invoke(HttpContext context)
2025-04-14 12:54:50.3012 | ERROR | An unhandled exception has occurred while executing the request. MySql.Data.MySqlClient.MySqlException (0x80004005): error connecting: Timeout expired.  The timeout period elapsed prior to obtaining a connection from the pool.  This may have occurred because all pooled connections were in use and max pool size was reached
   at MySql.Data.MySqlClient.MySqlPool.GetConnectionAsync(Boolean execAsync, CancellationToken cancellationToken)
   at MySql.Data.MySqlClient.MySqlConnection.OpenAsync(Boolean execAsync, CancellationToken cancellationToken)
   at MySql.Data.MySqlClient.MySqlConnection.Open()
   at ServiceStack.OrmLite.OrmLiteConnection.Open() in /home/runner/work/ServiceStack/ServiceStack/ServiceStack.OrmLite/src/ServiceStack.OrmLite/OrmLiteConnection.cs:line 149
   at ServiceStack.OrmLite.OrmLiteConnectionFactory.OpenDbConnection() in /home/runner/work/ServiceStack/ServiceStack/ServiceStack.OrmLite/src/ServiceStack.OrmLite/OrmLiteConnectionFactory.cs:line 98
   at WebApplication1.Utilitlies.DatabaseService..ctor() in C:\Users\navneetkumar.t\source\repos\navneetthakor\RKIT-reconsile\4_DotNet_Core\Final_Demo_DNC\WebApplication1\WebApplication1\Utilitlies\DatabaseService.cs:line 20
   at ResolveService(ILEmitResolverBuilderRuntimeContext, ServiceProviderEngineScope)
   at Microsoft.Extensions.DependencyInjection.ServiceProvider.GetService(Type serviceType, ServiceProviderEngineScope serviceProviderEngineScope)
   at lambda_method4(Closure, IServiceProvider, Object[])
   at Microsoft.AspNetCore.Mvc.Controllers.ControllerFactoryProvider.<>c__DisplayClass6_0.<CreateControllerFactory>g__CreateController|0(ControllerContext controllerContext)
   at Microsoft.AspNetCore.Mvc.Infrastructure.ControllerActionInvoker.Next(State& next, Scope& scope, Object& state, Boolean& isCompleted)
   at Microsoft.AspNetCore.Mvc.Infrastructure.ControllerActionInvoker.InvokeInnerFilterAsync()
--- End of stack trace from previous location ---
   at Microsoft.AspNetCore.Mvc.Infrastructure.ResourceInvoker.<InvokeFilterPipelineAsync>g__Awaited|20_0(ResourceInvoker invoker, Task lastTask, State next, Scope scope, Object state, Boolean isCompleted)
   at Microsoft.AspNetCore.Mvc.Infrastructure.ResourceInvoker.<InvokeAsync>g__Logged|17_1(ResourceInvoker invoker)
   at Microsoft.AspNetCore.Mvc.Infrastructure.ResourceInvoker.<InvokeAsync>g__Logged|17_1(ResourceInvoker invoker)
   at Microsoft.AspNetCore.Routing.EndpointMiddleware.<Invoke>g__AwaitRequestTask|6_0(Endpoint endpoint, Task requestTask, ILogger logger)
   at WebApplication1.Utilitlies.JwtMiddleware.InvokeAsync(HttpContext context) in C:\Users\navneetkumar.t\source\repos\navneetthakor\RKIT-reconsile\4_DotNet_Core\Final_Demo_DNC\WebApplication1\WebApplication1\Utilitlies\JwtMiddleware.cs:line 34
   at Swashbuckle.AspNetCore.SwaggerUI.SwaggerUIMiddleware.Invoke(HttpContext httpContext)
   at Swashbuckle.AspNetCore.Swagger.SwaggerMiddleware.Invoke(HttpContext httpContext, ISwaggerProvider swaggerProvider)
   at Microsoft.AspNetCore.Authorization.AuthorizationMiddleware.Invoke(HttpContext context)
   at Microsoft.AspNetCore.Authentication.AuthenticationMiddleware.Invoke(HttpContext context)
   at Microsoft.AspNetCore.Diagnostics.DeveloperExceptionPageMiddlewareImpl.Invoke(HttpContext context)
2025-04-14 12:54:51.5419 | ERROR | An unhandled exception has occurred while executing the request. MySql.Data.MySqlClient.MySqlException (0x80004005): error connecting: Timeout expired.  The timeout period elapsed prior to obtaining a connection from the pool.  This may have occurred because all pooled connections were in use and max pool size was reached
   at MySql.Data.MySqlClient.MySqlPool.GetConnectionAsync(Boolean execAsync, CancellationToken cancellationToken)
   at MySql.Data.MySqlClient.MySqlConnection.OpenAsync(Boolean execAsync, CancellationToken cancellationToken)
   at MySql.Data.MySqlClient.MySqlConnection.Open()
   at ServiceStack.OrmLite.OrmLiteConnection.Open() in /home/runner/work/ServiceStack/ServiceStack/ServiceStack.OrmLite/src/ServiceStack.OrmLite/OrmLiteConnection.cs:line 149
   at ServiceStack.OrmLite.OrmLiteConnectionFactory.OpenDbConnection() in /home/runner/work/ServiceStack/ServiceStack/ServiceStack.OrmLite/src/ServiceStack.OrmLite/OrmLiteConnectionFactory.cs:line 98
   at WebApplication1.Utilitlies.DatabaseService..ctor() in C:\Users\navneetkumar.t\source\repos\navneetthakor\RKIT-reconsile\4_DotNet_Core\Final_Demo_DNC\WebApplication1\WebApplication1\Utilitlies\DatabaseService.cs:line 20
   at ResolveService(ILEmitResolverBuilderRuntimeContext, ServiceProviderEngineScope)
   at Microsoft.Extensions.DependencyInjection.ServiceProvider.GetService(Type serviceType, ServiceProviderEngineScope serviceProviderEngineScope)
   at lambda_method4(Closure, IServiceProvider, Object[])
   at Microsoft.AspNetCore.Mvc.Controllers.ControllerFactoryProvider.<>c__DisplayClass6_0.<CreateControllerFactory>g__CreateController|0(ControllerContext controllerContext)
   at Microsoft.AspNetCore.Mvc.Infrastructure.ControllerActionInvoker.Next(State& next, Scope& scope, Object& state, Boolean& isCompleted)
   at Microsoft.AspNetCore.Mvc.Infrastructure.ControllerActionInvoker.InvokeInnerFilterAsync()
--- End of stack trace from previous location ---
   at Microsoft.AspNetCore.Mvc.Infrastructure.ResourceInvoker.<InvokeFilterPipelineAsync>g__Awaited|20_0(ResourceInvoker invoker, Task lastTask, State next, Scope scope, Object state, Boolean isCompleted)
   at Microsoft.AspNetCore.Mvc.Infrastructure.ResourceInvoker.<InvokeAsync>g__Logged|17_1(ResourceInvoker invoker)
   at Microsoft.AspNetCore.Mvc.Infrastructure.ResourceInvoker.<InvokeAsync>g__Logged|17_1(ResourceInvoker invoker)
   at Microsoft.AspNetCore.Routing.EndpointMiddleware.<Invoke>g__AwaitRequestTask|6_0(Endpoint endpoint, Task requestTask, ILogger logger)
   at WebApplication1.Utilitlies.JwtMiddleware.InvokeAsync(HttpContext context) in C:\Users\navneetkumar.t\source\repos\navneetthakor\RKIT-reconsile\4_DotNet_Core\Final_Demo_DNC\WebApplication1\WebApplication1\Utilitlies\JwtMiddleware.cs:line 34
   at Swashbuckle.AspNetCore.SwaggerUI.SwaggerUIMiddleware.Invoke(HttpContext httpContext)
   at Swashbuckle.AspNetCore.Swagger.SwaggerMiddleware.Invoke(HttpContext httpContext, ISwaggerProvider swaggerProvider)
   at Microsoft.AspNetCore.Authorization.AuthorizationMiddleware.Invoke(HttpContext context)
   at Microsoft.AspNetCore.Authentication.AuthenticationMiddleware.Invoke(HttpContext context)
   at Microsoft.AspNetCore.Diagnostics.DeveloperExceptionPageMiddlewareImpl.Invoke(HttpContext context)
2025-04-14 12:54:52.6738 | ERROR | An unhandled exception has occurred while executing the request. MySql.Data.MySqlClient.MySqlException (0x80004005): error connecting: Timeout expired.  The timeout period elapsed prior to obtaining a connection from the pool.  This may have occurred because all pooled connections were in use and max pool size was reached
   at MySql.Data.MySqlClient.MySqlPool.GetConnectionAsync(Boolean execAsync, CancellationToken cancellationToken)
   at MySql.Data.MySqlClient.MySqlConnection.OpenAsync(Boolean execAsync, CancellationToken cancellationToken)
   at MySql.Data.MySqlClient.MySqlConnection.Open()
   at ServiceStack.OrmLite.OrmLiteConnection.Open() in /home/runner/work/ServiceStack/ServiceStack/ServiceStack.OrmLite/src/ServiceStack.OrmLite/OrmLiteConnection.cs:line 149
   at ServiceStack.OrmLite.OrmLiteConnectionFactory.OpenDbConnection() in /home/runner/work/ServiceStack/ServiceStack/ServiceStack.OrmLite/src/ServiceStack.OrmLite/OrmLiteConnectionFactory.cs:line 98
   at WebApplication1.Utilitlies.DatabaseService..ctor() in C:\Users\navneetkumar.t\source\repos\navneetthakor\RKIT-reconsile\4_DotNet_Core\Final_Demo_DNC\WebApplication1\WebApplication1\Utilitlies\DatabaseService.cs:line 20
   at ResolveService(ILEmitResolverBuilderRuntimeContext, ServiceProviderEngineScope)
   at Microsoft.Extensions.DependencyInjection.ServiceProvider.GetService(Type serviceType, ServiceProviderEngineScope serviceProviderEngineScope)
   at lambda_method4(Closure, IServiceProvider, Object[])
   at Microsoft.AspNetCore.Mvc.Controllers.ControllerFactoryProvider.<>c__DisplayClass6_0.<CreateControllerFactory>g__CreateController|0(ControllerContext controllerContext)
   at Microsoft.AspNetCore.Mvc.Infrastructure.ControllerActionInvoker.Next(State& next, Scope& scope, Object& state, Boolean& isCompleted)
   at Microsoft.AspNetCore.Mvc.Infrastructure.ControllerActionInvoker.InvokeInnerFilterAsync()
--- End of stack trace from previous location ---
   at Microsoft.AspNetCore.Mvc.Infrastructure.ResourceInvoker.<InvokeFilterPipelineAsync>g__Awaited|20_0(ResourceInvoker invoker, Task lastTask, State next, Scope scope, Object state, Boolean isCompleted)
   at Microsoft.AspNetCore.Mvc.Infrastructure.ResourceInvoker.<InvokeAsync>g__Logged|17_1(ResourceInvoker invoker)
   at Microsoft.AspNetCore.Mvc.Infrastructure.ResourceInvoker.<InvokeAsync>g__Logged|17_1(ResourceInvoker invoker)
   at Microsoft.AspNetCore.Routing.EndpointMiddleware.<Invoke>g__AwaitRequestTask|6_0(Endpoint endpoint, Task requestTask, ILogger logger)
   at WebApplication1.Utilitlies.JwtMiddleware.InvokeAsync(HttpContext context) in C:\Users\navneetkumar.t\source\repos\navneetthakor\RKIT-reconsile\4_DotNet_Core\Final_Demo_DNC\WebApplication1\WebApplication1\Utilitlies\JwtMiddleware.cs:line 34
   at Swashbuckle.AspNetCore.SwaggerUI.SwaggerUIMiddleware.Invoke(HttpContext httpContext)
   at Swashbuckle.AspNetCore.Swagger.SwaggerMiddleware.Invoke(HttpContext httpContext, ISwaggerProvider swaggerProvider)
   at Microsoft.AspNetCore.Authorization.AuthorizationMiddleware.Invoke(HttpContext context)
   at Microsoft.AspNetCore.Authentication.AuthenticationMiddleware.Invoke(HttpContext context)
   at Microsoft.AspNetCore.Diagnostics.DeveloperExceptionPageMiddlewareImpl.Invoke(HttpContext context)
2025-04-14 12:54:53.7171 | ERROR | An unhandled exception has occurred while executing the request. MySql.Data.MySqlClient.MySqlException (0x80004005): error connecting: Timeout expired.  The timeout period elapsed prior to obtaining a connection from the pool.  This may have occurred because all pooled connections were in use and max pool size was reached
   at MySql.Data.MySqlClient.MySqlPool.GetConnectionAsync(Boolean execAsync, CancellationToken cancellationToken)
   at MySql.Data.MySqlClient.MySqlConnection.OpenAsync(Boolean execAsync, CancellationToken cancellationToken)
   at MySql.Data.MySqlClient.MySqlConnection.Open()
   at ServiceStack.OrmLite.OrmLiteConnection.Open() in /home/runner/work/ServiceStack/ServiceStack/ServiceStack.OrmLite/src/ServiceStack.OrmLite/OrmLiteConnection.cs:line 149
   at ServiceStack.OrmLite.OrmLiteConnectionFactory.OpenDbConnection() in /home/runner/work/ServiceStack/ServiceStack/ServiceStack.OrmLite/src/ServiceStack.OrmLite/OrmLiteConnectionFactory.cs:line 98
   at WebApplication1.Utilitlies.DatabaseService..ctor() in C:\Users\navneetkumar.t\source\repos\navneetthakor\RKIT-reconsile\4_DotNet_Core\Final_Demo_DNC\WebApplication1\WebApplication1\Utilitlies\DatabaseService.cs:line 20
   at ResolveService(ILEmitResolverBuilderRuntimeContext, ServiceProviderEngineScope)
   at Microsoft.Extensions.DependencyInjection.ServiceProvider.GetService(Type serviceType, ServiceProviderEngineScope serviceProviderEngineScope)
   at lambda_method4(Closure, IServiceProvider, Object[])
   at Microsoft.AspNetCore.Mvc.Controllers.ControllerFactoryProvider.<>c__DisplayClass6_0.<CreateControllerFactory>g__CreateController|0(ControllerContext controllerContext)
   at Microsoft.AspNetCore.Mvc.Infrastructure.ControllerActionInvoker.Next(State& next, Scope& scope, Object& state, Boolean& isCompleted)
   at Microsoft.AspNetCore.Mvc.Infrastructure.ControllerActionInvoker.InvokeInnerFilterAsync()
--- End of stack trace from previous location ---
   at Microsoft.AspNetCore.Mvc.Infrastructure.ResourceInvoker.<InvokeFilterPipelineAsync>g__Awaited|20_0(ResourceInvoker invoker, Task lastTask, State next, Scope scope, Object state, Boolean isCompleted)
   at Microsoft.AspNetCore.Mvc.Infrastructure.ResourceInvoker.<InvokeAsync>g__Logged|17_1(ResourceInvoker invoker)
   at Microsoft.AspNetCore.Mvc.Infrastructure.ResourceInvoker.<InvokeAsync>g__Logged|17_1(ResourceInvoker invoker)
   at Microsoft.AspNetCore.Routing.EndpointMiddleware.<Invoke>g__AwaitRequestTask|6_0(Endpoint endpoint, Task requestTask, ILogger logger)
   at WebApplication1.Utilitlies.JwtMiddleware.InvokeAsync(HttpContext context) in C:\Users\navneetkumar.t\source\repos\navneetthakor\RKIT-reconsile\4_DotNet_Core\Final_Demo_DNC\WebApplication1\WebApplication1\Utilitlies\JwtMiddleware.cs:line 34
   at Swashbuckle.AspNetCore.SwaggerUI.SwaggerUIMiddleware.Invoke(HttpContext httpContext)
   at Swashbuckle.AspNetCore.Swagger.SwaggerMiddleware.Invoke(HttpContext httpContext, ISwaggerProvider swaggerProvider)
   at Microsoft.AspNetCore.Authorization.AuthorizationMiddleware.Invoke(HttpContext context)
   at Microsoft.AspNetCore.Authentication.AuthenticationMiddleware.Invoke(HttpContext context)
   at Microsoft.AspNetCore.Diagnostics.DeveloperExceptionPageMiddlewareImpl.Invoke(HttpContext context)
2025-04-14 12:54:54.8481 | ERROR | An unhandled exception has occurred while executing the request. MySql.Data.MySqlClient.MySqlException (0x80004005): error connecting: Timeout expired.  The timeout period elapsed prior to obtaining a connection from the pool.  This may have occurred because all pooled connections were in use and max pool size was reached
   at MySql.Data.MySqlClient.MySqlPool.GetConnectionAsync(Boolean execAsync, CancellationToken cancellationToken)
   at MySql.Data.MySqlClient.MySqlConnection.OpenAsync(Boolean execAsync, CancellationToken cancellationToken)
   at MySql.Data.MySqlClient.MySqlConnection.Open()
   at ServiceStack.OrmLite.OrmLiteConnection.Open() in /home/runner/work/ServiceStack/ServiceStack/ServiceStack.OrmLite/src/ServiceStack.OrmLite/OrmLiteConnection.cs:line 149
   at ServiceStack.OrmLite.OrmLiteConnectionFactory.OpenDbConnection() in /home/runner/work/ServiceStack/ServiceStack/ServiceStack.OrmLite/src/ServiceStack.OrmLite/OrmLiteConnectionFactory.cs:line 98
   at WebApplication1.Utilitlies.DatabaseService..ctor() in C:\Users\navneetkumar.t\source\repos\navneetthakor\RKIT-reconsile\4_DotNet_Core\Final_Demo_DNC\WebApplication1\WebApplication1\Utilitlies\DatabaseService.cs:line 20
   at ResolveService(ILEmitResolverBuilderRuntimeContext, ServiceProviderEngineScope)
   at Microsoft.Extensions.DependencyInjection.ServiceProvider.GetService(Type serviceType, ServiceProviderEngineScope serviceProviderEngineScope)
   at lambda_method4(Closure, IServiceProvider, Object[])
   at Microsoft.AspNetCore.Mvc.Controllers.ControllerFactoryProvider.<>c__DisplayClass6_0.<CreateControllerFactory>g__CreateController|0(ControllerContext controllerContext)
   at Microsoft.AspNetCore.Mvc.Infrastructure.ControllerActionInvoker.Next(State& next, Scope& scope, Object& state, Boolean& isCompleted)
   at Microsoft.AspNetCore.Mvc.Infrastructure.ControllerActionInvoker.InvokeInnerFilterAsync()
--- End of stack trace from previous location ---
   at Microsoft.AspNetCore.Mvc.Infrastructure.ResourceInvoker.<InvokeFilterPipelineAsync>g__Awaited|20_0(ResourceInvoker invoker, Task lastTask, State next, Scope scope, Object state, Boolean isCompleted)
   at Microsoft.AspNetCore.Mvc.Infrastructure.ResourceInvoker.<InvokeAsync>g__Logged|17_1(ResourceInvoker invoker)
   at Microsoft.AspNetCore.Mvc.Infrastructure.ResourceInvoker.<InvokeAsync>g__Logged|17_1(ResourceInvoker invoker)
   at Microsoft.AspNetCore.Routing.EndpointMiddleware.<Invoke>g__AwaitRequestTask|6_0(Endpoint endpoint, Task requestTask, ILogger logger)
   at WebApplication1.Utilitlies.JwtMiddleware.InvokeAsync(HttpContext context) in C:\Users\navneetkumar.t\source\repos\navneetthakor\RKIT-reconsile\4_DotNet_Core\Final_Demo_DNC\WebApplication1\WebApplication1\Utilitlies\JwtMiddleware.cs:line 34
   at Swashbuckle.AspNetCore.SwaggerUI.SwaggerUIMiddleware.Invoke(HttpContext httpContext)
   at Swashbuckle.AspNetCore.Swagger.SwaggerMiddleware.Invoke(HttpContext httpContext, ISwaggerProvider swaggerProvider)
   at Microsoft.AspNetCore.Authorization.AuthorizationMiddleware.Invoke(HttpContext context)
   at Microsoft.AspNetCore.Authentication.AuthenticationMiddleware.Invoke(HttpContext context)
   at Microsoft.AspNetCore.Diagnostics.DeveloperExceptionPageMiddlewareImpl.Invoke(HttpContext context)
2025-04-14 12:54:57.0189 | ERROR | An unhandled exception has occurred while executing the request. MySql.Data.MySqlClient.MySqlException (0x80004005): error connecting: Timeout expired.  The timeout period elapsed prior to obtaining a connection from the pool.  This may have occurred because all pooled connections were in use and max pool size was reached
   at MySql.Data.MySqlClient.MySqlPool.GetConnectionAsync(Boolean execAsync, CancellationToken cancellationToken)
   at MySql.Data.MySqlClient.MySqlConnection.OpenAsync(Boolean execAsync, CancellationToken cancellationToken)
   at MySql.Data.MySqlClient.MySqlConnection.Open()
   at ServiceStack.OrmLite.OrmLiteConnection.Open() in /home/runner/work/ServiceStack/ServiceStack/ServiceStack.OrmLite/src/ServiceStack.OrmLite/OrmLiteConnection.cs:line 149
   at ServiceStack.OrmLite.OrmLiteConnectionFactory.OpenDbConnection() in /home/runner/work/ServiceStack/ServiceStack/ServiceStack.OrmLite/src/ServiceStack.OrmLite/OrmLiteConnectionFactory.cs:line 98
   at WebApplication1.Utilitlies.DatabaseService..ctor() in C:\Users\navneetkumar.t\source\repos\navneetthakor\RKIT-reconsile\4_DotNet_Core\Final_Demo_DNC\WebApplication1\WebApplication1\Utilitlies\DatabaseService.cs:line 20
   at ResolveService(ILEmitResolverBuilderRuntimeContext, ServiceProviderEngineScope)
   at Microsoft.Extensions.DependencyInjection.ServiceProvider.GetService(Type serviceType, ServiceProviderEngineScope serviceProviderEngineScope)
   at lambda_method4(Closure, IServiceProvider, Object[])
   at Microsoft.AspNetCore.Mvc.Controllers.ControllerFactoryProvider.<>c__DisplayClass6_0.<CreateControllerFactory>g__CreateController|0(ControllerContext controllerContext)
   at Microsoft.AspNetCore.Mvc.Infrastructure.ControllerActionInvoker.Next(State& next, Scope& scope, Object& state, Boolean& isCompleted)
   at Microsoft.AspNetCore.Mvc.Infrastructure.ControllerActionInvoker.InvokeInnerFilterAsync()
--- End of stack trace from previous location ---
   at Microsoft.AspNetCore.Mvc.Infrastructure.ResourceInvoker.<InvokeFilterPipelineAsync>g__Awaited|20_0(ResourceInvoker invoker, Task lastTask, State next, Scope scope, Object state, Boolean isCompleted)
   at Microsoft.AspNetCore.Mvc.Infrastructure.ResourceInvoker.<InvokeAsync>g__Logged|17_1(ResourceInvoker invoker)
   at Microsoft.AspNetCore.Mvc.Infrastructure.ResourceInvoker.<InvokeAsync>g__Logged|17_1(ResourceInvoker invoker)
   at Microsoft.AspNetCore.Routing.EndpointMiddleware.<Invoke>g__AwaitRequestTask|6_0(Endpoint endpoint, Task requestTask, ILogger logger)
   at WebApplication1.Utilitlies.JwtMiddleware.InvokeAsync(HttpContext context) in C:\Users\navneetkumar.t\source\repos\navneetthakor\RKIT-reconsile\4_DotNet_Core\Final_Demo_DNC\WebApplication1\WebApplication1\Utilitlies\JwtMiddleware.cs:line 34
   at Swashbuckle.AspNetCore.SwaggerUI.SwaggerUIMiddleware.Invoke(HttpContext httpContext)
   at Swashbuckle.AspNetCore.Swagger.SwaggerMiddleware.Invoke(HttpContext httpContext, ISwaggerProvider swaggerProvider)
   at Microsoft.AspNetCore.Authorization.AuthorizationMiddleware.Invoke(HttpContext context)
   at Microsoft.AspNetCore.Authentication.AuthenticationMiddleware.Invoke(HttpContext context)
   at Microsoft.AspNetCore.Diagnostics.DeveloperExceptionPageMiddlewareImpl.Invoke(HttpContext context)
2025-04-14 12:55:05.8494 | ERROR | An unhandled exception has occurred while executing the request. MySql.Data.MySqlClient.MySqlException (0x80004005): error connecting: Timeout expired.  The timeout period elapsed prior to obtaining a connection from the pool.  This may have occurred because all pooled connections were in use and max pool size was reached
   at MySql.Data.MySqlClient.MySqlPool.GetConnectionAsync(Boolean execAsync, CancellationToken cancellationToken)
   at MySql.Data.MySqlClient.MySqlConnection.OpenAsync(Boolean execAsync, CancellationToken cancellationToken)
   at MySql.Data.MySqlClient.MySqlConnection.Open()
   at ServiceStack.OrmLite.OrmLiteConnection.Open() in /home/runner/work/ServiceStack/ServiceStack/ServiceStack.OrmLite/src/ServiceStack.OrmLite/OrmLiteConnection.cs:line 149
   at ServiceStack.OrmLite.OrmLiteConnectionFactory.OpenDbConnection() in /home/runner/work/ServiceStack/ServiceStack/ServiceStack.OrmLite/src/ServiceStack.OrmLite/OrmLiteConnectionFactory.cs:line 98
   at WebApplication1.Utilitlies.DatabaseService..ctor() in C:\Users\navneetkumar.t\source\repos\navneetthakor\RKIT-reconsile\4_DotNet_Core\Final_Demo_DNC\WebApplication1\WebApplication1\Utilitlies\DatabaseService.cs:line 20
   at ResolveService(ILEmitResolverBuilderRuntimeContext, ServiceProviderEngineScope)
   at Microsoft.Extensions.DependencyInjection.ServiceProvider.GetService(Type serviceType, ServiceProviderEngineScope serviceProviderEngineScope)
   at lambda_method4(Closure, IServiceProvider, Object[])
   at Microsoft.AspNetCore.Mvc.Controllers.ControllerFactoryProvider.<>c__DisplayClass6_0.<CreateControllerFactory>g__CreateController|0(ControllerContext controllerContext)
   at Microsoft.AspNetCore.Mvc.Infrastructure.ControllerActionInvoker.Next(State& next, Scope& scope, Object& state, Boolean& isCompleted)
   at Microsoft.AspNetCore.Mvc.Infrastructure.ControllerActionInvoker.InvokeInnerFilterAsync()
--- End of stack trace from previous location ---
   at Microsoft.AspNetCore.Mvc.Infrastructure.ResourceInvoker.<InvokeFilterPipelineAsync>g__Awaited|20_0(ResourceInvoker invoker, Task lastTask, State next, Scope scope, Object state, Boolean isCompleted)
   at Microsoft.AspNetCore.Mvc.Infrastructure.ResourceInvoker.<InvokeAsync>g__Logged|17_1(ResourceInvoker invoker)
   at Microsoft.AspNetCore.Mvc.Infrastructure.ResourceInvoker.<InvokeAsync>g__Logged|17_1(ResourceInvoker invoker)
   at Microsoft.AspNetCore.Routing.EndpointMiddleware.<Invoke>g__AwaitRequestTask|6_0(Endpoint endpoint, Task requestTask, ILogger logger)
   at WebApplication1.Utilitlies.JwtMiddleware.InvokeAsync(HttpContext context) in C:\Users\navneetkumar.t\source\repos\navneetthakor\RKIT-reconsile\4_DotNet_Core\Final_Demo_DNC\WebApplication1\WebApplication1\Utilitlies\JwtMiddleware.cs:line 34
   at Swashbuckle.AspNetCore.SwaggerUI.SwaggerUIMiddleware.Invoke(HttpContext httpContext)
   at Swashbuckle.AspNetCore.Swagger.SwaggerMiddleware.Invoke(HttpContext httpContext, ISwaggerProvider swaggerProvider)
   at Microsoft.AspNetCore.Authorization.AuthorizationMiddleware.Invoke(HttpContext context)
   at Microsoft.AspNetCore.Authentication.AuthenticationMiddleware.Invoke(HttpContext context)
   at Microsoft.AspNetCore.Diagnostics.DeveloperExceptionPageMiddlewareImpl.Invoke(HttpContext context)
2025-04-14 12:55:06.9403 | ERROR | An unhandled exception has occurred while executing the request. MySql.Data.MySqlClient.MySqlException (0x80004005): error connecting: Timeout expired.  The timeout period elapsed prior to obtaining a connection from the pool.  This may have occurred because all pooled connections were in use and max pool size was reached
   at MySql.Data.MySqlClient.MySqlPool.GetConnectionAsync(Boolean execAsync, CancellationToken cancellationToken)
   at MySql.Data.MySqlClient.MySqlConnection.OpenAsync(Boolean execAsync, CancellationToken cancellationToken)
   at MySql.Data.MySqlClient.MySqlConnection.Open()
   at ServiceStack.OrmLite.OrmLiteConnection.Open() in /home/runner/work/ServiceStack/ServiceStack/ServiceStack.OrmLite/src/ServiceStack.OrmLite/OrmLiteConnection.cs:line 149
   at ServiceStack.OrmLite.OrmLiteConnectionFactory.OpenDbConnection() in /home/runner/work/ServiceStack/ServiceStack/ServiceStack.OrmLite/src/ServiceStack.OrmLite/OrmLiteConnectionFactory.cs:line 98
   at WebApplication1.Utilitlies.DatabaseService..ctor() in C:\Users\navneetkumar.t\source\repos\navneetthakor\RKIT-reconsile\4_DotNet_Core\Final_Demo_DNC\WebApplication1\WebApplication1\Utilitlies\DatabaseService.cs:line 20
   at ResolveService(ILEmitResolverBuilderRuntimeContext, ServiceProviderEngineScope)
   at Microsoft.Extensions.DependencyInjection.ServiceProvider.GetService(Type serviceType, ServiceProviderEngineScope serviceProviderEngineScope)
   at lambda_method4(Closure, IServiceProvider, Object[])
   at Microsoft.AspNetCore.Mvc.Controllers.ControllerFactoryProvider.<>c__DisplayClass6_0.<CreateControllerFactory>g__CreateController|0(ControllerContext controllerContext)
   at Microsoft.AspNetCore.Mvc.Infrastructure.ControllerActionInvoker.Next(State& next, Scope& scope, Object& state, Boolean& isCompleted)
   at Microsoft.AspNetCore.Mvc.Infrastructure.ControllerActionInvoker.InvokeInnerFilterAsync()
--- End of stack trace from previous location ---
   at Microsoft.AspNetCore.Mvc.Infrastructure.ResourceInvoker.<InvokeFilterPipelineAsync>g__Awaited|20_0(ResourceInvoker invoker, Task lastTask, State next, Scope scope, Object state, Boolean isCompleted)
   at Microsoft.AspNetCore.Mvc.Infrastructure.ResourceInvoker.<InvokeAsync>g__Logged|17_1(ResourceInvoker invoker)
   at Microsoft.AspNetCore.Mvc.Infrastructure.ResourceInvoker.<InvokeAsync>g__Logged|17_1(ResourceInvoker invoker)
   at Microsoft.AspNetCore.Routing.EndpointMiddleware.<Invoke>g__AwaitRequestTask|6_0(Endpoint endpoint, Task requestTask, ILogger logger)
   at WebApplication1.Utilitlies.JwtMiddleware.InvokeAsync(HttpContext context) in C:\Users\navneetkumar.t\source\repos\navneetthakor\RKIT-reconsile\4_DotNet_Core\Final_Demo_DNC\WebApplication1\WebApplication1\Utilitlies\JwtMiddleware.cs:line 34
   at Swashbuckle.AspNetCore.SwaggerUI.SwaggerUIMiddleware.Invoke(HttpContext httpContext)
   at Swashbuckle.AspNetCore.Swagger.SwaggerMiddleware.Invoke(HttpContext httpContext, ISwaggerProvider swaggerProvider)
   at Microsoft.AspNetCore.Authorization.AuthorizationMiddleware.Invoke(HttpContext context)
   at Microsoft.AspNetCore.Authentication.AuthenticationMiddleware.Invoke(HttpContext context)
   at Microsoft.AspNetCore.Diagnostics.DeveloperExceptionPageMiddlewareImpl.Invoke(HttpContext context)
2025-04-14 12:55:08.1083 | ERROR | An unhandled exception has occurred while executing the request. MySql.Data.MySqlClient.MySqlException (0x80004005): error connecting: Timeout expired.  The timeout period elapsed prior to obtaining a connection from the pool.  This may have occurred because all pooled connections were in use and max pool size was reached
   at MySql.Data.MySqlClient.MySqlPool.GetConnectionAsync(Boolean execAsync, CancellationToken cancellationToken)
   at MySql.Data.MySqlClient.MySqlConnection.OpenAsync(Boolean execAsync, CancellationToken cancellationToken)
   at MySql.Data.MySqlClient.MySqlConnection.Open()
   at ServiceStack.OrmLite.OrmLiteConnection.Open() in /home/runner/work/ServiceStack/ServiceStack/ServiceStack.OrmLite/src/ServiceStack.OrmLite/OrmLiteConnection.cs:line 149
   at ServiceStack.OrmLite.OrmLiteConnectionFactory.OpenDbConnection() in /home/runner/work/ServiceStack/ServiceStack/ServiceStack.OrmLite/src/ServiceStack.OrmLite/OrmLiteConnectionFactory.cs:line 98
   at WebApplication1.Utilitlies.DatabaseService..ctor() in C:\Users\navneetkumar.t\source\repos\navneetthakor\RKIT-reconsile\4_DotNet_Core\Final_Demo_DNC\WebApplication1\WebApplication1\Utilitlies\DatabaseService.cs:line 20
   at ResolveService(ILEmitResolverBuilderRuntimeContext, ServiceProviderEngineScope)
   at Microsoft.Extensions.DependencyInjection.ServiceProvider.GetService(Type serviceType, ServiceProviderEngineScope serviceProviderEngineScope)
   at lambda_method4(Closure, IServiceProvider, Object[])
   at Microsoft.AspNetCore.Mvc.Controllers.ControllerFactoryProvider.<>c__DisplayClass6_0.<CreateControllerFactory>g__CreateController|0(ControllerContext controllerContext)
   at Microsoft.AspNetCore.Mvc.Infrastructure.ControllerActionInvoker.Next(State& next, Scope& scope, Object& state, Boolean& isCompleted)
   at Microsoft.AspNetCore.Mvc.Infrastructure.ControllerActionInvoker.InvokeInnerFilterAsync()
--- End of stack trace from previous location ---
   at Microsoft.AspNetCore.Mvc.Infrastructure.ResourceInvoker.<InvokeFilterPipelineAsync>g__Awaited|20_0(ResourceInvoker invoker, Task lastTask, State next, Scope scope, Object state, Boolean isCompleted)
   at Microsoft.AspNetCore.Mvc.Infrastructure.ResourceInvoker.<InvokeAsync>g__Logged|17_1(ResourceInvoker invoker)
   at Microsoft.AspNetCore.Mvc.Infrastructure.ResourceInvoker.<InvokeAsync>g__Logged|17_1(ResourceInvoker invoker)
   at Microsoft.AspNetCore.Routing.EndpointMiddleware.<Invoke>g__AwaitRequestTask|6_0(Endpoint endpoint, Task requestTask, ILogger logger)
   at WebApplication1.Utilitlies.JwtMiddleware.InvokeAsync(HttpContext context) in C:\Users\navneetkumar.t\source\repos\navneetthakor\RKIT-reconsile\4_DotNet_Core\Final_Demo_DNC\WebApplication1\WebApplication1\Utilitlies\JwtMiddleware.cs:line 34
   at Swashbuckle.AspNetCore.SwaggerUI.SwaggerUIMiddleware.Invoke(HttpContext httpContext)
   at Swashbuckle.AspNetCore.Swagger.SwaggerMiddleware.Invoke(HttpContext httpContext, ISwaggerProvider swaggerProvider)
   at Microsoft.AspNetCore.Authorization.AuthorizationMiddleware.Invoke(HttpContext context)
   at Microsoft.AspNetCore.Authentication.AuthenticationMiddleware.Invoke(HttpContext context)
   at Microsoft.AspNetCore.Diagnostics.DeveloperExceptionPageMiddlewareImpl.Invoke(HttpContext context)
2025-04-14 12:55:09.3004 | ERROR | An unhandled exception has occurred while executing the request. MySql.Data.MySqlClient.MySqlException (0x80004005): error connecting: Timeout expired.  The timeout period elapsed prior to obtaining a connection from the pool.  This may have occurred because all pooled connections were in use and max pool size was reached
   at MySql.Data.MySqlClient.MySqlPool.GetConnectionAsync(Boolean execAsync, CancellationToken cancellationToken)
   at MySql.Data.MySqlClient.MySqlConnection.OpenAsync(Boolean execAsync, CancellationToken cancellationToken)
   at MySql.Data.MySqlClient.MySqlConnection.Open()
   at ServiceStack.OrmLite.OrmLiteConnection.Open() in /home/runner/work/ServiceStack/ServiceStack/ServiceStack.OrmLite/src/ServiceStack.OrmLite/OrmLiteConnection.cs:line 149
   at ServiceStack.OrmLite.OrmLiteConnectionFactory.OpenDbConnection() in /home/runner/work/ServiceStack/ServiceStack/ServiceStack.OrmLite/src/ServiceStack.OrmLite/OrmLiteConnectionFactory.cs:line 98
   at WebApplication1.Utilitlies.DatabaseService..ctor() in C:\Users\navneetkumar.t\source\repos\navneetthakor\RKIT-reconsile\4_DotNet_Core\Final_Demo_DNC\WebApplication1\WebApplication1\Utilitlies\DatabaseService.cs:line 20
   at ResolveService(ILEmitResolverBuilderRuntimeContext, ServiceProviderEngineScope)
   at Microsoft.Extensions.DependencyInjection.ServiceProvider.GetService(Type serviceType, ServiceProviderEngineScope serviceProviderEngineScope)
   at lambda_method4(Closure, IServiceProvider, Object[])
   at Microsoft.AspNetCore.Mvc.Controllers.ControllerFactoryProvider.<>c__DisplayClass6_0.<CreateControllerFactory>g__CreateController|0(ControllerContext controllerContext)
   at Microsoft.AspNetCore.Mvc.Infrastructure.ControllerActionInvoker.Next(State& next, Scope& scope, Object& state, Boolean& isCompleted)
   at Microsoft.AspNetCore.Mvc.Infrastructure.ControllerActionInvoker.InvokeInnerFilterAsync()
--- End of stack trace from previous location ---
   at Microsoft.AspNetCore.Mvc.Infrastructure.ResourceInvoker.<InvokeFilterPipelineAsync>g__Awaited|20_0(ResourceInvoker invoker, Task lastTask, State next, Scope scope, Object state, Boolean isCompleted)
   at Microsoft.AspNetCore.Mvc.Infrastructure.ResourceInvoker.<InvokeAsync>g__Logged|17_1(ResourceInvoker invoker)
   at Microsoft.AspNetCore.Mvc.Infrastructure.ResourceInvoker.<InvokeAsync>g__Logged|17_1(ResourceInvoker invoker)
   at Microsoft.AspNetCore.Routing.EndpointMiddleware.<Invoke>g__AwaitRequestTask|6_0(Endpoint endpoint, Task requestTask, ILogger logger)
   at WebApplication1.Utilitlies.JwtMiddleware.InvokeAsync(HttpContext context) in C:\Users\navneetkumar.t\source\repos\navneetthakor\RKIT-reconsile\4_DotNet_Core\Final_Demo_DNC\WebApplication1\WebApplication1\Utilitlies\JwtMiddleware.cs:line 34
   at Swashbuckle.AspNetCore.SwaggerUI.SwaggerUIMiddleware.Invoke(HttpContext httpContext)
   at Swashbuckle.AspNetCore.Swagger.SwaggerMiddleware.Invoke(HttpContext httpContext, ISwaggerProvider swaggerProvider)
   at Microsoft.AspNetCore.Authorization.AuthorizationMiddleware.Invoke(HttpContext context)
   at Microsoft.AspNetCore.Authentication.AuthenticationMiddleware.Invoke(HttpContext context)
   at Microsoft.AspNetCore.Diagnostics.DeveloperExceptionPageMiddlewareImpl.Invoke(HttpContext context)
2025-04-14 12:55:10.4239 | ERROR | An unhandled exception has occurred while executing the request. MySql.Data.MySqlClient.MySqlException (0x80004005): error connecting: Timeout expired.  The timeout period elapsed prior to obtaining a connection from the pool.  This may have occurred because all pooled connections were in use and max pool size was reached
   at MySql.Data.MySqlClient.MySqlPool.GetConnectionAsync(Boolean execAsync, CancellationToken cancellationToken)
   at MySql.Data.MySqlClient.MySqlConnection.OpenAsync(Boolean execAsync, CancellationToken cancellationToken)
   at MySql.Data.MySqlClient.MySqlConnection.Open()
   at ServiceStack.OrmLite.OrmLiteConnection.Open() in /home/runner/work/ServiceStack/ServiceStack/ServiceStack.OrmLite/src/ServiceStack.OrmLite/OrmLiteConnection.cs:line 149
   at ServiceStack.OrmLite.OrmLiteConnectionFactory.OpenDbConnection() in /home/runner/work/ServiceStack/ServiceStack/ServiceStack.OrmLite/src/ServiceStack.OrmLite/OrmLiteConnectionFactory.cs:line 98
   at WebApplication1.Utilitlies.DatabaseService..ctor() in C:\Users\navneetkumar.t\source\repos\navneetthakor\RKIT-reconsile\4_DotNet_Core\Final_Demo_DNC\WebApplication1\WebApplication1\Utilitlies\DatabaseService.cs:line 20
   at ResolveService(ILEmitResolverBuilderRuntimeContext, ServiceProviderEngineScope)
   at Microsoft.Extensions.DependencyInjection.ServiceProvider.GetService(Type serviceType, ServiceProviderEngineScope serviceProviderEngineScope)
   at lambda_method4(Closure, IServiceProvider, Object[])
   at Microsoft.AspNetCore.Mvc.Controllers.ControllerFactoryProvider.<>c__DisplayClass6_0.<CreateControllerFactory>g__CreateController|0(ControllerContext controllerContext)
   at Microsoft.AspNetCore.Mvc.Infrastructure.ControllerActionInvoker.Next(State& next, Scope& scope, Object& state, Boolean& isCompleted)
   at Microsoft.AspNetCore.Mvc.Infrastructure.ControllerActionInvoker.InvokeInnerFilterAsync()
--- End of stack trace from previous location ---
   at Microsoft.AspNetCore.Mvc.Infrastructure.ResourceInvoker.<InvokeFilterPipelineAsync>g__Awaited|20_0(ResourceInvoker invoker, Task lastTask, State next, Scope scope, Object state, Boolean isCompleted)
   at Microsoft.AspNetCore.Mvc.Infrastructure.ResourceInvoker.<InvokeAsync>g__Logged|17_1(ResourceInvoker invoker)
   at Microsoft.AspNetCore.Mvc.Infrastructure.ResourceInvoker.<InvokeAsync>g__Logged|17_1(ResourceInvoker invoker)
   at Microsoft.AspNetCore.Routing.EndpointMiddleware.<Invoke>g__AwaitRequestTask|6_0(Endpoint endpoint, Task requestTask, ILogger logger)
   at WebApplication1.Utilitlies.JwtMiddleware.InvokeAsync(HttpContext context) in C:\Users\navneetkumar.t\source\repos\navneetthakor\RKIT-reconsile\4_DotNet_Core\Final_Demo_DNC\WebApplication1\WebApplication1\Utilitlies\JwtMiddleware.cs:line 34
   at Swashbuckle.AspNetCore.SwaggerUI.SwaggerUIMiddleware.Invoke(HttpContext httpContext)
   at Swashbuckle.AspNetCore.Swagger.SwaggerMiddleware.Invoke(HttpContext httpContext, ISwaggerProvider swaggerProvider)
   at Microsoft.AspNetCore.Authorization.AuthorizationMiddleware.Invoke(HttpContext context)
   at Microsoft.AspNetCore.Authentication.AuthenticationMiddleware.Invoke(HttpContext context)
   at Microsoft.AspNetCore.Diagnostics.DeveloperExceptionPageMiddlewareImpl.Invoke(HttpContext context)
2025-04-14 13:29:41.8104 | ERROR | An unhandled exception has occurred while executing the request. MySql.Data.MySqlClient.MySqlException (0x80004005): error connecting: Timeout expired.  The timeout period elapsed prior to obtaining a connection from the pool.  This may have occurred because all pooled connections were in use and max pool size was reached
   at MySql.Data.MySqlClient.MySqlPool.GetConnectionAsync(Boolean execAsync, CancellationToken cancellationToken)
   at MySql.Data.MySqlClient.MySqlConnection.OpenAsync(Boolean execAsync, CancellationToken cancellationToken)
   at MySql.Data.MySqlClient.MySqlConnection.Open()
   at ServiceStack.OrmLite.OrmLiteConnection.Open() in /home/runner/work/ServiceStack/ServiceStack/ServiceStack.OrmLite/src/ServiceStack.OrmLite/OrmLiteConnection.cs:line 149
   at ServiceStack.OrmLite.OrmLiteConnectionFactory.OpenDbConnection() in /home/runner/work/ServiceStack/ServiceStack/ServiceStack.OrmLite/src/ServiceStack.OrmLite/OrmLiteConnectionFactory.cs:line 98
   at WebApplication1.Utilitlies.DatabaseService..ctor() in C:\Users\navneetkumar.t\source\repos\navneetthakor\RKIT-reconsile\4_DotNet_Core\Final_Demo_DNC\WebApplication1\WebApplication1\Utilitlies\DatabaseService.cs:line 20
   at ResolveService(ILEmitResolverBuilderRuntimeContext, ServiceProviderEngineScope)
   at Microsoft.Extensions.DependencyInjection.ServiceProvider.GetService(Type serviceType, ServiceProviderEngineScope serviceProviderEngineScope)
   at lambda_method4(Closure, IServiceProvider, Object[])
   at Microsoft.AspNetCore.Mvc.Controllers.ControllerFactoryProvider.<>c__DisplayClass6_0.<CreateControllerFactory>g__CreateController|0(ControllerContext controllerContext)
   at Microsoft.AspNetCore.Mvc.Infrastructure.ControllerActionInvoker.Next(State& next, Scope& scope, Object& state, Boolean& isCompleted)
   at Microsoft.AspNetCore.Mvc.Infrastructure.ControllerActionInvoker.InvokeInnerFilterAsync()
--- End of stack trace from previous location ---
   at Microsoft.AspNetCore.Mvc.Infrastructure.ResourceInvoker.<InvokeFilterPipelineAsync>g__Awaited|20_0(ResourceInvoker invoker, Task lastTask, State next, Scope scope, Object state, Boolean isCompleted)
   at Microsoft.AspNetCore.Mvc.Infrastructure.ResourceInvoker.<InvokeAsync>g__Logged|17_1(ResourceInvoker invoker)
   at Microsoft.AspNetCore.Mvc.Infrastructure.ResourceInvoker.<InvokeAsync>g__Logged|17_1(ResourceInvoker invoker)
   at Microsoft.AspNetCore.Routing.EndpointMiddleware.<Invoke>g__AwaitRequestTask|6_0(Endpoint endpoint, Task requestTask, ILogger logger)
   at WebApplication1.Utilitlies.JwtMiddleware.InvokeAsync(HttpContext context) in C:\Users\navneetkumar.t\source\repos\navneetthakor\RKIT-reconsile\4_DotNet_Core\Final_Demo_DNC\WebApplication1\WebApplication1\Utilitlies\JwtMiddleware.cs:line 34
   at Swashbuckle.AspNetCore.SwaggerUI.SwaggerUIMiddleware.Invoke(HttpContext httpContext)
   at Swashbuckle.AspNetCore.Swagger.SwaggerMiddleware.Invoke(HttpContext httpContext, ISwaggerProvider swaggerProvider)
   at Microsoft.AspNetCore.Authorization.AuthorizationMiddleware.Invoke(HttpContext context)
   at Microsoft.AspNetCore.Authentication.AuthenticationMiddleware.Invoke(HttpContext context)
   at Microsoft.AspNetCore.Diagnostics.DeveloperExceptionPageMiddlewareImpl.Invoke(HttpContext context)
2025-04-14 13:29:42.4426 | ERROR | An unhandled exception has occurred while executing the request. MySql.Data.MySqlClient.MySqlException (0x80004005): error connecting: Timeout expired.  The timeout period elapsed prior to obtaining a connection from the pool.  This may have occurred because all pooled connections were in use and max pool size was reached
   at MySql.Data.MySqlClient.MySqlPool.GetConnectionAsync(Boolean execAsync, CancellationToken cancellationToken)
   at MySql.Data.MySqlClient.MySqlConnection.OpenAsync(Boolean execAsync, CancellationToken cancellationToken)
   at MySql.Data.MySqlClient.MySqlConnection.Open()
   at ServiceStack.OrmLite.OrmLiteConnection.Open() in /home/runner/work/ServiceStack/ServiceStack/ServiceStack.OrmLite/src/ServiceStack.OrmLite/OrmLiteConnection.cs:line 149
   at ServiceStack.OrmLite.OrmLiteConnectionFactory.OpenDbConnection() in /home/runner/work/ServiceStack/ServiceStack/ServiceStack.OrmLite/src/ServiceStack.OrmLite/OrmLiteConnectionFactory.cs:line 98
   at WebApplication1.Utilitlies.DatabaseService..ctor() in C:\Users\navneetkumar.t\source\repos\navneetthakor\RKIT-reconsile\4_DotNet_Core\Final_Demo_DNC\WebApplication1\WebApplication1\Utilitlies\DatabaseService.cs:line 20
   at ResolveService(ILEmitResolverBuilderRuntimeContext, ServiceProviderEngineScope)
   at Microsoft.Extensions.DependencyInjection.ServiceProvider.GetService(Type serviceType, ServiceProviderEngineScope serviceProviderEngineScope)
   at lambda_method4(Closure, IServiceProvider, Object[])
   at Microsoft.AspNetCore.Mvc.Controllers.ControllerFactoryProvider.<>c__DisplayClass6_0.<CreateControllerFactory>g__CreateController|0(ControllerContext controllerContext)
   at Microsoft.AspNetCore.Mvc.Infrastructure.ControllerActionInvoker.Next(State& next, Scope& scope, Object& state, Boolean& isCompleted)
   at Microsoft.AspNetCore.Mvc.Infrastructure.ControllerActionInvoker.InvokeInnerFilterAsync()
--- End of stack trace from previous location ---
   at Microsoft.AspNetCore.Mvc.Infrastructure.ResourceInvoker.<InvokeFilterPipelineAsync>g__Awaited|20_0(ResourceInvoker invoker, Task lastTask, State next, Scope scope, Object state, Boolean isCompleted)
   at Microsoft.AspNetCore.Mvc.Infrastructure.ResourceInvoker.<InvokeAsync>g__Logged|17_1(ResourceInvoker invoker)
   at Microsoft.AspNetCore.Mvc.Infrastructure.ResourceInvoker.<InvokeAsync>g__Logged|17_1(ResourceInvoker invoker)
   at Microsoft.AspNetCore.Routing.EndpointMiddleware.<Invoke>g__AwaitRequestTask|6_0(Endpoint endpoint, Task requestTask, ILogger logger)
   at WebApplication1.Utilitlies.JwtMiddleware.InvokeAsync(HttpContext context) in C:\Users\navneetkumar.t\source\repos\navneetthakor\RKIT-reconsile\4_DotNet_Core\Final_Demo_DNC\WebApplication1\WebApplication1\Utilitlies\JwtMiddleware.cs:line 34
   at Swashbuckle.AspNetCore.SwaggerUI.SwaggerUIMiddleware.Invoke(HttpContext httpContext)
   at Swashbuckle.AspNetCore.Swagger.SwaggerMiddleware.Invoke(HttpContext httpContext, ISwaggerProvider swaggerProvider)
   at Microsoft.AspNetCore.Authorization.AuthorizationMiddleware.Invoke(HttpContext context)
   at Microsoft.AspNetCore.Authentication.AuthenticationMiddleware.Invoke(HttpContext context)
   at Microsoft.AspNetCore.Diagnostics.DeveloperExceptionPageMiddlewareImpl.Invoke(HttpContext context)
2025-04-14 13:29:45.7592 | ERROR | An unhandled exception has occurred while executing the request. MySql.Data.MySqlClient.MySqlException (0x80004005): error connecting: Timeout expired.  The timeout period elapsed prior to obtaining a connection from the pool.  This may have occurred because all pooled connections were in use and max pool size was reached
   at MySql.Data.MySqlClient.MySqlPool.GetConnectionAsync(Boolean execAsync, CancellationToken cancellationToken)
   at MySql.Data.MySqlClient.MySqlConnection.OpenAsync(Boolean execAsync, CancellationToken cancellationToken)
   at MySql.Data.MySqlClient.MySqlConnection.Open()
   at ServiceStack.OrmLite.OrmLiteConnection.Open() in /home/runner/work/ServiceStack/ServiceStack/ServiceStack.OrmLite/src/ServiceStack.OrmLite/OrmLiteConnection.cs:line 149
   at ServiceStack.OrmLite.OrmLiteConnectionFactory.OpenDbConnection() in /home/runner/work/ServiceStack/ServiceStack/ServiceStack.OrmLite/src/ServiceStack.OrmLite/OrmLiteConnectionFactory.cs:line 98
   at WebApplication1.Utilitlies.DatabaseService..ctor() in C:\Users\navneetkumar.t\source\repos\navneetthakor\RKIT-reconsile\4_DotNet_Core\Final_Demo_DNC\WebApplication1\WebApplication1\Utilitlies\DatabaseService.cs:line 20
   at ResolveService(ILEmitResolverBuilderRuntimeContext, ServiceProviderEngineScope)
   at Microsoft.Extensions.DependencyInjection.ServiceProvider.GetService(Type serviceType, ServiceProviderEngineScope serviceProviderEngineScope)
   at lambda_method4(Closure, IServiceProvider, Object[])
   at Microsoft.AspNetCore.Mvc.Controllers.ControllerFactoryProvider.<>c__DisplayClass6_0.<CreateControllerFactory>g__CreateController|0(ControllerContext controllerContext)
   at Microsoft.AspNetCore.Mvc.Infrastructure.ControllerActionInvoker.Next(State& next, Scope& scope, Object& state, Boolean& isCompleted)
   at Microsoft.AspNetCore.Mvc.Infrastructure.ControllerActionInvoker.InvokeInnerFilterAsync()
--- End of stack trace from previous location ---
   at Microsoft.AspNetCore.Mvc.Infrastructure.ResourceInvoker.<InvokeFilterPipelineAsync>g__Awaited|20_0(ResourceInvoker invoker, Task lastTask, State next, Scope scope, Object state, Boolean isCompleted)
   at Microsoft.AspNetCore.Mvc.Infrastructure.ResourceInvoker.<InvokeAsync>g__Logged|17_1(ResourceInvoker invoker)
   at Microsoft.AspNetCore.Mvc.Infrastructure.ResourceInvoker.<InvokeAsync>g__Logged|17_1(ResourceInvoker invoker)
   at Microsoft.AspNetCore.Routing.EndpointMiddleware.<Invoke>g__AwaitRequestTask|6_0(Endpoint endpoint, Task requestTask, ILogger logger)
   at WebApplication1.Utilitlies.JwtMiddleware.InvokeAsync(HttpContext context) in C:\Users\navneetkumar.t\source\repos\navneetthakor\RKIT-reconsile\4_DotNet_Core\Final_Demo_DNC\WebApplication1\WebApplication1\Utilitlies\JwtMiddleware.cs:line 34
   at Swashbuckle.AspNetCore.SwaggerUI.SwaggerUIMiddleware.Invoke(HttpContext httpContext)
   at Swashbuckle.AspNetCore.Swagger.SwaggerMiddleware.Invoke(HttpContext httpContext, ISwaggerProvider swaggerProvider)
   at Microsoft.AspNetCore.Authorization.AuthorizationMiddleware.Invoke(HttpContext context)
   at Microsoft.AspNetCore.Authentication.AuthenticationMiddleware.Invoke(HttpContext context)
   at Microsoft.AspNetCore.Diagnostics.DeveloperExceptionPageMiddlewareImpl.Invoke(HttpContext context)
2025-04-14 13:29:45.8684 | ERROR | An unhandled exception has occurred while executing the request. MySql.Data.MySqlClient.MySqlException (0x80004005): error connecting: Timeout expired.  The timeout period elapsed prior to obtaining a connection from the pool.  This may have occurred because all pooled connections were in use and max pool size was reached
   at MySql.Data.MySqlClient.MySqlPool.GetConnectionAsync(Boolean execAsync, CancellationToken cancellationToken)
   at MySql.Data.MySqlClient.MySqlConnection.OpenAsync(Boolean execAsync, CancellationToken cancellationToken)
   at MySql.Data.MySqlClient.MySqlConnection.Open()
   at ServiceStack.OrmLite.OrmLiteConnection.Open() in /home/runner/work/ServiceStack/ServiceStack/ServiceStack.OrmLite/src/ServiceStack.OrmLite/OrmLiteConnection.cs:line 149
   at ServiceStack.OrmLite.OrmLiteConnectionFactory.OpenDbConnection() in /home/runner/work/ServiceStack/ServiceStack/ServiceStack.OrmLite/src/ServiceStack.OrmLite/OrmLiteConnectionFactory.cs:line 98
   at WebApplication1.Utilitlies.DatabaseService..ctor() in C:\Users\navneetkumar.t\source\repos\navneetthakor\RKIT-reconsile\4_DotNet_Core\Final_Demo_DNC\WebApplication1\WebApplication1\Utilitlies\DatabaseService.cs:line 20
   at ResolveService(ILEmitResolverBuilderRuntimeContext, ServiceProviderEngineScope)
   at Microsoft.Extensions.DependencyInjection.ServiceProvider.GetService(Type serviceType, ServiceProviderEngineScope serviceProviderEngineScope)
   at lambda_method4(Closure, IServiceProvider, Object[])
   at Microsoft.AspNetCore.Mvc.Controllers.ControllerFactoryProvider.<>c__DisplayClass6_0.<CreateControllerFactory>g__CreateController|0(ControllerContext controllerContext)
   at Microsoft.AspNetCore.Mvc.Infrastructure.ControllerActionInvoker.Next(State& next, Scope& scope, Object& state, Boolean& isCompleted)
   at Microsoft.AspNetCore.Mvc.Infrastructure.ControllerActionInvoker.InvokeInnerFilterAsync()
--- End of stack trace from previous location ---
   at Microsoft.AspNetCore.Mvc.Infrastructure.ResourceInvoker.<InvokeFilterPipelineAsync>g__Awaited|20_0(ResourceInvoker invoker, Task lastTask, State next, Scope scope, Object state, Boolean isCompleted)
   at Microsoft.AspNetCore.Mvc.Infrastructure.ResourceInvoker.<InvokeAsync>g__Logged|17_1(ResourceInvoker invoker)
   at Microsoft.AspNetCore.Mvc.Infrastructure.ResourceInvoker.<InvokeAsync>g__Logged|17_1(ResourceInvoker invoker)
   at Microsoft.AspNetCore.Routing.EndpointMiddleware.<Invoke>g__AwaitRequestTask|6_0(Endpoint endpoint, Task requestTask, ILogger logger)
   at WebApplication1.Utilitlies.JwtMiddleware.InvokeAsync(HttpContext context) in C:\Users\navneetkumar.t\source\repos\navneetthakor\RKIT-reconsile\4_DotNet_Core\Final_Demo_DNC\WebApplication1\WebApplication1\Utilitlies\JwtMiddleware.cs:line 34
   at Swashbuckle.AspNetCore.SwaggerUI.SwaggerUIMiddleware.Invoke(HttpContext httpContext)
   at Swashbuckle.AspNetCore.Swagger.SwaggerMiddleware.Invoke(HttpContext httpContext, ISwaggerProvider swaggerProvider)
   at Microsoft.AspNetCore.Authorization.AuthorizationMiddleware.Invoke(HttpContext context)
   at Microsoft.AspNetCore.Authentication.AuthenticationMiddleware.Invoke(HttpContext context)
   at Microsoft.AspNetCore.Diagnostics.DeveloperExceptionPageMiddlewareImpl.Invoke(HttpContext context)
2025-04-14 13:29:52.0965 | ERROR | An unhandled exception has occurred while executing the request. MySql.Data.MySqlClient.MySqlException (0x80004005): error connecting: Timeout expired.  The timeout period elapsed prior to obtaining a connection from the pool.  This may have occurred because all pooled connections were in use and max pool size was reached
   at MySql.Data.MySqlClient.MySqlPool.GetConnectionAsync(Boolean execAsync, CancellationToken cancellationToken)
   at MySql.Data.MySqlClient.MySqlConnection.OpenAsync(Boolean execAsync, CancellationToken cancellationToken)
   at MySql.Data.MySqlClient.MySqlConnection.Open()
   at ServiceStack.OrmLite.OrmLiteConnection.Open() in /home/runner/work/ServiceStack/ServiceStack/ServiceStack.OrmLite/src/ServiceStack.OrmLite/OrmLiteConnection.cs:line 149
   at ServiceStack.OrmLite.OrmLiteConnectionFactory.OpenDbConnection() in /home/runner/work/ServiceStack/ServiceStack/ServiceStack.OrmLite/src/ServiceStack.OrmLite/OrmLiteConnectionFactory.cs:line 98
   at WebApplication1.Utilitlies.DatabaseService..ctor() in C:\Users\navneetkumar.t\source\repos\navneetthakor\RKIT-reconsile\4_DotNet_Core\Final_Demo_DNC\WebApplication1\WebApplication1\Utilitlies\DatabaseService.cs:line 20
   at ResolveService(ILEmitResolverBuilderRuntimeContext, ServiceProviderEngineScope)
   at Microsoft.Extensions.DependencyInjection.ServiceProvider.GetService(Type serviceType, ServiceProviderEngineScope serviceProviderEngineScope)
   at lambda_method4(Closure, IServiceProvider, Object[])
   at Microsoft.AspNetCore.Mvc.Controllers.ControllerFactoryProvider.<>c__DisplayClass6_0.<CreateControllerFactory>g__CreateController|0(ControllerContext controllerContext)
   at Microsoft.AspNetCore.Mvc.Infrastructure.ControllerActionInvoker.Next(State& next, Scope& scope, Object& state, Boolean& isCompleted)
   at Microsoft.AspNetCore.Mvc.Infrastructure.ControllerActionInvoker.InvokeInnerFilterAsync()
--- End of stack trace from previous location ---
   at Microsoft.AspNetCore.Mvc.Infrastructure.ResourceInvoker.<InvokeFilterPipelineAsync>g__Awaited|20_0(ResourceInvoker invoker, Task lastTask, State next, Scope scope, Object state, Boolean isCompleted)
   at Microsoft.AspNetCore.Mvc.Infrastructure.ResourceInvoker.<InvokeAsync>g__Logged|17_1(ResourceInvoker invoker)
   at Microsoft.AspNetCore.Mvc.Infrastructure.ResourceInvoker.<InvokeAsync>g__Logged|17_1(ResourceInvoker invoker)
   at Microsoft.AspNetCore.Routing.EndpointMiddleware.<Invoke>g__AwaitRequestTask|6_0(Endpoint endpoint, Task requestTask, ILogger logger)
   at WebApplication1.Utilitlies.JwtMiddleware.InvokeAsync(HttpContext context) in C:\Users\navneetkumar.t\source\repos\navneetthakor\RKIT-reconsile\4_DotNet_Core\Final_Demo_DNC\WebApplication1\WebApplication1\Utilitlies\JwtMiddleware.cs:line 34
   at Swashbuckle.AspNetCore.SwaggerUI.SwaggerUIMiddleware.Invoke(HttpContext httpContext)
   at Swashbuckle.AspNetCore.Swagger.SwaggerMiddleware.Invoke(HttpContext httpContext, ISwaggerProvider swaggerProvider)
   at Microsoft.AspNetCore.Authorization.AuthorizationMiddleware.Invoke(HttpContext context)
   at Microsoft.AspNetCore.Authentication.AuthenticationMiddleware.Invoke(HttpContext context)
   at Microsoft.AspNetCore.Diagnostics.DeveloperExceptionPageMiddlewareImpl.Invoke(HttpContext context)
2025-04-14 13:29:53.6216 | ERROR | An unhandled exception has occurred while executing the request. MySql.Data.MySqlClient.MySqlException (0x80004005): error connecting: Timeout expired.  The timeout period elapsed prior to obtaining a connection from the pool.  This may have occurred because all pooled connections were in use and max pool size was reached
   at MySql.Data.MySqlClient.MySqlPool.GetConnectionAsync(Boolean execAsync, CancellationToken cancellationToken)
   at MySql.Data.MySqlClient.MySqlConnection.OpenAsync(Boolean execAsync, CancellationToken cancellationToken)
   at MySql.Data.MySqlClient.MySqlConnection.Open()
   at ServiceStack.OrmLite.OrmLiteConnection.Open() in /home/runner/work/ServiceStack/ServiceStack/ServiceStack.OrmLite/src/ServiceStack.OrmLite/OrmLiteConnection.cs:line 149
   at ServiceStack.OrmLite.OrmLiteConnectionFactory.OpenDbConnection() in /home/runner/work/ServiceStack/ServiceStack/ServiceStack.OrmLite/src/ServiceStack.OrmLite/OrmLiteConnectionFactory.cs:line 98
   at WebApplication1.Utilitlies.DatabaseService..ctor() in C:\Users\navneetkumar.t\source\repos\navneetthakor\RKIT-reconsile\4_DotNet_Core\Final_Demo_DNC\WebApplication1\WebApplication1\Utilitlies\DatabaseService.cs:line 20
   at ResolveService(ILEmitResolverBuilderRuntimeContext, ServiceProviderEngineScope)
   at Microsoft.Extensions.DependencyInjection.ServiceProvider.GetService(Type serviceType, ServiceProviderEngineScope serviceProviderEngineScope)
   at lambda_method4(Closure, IServiceProvider, Object[])
   at Microsoft.AspNetCore.Mvc.Controllers.ControllerFactoryProvider.<>c__DisplayClass6_0.<CreateControllerFactory>g__CreateController|0(ControllerContext controllerContext)
   at Microsoft.AspNetCore.Mvc.Infrastructure.ControllerActionInvoker.Next(State& next, Scope& scope, Object& state, Boolean& isCompleted)
   at Microsoft.AspNetCore.Mvc.Infrastructure.ControllerActionInvoker.InvokeInnerFilterAsync()
--- End of stack trace from previous location ---
   at Microsoft.AspNetCore.Mvc.Infrastructure.ResourceInvoker.<InvokeFilterPipelineAsync>g__Awaited|20_0(ResourceInvoker invoker, Task lastTask, State next, Scope scope, Object state, Boolean isCompleted)
   at Microsoft.AspNetCore.Mvc.Infrastructure.ResourceInvoker.<InvokeAsync>g__Logged|17_1(ResourceInvoker invoker)
   at Microsoft.AspNetCore.Mvc.Infrastructure.ResourceInvoker.<InvokeAsync>g__Logged|17_1(ResourceInvoker invoker)
   at Microsoft.AspNetCore.Routing.EndpointMiddleware.<Invoke>g__AwaitRequestTask|6_0(Endpoint endpoint, Task requestTask, ILogger logger)
   at WebApplication1.Utilitlies.JwtMiddleware.InvokeAsync(HttpContext context) in C:\Users\navneetkumar.t\source\repos\navneetthakor\RKIT-reconsile\4_DotNet_Core\Final_Demo_DNC\WebApplication1\WebApplication1\Utilitlies\JwtMiddleware.cs:line 34
   at Swashbuckle.AspNetCore.SwaggerUI.SwaggerUIMiddleware.Invoke(HttpContext httpContext)
   at Swashbuckle.AspNetCore.Swagger.SwaggerMiddleware.Invoke(HttpContext httpContext, ISwaggerProvider swaggerProvider)
   at Microsoft.AspNetCore.Authorization.AuthorizationMiddleware.Invoke(HttpContext context)
   at Microsoft.AspNetCore.Authentication.AuthenticationMiddleware.Invoke(HttpContext context)
   at Microsoft.AspNetCore.Diagnostics.DeveloperExceptionPageMiddlewareImpl.Invoke(HttpContext context)
2025-04-14 13:29:53.8036 | ERROR | An unhandled exception has occurred while executing the request. MySql.Data.MySqlClient.MySqlException (0x80004005): error connecting: Timeout expired.  The timeout period elapsed prior to obtaining a connection from the pool.  This may have occurred because all pooled connections were in use and max pool size was reached
   at MySql.Data.MySqlClient.MySqlPool.GetConnectionAsync(Boolean execAsync, CancellationToken cancellationToken)
   at MySql.Data.MySqlClient.MySqlConnection.OpenAsync(Boolean execAsync, CancellationToken cancellationToken)
   at MySql.Data.MySqlClient.MySqlConnection.Open()
   at ServiceStack.OrmLite.OrmLiteConnection.Open() in /home/runner/work/ServiceStack/ServiceStack/ServiceStack.OrmLite/src/ServiceStack.OrmLite/OrmLiteConnection.cs:line 149
   at ServiceStack.OrmLite.OrmLiteConnectionFactory.OpenDbConnection() in /home/runner/work/ServiceStack/ServiceStack/ServiceStack.OrmLite/src/ServiceStack.OrmLite/OrmLiteConnectionFactory.cs:line 98
   at WebApplication1.Utilitlies.DatabaseService..ctor() in C:\Users\navneetkumar.t\source\repos\navneetthakor\RKIT-reconsile\4_DotNet_Core\Final_Demo_DNC\WebApplication1\WebApplication1\Utilitlies\DatabaseService.cs:line 20
   at ResolveService(ILEmitResolverBuilderRuntimeContext, ServiceProviderEngineScope)
   at Microsoft.Extensions.DependencyInjection.ServiceProvider.GetService(Type serviceType, ServiceProviderEngineScope serviceProviderEngineScope)
   at lambda_method4(Closure, IServiceProvider, Object[])
   at Microsoft.AspNetCore.Mvc.Controllers.ControllerFactoryProvider.<>c__DisplayClass6_0.<CreateControllerFactory>g__CreateController|0(ControllerContext controllerContext)
   at Microsoft.AspNetCore.Mvc.Infrastructure.ControllerActionInvoker.Next(State& next, Scope& scope, Object& state, Boolean& isCompleted)
   at Microsoft.AspNetCore.Mvc.Infrastructure.ControllerActionInvoker.InvokeInnerFilterAsync()
--- End of stack trace from previous location ---
   at Microsoft.AspNetCore.Mvc.Infrastructure.ResourceInvoker.<InvokeFilterPipelineAsync>g__Awaited|20_0(ResourceInvoker invoker, Task lastTask, State next, Scope scope, Object state, Boolean isCompleted)
   at Microsoft.AspNetCore.Mvc.Infrastructure.ResourceInvoker.<InvokeAsync>g__Logged|17_1(ResourceInvoker invoker)
   at Microsoft.AspNetCore.Mvc.Infrastructure.ResourceInvoker.<InvokeAsync>g__Logged|17_1(ResourceInvoker invoker)
   at Microsoft.AspNetCore.Routing.EndpointMiddleware.<Invoke>g__AwaitRequestTask|6_0(Endpoint endpoint, Task requestTask, ILogger logger)
   at WebApplication1.Utilitlies.JwtMiddleware.InvokeAsync(HttpContext context) in C:\Users\navneetkumar.t\source\repos\navneetthakor\RKIT-reconsile\4_DotNet_Core\Final_Demo_DNC\WebApplication1\WebApplication1\Utilitlies\JwtMiddleware.cs:line 34
   at Swashbuckle.AspNetCore.SwaggerUI.SwaggerUIMiddleware.Invoke(HttpContext httpContext)
   at Swashbuckle.AspNetCore.Swagger.SwaggerMiddleware.Invoke(HttpContext httpContext, ISwaggerProvider swaggerProvider)
   at Microsoft.AspNetCore.Authorization.AuthorizationMiddleware.Invoke(HttpContext context)
   at Microsoft.AspNetCore.Authentication.AuthenticationMiddleware.Invoke(HttpContext context)
   at Microsoft.AspNetCore.Diagnostics.DeveloperExceptionPageMiddlewareImpl.Invoke(HttpContext context)
2025-04-14 13:29:57.4209 | ERROR | An unhandled exception has occurred while executing the request. MySql.Data.MySqlClient.MySqlException (0x80004005): error connecting: Timeout expired.  The timeout period elapsed prior to obtaining a connection from the pool.  This may have occurred because all pooled connections were in use and max pool size was reached
   at MySql.Data.MySqlClient.MySqlPool.GetConnectionAsync(Boolean execAsync, CancellationToken cancellationToken)
   at MySql.Data.MySqlClient.MySqlConnection.OpenAsync(Boolean execAsync, CancellationToken cancellationToken)
   at MySql.Data.MySqlClient.MySqlConnection.Open()
   at ServiceStack.OrmLite.OrmLiteConnection.Open() in /home/runner/work/ServiceStack/ServiceStack/ServiceStack.OrmLite/src/ServiceStack.OrmLite/OrmLiteConnection.cs:line 149
   at ServiceStack.OrmLite.OrmLiteConnectionFactory.OpenDbConnection() in /home/runner/work/ServiceStack/ServiceStack/ServiceStack.OrmLite/src/ServiceStack.OrmLite/OrmLiteConnectionFactory.cs:line 98
   at WebApplication1.Utilitlies.DatabaseService..ctor() in C:\Users\navneetkumar.t\source\repos\navneetthakor\RKIT-reconsile\4_DotNet_Core\Final_Demo_DNC\WebApplication1\WebApplication1\Utilitlies\DatabaseService.cs:line 20
   at ResolveService(ILEmitResolverBuilderRuntimeContext, ServiceProviderEngineScope)
   at Microsoft.Extensions.DependencyInjection.ServiceProvider.GetService(Type serviceType, ServiceProviderEngineScope serviceProviderEngineScope)
   at lambda_method4(Closure, IServiceProvider, Object[])
   at Microsoft.AspNetCore.Mvc.Controllers.ControllerFactoryProvider.<>c__DisplayClass6_0.<CreateControllerFactory>g__CreateController|0(ControllerContext controllerContext)
   at Microsoft.AspNetCore.Mvc.Infrastructure.ControllerActionInvoker.Next(State& next, Scope& scope, Object& state, Boolean& isCompleted)
   at Microsoft.AspNetCore.Mvc.Infrastructure.ControllerActionInvoker.InvokeInnerFilterAsync()
--- End of stack trace from previous location ---
   at Microsoft.AspNetCore.Mvc.Infrastructure.ResourceInvoker.<InvokeFilterPipelineAsync>g__Awaited|20_0(ResourceInvoker invoker, Task lastTask, State next, Scope scope, Object state, Boolean isCompleted)
   at Microsoft.AspNetCore.Mvc.Infrastructure.ResourceInvoker.<InvokeAsync>g__Logged|17_1(ResourceInvoker invoker)
   at Microsoft.AspNetCore.Mvc.Infrastructure.ResourceInvoker.<InvokeAsync>g__Logged|17_1(ResourceInvoker invoker)
   at Microsoft.AspNetCore.Routing.EndpointMiddleware.<Invoke>g__AwaitRequestTask|6_0(Endpoint endpoint, Task requestTask, ILogger logger)
   at WebApplication1.Utilitlies.JwtMiddleware.InvokeAsync(HttpContext context) in C:\Users\navneetkumar.t\source\repos\navneetthakor\RKIT-reconsile\4_DotNet_Core\Final_Demo_DNC\WebApplication1\WebApplication1\Utilitlies\JwtMiddleware.cs:line 34
   at Swashbuckle.AspNetCore.SwaggerUI.SwaggerUIMiddleware.Invoke(HttpContext httpContext)
   at Swashbuckle.AspNetCore.Swagger.SwaggerMiddleware.Invoke(HttpContext httpContext, ISwaggerProvider swaggerProvider)
   at Microsoft.AspNetCore.Authorization.AuthorizationMiddleware.Invoke(HttpContext context)
   at Microsoft.AspNetCore.Authentication.AuthenticationMiddleware.Invoke(HttpContext context)
   at Microsoft.AspNetCore.Diagnostics.DeveloperExceptionPageMiddlewareImpl.Invoke(HttpContext context)
2025-04-14 13:29:58.7944 | ERROR | An unhandled exception has occurred while executing the request. MySql.Data.MySqlClient.MySqlException (0x80004005): error connecting: Timeout expired.  The timeout period elapsed prior to obtaining a connection from the pool.  This may have occurred because all pooled connections were in use and max pool size was reached
   at MySql.Data.MySqlClient.MySqlPool.GetConnectionAsync(Boolean execAsync, CancellationToken cancellationToken)
   at MySql.Data.MySqlClient.MySqlConnection.OpenAsync(Boolean execAsync, CancellationToken cancellationToken)
   at MySql.Data.MySqlClient.MySqlConnection.Open()
   at ServiceStack.OrmLite.OrmLiteConnection.Open() in /home/runner/work/ServiceStack/ServiceStack/ServiceStack.OrmLite/src/ServiceStack.OrmLite/OrmLiteConnection.cs:line 149
   at ServiceStack.OrmLite.OrmLiteConnectionFactory.OpenDbConnection() in /home/runner/work/ServiceStack/ServiceStack/ServiceStack.OrmLite/src/ServiceStack.OrmLite/OrmLiteConnectionFactory.cs:line 98
   at WebApplication1.Utilitlies.DatabaseService..ctor() in C:\Users\navneetkumar.t\source\repos\navneetthakor\RKIT-reconsile\4_DotNet_Core\Final_Demo_DNC\WebApplication1\WebApplication1\Utilitlies\DatabaseService.cs:line 20
   at ResolveService(ILEmitResolverBuilderRuntimeContext, ServiceProviderEngineScope)
   at Microsoft.Extensions.DependencyInjection.ServiceProvider.GetService(Type serviceType, ServiceProviderEngineScope serviceProviderEngineScope)
   at lambda_method4(Closure, IServiceProvider, Object[])
   at Microsoft.AspNetCore.Mvc.Controllers.ControllerFactoryProvider.<>c__DisplayClass6_0.<CreateControllerFactory>g__CreateController|0(ControllerContext controllerContext)
   at Microsoft.AspNetCore.Mvc.Infrastructure.ControllerActionInvoker.Next(State& next, Scope& scope, Object& state, Boolean& isCompleted)
   at Microsoft.AspNetCore.Mvc.Infrastructure.ControllerActionInvoker.InvokeInnerFilterAsync()
--- End of stack trace from previous location ---
   at Microsoft.AspNetCore.Mvc.Infrastructure.ResourceInvoker.<InvokeFilterPipelineAsync>g__Awaited|20_0(ResourceInvoker invoker, Task lastTask, State next, Scope scope, Object state, Boolean isCompleted)
   at Microsoft.AspNetCore.Mvc.Infrastructure.ResourceInvoker.<InvokeAsync>g__Logged|17_1(ResourceInvoker invoker)
   at Microsoft.AspNetCore.Mvc.Infrastructure.ResourceInvoker.<InvokeAsync>g__Logged|17_1(ResourceInvoker invoker)
   at Microsoft.AspNetCore.Routing.EndpointMiddleware.<Invoke>g__AwaitRequestTask|6_0(Endpoint endpoint, Task requestTask, ILogger logger)
   at WebApplication1.Utilitlies.JwtMiddleware.InvokeAsync(HttpContext context) in C:\Users\navneetkumar.t\source\repos\navneetthakor\RKIT-reconsile\4_DotNet_Core\Final_Demo_DNC\WebApplication1\WebApplication1\Utilitlies\JwtMiddleware.cs:line 34
   at Swashbuckle.AspNetCore.SwaggerUI.SwaggerUIMiddleware.Invoke(HttpContext httpContext)
   at Swashbuckle.AspNetCore.Swagger.SwaggerMiddleware.Invoke(HttpContext httpContext, ISwaggerProvider swaggerProvider)
   at Microsoft.AspNetCore.Authorization.AuthorizationMiddleware.Invoke(HttpContext context)
   at Microsoft.AspNetCore.Authentication.AuthenticationMiddleware.Invoke(HttpContext context)
   at Microsoft.AspNetCore.Diagnostics.DeveloperExceptionPageMiddlewareImpl.Invoke(HttpContext context)
2025-04-14 13:29:58.9156 | ERROR | An unhandled exception has occurred while executing the request. MySql.Data.MySqlClient.MySqlException (0x80004005): error connecting: Timeout expired.  The timeout period elapsed prior to obtaining a connection from the pool.  This may have occurred because all pooled connections were in use and max pool size was reached
   at MySql.Data.MySqlClient.MySqlPool.GetConnectionAsync(Boolean execAsync, CancellationToken cancellationToken)
   at MySql.Data.MySqlClient.MySqlConnection.OpenAsync(Boolean execAsync, CancellationToken cancellationToken)
   at MySql.Data.MySqlClient.MySqlConnection.Open()
   at ServiceStack.OrmLite.OrmLiteConnection.Open() in /home/runner/work/ServiceStack/ServiceStack/ServiceStack.OrmLite/src/ServiceStack.OrmLite/OrmLiteConnection.cs:line 149
   at ServiceStack.OrmLite.OrmLiteConnectionFactory.OpenDbConnection() in /home/runner/work/ServiceStack/ServiceStack/ServiceStack.OrmLite/src/ServiceStack.OrmLite/OrmLiteConnectionFactory.cs:line 98
   at WebApplication1.Utilitlies.DatabaseService..ctor() in C:\Users\navneetkumar.t\source\repos\navneetthakor\RKIT-reconsile\4_DotNet_Core\Final_Demo_DNC\WebApplication1\WebApplication1\Utilitlies\DatabaseService.cs:line 20
   at ResolveService(ILEmitResolverBuilderRuntimeContext, ServiceProviderEngineScope)
   at Microsoft.Extensions.DependencyInjection.ServiceProvider.GetService(Type serviceType, ServiceProviderEngineScope serviceProviderEngineScope)
   at lambda_method4(Closure, IServiceProvider, Object[])
   at Microsoft.AspNetCore.Mvc.Controllers.ControllerFactoryProvider.<>c__DisplayClass6_0.<CreateControllerFactory>g__CreateController|0(ControllerContext controllerContext)
   at Microsoft.AspNetCore.Mvc.Infrastructure.ControllerActionInvoker.Next(State& next, Scope& scope, Object& state, Boolean& isCompleted)
   at Microsoft.AspNetCore.Mvc.Infrastructure.ControllerActionInvoker.InvokeInnerFilterAsync()
--- End of stack trace from previous location ---
   at Microsoft.AspNetCore.Mvc.Infrastructure.ResourceInvoker.<InvokeFilterPipelineAsync>g__Awaited|20_0(ResourceInvoker invoker, Task lastTask, State next, Scope scope, Object state, Boolean isCompleted)
   at Microsoft.AspNetCore.Mvc.Infrastructure.ResourceInvoker.<InvokeAsync>g__Logged|17_1(ResourceInvoker invoker)
   at Microsoft.AspNetCore.Mvc.Infrastructure.ResourceInvoker.<InvokeAsync>g__Logged|17_1(ResourceInvoker invoker)
   at Microsoft.AspNetCore.Routing.EndpointMiddleware.<Invoke>g__AwaitRequestTask|6_0(Endpoint endpoint, Task requestTask, ILogger logger)
   at WebApplication1.Utilitlies.JwtMiddleware.InvokeAsync(HttpContext context) in C:\Users\navneetkumar.t\source\repos\navneetthakor\RKIT-reconsile\4_DotNet_Core\Final_Demo_DNC\WebApplication1\WebApplication1\Utilitlies\JwtMiddleware.cs:line 34
   at Swashbuckle.AspNetCore.SwaggerUI.SwaggerUIMiddleware.Invoke(HttpContext httpContext)
   at Swashbuckle.AspNetCore.Swagger.SwaggerMiddleware.Invoke(HttpContext httpContext, ISwaggerProvider swaggerProvider)
   at Microsoft.AspNetCore.Authorization.AuthorizationMiddleware.Invoke(HttpContext context)
   at Microsoft.AspNetCore.Authentication.AuthenticationMiddleware.Invoke(HttpContext context)
   at Microsoft.AspNetCore.Diagnostics.DeveloperExceptionPageMiddlewareImpl.Invoke(HttpContext context)
2025-04-14 13:30:01.0529 | ERROR | An unhandled exception has occurred while executing the request. MySql.Data.MySqlClient.MySqlException (0x80004005): error connecting: Timeout expired.  The timeout period elapsed prior to obtaining a connection from the pool.  This may have occurred because all pooled connections were in use and max pool size was reached
   at MySql.Data.MySqlClient.MySqlPool.GetConnectionAsync(Boolean execAsync, CancellationToken cancellationToken)
   at MySql.Data.MySqlClient.MySqlConnection.OpenAsync(Boolean execAsync, CancellationToken cancellationToken)
   at MySql.Data.MySqlClient.MySqlConnection.Open()
   at ServiceStack.OrmLite.OrmLiteConnection.Open() in /home/runner/work/ServiceStack/ServiceStack/ServiceStack.OrmLite/src/ServiceStack.OrmLite/OrmLiteConnection.cs:line 149
   at ServiceStack.OrmLite.OrmLiteConnectionFactory.OpenDbConnection() in /home/runner/work/ServiceStack/ServiceStack/ServiceStack.OrmLite/src/ServiceStack.OrmLite/OrmLiteConnectionFactory.cs:line 98
   at WebApplication1.Utilitlies.DatabaseService..ctor() in C:\Users\navneetkumar.t\source\repos\navneetthakor\RKIT-reconsile\4_DotNet_Core\Final_Demo_DNC\WebApplication1\WebApplication1\Utilitlies\DatabaseService.cs:line 20
   at ResolveService(ILEmitResolverBuilderRuntimeContext, ServiceProviderEngineScope)
   at Microsoft.Extensions.DependencyInjection.ServiceProvider.GetService(Type serviceType, ServiceProviderEngineScope serviceProviderEngineScope)
   at lambda_method4(Closure, IServiceProvider, Object[])
   at Microsoft.AspNetCore.Mvc.Controllers.ControllerFactoryProvider.<>c__DisplayClass6_0.<CreateControllerFactory>g__CreateController|0(ControllerContext controllerContext)
   at Microsoft.AspNetCore.Mvc.Infrastructure.ControllerActionInvoker.Next(State& next, Scope& scope, Object& state, Boolean& isCompleted)
   at Microsoft.AspNetCore.Mvc.Infrastructure.ControllerActionInvoker.InvokeInnerFilterAsync()
--- End of stack trace from previous location ---
   at Microsoft.AspNetCore.Mvc.Infrastructure.ResourceInvoker.<InvokeFilterPipelineAsync>g__Awaited|20_0(ResourceInvoker invoker, Task lastTask, State next, Scope scope, Object state, Boolean isCompleted)
   at Microsoft.AspNetCore.Mvc.Infrastructure.ResourceInvoker.<InvokeAsync>g__Logged|17_1(ResourceInvoker invoker)
   at Microsoft.AspNetCore.Mvc.Infrastructure.ResourceInvoker.<InvokeAsync>g__Logged|17_1(ResourceInvoker invoker)
   at Microsoft.AspNetCore.Routing.EndpointMiddleware.<Invoke>g__AwaitRequestTask|6_0(Endpoint endpoint, Task requestTask, ILogger logger)
   at WebApplication1.Utilitlies.JwtMiddleware.InvokeAsync(HttpContext context) in C:\Users\navneetkumar.t\source\repos\navneetthakor\RKIT-reconsile\4_DotNet_Core\Final_Demo_DNC\WebApplication1\WebApplication1\Utilitlies\JwtMiddleware.cs:line 34
   at Swashbuckle.AspNetCore.SwaggerUI.SwaggerUIMiddleware.Invoke(HttpContext httpContext)
   at Swashbuckle.AspNetCore.Swagger.SwaggerMiddleware.Invoke(HttpContext httpContext, ISwaggerProvider swaggerProvider)
   at Microsoft.AspNetCore.Authorization.AuthorizationMiddleware.Invoke(HttpContext context)
   at Microsoft.AspNetCore.Authentication.AuthenticationMiddleware.Invoke(HttpContext context)
   at Microsoft.AspNetCore.Diagnostics.DeveloperExceptionPageMiddlewareImpl.Invoke(HttpContext context)
2025-04-14 13:30:02.4130 | ERROR | An unhandled exception has occurred while executing the request. MySql.Data.MySqlClient.MySqlException (0x80004005): error connecting: Timeout expired.  The timeout period elapsed prior to obtaining a connection from the pool.  This may have occurred because all pooled connections were in use and max pool size was reached
   at MySql.Data.MySqlClient.MySqlPool.GetConnectionAsync(Boolean execAsync, CancellationToken cancellationToken)
   at MySql.Data.MySqlClient.MySqlConnection.OpenAsync(Boolean execAsync, CancellationToken cancellationToken)
   at MySql.Data.MySqlClient.MySqlConnection.Open()
   at ServiceStack.OrmLite.OrmLiteConnection.Open() in /home/runner/work/ServiceStack/ServiceStack/ServiceStack.OrmLite/src/ServiceStack.OrmLite/OrmLiteConnection.cs:line 149
   at ServiceStack.OrmLite.OrmLiteConnectionFactory.OpenDbConnection() in /home/runner/work/ServiceStack/ServiceStack/ServiceStack.OrmLite/src/ServiceStack.OrmLite/OrmLiteConnectionFactory.cs:line 98
   at WebApplication1.Utilitlies.DatabaseService..ctor() in C:\Users\navneetkumar.t\source\repos\navneetthakor\RKIT-reconsile\4_DotNet_Core\Final_Demo_DNC\WebApplication1\WebApplication1\Utilitlies\DatabaseService.cs:line 20
   at ResolveService(ILEmitResolverBuilderRuntimeContext, ServiceProviderEngineScope)
   at Microsoft.Extensions.DependencyInjection.ServiceProvider.GetService(Type serviceType, ServiceProviderEngineScope serviceProviderEngineScope)
   at lambda_method4(Closure, IServiceProvider, Object[])
   at Microsoft.AspNetCore.Mvc.Controllers.ControllerFactoryProvider.<>c__DisplayClass6_0.<CreateControllerFactory>g__CreateController|0(ControllerContext controllerContext)
   at Microsoft.AspNetCore.Mvc.Infrastructure.ControllerActionInvoker.Next(State& next, Scope& scope, Object& state, Boolean& isCompleted)
   at Microsoft.AspNetCore.Mvc.Infrastructure.ControllerActionInvoker.InvokeInnerFilterAsync()
--- End of stack trace from previous location ---
   at Microsoft.AspNetCore.Mvc.Infrastructure.ResourceInvoker.<InvokeFilterPipelineAsync>g__Awaited|20_0(ResourceInvoker invoker, Task lastTask, State next, Scope scope, Object state, Boolean isCompleted)
   at Microsoft.AspNetCore.Mvc.Infrastructure.ResourceInvoker.<InvokeAsync>g__Logged|17_1(ResourceInvoker invoker)
   at Microsoft.AspNetCore.Mvc.Infrastructure.ResourceInvoker.<InvokeAsync>g__Logged|17_1(ResourceInvoker invoker)
   at Microsoft.AspNetCore.Routing.EndpointMiddleware.<Invoke>g__AwaitRequestTask|6_0(Endpoint endpoint, Task requestTask, ILogger logger)
   at WebApplication1.Utilitlies.JwtMiddleware.InvokeAsync(HttpContext context) in C:\Users\navneetkumar.t\source\repos\navneetthakor\RKIT-reconsile\4_DotNet_Core\Final_Demo_DNC\WebApplication1\WebApplication1\Utilitlies\JwtMiddleware.cs:line 34
   at Swashbuckle.AspNetCore.SwaggerUI.SwaggerUIMiddleware.Invoke(HttpContext httpContext)
   at Swashbuckle.AspNetCore.Swagger.SwaggerMiddleware.Invoke(HttpContext httpContext, ISwaggerProvider swaggerProvider)
   at Microsoft.AspNetCore.Authorization.AuthorizationMiddleware.Invoke(HttpContext context)
   at Microsoft.AspNetCore.Authentication.AuthenticationMiddleware.Invoke(HttpContext context)
   at Microsoft.AspNetCore.Diagnostics.DeveloperExceptionPageMiddlewareImpl.Invoke(HttpContext context)
2025-04-14 13:30:02.7654 | ERROR | An unhandled exception has occurred while executing the request. MySql.Data.MySqlClient.MySqlException (0x80004005): error connecting: Timeout expired.  The timeout period elapsed prior to obtaining a connection from the pool.  This may have occurred because all pooled connections were in use and max pool size was reached
   at MySql.Data.MySqlClient.MySqlPool.GetConnectionAsync(Boolean execAsync, CancellationToken cancellationToken)
   at MySql.Data.MySqlClient.MySqlConnection.OpenAsync(Boolean execAsync, CancellationToken cancellationToken)
   at MySql.Data.MySqlClient.MySqlConnection.Open()
   at ServiceStack.OrmLite.OrmLiteConnection.Open() in /home/runner/work/ServiceStack/ServiceStack/ServiceStack.OrmLite/src/ServiceStack.OrmLite/OrmLiteConnection.cs:line 149
   at ServiceStack.OrmLite.OrmLiteConnectionFactory.OpenDbConnection() in /home/runner/work/ServiceStack/ServiceStack/ServiceStack.OrmLite/src/ServiceStack.OrmLite/OrmLiteConnectionFactory.cs:line 98
   at WebApplication1.Utilitlies.DatabaseService..ctor() in C:\Users\navneetkumar.t\source\repos\navneetthakor\RKIT-reconsile\4_DotNet_Core\Final_Demo_DNC\WebApplication1\WebApplication1\Utilitlies\DatabaseService.cs:line 20
   at ResolveService(ILEmitResolverBuilderRuntimeContext, ServiceProviderEngineScope)
   at Microsoft.Extensions.DependencyInjection.ServiceProvider.GetService(Type serviceType, ServiceProviderEngineScope serviceProviderEngineScope)
   at lambda_method4(Closure, IServiceProvider, Object[])
   at Microsoft.AspNetCore.Mvc.Controllers.ControllerFactoryProvider.<>c__DisplayClass6_0.<CreateControllerFactory>g__CreateController|0(ControllerContext controllerContext)
   at Microsoft.AspNetCore.Mvc.Infrastructure.ControllerActionInvoker.Next(State& next, Scope& scope, Object& state, Boolean& isCompleted)
   at Microsoft.AspNetCore.Mvc.Infrastructure.ControllerActionInvoker.InvokeInnerFilterAsync()
--- End of stack trace from previous location ---
   at Microsoft.AspNetCore.Mvc.Infrastructure.ResourceInvoker.<InvokeFilterPipelineAsync>g__Awaited|20_0(ResourceInvoker invoker, Task lastTask, State next, Scope scope, Object state, Boolean isCompleted)
   at Microsoft.AspNetCore.Mvc.Infrastructure.ResourceInvoker.<InvokeAsync>g__Logged|17_1(ResourceInvoker invoker)
   at Microsoft.AspNetCore.Mvc.Infrastructure.ResourceInvoker.<InvokeAsync>g__Logged|17_1(ResourceInvoker invoker)
   at Microsoft.AspNetCore.Routing.EndpointMiddleware.<Invoke>g__AwaitRequestTask|6_0(Endpoint endpoint, Task requestTask, ILogger logger)
   at WebApplication1.Utilitlies.JwtMiddleware.InvokeAsync(HttpContext context) in C:\Users\navneetkumar.t\source\repos\navneetthakor\RKIT-reconsile\4_DotNet_Core\Final_Demo_DNC\WebApplication1\WebApplication1\Utilitlies\JwtMiddleware.cs:line 34
   at Swashbuckle.AspNetCore.SwaggerUI.SwaggerUIMiddleware.Invoke(HttpContext httpContext)
   at Swashbuckle.AspNetCore.Swagger.SwaggerMiddleware.Invoke(HttpContext httpContext, ISwaggerProvider swaggerProvider)
   at Microsoft.AspNetCore.Authorization.AuthorizationMiddleware.Invoke(HttpContext context)
   at Microsoft.AspNetCore.Authentication.AuthenticationMiddleware.Invoke(HttpContext context)
   at Microsoft.AspNetCore.Diagnostics.DeveloperExceptionPageMiddlewareImpl.Invoke(HttpContext context)
2025-04-14 13:30:18.2702 | ERROR | An unhandled exception has occurred while executing the request. MySql.Data.MySqlClient.MySqlException (0x80004005): error connecting: Timeout expired.  The timeout period elapsed prior to obtaining a connection from the pool.  This may have occurred because all pooled connections were in use and max pool size was reached
   at MySql.Data.MySqlClient.MySqlPool.GetConnectionAsync(Boolean execAsync, CancellationToken cancellationToken)
   at MySql.Data.MySqlClient.MySqlConnection.OpenAsync(Boolean execAsync, CancellationToken cancellationToken)
   at MySql.Data.MySqlClient.MySqlConnection.Open()
   at ServiceStack.OrmLite.OrmLiteConnection.Open() in /home/runner/work/ServiceStack/ServiceStack/ServiceStack.OrmLite/src/ServiceStack.OrmLite/OrmLiteConnection.cs:line 149
   at ServiceStack.OrmLite.OrmLiteConnectionFactory.OpenDbConnection() in /home/runner/work/ServiceStack/ServiceStack/ServiceStack.OrmLite/src/ServiceStack.OrmLite/OrmLiteConnectionFactory.cs:line 98
   at WebApplication1.Utilitlies.DatabaseService..ctor() in C:\Users\navneetkumar.t\source\repos\navneetthakor\RKIT-reconsile\4_DotNet_Core\Final_Demo_DNC\WebApplication1\WebApplication1\Utilitlies\DatabaseService.cs:line 20
   at ResolveService(ILEmitResolverBuilderRuntimeContext, ServiceProviderEngineScope)
   at Microsoft.Extensions.DependencyInjection.ServiceProvider.GetService(Type serviceType, ServiceProviderEngineScope serviceProviderEngineScope)
   at lambda_method4(Closure, IServiceProvider, Object[])
   at Microsoft.AspNetCore.Mvc.Controllers.ControllerFactoryProvider.<>c__DisplayClass6_0.<CreateControllerFactory>g__CreateController|0(ControllerContext controllerContext)
   at Microsoft.AspNetCore.Mvc.Infrastructure.ControllerActionInvoker.Next(State& next, Scope& scope, Object& state, Boolean& isCompleted)
   at Microsoft.AspNetCore.Mvc.Infrastructure.ControllerActionInvoker.InvokeInnerFilterAsync()
--- End of stack trace from previous location ---
   at Microsoft.AspNetCore.Mvc.Infrastructure.ResourceInvoker.<InvokeFilterPipelineAsync>g__Awaited|20_0(ResourceInvoker invoker, Task lastTask, State next, Scope scope, Object state, Boolean isCompleted)
   at Microsoft.AspNetCore.Mvc.Infrastructure.ResourceInvoker.<InvokeAsync>g__Logged|17_1(ResourceInvoker invoker)
   at Microsoft.AspNetCore.Mvc.Infrastructure.ResourceInvoker.<InvokeAsync>g__Logged|17_1(ResourceInvoker invoker)
   at Microsoft.AspNetCore.Routing.EndpointMiddleware.<Invoke>g__AwaitRequestTask|6_0(Endpoint endpoint, Task requestTask, ILogger logger)
   at WebApplication1.Utilitlies.JwtMiddleware.InvokeAsync(HttpContext context) in C:\Users\navneetkumar.t\source\repos\navneetthakor\RKIT-reconsile\4_DotNet_Core\Final_Demo_DNC\WebApplication1\WebApplication1\Utilitlies\JwtMiddleware.cs:line 34
   at Swashbuckle.AspNetCore.SwaggerUI.SwaggerUIMiddleware.Invoke(HttpContext httpContext)
   at Swashbuckle.AspNetCore.Swagger.SwaggerMiddleware.Invoke(HttpContext httpContext, ISwaggerProvider swaggerProvider)
   at Microsoft.AspNetCore.Authorization.AuthorizationMiddleware.Invoke(HttpContext context)
   at Microsoft.AspNetCore.Authentication.AuthenticationMiddleware.Invoke(HttpContext context)
   at Microsoft.AspNetCore.Diagnostics.DeveloperExceptionPageMiddlewareImpl.Invoke(HttpContext context)
2025-04-14 13:30:33.8854 | ERROR | An unhandled exception has occurred while executing the request. MySql.Data.MySqlClient.MySqlException (0x80004005): error connecting: Timeout expired.  The timeout period elapsed prior to obtaining a connection from the pool.  This may have occurred because all pooled connections were in use and max pool size was reached
   at MySql.Data.MySqlClient.MySqlPool.GetConnectionAsync(Boolean execAsync, CancellationToken cancellationToken)
   at MySql.Data.MySqlClient.MySqlConnection.OpenAsync(Boolean execAsync, CancellationToken cancellationToken)
   at MySql.Data.MySqlClient.MySqlConnection.Open()
   at ServiceStack.OrmLite.OrmLiteConnection.Open() in /home/runner/work/ServiceStack/ServiceStack/ServiceStack.OrmLite/src/ServiceStack.OrmLite/OrmLiteConnection.cs:line 149
   at ServiceStack.OrmLite.OrmLiteConnectionFactory.OpenDbConnection() in /home/runner/work/ServiceStack/ServiceStack/ServiceStack.OrmLite/src/ServiceStack.OrmLite/OrmLiteConnectionFactory.cs:line 98
   at WebApplication1.Utilitlies.DatabaseService..ctor() in C:\Users\navneetkumar.t\source\repos\navneetthakor\RKIT-reconsile\4_DotNet_Core\Final_Demo_DNC\WebApplication1\WebApplication1\Utilitlies\DatabaseService.cs:line 20
   at ResolveService(ILEmitResolverBuilderRuntimeContext, ServiceProviderEngineScope)
   at Microsoft.Extensions.DependencyInjection.ServiceProvider.GetService(Type serviceType, ServiceProviderEngineScope serviceProviderEngineScope)
   at lambda_method4(Closure, IServiceProvider, Object[])
   at Microsoft.AspNetCore.Mvc.Controllers.ControllerFactoryProvider.<>c__DisplayClass6_0.<CreateControllerFactory>g__CreateController|0(ControllerContext controllerContext)
   at Microsoft.AspNetCore.Mvc.Infrastructure.ControllerActionInvoker.Next(State& next, Scope& scope, Object& state, Boolean& isCompleted)
   at Microsoft.AspNetCore.Mvc.Infrastructure.ControllerActionInvoker.InvokeInnerFilterAsync()
--- End of stack trace from previous location ---
   at Microsoft.AspNetCore.Mvc.Infrastructure.ResourceInvoker.<InvokeFilterPipelineAsync>g__Awaited|20_0(ResourceInvoker invoker, Task lastTask, State next, Scope scope, Object state, Boolean isCompleted)
   at Microsoft.AspNetCore.Mvc.Infrastructure.ResourceInvoker.<InvokeAsync>g__Logged|17_1(ResourceInvoker invoker)
   at Microsoft.AspNetCore.Mvc.Infrastructure.ResourceInvoker.<InvokeAsync>g__Logged|17_1(ResourceInvoker invoker)
   at Microsoft.AspNetCore.Routing.EndpointMiddleware.<Invoke>g__AwaitRequestTask|6_0(Endpoint endpoint, Task requestTask, ILogger logger)
   at WebApplication1.Utilitlies.JwtMiddleware.InvokeAsync(HttpContext context) in C:\Users\navneetkumar.t\source\repos\navneetthakor\RKIT-reconsile\4_DotNet_Core\Final_Demo_DNC\WebApplication1\WebApplication1\Utilitlies\JwtMiddleware.cs:line 34
   at Swashbuckle.AspNetCore.SwaggerUI.SwaggerUIMiddleware.Invoke(HttpContext httpContext)
   at Swashbuckle.AspNetCore.Swagger.SwaggerMiddleware.Invoke(HttpContext httpContext, ISwaggerProvider swaggerProvider)
   at Microsoft.AspNetCore.Authorization.AuthorizationMiddleware.Invoke(HttpContext context)
   at Microsoft.AspNetCore.Authentication.AuthenticationMiddleware.Invoke(HttpContext context)
   at Microsoft.AspNetCore.Diagnostics.DeveloperExceptionPageMiddlewareImpl.Invoke(HttpContext context)
2025-04-14 13:30:35.1657 | ERROR | An unhandled exception has occurred while executing the request. MySql.Data.MySqlClient.MySqlException (0x80004005): error connecting: Timeout expired.  The timeout period elapsed prior to obtaining a connection from the pool.  This may have occurred because all pooled connections were in use and max pool size was reached
   at MySql.Data.MySqlClient.MySqlPool.GetConnectionAsync(Boolean execAsync, CancellationToken cancellationToken)
   at MySql.Data.MySqlClient.MySqlConnection.OpenAsync(Boolean execAsync, CancellationToken cancellationToken)
   at MySql.Data.MySqlClient.MySqlConnection.Open()
   at ServiceStack.OrmLite.OrmLiteConnection.Open() in /home/runner/work/ServiceStack/ServiceStack/ServiceStack.OrmLite/src/ServiceStack.OrmLite/OrmLiteConnection.cs:line 149
   at ServiceStack.OrmLite.OrmLiteConnectionFactory.OpenDbConnection() in /home/runner/work/ServiceStack/ServiceStack/ServiceStack.OrmLite/src/ServiceStack.OrmLite/OrmLiteConnectionFactory.cs:line 98
   at WebApplication1.Utilitlies.DatabaseService..ctor() in C:\Users\navneetkumar.t\source\repos\navneetthakor\RKIT-reconsile\4_DotNet_Core\Final_Demo_DNC\WebApplication1\WebApplication1\Utilitlies\DatabaseService.cs:line 20
   at ResolveService(ILEmitResolverBuilderRuntimeContext, ServiceProviderEngineScope)
   at Microsoft.Extensions.DependencyInjection.ServiceProvider.GetService(Type serviceType, ServiceProviderEngineScope serviceProviderEngineScope)
   at lambda_method4(Closure, IServiceProvider, Object[])
   at Microsoft.AspNetCore.Mvc.Controllers.ControllerFactoryProvider.<>c__DisplayClass6_0.<CreateControllerFactory>g__CreateController|0(ControllerContext controllerContext)
   at Microsoft.AspNetCore.Mvc.Infrastructure.ControllerActionInvoker.Next(State& next, Scope& scope, Object& state, Boolean& isCompleted)
   at Microsoft.AspNetCore.Mvc.Infrastructure.ControllerActionInvoker.InvokeInnerFilterAsync()
--- End of stack trace from previous location ---
   at Microsoft.AspNetCore.Mvc.Infrastructure.ResourceInvoker.<InvokeFilterPipelineAsync>g__Awaited|20_0(ResourceInvoker invoker, Task lastTask, State next, Scope scope, Object state, Boolean isCompleted)
   at Microsoft.AspNetCore.Mvc.Infrastructure.ResourceInvoker.<InvokeAsync>g__Logged|17_1(ResourceInvoker invoker)
   at Microsoft.AspNetCore.Mvc.Infrastructure.ResourceInvoker.<InvokeAsync>g__Logged|17_1(ResourceInvoker invoker)
   at Microsoft.AspNetCore.Routing.EndpointMiddleware.<Invoke>g__AwaitRequestTask|6_0(Endpoint endpoint, Task requestTask, ILogger logger)
   at WebApplication1.Utilitlies.JwtMiddleware.InvokeAsync(HttpContext context) in C:\Users\navneetkumar.t\source\repos\navneetthakor\RKIT-reconsile\4_DotNet_Core\Final_Demo_DNC\WebApplication1\WebApplication1\Utilitlies\JwtMiddleware.cs:line 34
   at Swashbuckle.AspNetCore.SwaggerUI.SwaggerUIMiddleware.Invoke(HttpContext httpContext)
   at Swashbuckle.AspNetCore.Swagger.SwaggerMiddleware.Invoke(HttpContext httpContext, ISwaggerProvider swaggerProvider)
   at Microsoft.AspNetCore.Authorization.AuthorizationMiddleware.Invoke(HttpContext context)
   at Microsoft.AspNetCore.Authentication.AuthenticationMiddleware.Invoke(HttpContext context)
   at Microsoft.AspNetCore.Diagnostics.DeveloperExceptionPageMiddlewareImpl.Invoke(HttpContext context)
2025-04-14 13:30:35.3176 | ERROR | An unhandled exception has occurred while executing the request. MySql.Data.MySqlClient.MySqlException (0x80004005): error connecting: Timeout expired.  The timeout period elapsed prior to obtaining a connection from the pool.  This may have occurred because all pooled connections were in use and max pool size was reached
   at MySql.Data.MySqlClient.MySqlPool.GetConnectionAsync(Boolean execAsync, CancellationToken cancellationToken)
   at MySql.Data.MySqlClient.MySqlConnection.OpenAsync(Boolean execAsync, CancellationToken cancellationToken)
   at MySql.Data.MySqlClient.MySqlConnection.Open()
   at ServiceStack.OrmLite.OrmLiteConnection.Open() in /home/runner/work/ServiceStack/ServiceStack/ServiceStack.OrmLite/src/ServiceStack.OrmLite/OrmLiteConnection.cs:line 149
   at ServiceStack.OrmLite.OrmLiteConnectionFactory.OpenDbConnection() in /home/runner/work/ServiceStack/ServiceStack/ServiceStack.OrmLite/src/ServiceStack.OrmLite/OrmLiteConnectionFactory.cs:line 98
   at WebApplication1.Utilitlies.DatabaseService..ctor() in C:\Users\navneetkumar.t\source\repos\navneetthakor\RKIT-reconsile\4_DotNet_Core\Final_Demo_DNC\WebApplication1\WebApplication1\Utilitlies\DatabaseService.cs:line 20
   at ResolveService(ILEmitResolverBuilderRuntimeContext, ServiceProviderEngineScope)
   at Microsoft.Extensions.DependencyInjection.ServiceProvider.GetService(Type serviceType, ServiceProviderEngineScope serviceProviderEngineScope)
   at lambda_method4(Closure, IServiceProvider, Object[])
   at Microsoft.AspNetCore.Mvc.Controllers.ControllerFactoryProvider.<>c__DisplayClass6_0.<CreateControllerFactory>g__CreateController|0(ControllerContext controllerContext)
   at Microsoft.AspNetCore.Mvc.Infrastructure.ControllerActionInvoker.Next(State& next, Scope& scope, Object& state, Boolean& isCompleted)
   at Microsoft.AspNetCore.Mvc.Infrastructure.ControllerActionInvoker.InvokeInnerFilterAsync()
--- End of stack trace from previous location ---
   at Microsoft.AspNetCore.Mvc.Infrastructure.ResourceInvoker.<InvokeFilterPipelineAsync>g__Awaited|20_0(ResourceInvoker invoker, Task lastTask, State next, Scope scope, Object state, Boolean isCompleted)
   at Microsoft.AspNetCore.Mvc.Infrastructure.ResourceInvoker.<InvokeAsync>g__Logged|17_1(ResourceInvoker invoker)
   at Microsoft.AspNetCore.Mvc.Infrastructure.ResourceInvoker.<InvokeAsync>g__Logged|17_1(ResourceInvoker invoker)
   at Microsoft.AspNetCore.Routing.EndpointMiddleware.<Invoke>g__AwaitRequestTask|6_0(Endpoint endpoint, Task requestTask, ILogger logger)
   at WebApplication1.Utilitlies.JwtMiddleware.InvokeAsync(HttpContext context) in C:\Users\navneetkumar.t\source\repos\navneetthakor\RKIT-reconsile\4_DotNet_Core\Final_Demo_DNC\WebApplication1\WebApplication1\Utilitlies\JwtMiddleware.cs:line 34
   at Swashbuckle.AspNetCore.SwaggerUI.SwaggerUIMiddleware.Invoke(HttpContext httpContext)
   at Swashbuckle.AspNetCore.Swagger.SwaggerMiddleware.Invoke(HttpContext httpContext, ISwaggerProvider swaggerProvider)
   at Microsoft.AspNetCore.Authorization.AuthorizationMiddleware.Invoke(HttpContext context)
   at Microsoft.AspNetCore.Authentication.AuthenticationMiddleware.Invoke(HttpContext context)
   at Microsoft.AspNetCore.Diagnostics.DeveloperExceptionPageMiddlewareImpl.Invoke(HttpContext context)
2025-04-14 13:30:47.9829 | ERROR | An unhandled exception has occurred while executing the request. MySql.Data.MySqlClient.MySqlException (0x80004005): error connecting: Timeout expired.  The timeout period elapsed prior to obtaining a connection from the pool.  This may have occurred because all pooled connections were in use and max pool size was reached
   at MySql.Data.MySqlClient.MySqlPool.GetConnectionAsync(Boolean execAsync, CancellationToken cancellationToken)
   at MySql.Data.MySqlClient.MySqlConnection.OpenAsync(Boolean execAsync, CancellationToken cancellationToken)
   at MySql.Data.MySqlClient.MySqlConnection.Open()
   at ServiceStack.OrmLite.OrmLiteConnection.Open() in /home/runner/work/ServiceStack/ServiceStack/ServiceStack.OrmLite/src/ServiceStack.OrmLite/OrmLiteConnection.cs:line 149
   at ServiceStack.OrmLite.OrmLiteConnectionFactory.OpenDbConnection() in /home/runner/work/ServiceStack/ServiceStack/ServiceStack.OrmLite/src/ServiceStack.OrmLite/OrmLiteConnectionFactory.cs:line 98
   at WebApplication1.Utilitlies.DatabaseService..ctor() in C:\Users\navneetkumar.t\source\repos\navneetthakor\RKIT-reconsile\4_DotNet_Core\Final_Demo_DNC\WebApplication1\WebApplication1\Utilitlies\DatabaseService.cs:line 20
   at ResolveService(ILEmitResolverBuilderRuntimeContext, ServiceProviderEngineScope)
   at Microsoft.Extensions.DependencyInjection.ServiceProvider.GetService(Type serviceType, ServiceProviderEngineScope serviceProviderEngineScope)
   at lambda_method4(Closure, IServiceProvider, Object[])
   at Microsoft.AspNetCore.Mvc.Controllers.ControllerFactoryProvider.<>c__DisplayClass6_0.<CreateControllerFactory>g__CreateController|0(ControllerContext controllerContext)
   at Microsoft.AspNetCore.Mvc.Infrastructure.ControllerActionInvoker.Next(State& next, Scope& scope, Object& state, Boolean& isCompleted)
   at Microsoft.AspNetCore.Mvc.Infrastructure.ControllerActionInvoker.InvokeInnerFilterAsync()
--- End of stack trace from previous location ---
   at Microsoft.AspNetCore.Mvc.Infrastructure.ResourceInvoker.<InvokeFilterPipelineAsync>g__Awaited|20_0(ResourceInvoker invoker, Task lastTask, State next, Scope scope, Object state, Boolean isCompleted)
   at Microsoft.AspNetCore.Mvc.Infrastructure.ResourceInvoker.<InvokeAsync>g__Logged|17_1(ResourceInvoker invoker)
   at Microsoft.AspNetCore.Mvc.Infrastructure.ResourceInvoker.<InvokeAsync>g__Logged|17_1(ResourceInvoker invoker)
   at Microsoft.AspNetCore.Routing.EndpointMiddleware.<Invoke>g__AwaitRequestTask|6_0(Endpoint endpoint, Task requestTask, ILogger logger)
   at WebApplication1.Utilitlies.JwtMiddleware.InvokeAsync(HttpContext context) in C:\Users\navneetkumar.t\source\repos\navneetthakor\RKIT-reconsile\4_DotNet_Core\Final_Demo_DNC\WebApplication1\WebApplication1\Utilitlies\JwtMiddleware.cs:line 34
   at Swashbuckle.AspNetCore.SwaggerUI.SwaggerUIMiddleware.Invoke(HttpContext httpContext)
   at Swashbuckle.AspNetCore.Swagger.SwaggerMiddleware.Invoke(HttpContext httpContext, ISwaggerProvider swaggerProvider)
   at Microsoft.AspNetCore.Authorization.AuthorizationMiddleware.Invoke(HttpContext context)
   at Microsoft.AspNetCore.Authentication.AuthenticationMiddleware.Invoke(HttpContext context)
   at Microsoft.AspNetCore.Diagnostics.DeveloperExceptionPageMiddlewareImpl.Invoke(HttpContext context)
2025-04-14 13:30:49.4035 | ERROR | An unhandled exception has occurred while executing the request. MySql.Data.MySqlClient.MySqlException (0x80004005): error connecting: Timeout expired.  The timeout period elapsed prior to obtaining a connection from the pool.  This may have occurred because all pooled connections were in use and max pool size was reached
   at MySql.Data.MySqlClient.MySqlPool.GetConnectionAsync(Boolean execAsync, CancellationToken cancellationToken)
   at MySql.Data.MySqlClient.MySqlConnection.OpenAsync(Boolean execAsync, CancellationToken cancellationToken)
   at MySql.Data.MySqlClient.MySqlConnection.Open()
   at ServiceStack.OrmLite.OrmLiteConnection.Open() in /home/runner/work/ServiceStack/ServiceStack/ServiceStack.OrmLite/src/ServiceStack.OrmLite/OrmLiteConnection.cs:line 149
   at ServiceStack.OrmLite.OrmLiteConnectionFactory.OpenDbConnection() in /home/runner/work/ServiceStack/ServiceStack/ServiceStack.OrmLite/src/ServiceStack.OrmLite/OrmLiteConnectionFactory.cs:line 98
   at WebApplication1.Utilitlies.DatabaseService..ctor() in C:\Users\navneetkumar.t\source\repos\navneetthakor\RKIT-reconsile\4_DotNet_Core\Final_Demo_DNC\WebApplication1\WebApplication1\Utilitlies\DatabaseService.cs:line 20
   at ResolveService(ILEmitResolverBuilderRuntimeContext, ServiceProviderEngineScope)
   at Microsoft.Extensions.DependencyInjection.ServiceProvider.GetService(Type serviceType, ServiceProviderEngineScope serviceProviderEngineScope)
   at lambda_method4(Closure, IServiceProvider, Object[])
   at Microsoft.AspNetCore.Mvc.Controllers.ControllerFactoryProvider.<>c__DisplayClass6_0.<CreateControllerFactory>g__CreateController|0(ControllerContext controllerContext)
   at Microsoft.AspNetCore.Mvc.Infrastructure.ControllerActionInvoker.Next(State& next, Scope& scope, Object& state, Boolean& isCompleted)
   at Microsoft.AspNetCore.Mvc.Infrastructure.ControllerActionInvoker.InvokeInnerFilterAsync()
--- End of stack trace from previous location ---
   at Microsoft.AspNetCore.Mvc.Infrastructure.ResourceInvoker.<InvokeFilterPipelineAsync>g__Awaited|20_0(ResourceInvoker invoker, Task lastTask, State next, Scope scope, Object state, Boolean isCompleted)
   at Microsoft.AspNetCore.Mvc.Infrastructure.ResourceInvoker.<InvokeAsync>g__Logged|17_1(ResourceInvoker invoker)
   at Microsoft.AspNetCore.Mvc.Infrastructure.ResourceInvoker.<InvokeAsync>g__Logged|17_1(ResourceInvoker invoker)
   at Microsoft.AspNetCore.Routing.EndpointMiddleware.<Invoke>g__AwaitRequestTask|6_0(Endpoint endpoint, Task requestTask, ILogger logger)
   at WebApplication1.Utilitlies.JwtMiddleware.InvokeAsync(HttpContext context) in C:\Users\navneetkumar.t\source\repos\navneetthakor\RKIT-reconsile\4_DotNet_Core\Final_Demo_DNC\WebApplication1\WebApplication1\Utilitlies\JwtMiddleware.cs:line 34
   at Swashbuckle.AspNetCore.SwaggerUI.SwaggerUIMiddleware.Invoke(HttpContext httpContext)
   at Swashbuckle.AspNetCore.Swagger.SwaggerMiddleware.Invoke(HttpContext httpContext, ISwaggerProvider swaggerProvider)
   at Microsoft.AspNetCore.Authorization.AuthorizationMiddleware.Invoke(HttpContext context)
   at Microsoft.AspNetCore.Authentication.AuthenticationMiddleware.Invoke(HttpContext context)
   at Microsoft.AspNetCore.Diagnostics.DeveloperExceptionPageMiddlewareImpl.Invoke(HttpContext context)
2025-04-14 13:30:49.6539 | ERROR | An unhandled exception has occurred while executing the request. MySql.Data.MySqlClient.MySqlException (0x80004005): error connecting: Timeout expired.  The timeout period elapsed prior to obtaining a connection from the pool.  This may have occurred because all pooled connections were in use and max pool size was reached
   at MySql.Data.MySqlClient.MySqlPool.GetConnectionAsync(Boolean execAsync, CancellationToken cancellationToken)
   at MySql.Data.MySqlClient.MySqlConnection.OpenAsync(Boolean execAsync, CancellationToken cancellationToken)
   at MySql.Data.MySqlClient.MySqlConnection.Open()
   at ServiceStack.OrmLite.OrmLiteConnection.Open() in /home/runner/work/ServiceStack/ServiceStack/ServiceStack.OrmLite/src/ServiceStack.OrmLite/OrmLiteConnection.cs:line 149
   at ServiceStack.OrmLite.OrmLiteConnectionFactory.OpenDbConnection() in /home/runner/work/ServiceStack/ServiceStack/ServiceStack.OrmLite/src/ServiceStack.OrmLite/OrmLiteConnectionFactory.cs:line 98
   at WebApplication1.Utilitlies.DatabaseService..ctor() in C:\Users\navneetkumar.t\source\repos\navneetthakor\RKIT-reconsile\4_DotNet_Core\Final_Demo_DNC\WebApplication1\WebApplication1\Utilitlies\DatabaseService.cs:line 20
   at ResolveService(ILEmitResolverBuilderRuntimeContext, ServiceProviderEngineScope)
   at Microsoft.Extensions.DependencyInjection.ServiceProvider.GetService(Type serviceType, ServiceProviderEngineScope serviceProviderEngineScope)
   at lambda_method4(Closure, IServiceProvider, Object[])
   at Microsoft.AspNetCore.Mvc.Controllers.ControllerFactoryProvider.<>c__DisplayClass6_0.<CreateControllerFactory>g__CreateController|0(ControllerContext controllerContext)
   at Microsoft.AspNetCore.Mvc.Infrastructure.ControllerActionInvoker.Next(State& next, Scope& scope, Object& state, Boolean& isCompleted)
   at Microsoft.AspNetCore.Mvc.Infrastructure.ControllerActionInvoker.InvokeInnerFilterAsync()
--- End of stack trace from previous location ---
   at Microsoft.AspNetCore.Mvc.Infrastructure.ResourceInvoker.<InvokeFilterPipelineAsync>g__Awaited|20_0(ResourceInvoker invoker, Task lastTask, State next, Scope scope, Object state, Boolean isCompleted)
   at Microsoft.AspNetCore.Mvc.Infrastructure.ResourceInvoker.<InvokeAsync>g__Logged|17_1(ResourceInvoker invoker)
   at Microsoft.AspNetCore.Mvc.Infrastructure.ResourceInvoker.<InvokeAsync>g__Logged|17_1(ResourceInvoker invoker)
   at Microsoft.AspNetCore.Routing.EndpointMiddleware.<Invoke>g__AwaitRequestTask|6_0(Endpoint endpoint, Task requestTask, ILogger logger)
   at WebApplication1.Utilitlies.JwtMiddleware.InvokeAsync(HttpContext context) in C:\Users\navneetkumar.t\source\repos\navneetthakor\RKIT-reconsile\4_DotNet_Core\Final_Demo_DNC\WebApplication1\WebApplication1\Utilitlies\JwtMiddleware.cs:line 34
   at Swashbuckle.AspNetCore.SwaggerUI.SwaggerUIMiddleware.Invoke(HttpContext httpContext)
   at Swashbuckle.AspNetCore.Swagger.SwaggerMiddleware.Invoke(HttpContext httpContext, ISwaggerProvider swaggerProvider)
   at Microsoft.AspNetCore.Authorization.AuthorizationMiddleware.Invoke(HttpContext context)
   at Microsoft.AspNetCore.Authentication.AuthenticationMiddleware.Invoke(HttpContext context)
   at Microsoft.AspNetCore.Diagnostics.DeveloperExceptionPageMiddlewareImpl.Invoke(HttpContext context)
2025-04-14 13:30:50.5061 | ERROR | An unhandled exception has occurred while executing the request. MySql.Data.MySqlClient.MySqlException (0x80004005): error connecting: Timeout expired.  The timeout period elapsed prior to obtaining a connection from the pool.  This may have occurred because all pooled connections were in use and max pool size was reached
   at MySql.Data.MySqlClient.MySqlPool.GetConnectionAsync(Boolean execAsync, CancellationToken cancellationToken)
   at MySql.Data.MySqlClient.MySqlConnection.OpenAsync(Boolean execAsync, CancellationToken cancellationToken)
   at MySql.Data.MySqlClient.MySqlConnection.Open()
   at ServiceStack.OrmLite.OrmLiteConnection.Open() in /home/runner/work/ServiceStack/ServiceStack/ServiceStack.OrmLite/src/ServiceStack.OrmLite/OrmLiteConnection.cs:line 149
   at ServiceStack.OrmLite.OrmLiteConnectionFactory.OpenDbConnection() in /home/runner/work/ServiceStack/ServiceStack/ServiceStack.OrmLite/src/ServiceStack.OrmLite/OrmLiteConnectionFactory.cs:line 98
   at WebApplication1.Utilitlies.DatabaseService..ctor() in C:\Users\navneetkumar.t\source\repos\navneetthakor\RKIT-reconsile\4_DotNet_Core\Final_Demo_DNC\WebApplication1\WebApplication1\Utilitlies\DatabaseService.cs:line 20
   at ResolveService(ILEmitResolverBuilderRuntimeContext, ServiceProviderEngineScope)
   at Microsoft.Extensions.DependencyInjection.ServiceProvider.GetService(Type serviceType, ServiceProviderEngineScope serviceProviderEngineScope)
   at lambda_method4(Closure, IServiceProvider, Object[])
   at Microsoft.AspNetCore.Mvc.Controllers.ControllerFactoryProvider.<>c__DisplayClass6_0.<CreateControllerFactory>g__CreateController|0(ControllerContext controllerContext)
   at Microsoft.AspNetCore.Mvc.Infrastructure.ControllerActionInvoker.Next(State& next, Scope& scope, Object& state, Boolean& isCompleted)
   at Microsoft.AspNetCore.Mvc.Infrastructure.ControllerActionInvoker.InvokeInnerFilterAsync()
--- End of stack trace from previous location ---
   at Microsoft.AspNetCore.Mvc.Infrastructure.ResourceInvoker.<InvokeFilterPipelineAsync>g__Awaited|20_0(ResourceInvoker invoker, Task lastTask, State next, Scope scope, Object state, Boolean isCompleted)
   at Microsoft.AspNetCore.Mvc.Infrastructure.ResourceInvoker.<InvokeAsync>g__Logged|17_1(ResourceInvoker invoker)
   at Microsoft.AspNetCore.Mvc.Infrastructure.ResourceInvoker.<InvokeAsync>g__Logged|17_1(ResourceInvoker invoker)
   at Microsoft.AspNetCore.Routing.EndpointMiddleware.<Invoke>g__AwaitRequestTask|6_0(Endpoint endpoint, Task requestTask, ILogger logger)
   at WebApplication1.Utilitlies.JwtMiddleware.InvokeAsync(HttpContext context) in C:\Users\navneetkumar.t\source\repos\navneetthakor\RKIT-reconsile\4_DotNet_Core\Final_Demo_DNC\WebApplication1\WebApplication1\Utilitlies\JwtMiddleware.cs:line 34
   at Swashbuckle.AspNetCore.SwaggerUI.SwaggerUIMiddleware.Invoke(HttpContext httpContext)
   at Swashbuckle.AspNetCore.Swagger.SwaggerMiddleware.Invoke(HttpContext httpContext, ISwaggerProvider swaggerProvider)
   at Microsoft.AspNetCore.Authorization.AuthorizationMiddleware.Invoke(HttpContext context)
   at Microsoft.AspNetCore.Authentication.AuthenticationMiddleware.Invoke(HttpContext context)
   at Microsoft.AspNetCore.Diagnostics.DeveloperExceptionPageMiddlewareImpl.Invoke(HttpContext context)
2025-04-14 13:30:51.7801 | ERROR | An unhandled exception has occurred while executing the request. MySql.Data.MySqlClient.MySqlException (0x80004005): error connecting: Timeout expired.  The timeout period elapsed prior to obtaining a connection from the pool.  This may have occurred because all pooled connections were in use and max pool size was reached
   at MySql.Data.MySqlClient.MySqlPool.GetConnectionAsync(Boolean execAsync, CancellationToken cancellationToken)
   at MySql.Data.MySqlClient.MySqlConnection.OpenAsync(Boolean execAsync, CancellationToken cancellationToken)
   at MySql.Data.MySqlClient.MySqlConnection.Open()
   at ServiceStack.OrmLite.OrmLiteConnection.Open() in /home/runner/work/ServiceStack/ServiceStack/ServiceStack.OrmLite/src/ServiceStack.OrmLite/OrmLiteConnection.cs:line 149
   at ServiceStack.OrmLite.OrmLiteConnectionFactory.OpenDbConnection() in /home/runner/work/ServiceStack/ServiceStack/ServiceStack.OrmLite/src/ServiceStack.OrmLite/OrmLiteConnectionFactory.cs:line 98
   at WebApplication1.Utilitlies.DatabaseService..ctor() in C:\Users\navneetkumar.t\source\repos\navneetthakor\RKIT-reconsile\4_DotNet_Core\Final_Demo_DNC\WebApplication1\WebApplication1\Utilitlies\DatabaseService.cs:line 20
   at ResolveService(ILEmitResolverBuilderRuntimeContext, ServiceProviderEngineScope)
   at Microsoft.Extensions.DependencyInjection.ServiceProvider.GetService(Type serviceType, ServiceProviderEngineScope serviceProviderEngineScope)
   at lambda_method4(Closure, IServiceProvider, Object[])
   at Microsoft.AspNetCore.Mvc.Controllers.ControllerFactoryProvider.<>c__DisplayClass6_0.<CreateControllerFactory>g__CreateController|0(ControllerContext controllerContext)
   at Microsoft.AspNetCore.Mvc.Infrastructure.ControllerActionInvoker.Next(State& next, Scope& scope, Object& state, Boolean& isCompleted)
   at Microsoft.AspNetCore.Mvc.Infrastructure.ControllerActionInvoker.InvokeInnerFilterAsync()
--- End of stack trace from previous location ---
   at Microsoft.AspNetCore.Mvc.Infrastructure.ResourceInvoker.<InvokeFilterPipelineAsync>g__Awaited|20_0(ResourceInvoker invoker, Task lastTask, State next, Scope scope, Object state, Boolean isCompleted)
   at Microsoft.AspNetCore.Mvc.Infrastructure.ResourceInvoker.<InvokeAsync>g__Logged|17_1(ResourceInvoker invoker)
   at Microsoft.AspNetCore.Mvc.Infrastructure.ResourceInvoker.<InvokeAsync>g__Logged|17_1(ResourceInvoker invoker)
   at Microsoft.AspNetCore.Routing.EndpointMiddleware.<Invoke>g__AwaitRequestTask|6_0(Endpoint endpoint, Task requestTask, ILogger logger)
   at WebApplication1.Utilitlies.JwtMiddleware.InvokeAsync(HttpContext context) in C:\Users\navneetkumar.t\source\repos\navneetthakor\RKIT-reconsile\4_DotNet_Core\Final_Demo_DNC\WebApplication1\WebApplication1\Utilitlies\JwtMiddleware.cs:line 34
   at Swashbuckle.AspNetCore.SwaggerUI.SwaggerUIMiddleware.Invoke(HttpContext httpContext)
   at Swashbuckle.AspNetCore.Swagger.SwaggerMiddleware.Invoke(HttpContext httpContext, ISwaggerProvider swaggerProvider)
   at Microsoft.AspNetCore.Authorization.AuthorizationMiddleware.Invoke(HttpContext context)
   at Microsoft.AspNetCore.Authentication.AuthenticationMiddleware.Invoke(HttpContext context)
   at Microsoft.AspNetCore.Diagnostics.DeveloperExceptionPageMiddlewareImpl.Invoke(HttpContext context)
2025-04-14 13:30:51.9276 | ERROR | An unhandled exception has occurred while executing the request. MySql.Data.MySqlClient.MySqlException (0x80004005): error connecting: Timeout expired.  The timeout period elapsed prior to obtaining a connection from the pool.  This may have occurred because all pooled connections were in use and max pool size was reached
   at MySql.Data.MySqlClient.MySqlPool.GetConnectionAsync(Boolean execAsync, CancellationToken cancellationToken)
   at MySql.Data.MySqlClient.MySqlConnection.OpenAsync(Boolean execAsync, CancellationToken cancellationToken)
   at MySql.Data.MySqlClient.MySqlConnection.Open()
   at ServiceStack.OrmLite.OrmLiteConnection.Open() in /home/runner/work/ServiceStack/ServiceStack/ServiceStack.OrmLite/src/ServiceStack.OrmLite/OrmLiteConnection.cs:line 149
   at ServiceStack.OrmLite.OrmLiteConnectionFactory.OpenDbConnection() in /home/runner/work/ServiceStack/ServiceStack/ServiceStack.OrmLite/src/ServiceStack.OrmLite/OrmLiteConnectionFactory.cs:line 98
   at WebApplication1.Utilitlies.DatabaseService..ctor() in C:\Users\navneetkumar.t\source\repos\navneetthakor\RKIT-reconsile\4_DotNet_Core\Final_Demo_DNC\WebApplication1\WebApplication1\Utilitlies\DatabaseService.cs:line 20
   at ResolveService(ILEmitResolverBuilderRuntimeContext, ServiceProviderEngineScope)
   at Microsoft.Extensions.DependencyInjection.ServiceProvider.GetService(Type serviceType, ServiceProviderEngineScope serviceProviderEngineScope)
   at lambda_method4(Closure, IServiceProvider, Object[])
   at Microsoft.AspNetCore.Mvc.Controllers.ControllerFactoryProvider.<>c__DisplayClass6_0.<CreateControllerFactory>g__CreateController|0(ControllerContext controllerContext)
   at Microsoft.AspNetCore.Mvc.Infrastructure.ControllerActionInvoker.Next(State& next, Scope& scope, Object& state, Boolean& isCompleted)
   at Microsoft.AspNetCore.Mvc.Infrastructure.ControllerActionInvoker.InvokeInnerFilterAsync()
--- End of stack trace from previous location ---
   at Microsoft.AspNetCore.Mvc.Infrastructure.ResourceInvoker.<InvokeFilterPipelineAsync>g__Awaited|20_0(ResourceInvoker invoker, Task lastTask, State next, Scope scope, Object state, Boolean isCompleted)
   at Microsoft.AspNetCore.Mvc.Infrastructure.ResourceInvoker.<InvokeAsync>g__Logged|17_1(ResourceInvoker invoker)
   at Microsoft.AspNetCore.Mvc.Infrastructure.ResourceInvoker.<InvokeAsync>g__Logged|17_1(ResourceInvoker invoker)
   at Microsoft.AspNetCore.Routing.EndpointMiddleware.<Invoke>g__AwaitRequestTask|6_0(Endpoint endpoint, Task requestTask, ILogger logger)
   at WebApplication1.Utilitlies.JwtMiddleware.InvokeAsync(HttpContext context) in C:\Users\navneetkumar.t\source\repos\navneetthakor\RKIT-reconsile\4_DotNet_Core\Final_Demo_DNC\WebApplication1\WebApplication1\Utilitlies\JwtMiddleware.cs:line 34
   at Swashbuckle.AspNetCore.SwaggerUI.SwaggerUIMiddleware.Invoke(HttpContext httpContext)
   at Swashbuckle.AspNetCore.Swagger.SwaggerMiddleware.Invoke(HttpContext httpContext, ISwaggerProvider swaggerProvider)
   at Microsoft.AspNetCore.Authorization.AuthorizationMiddleware.Invoke(HttpContext context)
   at Microsoft.AspNetCore.Authentication.AuthenticationMiddleware.Invoke(HttpContext context)
   at Microsoft.AspNetCore.Diagnostics.DeveloperExceptionPageMiddlewareImpl.Invoke(HttpContext context)
2025-04-14 13:31:03.5720 | ERROR | An unhandled exception has occurred while executing the request. MySql.Data.MySqlClient.MySqlException (0x80004005): error connecting: Timeout expired.  The timeout period elapsed prior to obtaining a connection from the pool.  This may have occurred because all pooled connections were in use and max pool size was reached
   at MySql.Data.MySqlClient.MySqlPool.GetConnectionAsync(Boolean execAsync, CancellationToken cancellationToken)
   at MySql.Data.MySqlClient.MySqlConnection.OpenAsync(Boolean execAsync, CancellationToken cancellationToken)
   at MySql.Data.MySqlClient.MySqlConnection.Open()
   at ServiceStack.OrmLite.OrmLiteConnection.Open() in /home/runner/work/ServiceStack/ServiceStack/ServiceStack.OrmLite/src/ServiceStack.OrmLite/OrmLiteConnection.cs:line 149
   at ServiceStack.OrmLite.OrmLiteConnectionFactory.OpenDbConnection() in /home/runner/work/ServiceStack/ServiceStack/ServiceStack.OrmLite/src/ServiceStack.OrmLite/OrmLiteConnectionFactory.cs:line 98
   at WebApplication1.Utilitlies.DatabaseService..ctor() in C:\Users\navneetkumar.t\source\repos\navneetthakor\RKIT-reconsile\4_DotNet_Core\Final_Demo_DNC\WebApplication1\WebApplication1\Utilitlies\DatabaseService.cs:line 20
   at ResolveService(ILEmitResolverBuilderRuntimeContext, ServiceProviderEngineScope)
   at Microsoft.Extensions.DependencyInjection.ServiceProvider.GetService(Type serviceType, ServiceProviderEngineScope serviceProviderEngineScope)
   at lambda_method4(Closure, IServiceProvider, Object[])
   at Microsoft.AspNetCore.Mvc.Controllers.ControllerFactoryProvider.<>c__DisplayClass6_0.<CreateControllerFactory>g__CreateController|0(ControllerContext controllerContext)
   at Microsoft.AspNetCore.Mvc.Infrastructure.ControllerActionInvoker.Next(State& next, Scope& scope, Object& state, Boolean& isCompleted)
   at Microsoft.AspNetCore.Mvc.Infrastructure.ControllerActionInvoker.InvokeInnerFilterAsync()
--- End of stack trace from previous location ---
   at Microsoft.AspNetCore.Mvc.Infrastructure.ResourceInvoker.<InvokeFilterPipelineAsync>g__Awaited|20_0(ResourceInvoker invoker, Task lastTask, State next, Scope scope, Object state, Boolean isCompleted)
   at Microsoft.AspNetCore.Mvc.Infrastructure.ResourceInvoker.<InvokeAsync>g__Logged|17_1(ResourceInvoker invoker)
   at Microsoft.AspNetCore.Mvc.Infrastructure.ResourceInvoker.<InvokeAsync>g__Logged|17_1(ResourceInvoker invoker)
   at Microsoft.AspNetCore.Routing.EndpointMiddleware.<Invoke>g__AwaitRequestTask|6_0(Endpoint endpoint, Task requestTask, ILogger logger)
   at WebApplication1.Utilitlies.JwtMiddleware.InvokeAsync(HttpContext context) in C:\Users\navneetkumar.t\source\repos\navneetthakor\RKIT-reconsile\4_DotNet_Core\Final_Demo_DNC\WebApplication1\WebApplication1\Utilitlies\JwtMiddleware.cs:line 34
   at Swashbuckle.AspNetCore.SwaggerUI.SwaggerUIMiddleware.Invoke(HttpContext httpContext)
   at Swashbuckle.AspNetCore.Swagger.SwaggerMiddleware.Invoke(HttpContext httpContext, ISwaggerProvider swaggerProvider)
   at Microsoft.AspNetCore.Authorization.AuthorizationMiddleware.Invoke(HttpContext context)
   at Microsoft.AspNetCore.Authentication.AuthenticationMiddleware.Invoke(HttpContext context)
   at Microsoft.AspNetCore.Diagnostics.DeveloperExceptionPageMiddlewareImpl.Invoke(HttpContext context)
2025-04-14 14:32:37.4440 | ERROR | An unhandled exception has occurred while executing the request. MySql.Data.MySqlClient.MySqlException (0x80004005): error connecting: Timeout expired.  The timeout period elapsed prior to obtaining a connection from the pool.  This may have occurred because all pooled connections were in use and max pool size was reached
   at MySql.Data.MySqlClient.MySqlPool.GetConnectionAsync(Boolean execAsync, CancellationToken cancellationToken)
   at MySql.Data.MySqlClient.MySqlConnection.OpenAsync(Boolean execAsync, CancellationToken cancellationToken)
   at MySql.Data.MySqlClient.MySqlConnection.Open()
   at ServiceStack.OrmLite.OrmLiteConnection.Open() in /home/runner/work/ServiceStack/ServiceStack/ServiceStack.OrmLite/src/ServiceStack.OrmLite/OrmLiteConnection.cs:line 149
   at ServiceStack.OrmLite.OrmLiteConnectionFactory.OpenDbConnection() in /home/runner/work/ServiceStack/ServiceStack/ServiceStack.OrmLite/src/ServiceStack.OrmLite/OrmLiteConnectionFactory.cs:line 98
   at WebApplication1.Utilitlies.DatabaseService..ctor() in C:\Users\navneetkumar.t\source\repos\navneetthakor\RKIT-reconsile\4_DotNet_Core\Final_Demo_DNC\WebApplication1\WebApplication1\Utilitlies\DatabaseService.cs:line 20
   at ResolveService(ILEmitResolverBuilderRuntimeContext, ServiceProviderEngineScope)
   at Microsoft.Extensions.DependencyInjection.ServiceProvider.GetService(Type serviceType, ServiceProviderEngineScope serviceProviderEngineScope)
   at lambda_method4(Closure, IServiceProvider, Object[])
   at Microsoft.AspNetCore.Mvc.Controllers.ControllerFactoryProvider.<>c__DisplayClass6_0.<CreateControllerFactory>g__CreateController|0(ControllerContext controllerContext)
   at Microsoft.AspNetCore.Mvc.Infrastructure.ControllerActionInvoker.Next(State& next, Scope& scope, Object& state, Boolean& isCompleted)
   at Microsoft.AspNetCore.Mvc.Infrastructure.ControllerActionInvoker.InvokeInnerFilterAsync()
--- End of stack trace from previous location ---
   at Microsoft.AspNetCore.Mvc.Infrastructure.ResourceInvoker.<InvokeFilterPipelineAsync>g__Awaited|20_0(ResourceInvoker invoker, Task lastTask, State next, Scope scope, Object state, Boolean isCompleted)
   at Microsoft.AspNetCore.Mvc.Infrastructure.ResourceInvoker.<InvokeAsync>g__Logged|17_1(ResourceInvoker invoker)
   at Microsoft.AspNetCore.Mvc.Infrastructure.ResourceInvoker.<InvokeAsync>g__Logged|17_1(ResourceInvoker invoker)
   at Microsoft.AspNetCore.Routing.EndpointMiddleware.<Invoke>g__AwaitRequestTask|6_0(Endpoint endpoint, Task requestTask, ILogger logger)
   at WebApplication1.Utilitlies.JwtMiddleware.InvokeAsync(HttpContext context) in C:\Users\navneetkumar.t\source\repos\navneetthakor\RKIT-reconsile\4_DotNet_Core\Final_Demo_DNC\WebApplication1\WebApplication1\Utilitlies\JwtMiddleware.cs:line 34
   at Swashbuckle.AspNetCore.SwaggerUI.SwaggerUIMiddleware.Invoke(HttpContext httpContext)
   at Swashbuckle.AspNetCore.Swagger.SwaggerMiddleware.Invoke(HttpContext httpContext, ISwaggerProvider swaggerProvider)
   at Microsoft.AspNetCore.Authorization.AuthorizationMiddleware.Invoke(HttpContext context)
   at Microsoft.AspNetCore.Authentication.AuthenticationMiddleware.Invoke(HttpContext context)
   at Microsoft.AspNetCore.Diagnostics.DeveloperExceptionPageMiddlewareImpl.Invoke(HttpContext context)
2025-04-14 14:32:41.4232 | ERROR | An unhandled exception has occurred while executing the request. MySql.Data.MySqlClient.MySqlException (0x80004005): error connecting: Timeout expired.  The timeout period elapsed prior to obtaining a connection from the pool.  This may have occurred because all pooled connections were in use and max pool size was reached
   at MySql.Data.MySqlClient.MySqlPool.GetConnectionAsync(Boolean execAsync, CancellationToken cancellationToken)
   at MySql.Data.MySqlClient.MySqlConnection.OpenAsync(Boolean execAsync, CancellationToken cancellationToken)
   at MySql.Data.MySqlClient.MySqlConnection.Open()
   at ServiceStack.OrmLite.OrmLiteConnection.Open() in /home/runner/work/ServiceStack/ServiceStack/ServiceStack.OrmLite/src/ServiceStack.OrmLite/OrmLiteConnection.cs:line 149
   at ServiceStack.OrmLite.OrmLiteConnectionFactory.OpenDbConnection() in /home/runner/work/ServiceStack/ServiceStack/ServiceStack.OrmLite/src/ServiceStack.OrmLite/OrmLiteConnectionFactory.cs:line 98
   at WebApplication1.Utilitlies.DatabaseService..ctor() in C:\Users\navneetkumar.t\source\repos\navneetthakor\RKIT-reconsile\4_DotNet_Core\Final_Demo_DNC\WebApplication1\WebApplication1\Utilitlies\DatabaseService.cs:line 20
   at ResolveService(ILEmitResolverBuilderRuntimeContext, ServiceProviderEngineScope)
   at Microsoft.Extensions.DependencyInjection.ServiceProvider.GetService(Type serviceType, ServiceProviderEngineScope serviceProviderEngineScope)
   at lambda_method4(Closure, IServiceProvider, Object[])
   at Microsoft.AspNetCore.Mvc.Controllers.ControllerFactoryProvider.<>c__DisplayClass6_0.<CreateControllerFactory>g__CreateController|0(ControllerContext controllerContext)
   at Microsoft.AspNetCore.Mvc.Infrastructure.ControllerActionInvoker.Next(State& next, Scope& scope, Object& state, Boolean& isCompleted)
   at Microsoft.AspNetCore.Mvc.Infrastructure.ControllerActionInvoker.InvokeInnerFilterAsync()
--- End of stack trace from previous location ---
   at Microsoft.AspNetCore.Mvc.Infrastructure.ResourceInvoker.<InvokeFilterPipelineAsync>g__Awaited|20_0(ResourceInvoker invoker, Task lastTask, State next, Scope scope, Object state, Boolean isCompleted)
   at Microsoft.AspNetCore.Mvc.Infrastructure.ResourceInvoker.<InvokeAsync>g__Logged|17_1(ResourceInvoker invoker)
   at Microsoft.AspNetCore.Mvc.Infrastructure.ResourceInvoker.<InvokeAsync>g__Logged|17_1(ResourceInvoker invoker)
   at Microsoft.AspNetCore.Routing.EndpointMiddleware.<Invoke>g__AwaitRequestTask|6_0(Endpoint endpoint, Task requestTask, ILogger logger)
   at WebApplication1.Utilitlies.JwtMiddleware.InvokeAsync(HttpContext context) in C:\Users\navneetkumar.t\source\repos\navneetthakor\RKIT-reconsile\4_DotNet_Core\Final_Demo_DNC\WebApplication1\WebApplication1\Utilitlies\JwtMiddleware.cs:line 34
   at Swashbuckle.AspNetCore.SwaggerUI.SwaggerUIMiddleware.Invoke(HttpContext httpContext)
   at Swashbuckle.AspNetCore.Swagger.SwaggerMiddleware.Invoke(HttpContext httpContext, ISwaggerProvider swaggerProvider)
   at Microsoft.AspNetCore.Authorization.AuthorizationMiddleware.Invoke(HttpContext context)
   at Microsoft.AspNetCore.Authentication.AuthenticationMiddleware.Invoke(HttpContext context)
   at Microsoft.AspNetCore.Diagnostics.DeveloperExceptionPageMiddlewareImpl.Invoke(HttpContext context)
2025-04-14 14:32:43.1860 | ERROR | An unhandled exception has occurred while executing the request. MySql.Data.MySqlClient.MySqlException (0x80004005): error connecting: Timeout expired.  The timeout period elapsed prior to obtaining a connection from the pool.  This may have occurred because all pooled connections were in use and max pool size was reached
   at MySql.Data.MySqlClient.MySqlPool.GetConnectionAsync(Boolean execAsync, CancellationToken cancellationToken)
   at MySql.Data.MySqlClient.MySqlConnection.OpenAsync(Boolean execAsync, CancellationToken cancellationToken)
   at MySql.Data.MySqlClient.MySqlConnection.Open()
   at ServiceStack.OrmLite.OrmLiteConnection.Open() in /home/runner/work/ServiceStack/ServiceStack/ServiceStack.OrmLite/src/ServiceStack.OrmLite/OrmLiteConnection.cs:line 149
   at ServiceStack.OrmLite.OrmLiteConnectionFactory.OpenDbConnection() in /home/runner/work/ServiceStack/ServiceStack/ServiceStack.OrmLite/src/ServiceStack.OrmLite/OrmLiteConnectionFactory.cs:line 98
   at WebApplication1.Utilitlies.DatabaseService..ctor() in C:\Users\navneetkumar.t\source\repos\navneetthakor\RKIT-reconsile\4_DotNet_Core\Final_Demo_DNC\WebApplication1\WebApplication1\Utilitlies\DatabaseService.cs:line 20
   at ResolveService(ILEmitResolverBuilderRuntimeContext, ServiceProviderEngineScope)
   at Microsoft.Extensions.DependencyInjection.ServiceProvider.GetService(Type serviceType, ServiceProviderEngineScope serviceProviderEngineScope)
   at lambda_method4(Closure, IServiceProvider, Object[])
   at Microsoft.AspNetCore.Mvc.Controllers.ControllerFactoryProvider.<>c__DisplayClass6_0.<CreateControllerFactory>g__CreateController|0(ControllerContext controllerContext)
   at Microsoft.AspNetCore.Mvc.Infrastructure.ControllerActionInvoker.Next(State& next, Scope& scope, Object& state, Boolean& isCompleted)
   at Microsoft.AspNetCore.Mvc.Infrastructure.ControllerActionInvoker.InvokeInnerFilterAsync()
--- End of stack trace from previous location ---
   at Microsoft.AspNetCore.Mvc.Infrastructure.ResourceInvoker.<InvokeFilterPipelineAsync>g__Awaited|20_0(ResourceInvoker invoker, Task lastTask, State next, Scope scope, Object state, Boolean isCompleted)
   at Microsoft.AspNetCore.Mvc.Infrastructure.ResourceInvoker.<InvokeAsync>g__Logged|17_1(ResourceInvoker invoker)
   at Microsoft.AspNetCore.Mvc.Infrastructure.ResourceInvoker.<InvokeAsync>g__Logged|17_1(ResourceInvoker invoker)
   at Microsoft.AspNetCore.Routing.EndpointMiddleware.<Invoke>g__AwaitRequestTask|6_0(Endpoint endpoint, Task requestTask, ILogger logger)
   at WebApplication1.Utilitlies.JwtMiddleware.InvokeAsync(HttpContext context) in C:\Users\navneetkumar.t\source\repos\navneetthakor\RKIT-reconsile\4_DotNet_Core\Final_Demo_DNC\WebApplication1\WebApplication1\Utilitlies\JwtMiddleware.cs:line 34
   at Swashbuckle.AspNetCore.SwaggerUI.SwaggerUIMiddleware.Invoke(HttpContext httpContext)
   at Swashbuckle.AspNetCore.Swagger.SwaggerMiddleware.Invoke(HttpContext httpContext, ISwaggerProvider swaggerProvider)
   at Microsoft.AspNetCore.Authorization.AuthorizationMiddleware.Invoke(HttpContext context)
   at Microsoft.AspNetCore.Authentication.AuthenticationMiddleware.Invoke(HttpContext context)
   at Microsoft.AspNetCore.Diagnostics.DeveloperExceptionPageMiddlewareImpl.Invoke(HttpContext context)
2025-04-14 14:32:43.6243 | ERROR | An unhandled exception has occurred while executing the request. MySql.Data.MySqlClient.MySqlException (0x80004005): error connecting: Timeout expired.  The timeout period elapsed prior to obtaining a connection from the pool.  This may have occurred because all pooled connections were in use and max pool size was reached
   at MySql.Data.MySqlClient.MySqlPool.GetConnectionAsync(Boolean execAsync, CancellationToken cancellationToken)
   at MySql.Data.MySqlClient.MySqlConnection.OpenAsync(Boolean execAsync, CancellationToken cancellationToken)
   at MySql.Data.MySqlClient.MySqlConnection.Open()
   at ServiceStack.OrmLite.OrmLiteConnection.Open() in /home/runner/work/ServiceStack/ServiceStack/ServiceStack.OrmLite/src/ServiceStack.OrmLite/OrmLiteConnection.cs:line 149
   at ServiceStack.OrmLite.OrmLiteConnectionFactory.OpenDbConnection() in /home/runner/work/ServiceStack/ServiceStack/ServiceStack.OrmLite/src/ServiceStack.OrmLite/OrmLiteConnectionFactory.cs:line 98
   at WebApplication1.Utilitlies.DatabaseService..ctor() in C:\Users\navneetkumar.t\source\repos\navneetthakor\RKIT-reconsile\4_DotNet_Core\Final_Demo_DNC\WebApplication1\WebApplication1\Utilitlies\DatabaseService.cs:line 20
   at ResolveService(ILEmitResolverBuilderRuntimeContext, ServiceProviderEngineScope)
   at Microsoft.Extensions.DependencyInjection.ServiceProvider.GetService(Type serviceType, ServiceProviderEngineScope serviceProviderEngineScope)
   at lambda_method4(Closure, IServiceProvider, Object[])
   at Microsoft.AspNetCore.Mvc.Controllers.ControllerFactoryProvider.<>c__DisplayClass6_0.<CreateControllerFactory>g__CreateController|0(ControllerContext controllerContext)
   at Microsoft.AspNetCore.Mvc.Infrastructure.ControllerActionInvoker.Next(State& next, Scope& scope, Object& state, Boolean& isCompleted)
   at Microsoft.AspNetCore.Mvc.Infrastructure.ControllerActionInvoker.InvokeInnerFilterAsync()
--- End of stack trace from previous location ---
   at Microsoft.AspNetCore.Mvc.Infrastructure.ResourceInvoker.<InvokeFilterPipelineAsync>g__Awaited|20_0(ResourceInvoker invoker, Task lastTask, State next, Scope scope, Object state, Boolean isCompleted)
   at Microsoft.AspNetCore.Mvc.Infrastructure.ResourceInvoker.<InvokeAsync>g__Logged|17_1(ResourceInvoker invoker)
   at Microsoft.AspNetCore.Mvc.Infrastructure.ResourceInvoker.<InvokeAsync>g__Logged|17_1(ResourceInvoker invoker)
   at Microsoft.AspNetCore.Routing.EndpointMiddleware.<Invoke>g__AwaitRequestTask|6_0(Endpoint endpoint, Task requestTask, ILogger logger)
   at WebApplication1.Utilitlies.JwtMiddleware.InvokeAsync(HttpContext context) in C:\Users\navneetkumar.t\source\repos\navneetthakor\RKIT-reconsile\4_DotNet_Core\Final_Demo_DNC\WebApplication1\WebApplication1\Utilitlies\JwtMiddleware.cs:line 34
   at Swashbuckle.AspNetCore.SwaggerUI.SwaggerUIMiddleware.Invoke(HttpContext httpContext)
   at Swashbuckle.AspNetCore.Swagger.SwaggerMiddleware.Invoke(HttpContext httpContext, ISwaggerProvider swaggerProvider)
   at Microsoft.AspNetCore.Authorization.AuthorizationMiddleware.Invoke(HttpContext context)
   at Microsoft.AspNetCore.Authentication.AuthenticationMiddleware.Invoke(HttpContext context)
   at Microsoft.AspNetCore.Diagnostics.DeveloperExceptionPageMiddlewareImpl.Invoke(HttpContext context)
2025-04-14 14:32:43.6388 | ERROR | An unhandled exception has occurred while executing the request. MySql.Data.MySqlClient.MySqlException (0x80004005): error connecting: Timeout expired.  The timeout period elapsed prior to obtaining a connection from the pool.  This may have occurred because all pooled connections were in use and max pool size was reached
   at MySql.Data.MySqlClient.MySqlPool.GetConnectionAsync(Boolean execAsync, CancellationToken cancellationToken)
   at MySql.Data.MySqlClient.MySqlConnection.OpenAsync(Boolean execAsync, CancellationToken cancellationToken)
   at MySql.Data.MySqlClient.MySqlConnection.Open()
   at ServiceStack.OrmLite.OrmLiteConnection.Open() in /home/runner/work/ServiceStack/ServiceStack/ServiceStack.OrmLite/src/ServiceStack.OrmLite/OrmLiteConnection.cs:line 149
   at ServiceStack.OrmLite.OrmLiteConnectionFactory.OpenDbConnection() in /home/runner/work/ServiceStack/ServiceStack/ServiceStack.OrmLite/src/ServiceStack.OrmLite/OrmLiteConnectionFactory.cs:line 98
   at WebApplication1.Utilitlies.DatabaseService..ctor() in C:\Users\navneetkumar.t\source\repos\navneetthakor\RKIT-reconsile\4_DotNet_Core\Final_Demo_DNC\WebApplication1\WebApplication1\Utilitlies\DatabaseService.cs:line 20
   at ResolveService(ILEmitResolverBuilderRuntimeContext, ServiceProviderEngineScope)
   at Microsoft.Extensions.DependencyInjection.ServiceProvider.GetService(Type serviceType, ServiceProviderEngineScope serviceProviderEngineScope)
   at lambda_method4(Closure, IServiceProvider, Object[])
   at Microsoft.AspNetCore.Mvc.Controllers.ControllerFactoryProvider.<>c__DisplayClass6_0.<CreateControllerFactory>g__CreateController|0(ControllerContext controllerContext)
   at Microsoft.AspNetCore.Mvc.Infrastructure.ControllerActionInvoker.Next(State& next, Scope& scope, Object& state, Boolean& isCompleted)
   at Microsoft.AspNetCore.Mvc.Infrastructure.ControllerActionInvoker.InvokeInnerFilterAsync()
--- End of stack trace from previous location ---
   at Microsoft.AspNetCore.Mvc.Infrastructure.ResourceInvoker.<InvokeFilterPipelineAsync>g__Awaited|20_0(ResourceInvoker invoker, Task lastTask, State next, Scope scope, Object state, Boolean isCompleted)
   at Microsoft.AspNetCore.Mvc.Infrastructure.ResourceInvoker.<InvokeAsync>g__Logged|17_1(ResourceInvoker invoker)
   at Microsoft.AspNetCore.Mvc.Infrastructure.ResourceInvoker.<InvokeAsync>g__Logged|17_1(ResourceInvoker invoker)
   at Microsoft.AspNetCore.Routing.EndpointMiddleware.<Invoke>g__AwaitRequestTask|6_0(Endpoint endpoint, Task requestTask, ILogger logger)
   at WebApplication1.Utilitlies.JwtMiddleware.InvokeAsync(HttpContext context) in C:\Users\navneetkumar.t\source\repos\navneetthakor\RKIT-reconsile\4_DotNet_Core\Final_Demo_DNC\WebApplication1\WebApplication1\Utilitlies\JwtMiddleware.cs:line 34
   at Swashbuckle.AspNetCore.SwaggerUI.SwaggerUIMiddleware.Invoke(HttpContext httpContext)
   at Swashbuckle.AspNetCore.Swagger.SwaggerMiddleware.Invoke(HttpContext httpContext, ISwaggerProvider swaggerProvider)
   at Microsoft.AspNetCore.Authorization.AuthorizationMiddleware.Invoke(HttpContext context)
   at Microsoft.AspNetCore.Authentication.AuthenticationMiddleware.Invoke(HttpContext context)
   at Microsoft.AspNetCore.Diagnostics.DeveloperExceptionPageMiddlewareImpl.Invoke(HttpContext context)
2025-04-14 14:32:52.9538 | ERROR | An unhandled exception has occurred while executing the request. MySql.Data.MySqlClient.MySqlException (0x80004005): error connecting: Timeout expired.  The timeout period elapsed prior to obtaining a connection from the pool.  This may have occurred because all pooled connections were in use and max pool size was reached
   at MySql.Data.MySqlClient.MySqlPool.GetConnectionAsync(Boolean execAsync, CancellationToken cancellationToken)
   at MySql.Data.MySqlClient.MySqlConnection.OpenAsync(Boolean execAsync, CancellationToken cancellationToken)
   at MySql.Data.MySqlClient.MySqlConnection.Open()
   at ServiceStack.OrmLite.OrmLiteConnection.Open() in /home/runner/work/ServiceStack/ServiceStack/ServiceStack.OrmLite/src/ServiceStack.OrmLite/OrmLiteConnection.cs:line 149
   at ServiceStack.OrmLite.OrmLiteConnectionFactory.OpenDbConnection() in /home/runner/work/ServiceStack/ServiceStack/ServiceStack.OrmLite/src/ServiceStack.OrmLite/OrmLiteConnectionFactory.cs:line 98
   at WebApplication1.Utilitlies.DatabaseService..ctor() in C:\Users\navneetkumar.t\source\repos\navneetthakor\RKIT-reconsile\4_DotNet_Core\Final_Demo_DNC\WebApplication1\WebApplication1\Utilitlies\DatabaseService.cs:line 20
   at ResolveService(ILEmitResolverBuilderRuntimeContext, ServiceProviderEngineScope)
   at Microsoft.Extensions.DependencyInjection.ServiceProvider.GetService(Type serviceType, ServiceProviderEngineScope serviceProviderEngineScope)
   at lambda_method4(Closure, IServiceProvider, Object[])
   at Microsoft.AspNetCore.Mvc.Controllers.ControllerFactoryProvider.<>c__DisplayClass6_0.<CreateControllerFactory>g__CreateController|0(ControllerContext controllerContext)
   at Microsoft.AspNetCore.Mvc.Infrastructure.ControllerActionInvoker.Next(State& next, Scope& scope, Object& state, Boolean& isCompleted)
   at Microsoft.AspNetCore.Mvc.Infrastructure.ControllerActionInvoker.InvokeInnerFilterAsync()
--- End of stack trace from previous location ---
   at Microsoft.AspNetCore.Mvc.Infrastructure.ResourceInvoker.<InvokeFilterPipelineAsync>g__Awaited|20_0(ResourceInvoker invoker, Task lastTask, State next, Scope scope, Object state, Boolean isCompleted)
   at Microsoft.AspNetCore.Mvc.Infrastructure.ResourceInvoker.<InvokeAsync>g__Logged|17_1(ResourceInvoker invoker)
   at Microsoft.AspNetCore.Mvc.Infrastructure.ResourceInvoker.<InvokeAsync>g__Logged|17_1(ResourceInvoker invoker)
   at Microsoft.AspNetCore.Routing.EndpointMiddleware.<Invoke>g__AwaitRequestTask|6_0(Endpoint endpoint, Task requestTask, ILogger logger)
   at WebApplication1.Utilitlies.JwtMiddleware.InvokeAsync(HttpContext context) in C:\Users\navneetkumar.t\source\repos\navneetthakor\RKIT-reconsile\4_DotNet_Core\Final_Demo_DNC\WebApplication1\WebApplication1\Utilitlies\JwtMiddleware.cs:line 34
   at Swashbuckle.AspNetCore.SwaggerUI.SwaggerUIMiddleware.Invoke(HttpContext httpContext)
   at Swashbuckle.AspNetCore.Swagger.SwaggerMiddleware.Invoke(HttpContext httpContext, ISwaggerProvider swaggerProvider)
   at Microsoft.AspNetCore.Authorization.AuthorizationMiddleware.Invoke(HttpContext context)
   at Microsoft.AspNetCore.Authentication.AuthenticationMiddleware.Invoke(HttpContext context)
   at Microsoft.AspNetCore.Diagnostics.DeveloperExceptionPageMiddlewareImpl.Invoke(HttpContext context)
2025-04-14 14:32:54.6502 | ERROR | An unhandled exception has occurred while executing the request. MySql.Data.MySqlClient.MySqlException (0x80004005): error connecting: Timeout expired.  The timeout period elapsed prior to obtaining a connection from the pool.  This may have occurred because all pooled connections were in use and max pool size was reached
   at MySql.Data.MySqlClient.MySqlPool.GetConnectionAsync(Boolean execAsync, CancellationToken cancellationToken)
   at MySql.Data.MySqlClient.MySqlConnection.OpenAsync(Boolean execAsync, CancellationToken cancellationToken)
   at MySql.Data.MySqlClient.MySqlConnection.Open()
   at ServiceStack.OrmLite.OrmLiteConnection.Open() in /home/runner/work/ServiceStack/ServiceStack/ServiceStack.OrmLite/src/ServiceStack.OrmLite/OrmLiteConnection.cs:line 149
   at ServiceStack.OrmLite.OrmLiteConnectionFactory.OpenDbConnection() in /home/runner/work/ServiceStack/ServiceStack/ServiceStack.OrmLite/src/ServiceStack.OrmLite/OrmLiteConnectionFactory.cs:line 98
   at WebApplication1.Utilitlies.DatabaseService..ctor() in C:\Users\navneetkumar.t\source\repos\navneetthakor\RKIT-reconsile\4_DotNet_Core\Final_Demo_DNC\WebApplication1\WebApplication1\Utilitlies\DatabaseService.cs:line 20
   at ResolveService(ILEmitResolverBuilderRuntimeContext, ServiceProviderEngineScope)
   at Microsoft.Extensions.DependencyInjection.ServiceProvider.GetService(Type serviceType, ServiceProviderEngineScope serviceProviderEngineScope)
   at lambda_method4(Closure, IServiceProvider, Object[])
   at Microsoft.AspNetCore.Mvc.Controllers.ControllerFactoryProvider.<>c__DisplayClass6_0.<CreateControllerFactory>g__CreateController|0(ControllerContext controllerContext)
   at Microsoft.AspNetCore.Mvc.Infrastructure.ControllerActionInvoker.Next(State& next, Scope& scope, Object& state, Boolean& isCompleted)
   at Microsoft.AspNetCore.Mvc.Infrastructure.ControllerActionInvoker.InvokeInnerFilterAsync()
--- End of stack trace from previous location ---
   at Microsoft.AspNetCore.Mvc.Infrastructure.ResourceInvoker.<InvokeFilterPipelineAsync>g__Awaited|20_0(ResourceInvoker invoker, Task lastTask, State next, Scope scope, Object state, Boolean isCompleted)
   at Microsoft.AspNetCore.Mvc.Infrastructure.ResourceInvoker.<InvokeAsync>g__Logged|17_1(ResourceInvoker invoker)
   at Microsoft.AspNetCore.Mvc.Infrastructure.ResourceInvoker.<InvokeAsync>g__Logged|17_1(ResourceInvoker invoker)
   at Microsoft.AspNetCore.Routing.EndpointMiddleware.<Invoke>g__AwaitRequestTask|6_0(Endpoint endpoint, Task requestTask, ILogger logger)
   at WebApplication1.Utilitlies.JwtMiddleware.InvokeAsync(HttpContext context) in C:\Users\navneetkumar.t\source\repos\navneetthakor\RKIT-reconsile\4_DotNet_Core\Final_Demo_DNC\WebApplication1\WebApplication1\Utilitlies\JwtMiddleware.cs:line 34
   at Swashbuckle.AspNetCore.SwaggerUI.SwaggerUIMiddleware.Invoke(HttpContext httpContext)
   at Swashbuckle.AspNetCore.Swagger.SwaggerMiddleware.Invoke(HttpContext httpContext, ISwaggerProvider swaggerProvider)
   at Microsoft.AspNetCore.Authorization.AuthorizationMiddleware.Invoke(HttpContext context)
   at Microsoft.AspNetCore.Authentication.AuthenticationMiddleware.Invoke(HttpContext context)
   at Microsoft.AspNetCore.Diagnostics.DeveloperExceptionPageMiddlewareImpl.Invoke(HttpContext context)
2025-04-14 14:32:55.0358 | ERROR | An unhandled exception has occurred while executing the request. MySql.Data.MySqlClient.MySqlException (0x80004005): error connecting: Timeout expired.  The timeout period elapsed prior to obtaining a connection from the pool.  This may have occurred because all pooled connections were in use and max pool size was reached
   at MySql.Data.MySqlClient.MySqlPool.GetConnectionAsync(Boolean execAsync, CancellationToken cancellationToken)
   at MySql.Data.MySqlClient.MySqlConnection.OpenAsync(Boolean execAsync, CancellationToken cancellationToken)
   at MySql.Data.MySqlClient.MySqlConnection.Open()
   at ServiceStack.OrmLite.OrmLiteConnection.Open() in /home/runner/work/ServiceStack/ServiceStack/ServiceStack.OrmLite/src/ServiceStack.OrmLite/OrmLiteConnection.cs:line 149
   at ServiceStack.OrmLite.OrmLiteConnectionFactory.OpenDbConnection() in /home/runner/work/ServiceStack/ServiceStack/ServiceStack.OrmLite/src/ServiceStack.OrmLite/OrmLiteConnectionFactory.cs:line 98
   at WebApplication1.Utilitlies.DatabaseService..ctor() in C:\Users\navneetkumar.t\source\repos\navneetthakor\RKIT-reconsile\4_DotNet_Core\Final_Demo_DNC\WebApplication1\WebApplication1\Utilitlies\DatabaseService.cs:line 20
   at ResolveService(ILEmitResolverBuilderRuntimeContext, ServiceProviderEngineScope)
   at Microsoft.Extensions.DependencyInjection.ServiceProvider.GetService(Type serviceType, ServiceProviderEngineScope serviceProviderEngineScope)
   at lambda_method4(Closure, IServiceProvider, Object[])
   at Microsoft.AspNetCore.Mvc.Controllers.ControllerFactoryProvider.<>c__DisplayClass6_0.<CreateControllerFactory>g__CreateController|0(ControllerContext controllerContext)
   at Microsoft.AspNetCore.Mvc.Infrastructure.ControllerActionInvoker.Next(State& next, Scope& scope, Object& state, Boolean& isCompleted)
   at Microsoft.AspNetCore.Mvc.Infrastructure.ControllerActionInvoker.InvokeInnerFilterAsync()
--- End of stack trace from previous location ---
   at Microsoft.AspNetCore.Mvc.Infrastructure.ResourceInvoker.<InvokeFilterPipelineAsync>g__Awaited|20_0(ResourceInvoker invoker, Task lastTask, State next, Scope scope, Object state, Boolean isCompleted)
   at Microsoft.AspNetCore.Mvc.Infrastructure.ResourceInvoker.<InvokeAsync>g__Logged|17_1(ResourceInvoker invoker)
   at Microsoft.AspNetCore.Mvc.Infrastructure.ResourceInvoker.<InvokeAsync>g__Logged|17_1(ResourceInvoker invoker)
   at Microsoft.AspNetCore.Routing.EndpointMiddleware.<Invoke>g__AwaitRequestTask|6_0(Endpoint endpoint, Task requestTask, ILogger logger)
   at WebApplication1.Utilitlies.JwtMiddleware.InvokeAsync(HttpContext context) in C:\Users\navneetkumar.t\source\repos\navneetthakor\RKIT-reconsile\4_DotNet_Core\Final_Demo_DNC\WebApplication1\WebApplication1\Utilitlies\JwtMiddleware.cs:line 34
   at Swashbuckle.AspNetCore.SwaggerUI.SwaggerUIMiddleware.Invoke(HttpContext httpContext)
   at Swashbuckle.AspNetCore.Swagger.SwaggerMiddleware.Invoke(HttpContext httpContext, ISwaggerProvider swaggerProvider)
   at Microsoft.AspNetCore.Authorization.AuthorizationMiddleware.Invoke(HttpContext context)
   at Microsoft.AspNetCore.Authentication.AuthenticationMiddleware.Invoke(HttpContext context)
   at Microsoft.AspNetCore.Diagnostics.DeveloperExceptionPageMiddlewareImpl.Invoke(HttpContext context)
2025-04-14 14:32:55.0792 | ERROR | An unhandled exception has occurred while executing the request. MySql.Data.MySqlClient.MySqlException (0x80004005): error connecting: Timeout expired.  The timeout period elapsed prior to obtaining a connection from the pool.  This may have occurred because all pooled connections were in use and max pool size was reached
   at MySql.Data.MySqlClient.MySqlPool.GetConnectionAsync(Boolean execAsync, CancellationToken cancellationToken)
   at MySql.Data.MySqlClient.MySqlConnection.OpenAsync(Boolean execAsync, CancellationToken cancellationToken)
   at MySql.Data.MySqlClient.MySqlConnection.Open()
   at ServiceStack.OrmLite.OrmLiteConnection.Open() in /home/runner/work/ServiceStack/ServiceStack/ServiceStack.OrmLite/src/ServiceStack.OrmLite/OrmLiteConnection.cs:line 149
   at ServiceStack.OrmLite.OrmLiteConnectionFactory.OpenDbConnection() in /home/runner/work/ServiceStack/ServiceStack/ServiceStack.OrmLite/src/ServiceStack.OrmLite/OrmLiteConnectionFactory.cs:line 98
   at WebApplication1.Utilitlies.DatabaseService..ctor() in C:\Users\navneetkumar.t\source\repos\navneetthakor\RKIT-reconsile\4_DotNet_Core\Final_Demo_DNC\WebApplication1\WebApplication1\Utilitlies\DatabaseService.cs:line 20
   at ResolveService(ILEmitResolverBuilderRuntimeContext, ServiceProviderEngineScope)
   at Microsoft.Extensions.DependencyInjection.ServiceProvider.GetService(Type serviceType, ServiceProviderEngineScope serviceProviderEngineScope)
   at lambda_method4(Closure, IServiceProvider, Object[])
   at Microsoft.AspNetCore.Mvc.Controllers.ControllerFactoryProvider.<>c__DisplayClass6_0.<CreateControllerFactory>g__CreateController|0(ControllerContext controllerContext)
   at Microsoft.AspNetCore.Mvc.Infrastructure.ControllerActionInvoker.Next(State& next, Scope& scope, Object& state, Boolean& isCompleted)
   at Microsoft.AspNetCore.Mvc.Infrastructure.ControllerActionInvoker.InvokeInnerFilterAsync()
--- End of stack trace from previous location ---
   at Microsoft.AspNetCore.Mvc.Infrastructure.ResourceInvoker.<InvokeFilterPipelineAsync>g__Awaited|20_0(ResourceInvoker invoker, Task lastTask, State next, Scope scope, Object state, Boolean isCompleted)
   at Microsoft.AspNetCore.Mvc.Infrastructure.ResourceInvoker.<InvokeAsync>g__Logged|17_1(ResourceInvoker invoker)
   at Microsoft.AspNetCore.Mvc.Infrastructure.ResourceInvoker.<InvokeAsync>g__Logged|17_1(ResourceInvoker invoker)
   at Microsoft.AspNetCore.Routing.EndpointMiddleware.<Invoke>g__AwaitRequestTask|6_0(Endpoint endpoint, Task requestTask, ILogger logger)
   at WebApplication1.Utilitlies.JwtMiddleware.InvokeAsync(HttpContext context) in C:\Users\navneetkumar.t\source\repos\navneetthakor\RKIT-reconsile\4_DotNet_Core\Final_Demo_DNC\WebApplication1\WebApplication1\Utilitlies\JwtMiddleware.cs:line 34
   at Swashbuckle.AspNetCore.SwaggerUI.SwaggerUIMiddleware.Invoke(HttpContext httpContext)
   at Swashbuckle.AspNetCore.Swagger.SwaggerMiddleware.Invoke(HttpContext httpContext, ISwaggerProvider swaggerProvider)
   at Microsoft.AspNetCore.Authorization.AuthorizationMiddleware.Invoke(HttpContext context)
   at Microsoft.AspNetCore.Authentication.AuthenticationMiddleware.Invoke(HttpContext context)
   at Microsoft.AspNetCore.Diagnostics.DeveloperExceptionPageMiddlewareImpl.Invoke(HttpContext context)
2025-04-14 14:32:56.9381 | ERROR | An unhandled exception has occurred while executing the request. MySql.Data.MySqlClient.MySqlException (0x80004005): error connecting: Timeout expired.  The timeout period elapsed prior to obtaining a connection from the pool.  This may have occurred because all pooled connections were in use and max pool size was reached
   at MySql.Data.MySqlClient.MySqlPool.GetConnectionAsync(Boolean execAsync, CancellationToken cancellationToken)
   at MySql.Data.MySqlClient.MySqlConnection.OpenAsync(Boolean execAsync, CancellationToken cancellationToken)
   at MySql.Data.MySqlClient.MySqlConnection.Open()
   at ServiceStack.OrmLite.OrmLiteConnection.Open() in /home/runner/work/ServiceStack/ServiceStack/ServiceStack.OrmLite/src/ServiceStack.OrmLite/OrmLiteConnection.cs:line 149
   at ServiceStack.OrmLite.OrmLiteConnectionFactory.OpenDbConnection() in /home/runner/work/ServiceStack/ServiceStack/ServiceStack.OrmLite/src/ServiceStack.OrmLite/OrmLiteConnectionFactory.cs:line 98
   at WebApplication1.Utilitlies.DatabaseService..ctor() in C:\Users\navneetkumar.t\source\repos\navneetthakor\RKIT-reconsile\4_DotNet_Core\Final_Demo_DNC\WebApplication1\WebApplication1\Utilitlies\DatabaseService.cs:line 20
   at ResolveService(ILEmitResolverBuilderRuntimeContext, ServiceProviderEngineScope)
   at Microsoft.Extensions.DependencyInjection.ServiceProvider.GetService(Type serviceType, ServiceProviderEngineScope serviceProviderEngineScope)
   at lambda_method4(Closure, IServiceProvider, Object[])
   at Microsoft.AspNetCore.Mvc.Controllers.ControllerFactoryProvider.<>c__DisplayClass6_0.<CreateControllerFactory>g__CreateController|0(ControllerContext controllerContext)
   at Microsoft.AspNetCore.Mvc.Infrastructure.ControllerActionInvoker.Next(State& next, Scope& scope, Object& state, Boolean& isCompleted)
   at Microsoft.AspNetCore.Mvc.Infrastructure.ControllerActionInvoker.InvokeInnerFilterAsync()
--- End of stack trace from previous location ---
   at Microsoft.AspNetCore.Mvc.Infrastructure.ResourceInvoker.<InvokeFilterPipelineAsync>g__Awaited|20_0(ResourceInvoker invoker, Task lastTask, State next, Scope scope, Object state, Boolean isCompleted)
   at Microsoft.AspNetCore.Mvc.Infrastructure.ResourceInvoker.<InvokeAsync>g__Logged|17_1(ResourceInvoker invoker)
   at Microsoft.AspNetCore.Mvc.Infrastructure.ResourceInvoker.<InvokeAsync>g__Logged|17_1(ResourceInvoker invoker)
   at Microsoft.AspNetCore.Routing.EndpointMiddleware.<Invoke>g__AwaitRequestTask|6_0(Endpoint endpoint, Task requestTask, ILogger logger)
   at WebApplication1.Utilitlies.JwtMiddleware.InvokeAsync(HttpContext context) in C:\Users\navneetkumar.t\source\repos\navneetthakor\RKIT-reconsile\4_DotNet_Core\Final_Demo_DNC\WebApplication1\WebApplication1\Utilitlies\JwtMiddleware.cs:line 34
   at Swashbuckle.AspNetCore.SwaggerUI.SwaggerUIMiddleware.Invoke(HttpContext httpContext)
   at Swashbuckle.AspNetCore.Swagger.SwaggerMiddleware.Invoke(HttpContext httpContext, ISwaggerProvider swaggerProvider)
   at Microsoft.AspNetCore.Authorization.AuthorizationMiddleware.Invoke(HttpContext context)
   at Microsoft.AspNetCore.Authentication.AuthenticationMiddleware.Invoke(HttpContext context)
   at Microsoft.AspNetCore.Diagnostics.DeveloperExceptionPageMiddlewareImpl.Invoke(HttpContext context)
2025-04-14 14:32:58.3670 | ERROR | An unhandled exception has occurred while executing the request. MySql.Data.MySqlClient.MySqlException (0x80004005): error connecting: Timeout expired.  The timeout period elapsed prior to obtaining a connection from the pool.  This may have occurred because all pooled connections were in use and max pool size was reached
   at MySql.Data.MySqlClient.MySqlPool.GetConnectionAsync(Boolean execAsync, CancellationToken cancellationToken)
   at MySql.Data.MySqlClient.MySqlConnection.OpenAsync(Boolean execAsync, CancellationToken cancellationToken)
   at MySql.Data.MySqlClient.MySqlConnection.Open()
   at ServiceStack.OrmLite.OrmLiteConnection.Open() in /home/runner/work/ServiceStack/ServiceStack/ServiceStack.OrmLite/src/ServiceStack.OrmLite/OrmLiteConnection.cs:line 149
   at ServiceStack.OrmLite.OrmLiteConnectionFactory.OpenDbConnection() in /home/runner/work/ServiceStack/ServiceStack/ServiceStack.OrmLite/src/ServiceStack.OrmLite/OrmLiteConnectionFactory.cs:line 98
   at WebApplication1.Utilitlies.DatabaseService..ctor() in C:\Users\navneetkumar.t\source\repos\navneetthakor\RKIT-reconsile\4_DotNet_Core\Final_Demo_DNC\WebApplication1\WebApplication1\Utilitlies\DatabaseService.cs:line 20
   at ResolveService(ILEmitResolverBuilderRuntimeContext, ServiceProviderEngineScope)
   at Microsoft.Extensions.DependencyInjection.ServiceProvider.GetService(Type serviceType, ServiceProviderEngineScope serviceProviderEngineScope)
   at lambda_method4(Closure, IServiceProvider, Object[])
   at Microsoft.AspNetCore.Mvc.Controllers.ControllerFactoryProvider.<>c__DisplayClass6_0.<CreateControllerFactory>g__CreateController|0(ControllerContext controllerContext)
   at Microsoft.AspNetCore.Mvc.Infrastructure.ControllerActionInvoker.Next(State& next, Scope& scope, Object& state, Boolean& isCompleted)
   at Microsoft.AspNetCore.Mvc.Infrastructure.ControllerActionInvoker.InvokeInnerFilterAsync()
--- End of stack trace from previous location ---
   at Microsoft.AspNetCore.Mvc.Infrastructure.ResourceInvoker.<InvokeFilterPipelineAsync>g__Awaited|20_0(ResourceInvoker invoker, Task lastTask, State next, Scope scope, Object state, Boolean isCompleted)
   at Microsoft.AspNetCore.Mvc.Infrastructure.ResourceInvoker.<InvokeAsync>g__Logged|17_1(ResourceInvoker invoker)
   at Microsoft.AspNetCore.Mvc.Infrastructure.ResourceInvoker.<InvokeAsync>g__Logged|17_1(ResourceInvoker invoker)
   at Microsoft.AspNetCore.Routing.EndpointMiddleware.<Invoke>g__AwaitRequestTask|6_0(Endpoint endpoint, Task requestTask, ILogger logger)
   at WebApplication1.Utilitlies.JwtMiddleware.InvokeAsync(HttpContext context) in C:\Users\navneetkumar.t\source\repos\navneetthakor\RKIT-reconsile\4_DotNet_Core\Final_Demo_DNC\WebApplication1\WebApplication1\Utilitlies\JwtMiddleware.cs:line 34
   at Swashbuckle.AspNetCore.SwaggerUI.SwaggerUIMiddleware.Invoke(HttpContext httpContext)
   at Swashbuckle.AspNetCore.Swagger.SwaggerMiddleware.Invoke(HttpContext httpContext, ISwaggerProvider swaggerProvider)
   at Microsoft.AspNetCore.Authorization.AuthorizationMiddleware.Invoke(HttpContext context)
   at Microsoft.AspNetCore.Authentication.AuthenticationMiddleware.Invoke(HttpContext context)
   at Microsoft.AspNetCore.Diagnostics.DeveloperExceptionPageMiddlewareImpl.Invoke(HttpContext context)
2025-04-14 14:32:58.5885 | ERROR | An unhandled exception has occurred while executing the request. MySql.Data.MySqlClient.MySqlException (0x80004005): error connecting: Timeout expired.  The timeout period elapsed prior to obtaining a connection from the pool.  This may have occurred because all pooled connections were in use and max pool size was reached
   at MySql.Data.MySqlClient.MySqlPool.GetConnectionAsync(Boolean execAsync, CancellationToken cancellationToken)
   at MySql.Data.MySqlClient.MySqlConnection.OpenAsync(Boolean execAsync, CancellationToken cancellationToken)
   at MySql.Data.MySqlClient.MySqlConnection.Open()
   at ServiceStack.OrmLite.OrmLiteConnection.Open() in /home/runner/work/ServiceStack/ServiceStack/ServiceStack.OrmLite/src/ServiceStack.OrmLite/OrmLiteConnection.cs:line 149
   at ServiceStack.OrmLite.OrmLiteConnectionFactory.OpenDbConnection() in /home/runner/work/ServiceStack/ServiceStack/ServiceStack.OrmLite/src/ServiceStack.OrmLite/OrmLiteConnectionFactory.cs:line 98
   at WebApplication1.Utilitlies.DatabaseService..ctor() in C:\Users\navneetkumar.t\source\repos\navneetthakor\RKIT-reconsile\4_DotNet_Core\Final_Demo_DNC\WebApplication1\WebApplication1\Utilitlies\DatabaseService.cs:line 20
   at ResolveService(ILEmitResolverBuilderRuntimeContext, ServiceProviderEngineScope)
   at Microsoft.Extensions.DependencyInjection.ServiceProvider.GetService(Type serviceType, ServiceProviderEngineScope serviceProviderEngineScope)
   at lambda_method4(Closure, IServiceProvider, Object[])
   at Microsoft.AspNetCore.Mvc.Controllers.ControllerFactoryProvider.<>c__DisplayClass6_0.<CreateControllerFactory>g__CreateController|0(ControllerContext controllerContext)
   at Microsoft.AspNetCore.Mvc.Infrastructure.ControllerActionInvoker.Next(State& next, Scope& scope, Object& state, Boolean& isCompleted)
   at Microsoft.AspNetCore.Mvc.Infrastructure.ControllerActionInvoker.InvokeInnerFilterAsync()
--- End of stack trace from previous location ---
   at Microsoft.AspNetCore.Mvc.Infrastructure.ResourceInvoker.<InvokeFilterPipelineAsync>g__Awaited|20_0(ResourceInvoker invoker, Task lastTask, State next, Scope scope, Object state, Boolean isCompleted)
   at Microsoft.AspNetCore.Mvc.Infrastructure.ResourceInvoker.<InvokeAsync>g__Logged|17_1(ResourceInvoker invoker)
   at Microsoft.AspNetCore.Mvc.Infrastructure.ResourceInvoker.<InvokeAsync>g__Logged|17_1(ResourceInvoker invoker)
   at Microsoft.AspNetCore.Routing.EndpointMiddleware.<Invoke>g__AwaitRequestTask|6_0(Endpoint endpoint, Task requestTask, ILogger logger)
   at WebApplication1.Utilitlies.JwtMiddleware.InvokeAsync(HttpContext context) in C:\Users\navneetkumar.t\source\repos\navneetthakor\RKIT-reconsile\4_DotNet_Core\Final_Demo_DNC\WebApplication1\WebApplication1\Utilitlies\JwtMiddleware.cs:line 34
   at Swashbuckle.AspNetCore.SwaggerUI.SwaggerUIMiddleware.Invoke(HttpContext httpContext)
   at Swashbuckle.AspNetCore.Swagger.SwaggerMiddleware.Invoke(HttpContext httpContext, ISwaggerProvider swaggerProvider)
   at Microsoft.AspNetCore.Authorization.AuthorizationMiddleware.Invoke(HttpContext context)
   at Microsoft.AspNetCore.Authentication.AuthenticationMiddleware.Invoke(HttpContext context)
   at Microsoft.AspNetCore.Diagnostics.DeveloperExceptionPageMiddlewareImpl.Invoke(HttpContext context)
2025-04-14 14:32:59.3619 | ERROR | An unhandled exception has occurred while executing the request. MySql.Data.MySqlClient.MySqlException (0x80004005): error connecting: Timeout expired.  The timeout period elapsed prior to obtaining a connection from the pool.  This may have occurred because all pooled connections were in use and max pool size was reached
   at MySql.Data.MySqlClient.MySqlPool.GetConnectionAsync(Boolean execAsync, CancellationToken cancellationToken)
   at MySql.Data.MySqlClient.MySqlConnection.OpenAsync(Boolean execAsync, CancellationToken cancellationToken)
   at MySql.Data.MySqlClient.MySqlConnection.Open()
   at ServiceStack.OrmLite.OrmLiteConnection.Open() in /home/runner/work/ServiceStack/ServiceStack/ServiceStack.OrmLite/src/ServiceStack.OrmLite/OrmLiteConnection.cs:line 149
   at ServiceStack.OrmLite.OrmLiteConnectionFactory.OpenDbConnection() in /home/runner/work/ServiceStack/ServiceStack/ServiceStack.OrmLite/src/ServiceStack.OrmLite/OrmLiteConnectionFactory.cs:line 98
   at WebApplication1.Utilitlies.DatabaseService..ctor() in C:\Users\navneetkumar.t\source\repos\navneetthakor\RKIT-reconsile\4_DotNet_Core\Final_Demo_DNC\WebApplication1\WebApplication1\Utilitlies\DatabaseService.cs:line 20
   at ResolveService(ILEmitResolverBuilderRuntimeContext, ServiceProviderEngineScope)
   at Microsoft.Extensions.DependencyInjection.ServiceProvider.GetService(Type serviceType, ServiceProviderEngineScope serviceProviderEngineScope)
   at lambda_method4(Closure, IServiceProvider, Object[])
   at Microsoft.AspNetCore.Mvc.Controllers.ControllerFactoryProvider.<>c__DisplayClass6_0.<CreateControllerFactory>g__CreateController|0(ControllerContext controllerContext)
   at Microsoft.AspNetCore.Mvc.Infrastructure.ControllerActionInvoker.Next(State& next, Scope& scope, Object& state, Boolean& isCompleted)
   at Microsoft.AspNetCore.Mvc.Infrastructure.ControllerActionInvoker.InvokeInnerFilterAsync()
--- End of stack trace from previous location ---
   at Microsoft.AspNetCore.Mvc.Infrastructure.ResourceInvoker.<InvokeFilterPipelineAsync>g__Awaited|20_0(ResourceInvoker invoker, Task lastTask, State next, Scope scope, Object state, Boolean isCompleted)
   at Microsoft.AspNetCore.Mvc.Infrastructure.ResourceInvoker.<InvokeAsync>g__Logged|17_1(ResourceInvoker invoker)
   at Microsoft.AspNetCore.Mvc.Infrastructure.ResourceInvoker.<InvokeAsync>g__Logged|17_1(ResourceInvoker invoker)
   at Microsoft.AspNetCore.Routing.EndpointMiddleware.<Invoke>g__AwaitRequestTask|6_0(Endpoint endpoint, Task requestTask, ILogger logger)
   at WebApplication1.Utilitlies.JwtMiddleware.InvokeAsync(HttpContext context) in C:\Users\navneetkumar.t\source\repos\navneetthakor\RKIT-reconsile\4_DotNet_Core\Final_Demo_DNC\WebApplication1\WebApplication1\Utilitlies\JwtMiddleware.cs:line 34
   at Swashbuckle.AspNetCore.SwaggerUI.SwaggerUIMiddleware.Invoke(HttpContext httpContext)
   at Swashbuckle.AspNetCore.Swagger.SwaggerMiddleware.Invoke(HttpContext httpContext, ISwaggerProvider swaggerProvider)
   at Microsoft.AspNetCore.Authorization.AuthorizationMiddleware.Invoke(HttpContext context)
   at Microsoft.AspNetCore.Authentication.AuthenticationMiddleware.Invoke(HttpContext context)
   at Microsoft.AspNetCore.Diagnostics.DeveloperExceptionPageMiddlewareImpl.Invoke(HttpContext context)
2025-04-14 14:33:00.8311 | ERROR | An unhandled exception has occurred while executing the request. MySql.Data.MySqlClient.MySqlException (0x80004005): error connecting: Timeout expired.  The timeout period elapsed prior to obtaining a connection from the pool.  This may have occurred because all pooled connections were in use and max pool size was reached
   at MySql.Data.MySqlClient.MySqlPool.GetConnectionAsync(Boolean execAsync, CancellationToken cancellationToken)
   at MySql.Data.MySqlClient.MySqlConnection.OpenAsync(Boolean execAsync, CancellationToken cancellationToken)
   at MySql.Data.MySqlClient.MySqlConnection.Open()
   at ServiceStack.OrmLite.OrmLiteConnection.Open() in /home/runner/work/ServiceStack/ServiceStack/ServiceStack.OrmLite/src/ServiceStack.OrmLite/OrmLiteConnection.cs:line 149
   at ServiceStack.OrmLite.OrmLiteConnectionFactory.OpenDbConnection() in /home/runner/work/ServiceStack/ServiceStack/ServiceStack.OrmLite/src/ServiceStack.OrmLite/OrmLiteConnectionFactory.cs:line 98
   at WebApplication1.Utilitlies.DatabaseService..ctor() in C:\Users\navneetkumar.t\source\repos\navneetthakor\RKIT-reconsile\4_DotNet_Core\Final_Demo_DNC\WebApplication1\WebApplication1\Utilitlies\DatabaseService.cs:line 20
   at ResolveService(ILEmitResolverBuilderRuntimeContext, ServiceProviderEngineScope)
   at Microsoft.Extensions.DependencyInjection.ServiceProvider.GetService(Type serviceType, ServiceProviderEngineScope serviceProviderEngineScope)
   at lambda_method4(Closure, IServiceProvider, Object[])
   at Microsoft.AspNetCore.Mvc.Controllers.ControllerFactoryProvider.<>c__DisplayClass6_0.<CreateControllerFactory>g__CreateController|0(ControllerContext controllerContext)
   at Microsoft.AspNetCore.Mvc.Infrastructure.ControllerActionInvoker.Next(State& next, Scope& scope, Object& state, Boolean& isCompleted)
   at Microsoft.AspNetCore.Mvc.Infrastructure.ControllerActionInvoker.InvokeInnerFilterAsync()
--- End of stack trace from previous location ---
   at Microsoft.AspNetCore.Mvc.Infrastructure.ResourceInvoker.<InvokeFilterPipelineAsync>g__Awaited|20_0(ResourceInvoker invoker, Task lastTask, State next, Scope scope, Object state, Boolean isCompleted)
   at Microsoft.AspNetCore.Mvc.Infrastructure.ResourceInvoker.<InvokeAsync>g__Logged|17_1(ResourceInvoker invoker)
   at Microsoft.AspNetCore.Mvc.Infrastructure.ResourceInvoker.<InvokeAsync>g__Logged|17_1(ResourceInvoker invoker)
   at Microsoft.AspNetCore.Routing.EndpointMiddleware.<Invoke>g__AwaitRequestTask|6_0(Endpoint endpoint, Task requestTask, ILogger logger)
   at WebApplication1.Utilitlies.JwtMiddleware.InvokeAsync(HttpContext context) in C:\Users\navneetkumar.t\source\repos\navneetthakor\RKIT-reconsile\4_DotNet_Core\Final_Demo_DNC\WebApplication1\WebApplication1\Utilitlies\JwtMiddleware.cs:line 34
   at Swashbuckle.AspNetCore.SwaggerUI.SwaggerUIMiddleware.Invoke(HttpContext httpContext)
   at Swashbuckle.AspNetCore.Swagger.SwaggerMiddleware.Invoke(HttpContext httpContext, ISwaggerProvider swaggerProvider)
   at Microsoft.AspNetCore.Authorization.AuthorizationMiddleware.Invoke(HttpContext context)
   at Microsoft.AspNetCore.Authentication.AuthenticationMiddleware.Invoke(HttpContext context)
   at Microsoft.AspNetCore.Diagnostics.DeveloperExceptionPageMiddlewareImpl.Invoke(HttpContext context)
2025-04-14 14:33:01.0354 | ERROR | An unhandled exception has occurred while executing the request. MySql.Data.MySqlClient.MySqlException (0x80004005): error connecting: Timeout expired.  The timeout period elapsed prior to obtaining a connection from the pool.  This may have occurred because all pooled connections were in use and max pool size was reached
   at MySql.Data.MySqlClient.MySqlPool.GetConnectionAsync(Boolean execAsync, CancellationToken cancellationToken)
   at MySql.Data.MySqlClient.MySqlConnection.OpenAsync(Boolean execAsync, CancellationToken cancellationToken)
   at MySql.Data.MySqlClient.MySqlConnection.Open()
   at ServiceStack.OrmLite.OrmLiteConnection.Open() in /home/runner/work/ServiceStack/ServiceStack/ServiceStack.OrmLite/src/ServiceStack.OrmLite/OrmLiteConnection.cs:line 149
   at ServiceStack.OrmLite.OrmLiteConnectionFactory.OpenDbConnection() in /home/runner/work/ServiceStack/ServiceStack/ServiceStack.OrmLite/src/ServiceStack.OrmLite/OrmLiteConnectionFactory.cs:line 98
   at WebApplication1.Utilitlies.DatabaseService..ctor() in C:\Users\navneetkumar.t\source\repos\navneetthakor\RKIT-reconsile\4_DotNet_Core\Final_Demo_DNC\WebApplication1\WebApplication1\Utilitlies\DatabaseService.cs:line 20
   at ResolveService(ILEmitResolverBuilderRuntimeContext, ServiceProviderEngineScope)
   at Microsoft.Extensions.DependencyInjection.ServiceProvider.GetService(Type serviceType, ServiceProviderEngineScope serviceProviderEngineScope)
   at lambda_method4(Closure, IServiceProvider, Object[])
   at Microsoft.AspNetCore.Mvc.Controllers.ControllerFactoryProvider.<>c__DisplayClass6_0.<CreateControllerFactory>g__CreateController|0(ControllerContext controllerContext)
   at Microsoft.AspNetCore.Mvc.Infrastructure.ControllerActionInvoker.Next(State& next, Scope& scope, Object& state, Boolean& isCompleted)
   at Microsoft.AspNetCore.Mvc.Infrastructure.ControllerActionInvoker.InvokeInnerFilterAsync()
--- End of stack trace from previous location ---
   at Microsoft.AspNetCore.Mvc.Infrastructure.ResourceInvoker.<InvokeFilterPipelineAsync>g__Awaited|20_0(ResourceInvoker invoker, Task lastTask, State next, Scope scope, Object state, Boolean isCompleted)
   at Microsoft.AspNetCore.Mvc.Infrastructure.ResourceInvoker.<InvokeAsync>g__Logged|17_1(ResourceInvoker invoker)
   at Microsoft.AspNetCore.Mvc.Infrastructure.ResourceInvoker.<InvokeAsync>g__Logged|17_1(ResourceInvoker invoker)
   at Microsoft.AspNetCore.Routing.EndpointMiddleware.<Invoke>g__AwaitRequestTask|6_0(Endpoint endpoint, Task requestTask, ILogger logger)
   at WebApplication1.Utilitlies.JwtMiddleware.InvokeAsync(HttpContext context) in C:\Users\navneetkumar.t\source\repos\navneetthakor\RKIT-reconsile\4_DotNet_Core\Final_Demo_DNC\WebApplication1\WebApplication1\Utilitlies\JwtMiddleware.cs:line 34
   at Swashbuckle.AspNetCore.SwaggerUI.SwaggerUIMiddleware.Invoke(HttpContext httpContext)
   at Swashbuckle.AspNetCore.Swagger.SwaggerMiddleware.Invoke(HttpContext httpContext, ISwaggerProvider swaggerProvider)
   at Microsoft.AspNetCore.Authorization.AuthorizationMiddleware.Invoke(HttpContext context)
   at Microsoft.AspNetCore.Authentication.AuthenticationMiddleware.Invoke(HttpContext context)
   at Microsoft.AspNetCore.Diagnostics.DeveloperExceptionPageMiddlewareImpl.Invoke(HttpContext context)
2025-04-14 14:33:09.2952 | ERROR | An unhandled exception has occurred while executing the request. MySql.Data.MySqlClient.MySqlException (0x80004005): error connecting: Timeout expired.  The timeout period elapsed prior to obtaining a connection from the pool.  This may have occurred because all pooled connections were in use and max pool size was reached
   at MySql.Data.MySqlClient.MySqlPool.GetConnectionAsync(Boolean execAsync, CancellationToken cancellationToken)
   at MySql.Data.MySqlClient.MySqlConnection.OpenAsync(Boolean execAsync, CancellationToken cancellationToken)
   at MySql.Data.MySqlClient.MySqlConnection.Open()
   at ServiceStack.OrmLite.OrmLiteConnection.Open() in /home/runner/work/ServiceStack/ServiceStack/ServiceStack.OrmLite/src/ServiceStack.OrmLite/OrmLiteConnection.cs:line 149
   at ServiceStack.OrmLite.OrmLiteConnectionFactory.OpenDbConnection() in /home/runner/work/ServiceStack/ServiceStack/ServiceStack.OrmLite/src/ServiceStack.OrmLite/OrmLiteConnectionFactory.cs:line 98
   at WebApplication1.Utilitlies.DatabaseService..ctor() in C:\Users\navneetkumar.t\source\repos\navneetthakor\RKIT-reconsile\4_DotNet_Core\Final_Demo_DNC\WebApplication1\WebApplication1\Utilitlies\DatabaseService.cs:line 20
   at ResolveService(ILEmitResolverBuilderRuntimeContext, ServiceProviderEngineScope)
   at Microsoft.Extensions.DependencyInjection.ServiceProvider.GetService(Type serviceType, ServiceProviderEngineScope serviceProviderEngineScope)
   at lambda_method4(Closure, IServiceProvider, Object[])
   at Microsoft.AspNetCore.Mvc.Controllers.ControllerFactoryProvider.<>c__DisplayClass6_0.<CreateControllerFactory>g__CreateController|0(ControllerContext controllerContext)
   at Microsoft.AspNetCore.Mvc.Infrastructure.ControllerActionInvoker.Next(State& next, Scope& scope, Object& state, Boolean& isCompleted)
   at Microsoft.AspNetCore.Mvc.Infrastructure.ControllerActionInvoker.InvokeInnerFilterAsync()
--- End of stack trace from previous location ---
   at Microsoft.AspNetCore.Mvc.Infrastructure.ResourceInvoker.<InvokeFilterPipelineAsync>g__Awaited|20_0(ResourceInvoker invoker, Task lastTask, State next, Scope scope, Object state, Boolean isCompleted)
   at Microsoft.AspNetCore.Mvc.Infrastructure.ResourceInvoker.<InvokeAsync>g__Logged|17_1(ResourceInvoker invoker)
   at Microsoft.AspNetCore.Mvc.Infrastructure.ResourceInvoker.<InvokeAsync>g__Logged|17_1(ResourceInvoker invoker)
   at Microsoft.AspNetCore.Routing.EndpointMiddleware.<Invoke>g__AwaitRequestTask|6_0(Endpoint endpoint, Task requestTask, ILogger logger)
   at WebApplication1.Utilitlies.JwtMiddleware.InvokeAsync(HttpContext context) in C:\Users\navneetkumar.t\source\repos\navneetthakor\RKIT-reconsile\4_DotNet_Core\Final_Demo_DNC\WebApplication1\WebApplication1\Utilitlies\JwtMiddleware.cs:line 34
   at Swashbuckle.AspNetCore.SwaggerUI.SwaggerUIMiddleware.Invoke(HttpContext httpContext)
   at Swashbuckle.AspNetCore.Swagger.SwaggerMiddleware.Invoke(HttpContext httpContext, ISwaggerProvider swaggerProvider)
   at Microsoft.AspNetCore.Authorization.AuthorizationMiddleware.Invoke(HttpContext context)
   at Microsoft.AspNetCore.Authentication.AuthenticationMiddleware.Invoke(HttpContext context)
   at Microsoft.AspNetCore.Diagnostics.DeveloperExceptionPageMiddlewareImpl.Invoke(HttpContext context)
2025-04-14 14:33:10.6041 | ERROR | An unhandled exception has occurred while executing the request. MySql.Data.MySqlClient.MySqlException (0x80004005): error connecting: Timeout expired.  The timeout period elapsed prior to obtaining a connection from the pool.  This may have occurred because all pooled connections were in use and max pool size was reached
   at MySql.Data.MySqlClient.MySqlPool.GetConnectionAsync(Boolean execAsync, CancellationToken cancellationToken)
   at MySql.Data.MySqlClient.MySqlConnection.OpenAsync(Boolean execAsync, CancellationToken cancellationToken)
   at MySql.Data.MySqlClient.MySqlConnection.Open()
   at ServiceStack.OrmLite.OrmLiteConnection.Open() in /home/runner/work/ServiceStack/ServiceStack/ServiceStack.OrmLite/src/ServiceStack.OrmLite/OrmLiteConnection.cs:line 149
   at ServiceStack.OrmLite.OrmLiteConnectionFactory.OpenDbConnection() in /home/runner/work/ServiceStack/ServiceStack/ServiceStack.OrmLite/src/ServiceStack.OrmLite/OrmLiteConnectionFactory.cs:line 98
   at WebApplication1.Utilitlies.DatabaseService..ctor() in C:\Users\navneetkumar.t\source\repos\navneetthakor\RKIT-reconsile\4_DotNet_Core\Final_Demo_DNC\WebApplication1\WebApplication1\Utilitlies\DatabaseService.cs:line 20
   at ResolveService(ILEmitResolverBuilderRuntimeContext, ServiceProviderEngineScope)
   at Microsoft.Extensions.DependencyInjection.ServiceProvider.GetService(Type serviceType, ServiceProviderEngineScope serviceProviderEngineScope)
   at lambda_method4(Closure, IServiceProvider, Object[])
   at Microsoft.AspNetCore.Mvc.Controllers.ControllerFactoryProvider.<>c__DisplayClass6_0.<CreateControllerFactory>g__CreateController|0(ControllerContext controllerContext)
   at Microsoft.AspNetCore.Mvc.Infrastructure.ControllerActionInvoker.Next(State& next, Scope& scope, Object& state, Boolean& isCompleted)
   at Microsoft.AspNetCore.Mvc.Infrastructure.ControllerActionInvoker.InvokeInnerFilterAsync()
--- End of stack trace from previous location ---
   at Microsoft.AspNetCore.Mvc.Infrastructure.ResourceInvoker.<InvokeFilterPipelineAsync>g__Awaited|20_0(ResourceInvoker invoker, Task lastTask, State next, Scope scope, Object state, Boolean isCompleted)
   at Microsoft.AspNetCore.Mvc.Infrastructure.ResourceInvoker.<InvokeAsync>g__Logged|17_1(ResourceInvoker invoker)
   at Microsoft.AspNetCore.Mvc.Infrastructure.ResourceInvoker.<InvokeAsync>g__Logged|17_1(ResourceInvoker invoker)
   at Microsoft.AspNetCore.Routing.EndpointMiddleware.<Invoke>g__AwaitRequestTask|6_0(Endpoint endpoint, Task requestTask, ILogger logger)
   at WebApplication1.Utilitlies.JwtMiddleware.InvokeAsync(HttpContext context) in C:\Users\navneetkumar.t\source\repos\navneetthakor\RKIT-reconsile\4_DotNet_Core\Final_Demo_DNC\WebApplication1\WebApplication1\Utilitlies\JwtMiddleware.cs:line 34
   at Swashbuckle.AspNetCore.SwaggerUI.SwaggerUIMiddleware.Invoke(HttpContext httpContext)
   at Swashbuckle.AspNetCore.Swagger.SwaggerMiddleware.Invoke(HttpContext httpContext, ISwaggerProvider swaggerProvider)
   at Microsoft.AspNetCore.Authorization.AuthorizationMiddleware.Invoke(HttpContext context)
   at Microsoft.AspNetCore.Authentication.AuthenticationMiddleware.Invoke(HttpContext context)
   at Microsoft.AspNetCore.Diagnostics.DeveloperExceptionPageMiddlewareImpl.Invoke(HttpContext context)
2025-04-14 14:33:11.1737 | ERROR | An unhandled exception has occurred while executing the request. MySql.Data.MySqlClient.MySqlException (0x80004005): error connecting: Timeout expired.  The timeout period elapsed prior to obtaining a connection from the pool.  This may have occurred because all pooled connections were in use and max pool size was reached
   at MySql.Data.MySqlClient.MySqlPool.GetConnectionAsync(Boolean execAsync, CancellationToken cancellationToken)
   at MySql.Data.MySqlClient.MySqlConnection.OpenAsync(Boolean execAsync, CancellationToken cancellationToken)
   at MySql.Data.MySqlClient.MySqlConnection.Open()
   at ServiceStack.OrmLite.OrmLiteConnection.Open() in /home/runner/work/ServiceStack/ServiceStack/ServiceStack.OrmLite/src/ServiceStack.OrmLite/OrmLiteConnection.cs:line 149
   at ServiceStack.OrmLite.OrmLiteConnectionFactory.OpenDbConnection() in /home/runner/work/ServiceStack/ServiceStack/ServiceStack.OrmLite/src/ServiceStack.OrmLite/OrmLiteConnectionFactory.cs:line 98
   at WebApplication1.Utilitlies.DatabaseService..ctor() in C:\Users\navneetkumar.t\source\repos\navneetthakor\RKIT-reconsile\4_DotNet_Core\Final_Demo_DNC\WebApplication1\WebApplication1\Utilitlies\DatabaseService.cs:line 20
   at ResolveService(ILEmitResolverBuilderRuntimeContext, ServiceProviderEngineScope)
   at Microsoft.Extensions.DependencyInjection.ServiceProvider.GetService(Type serviceType, ServiceProviderEngineScope serviceProviderEngineScope)
   at lambda_method4(Closure, IServiceProvider, Object[])
   at Microsoft.AspNetCore.Mvc.Controllers.ControllerFactoryProvider.<>c__DisplayClass6_0.<CreateControllerFactory>g__CreateController|0(ControllerContext controllerContext)
   at Microsoft.AspNetCore.Mvc.Infrastructure.ControllerActionInvoker.Next(State& next, Scope& scope, Object& state, Boolean& isCompleted)
   at Microsoft.AspNetCore.Mvc.Infrastructure.ControllerActionInvoker.InvokeInnerFilterAsync()
--- End of stack trace from previous location ---
   at Microsoft.AspNetCore.Mvc.Infrastructure.ResourceInvoker.<InvokeFilterPipelineAsync>g__Awaited|20_0(ResourceInvoker invoker, Task lastTask, State next, Scope scope, Object state, Boolean isCompleted)
   at Microsoft.AspNetCore.Mvc.Infrastructure.ResourceInvoker.<InvokeAsync>g__Logged|17_1(ResourceInvoker invoker)
   at Microsoft.AspNetCore.Mvc.Infrastructure.ResourceInvoker.<InvokeAsync>g__Logged|17_1(ResourceInvoker invoker)
   at Microsoft.AspNetCore.Routing.EndpointMiddleware.<Invoke>g__AwaitRequestTask|6_0(Endpoint endpoint, Task requestTask, ILogger logger)
   at WebApplication1.Utilitlies.JwtMiddleware.InvokeAsync(HttpContext context) in C:\Users\navneetkumar.t\source\repos\navneetthakor\RKIT-reconsile\4_DotNet_Core\Final_Demo_DNC\WebApplication1\WebApplication1\Utilitlies\JwtMiddleware.cs:line 34
   at Swashbuckle.AspNetCore.SwaggerUI.SwaggerUIMiddleware.Invoke(HttpContext httpContext)
   at Swashbuckle.AspNetCore.Swagger.SwaggerMiddleware.Invoke(HttpContext httpContext, ISwaggerProvider swaggerProvider)
   at Microsoft.AspNetCore.Authorization.AuthorizationMiddleware.Invoke(HttpContext context)
   at Microsoft.AspNetCore.Authentication.AuthenticationMiddleware.Invoke(HttpContext context)
   at Microsoft.AspNetCore.Diagnostics.DeveloperExceptionPageMiddlewareImpl.Invoke(HttpContext context)
2025-04-14 14:33:11.2657 | ERROR | An unhandled exception has occurred while executing the request. MySql.Data.MySqlClient.MySqlException (0x80004005): error connecting: Timeout expired.  The timeout period elapsed prior to obtaining a connection from the pool.  This may have occurred because all pooled connections were in use and max pool size was reached
   at MySql.Data.MySqlClient.MySqlPool.GetConnectionAsync(Boolean execAsync, CancellationToken cancellationToken)
   at MySql.Data.MySqlClient.MySqlConnection.OpenAsync(Boolean execAsync, CancellationToken cancellationToken)
   at MySql.Data.MySqlClient.MySqlConnection.Open()
   at ServiceStack.OrmLite.OrmLiteConnection.Open() in /home/runner/work/ServiceStack/ServiceStack/ServiceStack.OrmLite/src/ServiceStack.OrmLite/OrmLiteConnection.cs:line 149
   at ServiceStack.OrmLite.OrmLiteConnectionFactory.OpenDbConnection() in /home/runner/work/ServiceStack/ServiceStack/ServiceStack.OrmLite/src/ServiceStack.OrmLite/OrmLiteConnectionFactory.cs:line 98
   at WebApplication1.Utilitlies.DatabaseService..ctor() in C:\Users\navneetkumar.t\source\repos\navneetthakor\RKIT-reconsile\4_DotNet_Core\Final_Demo_DNC\WebApplication1\WebApplication1\Utilitlies\DatabaseService.cs:line 20
   at ResolveService(ILEmitResolverBuilderRuntimeContext, ServiceProviderEngineScope)
   at Microsoft.Extensions.DependencyInjection.ServiceProvider.GetService(Type serviceType, ServiceProviderEngineScope serviceProviderEngineScope)
   at lambda_method4(Closure, IServiceProvider, Object[])
   at Microsoft.AspNetCore.Mvc.Controllers.ControllerFactoryProvider.<>c__DisplayClass6_0.<CreateControllerFactory>g__CreateController|0(ControllerContext controllerContext)
   at Microsoft.AspNetCore.Mvc.Infrastructure.ControllerActionInvoker.Next(State& next, Scope& scope, Object& state, Boolean& isCompleted)
   at Microsoft.AspNetCore.Mvc.Infrastructure.ControllerActionInvoker.InvokeInnerFilterAsync()
--- End of stack trace from previous location ---
   at Microsoft.AspNetCore.Mvc.Infrastructure.ResourceInvoker.<InvokeFilterPipelineAsync>g__Awaited|20_0(ResourceInvoker invoker, Task lastTask, State next, Scope scope, Object state, Boolean isCompleted)
   at Microsoft.AspNetCore.Mvc.Infrastructure.ResourceInvoker.<InvokeAsync>g__Logged|17_1(ResourceInvoker invoker)
   at Microsoft.AspNetCore.Mvc.Infrastructure.ResourceInvoker.<InvokeAsync>g__Logged|17_1(ResourceInvoker invoker)
   at Microsoft.AspNetCore.Routing.EndpointMiddleware.<Invoke>g__AwaitRequestTask|6_0(Endpoint endpoint, Task requestTask, ILogger logger)
   at WebApplication1.Utilitlies.JwtMiddleware.InvokeAsync(HttpContext context) in C:\Users\navneetkumar.t\source\repos\navneetthakor\RKIT-reconsile\4_DotNet_Core\Final_Demo_DNC\WebApplication1\WebApplication1\Utilitlies\JwtMiddleware.cs:line 34
   at Swashbuckle.AspNetCore.SwaggerUI.SwaggerUIMiddleware.Invoke(HttpContext httpContext)
   at Swashbuckle.AspNetCore.Swagger.SwaggerMiddleware.Invoke(HttpContext httpContext, ISwaggerProvider swaggerProvider)
   at Microsoft.AspNetCore.Authorization.AuthorizationMiddleware.Invoke(HttpContext context)
   at Microsoft.AspNetCore.Authentication.AuthenticationMiddleware.Invoke(HttpContext context)
   at Microsoft.AspNetCore.Diagnostics.DeveloperExceptionPageMiddlewareImpl.Invoke(HttpContext context)
2025-04-14 14:33:11.4355 | ERROR | An unhandled exception has occurred while executing the request. MySql.Data.MySqlClient.MySqlException (0x80004005): error connecting: Timeout expired.  The timeout period elapsed prior to obtaining a connection from the pool.  This may have occurred because all pooled connections were in use and max pool size was reached
   at MySql.Data.MySqlClient.MySqlPool.GetConnectionAsync(Boolean execAsync, CancellationToken cancellationToken)
   at MySql.Data.MySqlClient.MySqlConnection.OpenAsync(Boolean execAsync, CancellationToken cancellationToken)
   at MySql.Data.MySqlClient.MySqlConnection.Open()
   at ServiceStack.OrmLite.OrmLiteConnection.Open() in /home/runner/work/ServiceStack/ServiceStack/ServiceStack.OrmLite/src/ServiceStack.OrmLite/OrmLiteConnection.cs:line 149
   at ServiceStack.OrmLite.OrmLiteConnectionFactory.OpenDbConnection() in /home/runner/work/ServiceStack/ServiceStack/ServiceStack.OrmLite/src/ServiceStack.OrmLite/OrmLiteConnectionFactory.cs:line 98
   at WebApplication1.Utilitlies.DatabaseService..ctor() in C:\Users\navneetkumar.t\source\repos\navneetthakor\RKIT-reconsile\4_DotNet_Core\Final_Demo_DNC\WebApplication1\WebApplication1\Utilitlies\DatabaseService.cs:line 20
   at ResolveService(ILEmitResolverBuilderRuntimeContext, ServiceProviderEngineScope)
   at Microsoft.Extensions.DependencyInjection.ServiceProvider.GetService(Type serviceType, ServiceProviderEngineScope serviceProviderEngineScope)
   at lambda_method4(Closure, IServiceProvider, Object[])
   at Microsoft.AspNetCore.Mvc.Controllers.ControllerFactoryProvider.<>c__DisplayClass6_0.<CreateControllerFactory>g__CreateController|0(ControllerContext controllerContext)
   at Microsoft.AspNetCore.Mvc.Infrastructure.ControllerActionInvoker.Next(State& next, Scope& scope, Object& state, Boolean& isCompleted)
   at Microsoft.AspNetCore.Mvc.Infrastructure.ControllerActionInvoker.InvokeInnerFilterAsync()
--- End of stack trace from previous location ---
   at Microsoft.AspNetCore.Mvc.Infrastructure.ResourceInvoker.<InvokeFilterPipelineAsync>g__Awaited|20_0(ResourceInvoker invoker, Task lastTask, State next, Scope scope, Object state, Boolean isCompleted)
   at Microsoft.AspNetCore.Mvc.Infrastructure.ResourceInvoker.<InvokeAsync>g__Logged|17_1(ResourceInvoker invoker)
   at Microsoft.AspNetCore.Mvc.Infrastructure.ResourceInvoker.<InvokeAsync>g__Logged|17_1(ResourceInvoker invoker)
   at Microsoft.AspNetCore.Routing.EndpointMiddleware.<Invoke>g__AwaitRequestTask|6_0(Endpoint endpoint, Task requestTask, ILogger logger)
   at WebApplication1.Utilitlies.JwtMiddleware.InvokeAsync(HttpContext context) in C:\Users\navneetkumar.t\source\repos\navneetthakor\RKIT-reconsile\4_DotNet_Core\Final_Demo_DNC\WebApplication1\WebApplication1\Utilitlies\JwtMiddleware.cs:line 34
   at Swashbuckle.AspNetCore.SwaggerUI.SwaggerUIMiddleware.Invoke(HttpContext httpContext)
   at Swashbuckle.AspNetCore.Swagger.SwaggerMiddleware.Invoke(HttpContext httpContext, ISwaggerProvider swaggerProvider)
   at Microsoft.AspNetCore.Authorization.AuthorizationMiddleware.Invoke(HttpContext context)
   at Microsoft.AspNetCore.Authentication.AuthenticationMiddleware.Invoke(HttpContext context)
   at Microsoft.AspNetCore.Diagnostics.DeveloperExceptionPageMiddlewareImpl.Invoke(HttpContext context)
2025-04-14 14:33:12.4495 | ERROR | An unhandled exception has occurred while executing the request. MySql.Data.MySqlClient.MySqlException (0x80004005): error connecting: Timeout expired.  The timeout period elapsed prior to obtaining a connection from the pool.  This may have occurred because all pooled connections were in use and max pool size was reached
   at MySql.Data.MySqlClient.MySqlPool.GetConnectionAsync(Boolean execAsync, CancellationToken cancellationToken)
   at MySql.Data.MySqlClient.MySqlConnection.OpenAsync(Boolean execAsync, CancellationToken cancellationToken)
   at MySql.Data.MySqlClient.MySqlConnection.Open()
   at ServiceStack.OrmLite.OrmLiteConnection.Open() in /home/runner/work/ServiceStack/ServiceStack/ServiceStack.OrmLite/src/ServiceStack.OrmLite/OrmLiteConnection.cs:line 149
   at ServiceStack.OrmLite.OrmLiteConnectionFactory.OpenDbConnection() in /home/runner/work/ServiceStack/ServiceStack/ServiceStack.OrmLite/src/ServiceStack.OrmLite/OrmLiteConnectionFactory.cs:line 98
   at WebApplication1.Utilitlies.DatabaseService..ctor() in C:\Users\navneetkumar.t\source\repos\navneetthakor\RKIT-reconsile\4_DotNet_Core\Final_Demo_DNC\WebApplication1\WebApplication1\Utilitlies\DatabaseService.cs:line 20
   at ResolveService(ILEmitResolverBuilderRuntimeContext, ServiceProviderEngineScope)
   at Microsoft.Extensions.DependencyInjection.ServiceProvider.GetService(Type serviceType, ServiceProviderEngineScope serviceProviderEngineScope)
   at lambda_method4(Closure, IServiceProvider, Object[])
   at Microsoft.AspNetCore.Mvc.Controllers.ControllerFactoryProvider.<>c__DisplayClass6_0.<CreateControllerFactory>g__CreateController|0(ControllerContext controllerContext)
   at Microsoft.AspNetCore.Mvc.Infrastructure.ControllerActionInvoker.Next(State& next, Scope& scope, Object& state, Boolean& isCompleted)
   at Microsoft.AspNetCore.Mvc.Infrastructure.ControllerActionInvoker.InvokeInnerFilterAsync()
--- End of stack trace from previous location ---
   at Microsoft.AspNetCore.Mvc.Infrastructure.ResourceInvoker.<InvokeFilterPipelineAsync>g__Awaited|20_0(ResourceInvoker invoker, Task lastTask, State next, Scope scope, Object state, Boolean isCompleted)
   at Microsoft.AspNetCore.Mvc.Infrastructure.ResourceInvoker.<InvokeAsync>g__Logged|17_1(ResourceInvoker invoker)
   at Microsoft.AspNetCore.Mvc.Infrastructure.ResourceInvoker.<InvokeAsync>g__Logged|17_1(ResourceInvoker invoker)
   at Microsoft.AspNetCore.Routing.EndpointMiddleware.<Invoke>g__AwaitRequestTask|6_0(Endpoint endpoint, Task requestTask, ILogger logger)
   at WebApplication1.Utilitlies.JwtMiddleware.InvokeAsync(HttpContext context) in C:\Users\navneetkumar.t\source\repos\navneetthakor\RKIT-reconsile\4_DotNet_Core\Final_Demo_DNC\WebApplication1\WebApplication1\Utilitlies\JwtMiddleware.cs:line 34
   at Swashbuckle.AspNetCore.SwaggerUI.SwaggerUIMiddleware.Invoke(HttpContext httpContext)
   at Swashbuckle.AspNetCore.Swagger.SwaggerMiddleware.Invoke(HttpContext httpContext, ISwaggerProvider swaggerProvider)
   at Microsoft.AspNetCore.Authorization.AuthorizationMiddleware.Invoke(HttpContext context)
   at Microsoft.AspNetCore.Authentication.AuthenticationMiddleware.Invoke(HttpContext context)
   at Microsoft.AspNetCore.Diagnostics.DeveloperExceptionPageMiddlewareImpl.Invoke(HttpContext context)
2025-04-14 14:33:13.9104 | ERROR | An unhandled exception has occurred while executing the request. MySql.Data.MySqlClient.MySqlException (0x80004005): error connecting: Timeout expired.  The timeout period elapsed prior to obtaining a connection from the pool.  This may have occurred because all pooled connections were in use and max pool size was reached
   at MySql.Data.MySqlClient.MySqlPool.GetConnectionAsync(Boolean execAsync, CancellationToken cancellationToken)
   at MySql.Data.MySqlClient.MySqlConnection.OpenAsync(Boolean execAsync, CancellationToken cancellationToken)
   at MySql.Data.MySqlClient.MySqlConnection.Open()
   at ServiceStack.OrmLite.OrmLiteConnection.Open() in /home/runner/work/ServiceStack/ServiceStack/ServiceStack.OrmLite/src/ServiceStack.OrmLite/OrmLiteConnection.cs:line 149
   at ServiceStack.OrmLite.OrmLiteConnectionFactory.OpenDbConnection() in /home/runner/work/ServiceStack/ServiceStack/ServiceStack.OrmLite/src/ServiceStack.OrmLite/OrmLiteConnectionFactory.cs:line 98
   at WebApplication1.Utilitlies.DatabaseService..ctor() in C:\Users\navneetkumar.t\source\repos\navneetthakor\RKIT-reconsile\4_DotNet_Core\Final_Demo_DNC\WebApplication1\WebApplication1\Utilitlies\DatabaseService.cs:line 20
   at ResolveService(ILEmitResolverBuilderRuntimeContext, ServiceProviderEngineScope)
   at Microsoft.Extensions.DependencyInjection.ServiceProvider.GetService(Type serviceType, ServiceProviderEngineScope serviceProviderEngineScope)
   at lambda_method4(Closure, IServiceProvider, Object[])
   at Microsoft.AspNetCore.Mvc.Controllers.ControllerFactoryProvider.<>c__DisplayClass6_0.<CreateControllerFactory>g__CreateController|0(ControllerContext controllerContext)
   at Microsoft.AspNetCore.Mvc.Infrastructure.ControllerActionInvoker.Next(State& next, Scope& scope, Object& state, Boolean& isCompleted)
   at Microsoft.AspNetCore.Mvc.Infrastructure.ControllerActionInvoker.InvokeInnerFilterAsync()
--- End of stack trace from previous location ---
   at Microsoft.AspNetCore.Mvc.Infrastructure.ResourceInvoker.<InvokeFilterPipelineAsync>g__Awaited|20_0(ResourceInvoker invoker, Task lastTask, State next, Scope scope, Object state, Boolean isCompleted)
   at Microsoft.AspNetCore.Mvc.Infrastructure.ResourceInvoker.<InvokeAsync>g__Logged|17_1(ResourceInvoker invoker)
   at Microsoft.AspNetCore.Mvc.Infrastructure.ResourceInvoker.<InvokeAsync>g__Logged|17_1(ResourceInvoker invoker)
   at Microsoft.AspNetCore.Routing.EndpointMiddleware.<Invoke>g__AwaitRequestTask|6_0(Endpoint endpoint, Task requestTask, ILogger logger)
   at WebApplication1.Utilitlies.JwtMiddleware.InvokeAsync(HttpContext context) in C:\Users\navneetkumar.t\source\repos\navneetthakor\RKIT-reconsile\4_DotNet_Core\Final_Demo_DNC\WebApplication1\WebApplication1\Utilitlies\JwtMiddleware.cs:line 34
   at Swashbuckle.AspNetCore.SwaggerUI.SwaggerUIMiddleware.Invoke(HttpContext httpContext)
   at Swashbuckle.AspNetCore.Swagger.SwaggerMiddleware.Invoke(HttpContext httpContext, ISwaggerProvider swaggerProvider)
   at Microsoft.AspNetCore.Authorization.AuthorizationMiddleware.Invoke(HttpContext context)
   at Microsoft.AspNetCore.Authentication.AuthenticationMiddleware.Invoke(HttpContext context)
   at Microsoft.AspNetCore.Diagnostics.DeveloperExceptionPageMiddlewareImpl.Invoke(HttpContext context)
2025-04-14 14:33:14.1072 | ERROR | An unhandled exception has occurred while executing the request. MySql.Data.MySqlClient.MySqlException (0x80004005): error connecting: Timeout expired.  The timeout period elapsed prior to obtaining a connection from the pool.  This may have occurred because all pooled connections were in use and max pool size was reached
   at MySql.Data.MySqlClient.MySqlPool.GetConnectionAsync(Boolean execAsync, CancellationToken cancellationToken)
   at MySql.Data.MySqlClient.MySqlConnection.OpenAsync(Boolean execAsync, CancellationToken cancellationToken)
   at MySql.Data.MySqlClient.MySqlConnection.Open()
   at ServiceStack.OrmLite.OrmLiteConnection.Open() in /home/runner/work/ServiceStack/ServiceStack/ServiceStack.OrmLite/src/ServiceStack.OrmLite/OrmLiteConnection.cs:line 149
   at ServiceStack.OrmLite.OrmLiteConnectionFactory.OpenDbConnection() in /home/runner/work/ServiceStack/ServiceStack/ServiceStack.OrmLite/src/ServiceStack.OrmLite/OrmLiteConnectionFactory.cs:line 98
   at WebApplication1.Utilitlies.DatabaseService..ctor() in C:\Users\navneetkumar.t\source\repos\navneetthakor\RKIT-reconsile\4_DotNet_Core\Final_Demo_DNC\WebApplication1\WebApplication1\Utilitlies\DatabaseService.cs:line 20
   at ResolveService(ILEmitResolverBuilderRuntimeContext, ServiceProviderEngineScope)
   at Microsoft.Extensions.DependencyInjection.ServiceProvider.GetService(Type serviceType, ServiceProviderEngineScope serviceProviderEngineScope)
   at lambda_method4(Closure, IServiceProvider, Object[])
   at Microsoft.AspNetCore.Mvc.Controllers.ControllerFactoryProvider.<>c__DisplayClass6_0.<CreateControllerFactory>g__CreateController|0(ControllerContext controllerContext)
   at Microsoft.AspNetCore.Mvc.Infrastructure.ControllerActionInvoker.Next(State& next, Scope& scope, Object& state, Boolean& isCompleted)
   at Microsoft.AspNetCore.Mvc.Infrastructure.ControllerActionInvoker.InvokeInnerFilterAsync()
--- End of stack trace from previous location ---
   at Microsoft.AspNetCore.Mvc.Infrastructure.ResourceInvoker.<InvokeFilterPipelineAsync>g__Awaited|20_0(ResourceInvoker invoker, Task lastTask, State next, Scope scope, Object state, Boolean isCompleted)
   at Microsoft.AspNetCore.Mvc.Infrastructure.ResourceInvoker.<InvokeAsync>g__Logged|17_1(ResourceInvoker invoker)
   at Microsoft.AspNetCore.Mvc.Infrastructure.ResourceInvoker.<InvokeAsync>g__Logged|17_1(ResourceInvoker invoker)
   at Microsoft.AspNetCore.Routing.EndpointMiddleware.<Invoke>g__AwaitRequestTask|6_0(Endpoint endpoint, Task requestTask, ILogger logger)
   at WebApplication1.Utilitlies.JwtMiddleware.InvokeAsync(HttpContext context) in C:\Users\navneetkumar.t\source\repos\navneetthakor\RKIT-reconsile\4_DotNet_Core\Final_Demo_DNC\WebApplication1\WebApplication1\Utilitlies\JwtMiddleware.cs:line 34
   at Swashbuckle.AspNetCore.SwaggerUI.SwaggerUIMiddleware.Invoke(HttpContext httpContext)
   at Swashbuckle.AspNetCore.Swagger.SwaggerMiddleware.Invoke(HttpContext httpContext, ISwaggerProvider swaggerProvider)
   at Microsoft.AspNetCore.Authorization.AuthorizationMiddleware.Invoke(HttpContext context)
   at Microsoft.AspNetCore.Authentication.AuthenticationMiddleware.Invoke(HttpContext context)
   at Microsoft.AspNetCore.Diagnostics.DeveloperExceptionPageMiddlewareImpl.Invoke(HttpContext context)
2025-04-14 14:33:14.8464 | ERROR | An unhandled exception has occurred while executing the request. MySql.Data.MySqlClient.MySqlException (0x80004005): error connecting: Timeout expired.  The timeout period elapsed prior to obtaining a connection from the pool.  This may have occurred because all pooled connections were in use and max pool size was reached
   at MySql.Data.MySqlClient.MySqlPool.GetConnectionAsync(Boolean execAsync, CancellationToken cancellationToken)
   at MySql.Data.MySqlClient.MySqlConnection.OpenAsync(Boolean execAsync, CancellationToken cancellationToken)
   at MySql.Data.MySqlClient.MySqlConnection.Open()
   at ServiceStack.OrmLite.OrmLiteConnection.Open() in /home/runner/work/ServiceStack/ServiceStack/ServiceStack.OrmLite/src/ServiceStack.OrmLite/OrmLiteConnection.cs:line 149
   at ServiceStack.OrmLite.OrmLiteConnectionFactory.OpenDbConnection() in /home/runner/work/ServiceStack/ServiceStack/ServiceStack.OrmLite/src/ServiceStack.OrmLite/OrmLiteConnectionFactory.cs:line 98
   at WebApplication1.Utilitlies.DatabaseService..ctor() in C:\Users\navneetkumar.t\source\repos\navneetthakor\RKIT-reconsile\4_DotNet_Core\Final_Demo_DNC\WebApplication1\WebApplication1\Utilitlies\DatabaseService.cs:line 20
   at ResolveService(ILEmitResolverBuilderRuntimeContext, ServiceProviderEngineScope)
   at Microsoft.Extensions.DependencyInjection.ServiceProvider.GetService(Type serviceType, ServiceProviderEngineScope serviceProviderEngineScope)
   at lambda_method4(Closure, IServiceProvider, Object[])
   at Microsoft.AspNetCore.Mvc.Controllers.ControllerFactoryProvider.<>c__DisplayClass6_0.<CreateControllerFactory>g__CreateController|0(ControllerContext controllerContext)
   at Microsoft.AspNetCore.Mvc.Infrastructure.ControllerActionInvoker.Next(State& next, Scope& scope, Object& state, Boolean& isCompleted)
   at Microsoft.AspNetCore.Mvc.Infrastructure.ControllerActionInvoker.InvokeInnerFilterAsync()
--- End of stack trace from previous location ---
   at Microsoft.AspNetCore.Mvc.Infrastructure.ResourceInvoker.<InvokeFilterPipelineAsync>g__Awaited|20_0(ResourceInvoker invoker, Task lastTask, State next, Scope scope, Object state, Boolean isCompleted)
   at Microsoft.AspNetCore.Mvc.Infrastructure.ResourceInvoker.<InvokeAsync>g__Logged|17_1(ResourceInvoker invoker)
   at Microsoft.AspNetCore.Mvc.Infrastructure.ResourceInvoker.<InvokeAsync>g__Logged|17_1(ResourceInvoker invoker)
   at Microsoft.AspNetCore.Routing.EndpointMiddleware.<Invoke>g__AwaitRequestTask|6_0(Endpoint endpoint, Task requestTask, ILogger logger)
   at WebApplication1.Utilitlies.JwtMiddleware.InvokeAsync(HttpContext context) in C:\Users\navneetkumar.t\source\repos\navneetthakor\RKIT-reconsile\4_DotNet_Core\Final_Demo_DNC\WebApplication1\WebApplication1\Utilitlies\JwtMiddleware.cs:line 34
   at Swashbuckle.AspNetCore.SwaggerUI.SwaggerUIMiddleware.Invoke(HttpContext httpContext)
   at Swashbuckle.AspNetCore.Swagger.SwaggerMiddleware.Invoke(HttpContext httpContext, ISwaggerProvider swaggerProvider)
   at Microsoft.AspNetCore.Authorization.AuthorizationMiddleware.Invoke(HttpContext context)
   at Microsoft.AspNetCore.Authentication.AuthenticationMiddleware.Invoke(HttpContext context)
   at Microsoft.AspNetCore.Diagnostics.DeveloperExceptionPageMiddlewareImpl.Invoke(HttpContext context)
2025-04-14 14:33:16.0391 | ERROR | An unhandled exception has occurred while executing the request. MySql.Data.MySqlClient.MySqlException (0x80004005): error connecting: Timeout expired.  The timeout period elapsed prior to obtaining a connection from the pool.  This may have occurred because all pooled connections were in use and max pool size was reached
   at MySql.Data.MySqlClient.MySqlPool.GetConnectionAsync(Boolean execAsync, CancellationToken cancellationToken)
   at MySql.Data.MySqlClient.MySqlConnection.OpenAsync(Boolean execAsync, CancellationToken cancellationToken)
   at MySql.Data.MySqlClient.MySqlConnection.Open()
   at ServiceStack.OrmLite.OrmLiteConnection.Open() in /home/runner/work/ServiceStack/ServiceStack/ServiceStack.OrmLite/src/ServiceStack.OrmLite/OrmLiteConnection.cs:line 149
   at ServiceStack.OrmLite.OrmLiteConnectionFactory.OpenDbConnection() in /home/runner/work/ServiceStack/ServiceStack/ServiceStack.OrmLite/src/ServiceStack.OrmLite/OrmLiteConnectionFactory.cs:line 98
   at WebApplication1.Utilitlies.DatabaseService..ctor() in C:\Users\navneetkumar.t\source\repos\navneetthakor\RKIT-reconsile\4_DotNet_Core\Final_Demo_DNC\WebApplication1\WebApplication1\Utilitlies\DatabaseService.cs:line 20
   at ResolveService(ILEmitResolverBuilderRuntimeContext, ServiceProviderEngineScope)
   at Microsoft.Extensions.DependencyInjection.ServiceProvider.GetService(Type serviceType, ServiceProviderEngineScope serviceProviderEngineScope)
   at lambda_method4(Closure, IServiceProvider, Object[])
   at Microsoft.AspNetCore.Mvc.Controllers.ControllerFactoryProvider.<>c__DisplayClass6_0.<CreateControllerFactory>g__CreateController|0(ControllerContext controllerContext)
   at Microsoft.AspNetCore.Mvc.Infrastructure.ControllerActionInvoker.Next(State& next, Scope& scope, Object& state, Boolean& isCompleted)
   at Microsoft.AspNetCore.Mvc.Infrastructure.ControllerActionInvoker.InvokeInnerFilterAsync()
--- End of stack trace from previous location ---
   at Microsoft.AspNetCore.Mvc.Infrastructure.ResourceInvoker.<InvokeFilterPipelineAsync>g__Awaited|20_0(ResourceInvoker invoker, Task lastTask, State next, Scope scope, Object state, Boolean isCompleted)
   at Microsoft.AspNetCore.Mvc.Infrastructure.ResourceInvoker.<InvokeAsync>g__Logged|17_1(ResourceInvoker invoker)
   at Microsoft.AspNetCore.Mvc.Infrastructure.ResourceInvoker.<InvokeAsync>g__Logged|17_1(ResourceInvoker invoker)
   at Microsoft.AspNetCore.Routing.EndpointMiddleware.<Invoke>g__AwaitRequestTask|6_0(Endpoint endpoint, Task requestTask, ILogger logger)
   at WebApplication1.Utilitlies.JwtMiddleware.InvokeAsync(HttpContext context) in C:\Users\navneetkumar.t\source\repos\navneetthakor\RKIT-reconsile\4_DotNet_Core\Final_Demo_DNC\WebApplication1\WebApplication1\Utilitlies\JwtMiddleware.cs:line 34
   at Swashbuckle.AspNetCore.SwaggerUI.SwaggerUIMiddleware.Invoke(HttpContext httpContext)
   at Swashbuckle.AspNetCore.Swagger.SwaggerMiddleware.Invoke(HttpContext httpContext, ISwaggerProvider swaggerProvider)
   at Microsoft.AspNetCore.Authorization.AuthorizationMiddleware.Invoke(HttpContext context)
   at Microsoft.AspNetCore.Authentication.AuthenticationMiddleware.Invoke(HttpContext context)
   at Microsoft.AspNetCore.Diagnostics.DeveloperExceptionPageMiddlewareImpl.Invoke(HttpContext context)
2025-04-14 14:33:17.9628 | ERROR | An unhandled exception has occurred while executing the request. MySql.Data.MySqlClient.MySqlException (0x80004005): error connecting: Timeout expired.  The timeout period elapsed prior to obtaining a connection from the pool.  This may have occurred because all pooled connections were in use and max pool size was reached
   at MySql.Data.MySqlClient.MySqlPool.GetConnectionAsync(Boolean execAsync, CancellationToken cancellationToken)
   at MySql.Data.MySqlClient.MySqlConnection.OpenAsync(Boolean execAsync, CancellationToken cancellationToken)
   at MySql.Data.MySqlClient.MySqlConnection.Open()
   at ServiceStack.OrmLite.OrmLiteConnection.Open() in /home/runner/work/ServiceStack/ServiceStack/ServiceStack.OrmLite/src/ServiceStack.OrmLite/OrmLiteConnection.cs:line 149
   at ServiceStack.OrmLite.OrmLiteConnectionFactory.OpenDbConnection() in /home/runner/work/ServiceStack/ServiceStack/ServiceStack.OrmLite/src/ServiceStack.OrmLite/OrmLiteConnectionFactory.cs:line 98
   at WebApplication1.Utilitlies.DatabaseService..ctor() in C:\Users\navneetkumar.t\source\repos\navneetthakor\RKIT-reconsile\4_DotNet_Core\Final_Demo_DNC\WebApplication1\WebApplication1\Utilitlies\DatabaseService.cs:line 20
   at ResolveService(ILEmitResolverBuilderRuntimeContext, ServiceProviderEngineScope)
   at Microsoft.Extensions.DependencyInjection.ServiceProvider.GetService(Type serviceType, ServiceProviderEngineScope serviceProviderEngineScope)
   at lambda_method4(Closure, IServiceProvider, Object[])
   at Microsoft.AspNetCore.Mvc.Controllers.ControllerFactoryProvider.<>c__DisplayClass6_0.<CreateControllerFactory>g__CreateController|0(ControllerContext controllerContext)
   at Microsoft.AspNetCore.Mvc.Infrastructure.ControllerActionInvoker.Next(State& next, Scope& scope, Object& state, Boolean& isCompleted)
   at Microsoft.AspNetCore.Mvc.Infrastructure.ControllerActionInvoker.InvokeInnerFilterAsync()
--- End of stack trace from previous location ---
   at Microsoft.AspNetCore.Mvc.Infrastructure.ResourceInvoker.<InvokeFilterPipelineAsync>g__Awaited|20_0(ResourceInvoker invoker, Task lastTask, State next, Scope scope, Object state, Boolean isCompleted)
   at Microsoft.AspNetCore.Mvc.Infrastructure.ResourceInvoker.<InvokeAsync>g__Logged|17_1(ResourceInvoker invoker)
   at Microsoft.AspNetCore.Mvc.Infrastructure.ResourceInvoker.<InvokeAsync>g__Logged|17_1(ResourceInvoker invoker)
   at Microsoft.AspNetCore.Routing.EndpointMiddleware.<Invoke>g__AwaitRequestTask|6_0(Endpoint endpoint, Task requestTask, ILogger logger)
   at WebApplication1.Utilitlies.JwtMiddleware.InvokeAsync(HttpContext context) in C:\Users\navneetkumar.t\source\repos\navneetthakor\RKIT-reconsile\4_DotNet_Core\Final_Demo_DNC\WebApplication1\WebApplication1\Utilitlies\JwtMiddleware.cs:line 34
   at Swashbuckle.AspNetCore.SwaggerUI.SwaggerUIMiddleware.Invoke(HttpContext httpContext)
   at Swashbuckle.AspNetCore.Swagger.SwaggerMiddleware.Invoke(HttpContext httpContext, ISwaggerProvider swaggerProvider)
   at Microsoft.AspNetCore.Authorization.AuthorizationMiddleware.Invoke(HttpContext context)
   at Microsoft.AspNetCore.Authentication.AuthenticationMiddleware.Invoke(HttpContext context)
   at Microsoft.AspNetCore.Diagnostics.DeveloperExceptionPageMiddlewareImpl.Invoke(HttpContext context)
2025-04-14 14:33:18.0519 | ERROR | An unhandled exception has occurred while executing the request. MySql.Data.MySqlClient.MySqlException (0x80004005): error connecting: Timeout expired.  The timeout period elapsed prior to obtaining a connection from the pool.  This may have occurred because all pooled connections were in use and max pool size was reached
   at MySql.Data.MySqlClient.MySqlPool.GetConnectionAsync(Boolean execAsync, CancellationToken cancellationToken)
   at MySql.Data.MySqlClient.MySqlConnection.OpenAsync(Boolean execAsync, CancellationToken cancellationToken)
   at MySql.Data.MySqlClient.MySqlConnection.Open()
   at ServiceStack.OrmLite.OrmLiteConnection.Open() in /home/runner/work/ServiceStack/ServiceStack/ServiceStack.OrmLite/src/ServiceStack.OrmLite/OrmLiteConnection.cs:line 149
   at ServiceStack.OrmLite.OrmLiteConnectionFactory.OpenDbConnection() in /home/runner/work/ServiceStack/ServiceStack/ServiceStack.OrmLite/src/ServiceStack.OrmLite/OrmLiteConnectionFactory.cs:line 98
   at WebApplication1.Utilitlies.DatabaseService..ctor() in C:\Users\navneetkumar.t\source\repos\navneetthakor\RKIT-reconsile\4_DotNet_Core\Final_Demo_DNC\WebApplication1\WebApplication1\Utilitlies\DatabaseService.cs:line 20
   at ResolveService(ILEmitResolverBuilderRuntimeContext, ServiceProviderEngineScope)
   at Microsoft.Extensions.DependencyInjection.ServiceProvider.GetService(Type serviceType, ServiceProviderEngineScope serviceProviderEngineScope)
   at lambda_method4(Closure, IServiceProvider, Object[])
   at Microsoft.AspNetCore.Mvc.Controllers.ControllerFactoryProvider.<>c__DisplayClass6_0.<CreateControllerFactory>g__CreateController|0(ControllerContext controllerContext)
   at Microsoft.AspNetCore.Mvc.Infrastructure.ControllerActionInvoker.Next(State& next, Scope& scope, Object& state, Boolean& isCompleted)
   at Microsoft.AspNetCore.Mvc.Infrastructure.ControllerActionInvoker.InvokeInnerFilterAsync()
--- End of stack trace from previous location ---
   at Microsoft.AspNetCore.Mvc.Infrastructure.ResourceInvoker.<InvokeFilterPipelineAsync>g__Awaited|20_0(ResourceInvoker invoker, Task lastTask, State next, Scope scope, Object state, Boolean isCompleted)
   at Microsoft.AspNetCore.Mvc.Infrastructure.ResourceInvoker.<InvokeAsync>g__Logged|17_1(ResourceInvoker invoker)
   at Microsoft.AspNetCore.Mvc.Infrastructure.ResourceInvoker.<InvokeAsync>g__Logged|17_1(ResourceInvoker invoker)
   at Microsoft.AspNetCore.Routing.EndpointMiddleware.<Invoke>g__AwaitRequestTask|6_0(Endpoint endpoint, Task requestTask, ILogger logger)
   at WebApplication1.Utilitlies.JwtMiddleware.InvokeAsync(HttpContext context) in C:\Users\navneetkumar.t\source\repos\navneetthakor\RKIT-reconsile\4_DotNet_Core\Final_Demo_DNC\WebApplication1\WebApplication1\Utilitlies\JwtMiddleware.cs:line 34
   at Swashbuckle.AspNetCore.SwaggerUI.SwaggerUIMiddleware.Invoke(HttpContext httpContext)
   at Swashbuckle.AspNetCore.Swagger.SwaggerMiddleware.Invoke(HttpContext httpContext, ISwaggerProvider swaggerProvider)
   at Microsoft.AspNetCore.Authorization.AuthorizationMiddleware.Invoke(HttpContext context)
   at Microsoft.AspNetCore.Authentication.AuthenticationMiddleware.Invoke(HttpContext context)
   at Microsoft.AspNetCore.Diagnostics.DeveloperExceptionPageMiddlewareImpl.Invoke(HttpContext context)
2025-04-14 14:33:18.1121 | ERROR | An unhandled exception has occurred while executing the request. MySql.Data.MySqlClient.MySqlException (0x80004005): error connecting: Timeout expired.  The timeout period elapsed prior to obtaining a connection from the pool.  This may have occurred because all pooled connections were in use and max pool size was reached
   at MySql.Data.MySqlClient.MySqlPool.GetConnectionAsync(Boolean execAsync, CancellationToken cancellationToken)
   at MySql.Data.MySqlClient.MySqlConnection.OpenAsync(Boolean execAsync, CancellationToken cancellationToken)
   at MySql.Data.MySqlClient.MySqlConnection.Open()
   at ServiceStack.OrmLite.OrmLiteConnection.Open() in /home/runner/work/ServiceStack/ServiceStack/ServiceStack.OrmLite/src/ServiceStack.OrmLite/OrmLiteConnection.cs:line 149
   at ServiceStack.OrmLite.OrmLiteConnectionFactory.OpenDbConnection() in /home/runner/work/ServiceStack/ServiceStack/ServiceStack.OrmLite/src/ServiceStack.OrmLite/OrmLiteConnectionFactory.cs:line 98
   at WebApplication1.Utilitlies.DatabaseService..ctor() in C:\Users\navneetkumar.t\source\repos\navneetthakor\RKIT-reconsile\4_DotNet_Core\Final_Demo_DNC\WebApplication1\WebApplication1\Utilitlies\DatabaseService.cs:line 20
   at ResolveService(ILEmitResolverBuilderRuntimeContext, ServiceProviderEngineScope)
   at Microsoft.Extensions.DependencyInjection.ServiceProvider.GetService(Type serviceType, ServiceProviderEngineScope serviceProviderEngineScope)
   at lambda_method4(Closure, IServiceProvider, Object[])
   at Microsoft.AspNetCore.Mvc.Controllers.ControllerFactoryProvider.<>c__DisplayClass6_0.<CreateControllerFactory>g__CreateController|0(ControllerContext controllerContext)
   at Microsoft.AspNetCore.Mvc.Infrastructure.ControllerActionInvoker.Next(State& next, Scope& scope, Object& state, Boolean& isCompleted)
   at Microsoft.AspNetCore.Mvc.Infrastructure.ControllerActionInvoker.InvokeInnerFilterAsync()
--- End of stack trace from previous location ---
   at Microsoft.AspNetCore.Mvc.Infrastructure.ResourceInvoker.<InvokeFilterPipelineAsync>g__Awaited|20_0(ResourceInvoker invoker, Task lastTask, State next, Scope scope, Object state, Boolean isCompleted)
   at Microsoft.AspNetCore.Mvc.Infrastructure.ResourceInvoker.<InvokeAsync>g__Logged|17_1(ResourceInvoker invoker)
   at Microsoft.AspNetCore.Mvc.Infrastructure.ResourceInvoker.<InvokeAsync>g__Logged|17_1(ResourceInvoker invoker)
   at Microsoft.AspNetCore.Routing.EndpointMiddleware.<Invoke>g__AwaitRequestTask|6_0(Endpoint endpoint, Task requestTask, ILogger logger)
   at WebApplication1.Utilitlies.JwtMiddleware.InvokeAsync(HttpContext context) in C:\Users\navneetkumar.t\source\repos\navneetthakor\RKIT-reconsile\4_DotNet_Core\Final_Demo_DNC\WebApplication1\WebApplication1\Utilitlies\JwtMiddleware.cs:line 34
   at Swashbuckle.AspNetCore.SwaggerUI.SwaggerUIMiddleware.Invoke(HttpContext httpContext)
   at Swashbuckle.AspNetCore.Swagger.SwaggerMiddleware.Invoke(HttpContext httpContext, ISwaggerProvider swaggerProvider)
   at Microsoft.AspNetCore.Authorization.AuthorizationMiddleware.Invoke(HttpContext context)
   at Microsoft.AspNetCore.Authentication.AuthenticationMiddleware.Invoke(HttpContext context)
   at Microsoft.AspNetCore.Diagnostics.DeveloperExceptionPageMiddlewareImpl.Invoke(HttpContext context)
2025-04-14 14:55:15.8240 | ERROR | An unhandled exception has occurred while executing the request. MySql.Data.MySqlClient.MySqlException (0x80004005): error connecting: Timeout expired.  The timeout period elapsed prior to obtaining a connection from the pool.  This may have occurred because all pooled connections were in use and max pool size was reached
   at MySql.Data.MySqlClient.MySqlPool.GetConnectionAsync(Boolean execAsync, CancellationToken cancellationToken)
   at MySql.Data.MySqlClient.MySqlConnection.OpenAsync(Boolean execAsync, CancellationToken cancellationToken)
   at MySql.Data.MySqlClient.MySqlConnection.Open()
   at ServiceStack.OrmLite.OrmLiteConnection.Open() in /home/runner/work/ServiceStack/ServiceStack/ServiceStack.OrmLite/src/ServiceStack.OrmLite/OrmLiteConnection.cs:line 149
   at ServiceStack.OrmLite.OrmLiteConnectionFactory.OpenDbConnection() in /home/runner/work/ServiceStack/ServiceStack/ServiceStack.OrmLite/src/ServiceStack.OrmLite/OrmLiteConnectionFactory.cs:line 98
   at WebApplication1.Utilitlies.DatabaseService..ctor() in C:\Users\navneetkumar.t\source\repos\navneetthakor\RKIT-reconsile\4_DotNet_Core\Final_Demo_DNC\WebApplication1\WebApplication1\Utilitlies\DatabaseService.cs:line 20
   at ResolveService(ILEmitResolverBuilderRuntimeContext, ServiceProviderEngineScope)
   at Microsoft.Extensions.DependencyInjection.ServiceProvider.GetService(Type serviceType, ServiceProviderEngineScope serviceProviderEngineScope)
   at lambda_method4(Closure, IServiceProvider, Object[])
   at Microsoft.AspNetCore.Mvc.Controllers.ControllerFactoryProvider.<>c__DisplayClass6_0.<CreateControllerFactory>g__CreateController|0(ControllerContext controllerContext)
   at Microsoft.AspNetCore.Mvc.Infrastructure.ControllerActionInvoker.Next(State& next, Scope& scope, Object& state, Boolean& isCompleted)
   at Microsoft.AspNetCore.Mvc.Infrastructure.ControllerActionInvoker.InvokeInnerFilterAsync()
--- End of stack trace from previous location ---
   at Microsoft.AspNetCore.Mvc.Infrastructure.ResourceInvoker.<InvokeFilterPipelineAsync>g__Awaited|20_0(ResourceInvoker invoker, Task lastTask, State next, Scope scope, Object state, Boolean isCompleted)
   at Microsoft.AspNetCore.Mvc.Infrastructure.ResourceInvoker.<InvokeAsync>g__Logged|17_1(ResourceInvoker invoker)
   at Microsoft.AspNetCore.Mvc.Infrastructure.ResourceInvoker.<InvokeAsync>g__Logged|17_1(ResourceInvoker invoker)
   at Microsoft.AspNetCore.Routing.EndpointMiddleware.<Invoke>g__AwaitRequestTask|6_0(Endpoint endpoint, Task requestTask, ILogger logger)
   at WebApplication1.Utilitlies.JwtMiddleware.InvokeAsync(HttpContext context) in C:\Users\navneetkumar.t\source\repos\navneetthakor\RKIT-reconsile\4_DotNet_Core\Final_Demo_DNC\WebApplication1\WebApplication1\Utilitlies\JwtMiddleware.cs:line 34
   at Swashbuckle.AspNetCore.SwaggerUI.SwaggerUIMiddleware.Invoke(HttpContext httpContext)
   at Swashbuckle.AspNetCore.Swagger.SwaggerMiddleware.Invoke(HttpContext httpContext, ISwaggerProvider swaggerProvider)
   at Microsoft.AspNetCore.Authorization.AuthorizationMiddleware.Invoke(HttpContext context)
   at Microsoft.AspNetCore.Authentication.AuthenticationMiddleware.Invoke(HttpContext context)
   at Microsoft.AspNetCore.Diagnostics.DeveloperExceptionPageMiddlewareImpl.Invoke(HttpContext context)
2025-04-14 14:55:25.2315 | ERROR | An unhandled exception has occurred while executing the request. MySql.Data.MySqlClient.MySqlException (0x80004005): error connecting: Timeout expired.  The timeout period elapsed prior to obtaining a connection from the pool.  This may have occurred because all pooled connections were in use and max pool size was reached
   at MySql.Data.MySqlClient.MySqlPool.GetConnectionAsync(Boolean execAsync, CancellationToken cancellationToken)
   at MySql.Data.MySqlClient.MySqlConnection.OpenAsync(Boolean execAsync, CancellationToken cancellationToken)
   at MySql.Data.MySqlClient.MySqlConnection.Open()
   at ServiceStack.OrmLite.OrmLiteConnection.Open() in /home/runner/work/ServiceStack/ServiceStack/ServiceStack.OrmLite/src/ServiceStack.OrmLite/OrmLiteConnection.cs:line 149
   at ServiceStack.OrmLite.OrmLiteConnectionFactory.OpenDbConnection() in /home/runner/work/ServiceStack/ServiceStack/ServiceStack.OrmLite/src/ServiceStack.OrmLite/OrmLiteConnectionFactory.cs:line 98
   at WebApplication1.Utilitlies.DatabaseService..ctor() in C:\Users\navneetkumar.t\source\repos\navneetthakor\RKIT-reconsile\4_DotNet_Core\Final_Demo_DNC\WebApplication1\WebApplication1\Utilitlies\DatabaseService.cs:line 20
   at ResolveService(ILEmitResolverBuilderRuntimeContext, ServiceProviderEngineScope)
   at Microsoft.Extensions.DependencyInjection.ServiceProvider.GetService(Type serviceType, ServiceProviderEngineScope serviceProviderEngineScope)
   at lambda_method4(Closure, IServiceProvider, Object[])
   at Microsoft.AspNetCore.Mvc.Controllers.ControllerFactoryProvider.<>c__DisplayClass6_0.<CreateControllerFactory>g__CreateController|0(ControllerContext controllerContext)
   at Microsoft.AspNetCore.Mvc.Infrastructure.ControllerActionInvoker.Next(State& next, Scope& scope, Object& state, Boolean& isCompleted)
   at Microsoft.AspNetCore.Mvc.Infrastructure.ControllerActionInvoker.InvokeInnerFilterAsync()
--- End of stack trace from previous location ---
   at Microsoft.AspNetCore.Mvc.Infrastructure.ResourceInvoker.<InvokeFilterPipelineAsync>g__Awaited|20_0(ResourceInvoker invoker, Task lastTask, State next, Scope scope, Object state, Boolean isCompleted)
   at Microsoft.AspNetCore.Mvc.Infrastructure.ResourceInvoker.<InvokeAsync>g__Logged|17_1(ResourceInvoker invoker)
   at Microsoft.AspNetCore.Mvc.Infrastructure.ResourceInvoker.<InvokeAsync>g__Logged|17_1(ResourceInvoker invoker)
   at Microsoft.AspNetCore.Routing.EndpointMiddleware.<Invoke>g__AwaitRequestTask|6_0(Endpoint endpoint, Task requestTask, ILogger logger)
   at WebApplication1.Utilitlies.JwtMiddleware.InvokeAsync(HttpContext context) in C:\Users\navneetkumar.t\source\repos\navneetthakor\RKIT-reconsile\4_DotNet_Core\Final_Demo_DNC\WebApplication1\WebApplication1\Utilitlies\JwtMiddleware.cs:line 34
   at Swashbuckle.AspNetCore.SwaggerUI.SwaggerUIMiddleware.Invoke(HttpContext httpContext)
   at Swashbuckle.AspNetCore.Swagger.SwaggerMiddleware.Invoke(HttpContext httpContext, ISwaggerProvider swaggerProvider)
   at Microsoft.AspNetCore.Authorization.AuthorizationMiddleware.Invoke(HttpContext context)
   at Microsoft.AspNetCore.Authentication.AuthenticationMiddleware.Invoke(HttpContext context)
   at Microsoft.AspNetCore.Diagnostics.DeveloperExceptionPageMiddlewareImpl.Invoke(HttpContext context)
2025-04-14 14:57:02.5395 | ERROR | An unhandled exception has occurred while executing the request. MySql.Data.MySqlClient.MySqlException (0x80004005): error connecting: Timeout expired.  The timeout period elapsed prior to obtaining a connection from the pool.  This may have occurred because all pooled connections were in use and max pool size was reached
   at MySql.Data.MySqlClient.MySqlPool.GetConnectionAsync(Boolean execAsync, CancellationToken cancellationToken)
   at MySql.Data.MySqlClient.MySqlConnection.OpenAsync(Boolean execAsync, CancellationToken cancellationToken)
   at MySql.Data.MySqlClient.MySqlConnection.Open()
   at ServiceStack.OrmLite.OrmLiteConnection.Open() in /home/runner/work/ServiceStack/ServiceStack/ServiceStack.OrmLite/src/ServiceStack.OrmLite/OrmLiteConnection.cs:line 149
   at ServiceStack.OrmLite.OrmLiteConnectionFactory.OpenDbConnection() in /home/runner/work/ServiceStack/ServiceStack/ServiceStack.OrmLite/src/ServiceStack.OrmLite/OrmLiteConnectionFactory.cs:line 98
   at WebApplication1.Utilitlies.DatabaseService..ctor() in C:\Users\navneetkumar.t\source\repos\navneetthakor\RKIT-reconsile\4_DotNet_Core\Final_Demo_DNC\WebApplication1\WebApplication1\Utilitlies\DatabaseService.cs:line 20
   at ResolveService(ILEmitResolverBuilderRuntimeContext, ServiceProviderEngineScope)
   at Microsoft.Extensions.DependencyInjection.ServiceProvider.GetService(Type serviceType, ServiceProviderEngineScope serviceProviderEngineScope)
   at lambda_method4(Closure, IServiceProvider, Object[])
   at Microsoft.AspNetCore.Mvc.Controllers.ControllerFactoryProvider.<>c__DisplayClass6_0.<CreateControllerFactory>g__CreateController|0(ControllerContext controllerContext)
   at Microsoft.AspNetCore.Mvc.Infrastructure.ControllerActionInvoker.Next(State& next, Scope& scope, Object& state, Boolean& isCompleted)
   at Microsoft.AspNetCore.Mvc.Infrastructure.ControllerActionInvoker.InvokeInnerFilterAsync()
--- End of stack trace from previous location ---
   at Microsoft.AspNetCore.Mvc.Infrastructure.ResourceInvoker.<InvokeFilterPipelineAsync>g__Awaited|20_0(ResourceInvoker invoker, Task lastTask, State next, Scope scope, Object state, Boolean isCompleted)
   at Microsoft.AspNetCore.Mvc.Infrastructure.ResourceInvoker.<InvokeAsync>g__Logged|17_1(ResourceInvoker invoker)
   at Microsoft.AspNetCore.Mvc.Infrastructure.ResourceInvoker.<InvokeAsync>g__Logged|17_1(ResourceInvoker invoker)
   at Microsoft.AspNetCore.Routing.EndpointMiddleware.<Invoke>g__AwaitRequestTask|6_0(Endpoint endpoint, Task requestTask, ILogger logger)
   at WebApplication1.Utilitlies.JwtMiddleware.InvokeAsync(HttpContext context) in C:\Users\navneetkumar.t\source\repos\navneetthakor\RKIT-reconsile\4_DotNet_Core\Final_Demo_DNC\WebApplication1\WebApplication1\Utilitlies\JwtMiddleware.cs:line 34
   at Swashbuckle.AspNetCore.SwaggerUI.SwaggerUIMiddleware.Invoke(HttpContext httpContext)
   at Swashbuckle.AspNetCore.Swagger.SwaggerMiddleware.Invoke(HttpContext httpContext, ISwaggerProvider swaggerProvider)
   at Microsoft.AspNetCore.Authorization.AuthorizationMiddleware.Invoke(HttpContext context)
   at Microsoft.AspNetCore.Authentication.AuthenticationMiddleware.Invoke(HttpContext context)
   at Microsoft.AspNetCore.Diagnostics.DeveloperExceptionPageMiddlewareImpl.Invoke(HttpContext context)
2025-04-14 14:57:28.5846 | ERROR | An unhandled exception has occurred while executing the request. MySql.Data.MySqlClient.MySqlException (0x80004005): error connecting: Timeout expired.  The timeout period elapsed prior to obtaining a connection from the pool.  This may have occurred because all pooled connections were in use and max pool size was reached
   at MySql.Data.MySqlClient.MySqlPool.GetConnectionAsync(Boolean execAsync, CancellationToken cancellationToken)
   at MySql.Data.MySqlClient.MySqlConnection.OpenAsync(Boolean execAsync, CancellationToken cancellationToken)
   at MySql.Data.MySqlClient.MySqlConnection.Open()
   at ServiceStack.OrmLite.OrmLiteConnection.Open() in /home/runner/work/ServiceStack/ServiceStack/ServiceStack.OrmLite/src/ServiceStack.OrmLite/OrmLiteConnection.cs:line 149
   at ServiceStack.OrmLite.OrmLiteConnectionFactory.OpenDbConnection() in /home/runner/work/ServiceStack/ServiceStack/ServiceStack.OrmLite/src/ServiceStack.OrmLite/OrmLiteConnectionFactory.cs:line 98
   at WebApplication1.Utilitlies.DatabaseService..ctor() in C:\Users\navneetkumar.t\source\repos\navneetthakor\RKIT-reconsile\4_DotNet_Core\Final_Demo_DNC\WebApplication1\WebApplication1\Utilitlies\DatabaseService.cs:line 20
   at ResolveService(ILEmitResolverBuilderRuntimeContext, ServiceProviderEngineScope)
   at Microsoft.Extensions.DependencyInjection.ServiceProvider.GetService(Type serviceType, ServiceProviderEngineScope serviceProviderEngineScope)
   at lambda_method4(Closure, IServiceProvider, Object[])
   at Microsoft.AspNetCore.Mvc.Controllers.ControllerFactoryProvider.<>c__DisplayClass6_0.<CreateControllerFactory>g__CreateController|0(ControllerContext controllerContext)
   at Microsoft.AspNetCore.Mvc.Infrastructure.ControllerActionInvoker.Next(State& next, Scope& scope, Object& state, Boolean& isCompleted)
   at Microsoft.AspNetCore.Mvc.Infrastructure.ControllerActionInvoker.InvokeInnerFilterAsync()
--- End of stack trace from previous location ---
   at Microsoft.AspNetCore.Mvc.Infrastructure.ResourceInvoker.<InvokeFilterPipelineAsync>g__Awaited|20_0(ResourceInvoker invoker, Task lastTask, State next, Scope scope, Object state, Boolean isCompleted)
   at Microsoft.AspNetCore.Mvc.Infrastructure.ResourceInvoker.<InvokeAsync>g__Logged|17_1(ResourceInvoker invoker)
   at Microsoft.AspNetCore.Mvc.Infrastructure.ResourceInvoker.<InvokeAsync>g__Logged|17_1(ResourceInvoker invoker)
   at Microsoft.AspNetCore.Routing.EndpointMiddleware.<Invoke>g__AwaitRequestTask|6_0(Endpoint endpoint, Task requestTask, ILogger logger)
   at WebApplication1.Utilitlies.JwtMiddleware.InvokeAsync(HttpContext context) in C:\Users\navneetkumar.t\source\repos\navneetthakor\RKIT-reconsile\4_DotNet_Core\Final_Demo_DNC\WebApplication1\WebApplication1\Utilitlies\JwtMiddleware.cs:line 34
   at Swashbuckle.AspNetCore.SwaggerUI.SwaggerUIMiddleware.Invoke(HttpContext httpContext)
   at Swashbuckle.AspNetCore.Swagger.SwaggerMiddleware.Invoke(HttpContext httpContext, ISwaggerProvider swaggerProvider)
   at Microsoft.AspNetCore.Authorization.AuthorizationMiddleware.Invoke(HttpContext context)
   at Microsoft.AspNetCore.Authentication.AuthenticationMiddleware.Invoke(HttpContext context)
   at Microsoft.AspNetCore.Diagnostics.DeveloperExceptionPageMiddlewareImpl.Invoke(HttpContext context)
2025-04-14 14:57:35.7099 | ERROR | An unhandled exception has occurred while executing the request. MySql.Data.MySqlClient.MySqlException (0x80004005): error connecting: Timeout expired.  The timeout period elapsed prior to obtaining a connection from the pool.  This may have occurred because all pooled connections were in use and max pool size was reached
   at MySql.Data.MySqlClient.MySqlPool.GetConnectionAsync(Boolean execAsync, CancellationToken cancellationToken)
   at MySql.Data.MySqlClient.MySqlConnection.OpenAsync(Boolean execAsync, CancellationToken cancellationToken)
   at MySql.Data.MySqlClient.MySqlConnection.Open()
   at ServiceStack.OrmLite.OrmLiteConnection.Open() in /home/runner/work/ServiceStack/ServiceStack/ServiceStack.OrmLite/src/ServiceStack.OrmLite/OrmLiteConnection.cs:line 149
   at ServiceStack.OrmLite.OrmLiteConnectionFactory.OpenDbConnection() in /home/runner/work/ServiceStack/ServiceStack/ServiceStack.OrmLite/src/ServiceStack.OrmLite/OrmLiteConnectionFactory.cs:line 98
   at WebApplication1.Utilitlies.DatabaseService..ctor() in C:\Users\navneetkumar.t\source\repos\navneetthakor\RKIT-reconsile\4_DotNet_Core\Final_Demo_DNC\WebApplication1\WebApplication1\Utilitlies\DatabaseService.cs:line 20
   at ResolveService(ILEmitResolverBuilderRuntimeContext, ServiceProviderEngineScope)
   at Microsoft.Extensions.DependencyInjection.ServiceProvider.GetService(Type serviceType, ServiceProviderEngineScope serviceProviderEngineScope)
   at lambda_method4(Closure, IServiceProvider, Object[])
   at Microsoft.AspNetCore.Mvc.Controllers.ControllerFactoryProvider.<>c__DisplayClass6_0.<CreateControllerFactory>g__CreateController|0(ControllerContext controllerContext)
   at Microsoft.AspNetCore.Mvc.Infrastructure.ControllerActionInvoker.Next(State& next, Scope& scope, Object& state, Boolean& isCompleted)
   at Microsoft.AspNetCore.Mvc.Infrastructure.ControllerActionInvoker.InvokeInnerFilterAsync()
--- End of stack trace from previous location ---
   at Microsoft.AspNetCore.Mvc.Infrastructure.ResourceInvoker.<InvokeFilterPipelineAsync>g__Awaited|20_0(ResourceInvoker invoker, Task lastTask, State next, Scope scope, Object state, Boolean isCompleted)
   at Microsoft.AspNetCore.Mvc.Infrastructure.ResourceInvoker.<InvokeAsync>g__Logged|17_1(ResourceInvoker invoker)
   at Microsoft.AspNetCore.Mvc.Infrastructure.ResourceInvoker.<InvokeAsync>g__Logged|17_1(ResourceInvoker invoker)
   at Microsoft.AspNetCore.Routing.EndpointMiddleware.<Invoke>g__AwaitRequestTask|6_0(Endpoint endpoint, Task requestTask, ILogger logger)
   at WebApplication1.Utilitlies.JwtMiddleware.InvokeAsync(HttpContext context) in C:\Users\navneetkumar.t\source\repos\navneetthakor\RKIT-reconsile\4_DotNet_Core\Final_Demo_DNC\WebApplication1\WebApplication1\Utilitlies\JwtMiddleware.cs:line 34
   at Swashbuckle.AspNetCore.SwaggerUI.SwaggerUIMiddleware.Invoke(HttpContext httpContext)
   at Swashbuckle.AspNetCore.Swagger.SwaggerMiddleware.Invoke(HttpContext httpContext, ISwaggerProvider swaggerProvider)
   at Microsoft.AspNetCore.Authorization.AuthorizationMiddleware.Invoke(HttpContext context)
   at Microsoft.AspNetCore.Authentication.AuthenticationMiddleware.Invoke(HttpContext context)
   at Microsoft.AspNetCore.Diagnostics.DeveloperExceptionPageMiddlewareImpl.Invoke(HttpContext context)
2025-04-14 14:57:41.5229 | ERROR | An unhandled exception has occurred while executing the request. MySql.Data.MySqlClient.MySqlException (0x80004005): error connecting: Timeout expired.  The timeout period elapsed prior to obtaining a connection from the pool.  This may have occurred because all pooled connections were in use and max pool size was reached
   at MySql.Data.MySqlClient.MySqlPool.GetConnectionAsync(Boolean execAsync, CancellationToken cancellationToken)
   at MySql.Data.MySqlClient.MySqlConnection.OpenAsync(Boolean execAsync, CancellationToken cancellationToken)
   at MySql.Data.MySqlClient.MySqlConnection.Open()
   at ServiceStack.OrmLite.OrmLiteConnection.Open() in /home/runner/work/ServiceStack/ServiceStack/ServiceStack.OrmLite/src/ServiceStack.OrmLite/OrmLiteConnection.cs:line 149
   at ServiceStack.OrmLite.OrmLiteConnectionFactory.OpenDbConnection() in /home/runner/work/ServiceStack/ServiceStack/ServiceStack.OrmLite/src/ServiceStack.OrmLite/OrmLiteConnectionFactory.cs:line 98
   at WebApplication1.Utilitlies.DatabaseService..ctor() in C:\Users\navneetkumar.t\source\repos\navneetthakor\RKIT-reconsile\4_DotNet_Core\Final_Demo_DNC\WebApplication1\WebApplication1\Utilitlies\DatabaseService.cs:line 20
   at ResolveService(ILEmitResolverBuilderRuntimeContext, ServiceProviderEngineScope)
   at Microsoft.Extensions.DependencyInjection.ServiceProvider.GetService(Type serviceType, ServiceProviderEngineScope serviceProviderEngineScope)
   at lambda_method4(Closure, IServiceProvider, Object[])
   at Microsoft.AspNetCore.Mvc.Controllers.ControllerFactoryProvider.<>c__DisplayClass6_0.<CreateControllerFactory>g__CreateController|0(ControllerContext controllerContext)
   at Microsoft.AspNetCore.Mvc.Infrastructure.ControllerActionInvoker.Next(State& next, Scope& scope, Object& state, Boolean& isCompleted)
   at Microsoft.AspNetCore.Mvc.Infrastructure.ControllerActionInvoker.InvokeInnerFilterAsync()
--- End of stack trace from previous location ---
   at Microsoft.AspNetCore.Mvc.Infrastructure.ResourceInvoker.<InvokeFilterPipelineAsync>g__Awaited|20_0(ResourceInvoker invoker, Task lastTask, State next, Scope scope, Object state, Boolean isCompleted)
   at Microsoft.AspNetCore.Mvc.Infrastructure.ResourceInvoker.<InvokeAsync>g__Logged|17_1(ResourceInvoker invoker)
   at Microsoft.AspNetCore.Mvc.Infrastructure.ResourceInvoker.<InvokeAsync>g__Logged|17_1(ResourceInvoker invoker)
   at Microsoft.AspNetCore.Routing.EndpointMiddleware.<Invoke>g__AwaitRequestTask|6_0(Endpoint endpoint, Task requestTask, ILogger logger)
   at WebApplication1.Utilitlies.JwtMiddleware.InvokeAsync(HttpContext context) in C:\Users\navneetkumar.t\source\repos\navneetthakor\RKIT-reconsile\4_DotNet_Core\Final_Demo_DNC\WebApplication1\WebApplication1\Utilitlies\JwtMiddleware.cs:line 34
   at Swashbuckle.AspNetCore.SwaggerUI.SwaggerUIMiddleware.Invoke(HttpContext httpContext)
   at Swashbuckle.AspNetCore.Swagger.SwaggerMiddleware.Invoke(HttpContext httpContext, ISwaggerProvider swaggerProvider)
   at Microsoft.AspNetCore.Authorization.AuthorizationMiddleware.Invoke(HttpContext context)
   at Microsoft.AspNetCore.Authentication.AuthenticationMiddleware.Invoke(HttpContext context)
   at Microsoft.AspNetCore.Diagnostics.DeveloperExceptionPageMiddlewareImpl.Invoke(HttpContext context)
2025-04-14 14:58:22.1451 | ERROR | An unhandled exception has occurred while executing the request. MySql.Data.MySqlClient.MySqlException (0x80004005): error connecting: Timeout expired.  The timeout period elapsed prior to obtaining a connection from the pool.  This may have occurred because all pooled connections were in use and max pool size was reached
   at MySql.Data.MySqlClient.MySqlPool.GetConnectionAsync(Boolean execAsync, CancellationToken cancellationToken)
   at MySql.Data.MySqlClient.MySqlConnection.OpenAsync(Boolean execAsync, CancellationToken cancellationToken)
   at MySql.Data.MySqlClient.MySqlConnection.Open()
   at ServiceStack.OrmLite.OrmLiteConnection.Open() in /home/runner/work/ServiceStack/ServiceStack/ServiceStack.OrmLite/src/ServiceStack.OrmLite/OrmLiteConnection.cs:line 149
   at ServiceStack.OrmLite.OrmLiteConnectionFactory.OpenDbConnection() in /home/runner/work/ServiceStack/ServiceStack/ServiceStack.OrmLite/src/ServiceStack.OrmLite/OrmLiteConnectionFactory.cs:line 98
   at WebApplication1.Utilitlies.DatabaseService..ctor() in C:\Users\navneetkumar.t\source\repos\navneetthakor\RKIT-reconsile\4_DotNet_Core\Final_Demo_DNC\WebApplication1\WebApplication1\Utilitlies\DatabaseService.cs:line 20
   at ResolveService(ILEmitResolverBuilderRuntimeContext, ServiceProviderEngineScope)
   at Microsoft.Extensions.DependencyInjection.ServiceProvider.GetService(Type serviceType, ServiceProviderEngineScope serviceProviderEngineScope)
   at lambda_method4(Closure, IServiceProvider, Object[])
   at Microsoft.AspNetCore.Mvc.Controllers.ControllerFactoryProvider.<>c__DisplayClass6_0.<CreateControllerFactory>g__CreateController|0(ControllerContext controllerContext)
   at Microsoft.AspNetCore.Mvc.Infrastructure.ControllerActionInvoker.Next(State& next, Scope& scope, Object& state, Boolean& isCompleted)
   at Microsoft.AspNetCore.Mvc.Infrastructure.ControllerActionInvoker.InvokeInnerFilterAsync()
--- End of stack trace from previous location ---
   at Microsoft.AspNetCore.Mvc.Infrastructure.ResourceInvoker.<InvokeFilterPipelineAsync>g__Awaited|20_0(ResourceInvoker invoker, Task lastTask, State next, Scope scope, Object state, Boolean isCompleted)
   at Microsoft.AspNetCore.Mvc.Infrastructure.ResourceInvoker.<InvokeAsync>g__Logged|17_1(ResourceInvoker invoker)
   at Microsoft.AspNetCore.Mvc.Infrastructure.ResourceInvoker.<InvokeAsync>g__Logged|17_1(ResourceInvoker invoker)
   at Microsoft.AspNetCore.Routing.EndpointMiddleware.<Invoke>g__AwaitRequestTask|6_0(Endpoint endpoint, Task requestTask, ILogger logger)
   at WebApplication1.Utilitlies.JwtMiddleware.InvokeAsync(HttpContext context) in C:\Users\navneetkumar.t\source\repos\navneetthakor\RKIT-reconsile\4_DotNet_Core\Final_Demo_DNC\WebApplication1\WebApplication1\Utilitlies\JwtMiddleware.cs:line 34
   at Swashbuckle.AspNetCore.SwaggerUI.SwaggerUIMiddleware.Invoke(HttpContext httpContext)
   at Swashbuckle.AspNetCore.Swagger.SwaggerMiddleware.Invoke(HttpContext httpContext, ISwaggerProvider swaggerProvider)
   at Microsoft.AspNetCore.Authorization.AuthorizationMiddleware.Invoke(HttpContext context)
   at Microsoft.AspNetCore.Authentication.AuthenticationMiddleware.Invoke(HttpContext context)
   at Microsoft.AspNetCore.Diagnostics.DeveloperExceptionPageMiddlewareImpl.Invoke(HttpContext context)
