2025-04-15 16:39:03.6891 | TRACE | All hosts are allowed. 
2025-04-15 16:39:04.0278 | TRACE | All hosts are allowed. 
2025-04-15 16:39:04.4057 | TRACE | All hosts are allowed. 
2025-04-15 16:39:04.5407 | TRACE | All hosts are allowed. 
2025-04-15 16:39:04.9871 | TRACE | All hosts are allowed. 
2025-04-15 16:39:05.5612 | TRACE | Action Filter: Before executing OnActionExecuting on filter Microsoft.AspNetCore.Mvc.ModelBinding.UnsupportedContentTypeFilter. 
2025-04-15 16:39:05.5612 | TRACE | Action Filter: Before executing OnActionExecuting on filter Microsoft.AspNetCore.Mvc.ModelBinding.UnsupportedContentTypeFilter. 
2025-04-15 16:39:05.5612 | TRACE | Action Filter: Before executing OnActionExecuting on filter Microsoft.AspNetCore.Mvc.ModelBinding.UnsupportedContentTypeFilter. 
2025-04-15 16:39:05.5612 | TRACE | Action Filter: After executing OnActionExecuting on filter Microsoft.AspNetCore.Mvc.ModelBinding.UnsupportedContentTypeFilter. 
2025-04-15 16:39:05.5612 | TRACE | Action Filter: After executing OnActionExecuting on filter Microsoft.AspNetCore.Mvc.ModelBinding.UnsupportedContentTypeFilter. 
2025-04-15 16:39:05.5612 | TRACE | Action Filter: Before executing OnActionExecuting on filter Microsoft.AspNetCore.Mvc.Infrastructure.ModelStateInvalidFilter. 
2025-04-15 16:39:05.5612 | TRACE | Action Filter: Before executing OnActionExecuting on filter Microsoft.AspNetCore.Mvc.Infrastructure.ModelStateInvalidFilter. 
2025-04-15 16:39:05.5612 | TRACE | Action Filter: After executing OnActionExecuting on filter Microsoft.AspNetCore.Mvc.Infrastructure.ModelStateInvalidFilter. 
2025-04-15 16:39:05.5612 | TRACE | Action Filter: After executing OnActionExecuting on filter Microsoft.AspNetCore.Mvc.Infrastructure.ModelStateInvalidFilter. 
2025-04-15 16:39:05.5612 | TRACE | Action Filter: After executing OnActionExecuting on filter Microsoft.AspNetCore.Mvc.ModelBinding.UnsupportedContentTypeFilter. 
2025-04-15 16:39:05.5612 | TRACE | Action Filter: Before executing OnActionExecuting on filter Microsoft.AspNetCore.Mvc.ModelBinding.UnsupportedContentTypeFilter. 
2025-04-15 16:39:05.5612 | TRACE | Action Filter: Before executing OnActionExecuting on filter Microsoft.AspNetCore.Mvc.Infrastructure.ModelStateInvalidFilter. 
2025-04-15 16:39:05.5612 | TRACE | Action Filter: After executing OnActionExecuting on filter Microsoft.AspNetCore.Mvc.ModelBinding.UnsupportedContentTypeFilter. 
2025-04-15 16:39:05.5612 | TRACE | Action Filter: After executing OnActionExecuting on filter Microsoft.AspNetCore.Mvc.Infrastructure.ModelStateInvalidFilter. 
2025-04-15 16:39:05.5612 | TRACE | Action Filter: Before executing OnActionExecuting on filter Microsoft.AspNetCore.Mvc.Infrastructure.ModelStateInvalidFilter. 
2025-04-15 16:39:05.5612 | TRACE | Action Filter: After executing OnActionExecuting on filter Microsoft.AspNetCore.Mvc.Infrastructure.ModelStateInvalidFilter. 
2025-04-15 16:39:05.5612 | TRACE | Executing action method WebApplication1.Controller.AuthorController.GetAllBooks2 (WebApplication1) with arguments (0, 2, a03F01, 1) 
2025-04-15 16:39:05.5612 | TRACE | Executing action method WebApplication1.Controller.AuthorController.GetAllBooks2 (WebApplication1) with arguments (0, 2, a03F01, 1) 
2025-04-15 16:39:05.5612 | TRACE | Executing action method WebApplication1.Controller.AuthorController.GetAllBooks2 (WebApplication1) with arguments (0, 2, a03F01, 1) 
2025-04-15 16:39:05.5612 | TRACE | Executing action method WebApplication1.Controller.AuthorController.GetAllBooks2 (WebApplication1) with arguments (0, 2, a03F01, 1) 
2025-04-15 16:39:05.7766 | TRACE | All hosts are allowed. 
2025-04-15 16:39:05.8018 | TRACE | Action Filter: Before executing OnActionExecuting on filter Microsoft.AspNetCore.Mvc.ModelBinding.UnsupportedContentTypeFilter. 
2025-04-15 16:39:05.8018 | TRACE | Action Filter: After executing OnActionExecuting on filter Microsoft.AspNetCore.Mvc.ModelBinding.UnsupportedContentTypeFilter. 
2025-04-15 16:39:05.8018 | TRACE | Action Filter: Before executing OnActionExecuting on filter Microsoft.AspNetCore.Mvc.Infrastructure.ModelStateInvalidFilter. 
2025-04-15 16:39:05.8018 | TRACE | Action Filter: After executing OnActionExecuting on filter Microsoft.AspNetCore.Mvc.Infrastructure.ModelStateInvalidFilter. 
2025-04-15 16:39:05.8018 | TRACE | Executing action method WebApplication1.Controller.AuthorController.GetAllBooks2 (WebApplication1) with arguments (0, 2, a03F01, 1) 
2025-04-15 16:39:05.8615 | TRACE | Action Filter: Before executing OnActionExecuted on filter Microsoft.AspNetCore.Mvc.Infrastructure.ModelStateInvalidFilter. 
2025-04-15 16:39:05.8615 | TRACE | Action Filter: Before executing OnActionExecuted on filter Microsoft.AspNetCore.Mvc.Infrastructure.ModelStateInvalidFilter. 
2025-04-15 16:39:05.8615 | TRACE | Action Filter: Before executing OnActionExecuted on filter Microsoft.AspNetCore.Mvc.Infrastructure.ModelStateInvalidFilter. 
2025-04-15 16:39:05.8615 | TRACE | Action Filter: Before executing OnActionExecuted on filter Microsoft.AspNetCore.Mvc.Infrastructure.ModelStateInvalidFilter. 
2025-04-15 16:39:05.8615 | TRACE | Action Filter: After executing OnActionExecuted on filter Microsoft.AspNetCore.Mvc.Infrastructure.ModelStateInvalidFilter. 
2025-04-15 16:39:05.8615 | TRACE | Action Filter: After executing OnActionExecuted on filter Microsoft.AspNetCore.Mvc.Infrastructure.ModelStateInvalidFilter. 
2025-04-15 16:39:05.8615 | TRACE | Action Filter: Before executing OnActionExecuted on filter Microsoft.AspNetCore.Mvc.ModelBinding.UnsupportedContentTypeFilter. 
2025-04-15 16:39:05.8615 | TRACE | Action Filter: After executing OnActionExecuted on filter Microsoft.AspNetCore.Mvc.Infrastructure.ModelStateInvalidFilter. 
2025-04-15 16:39:05.8615 | TRACE | Action Filter: After executing OnActionExecuted on filter Microsoft.AspNetCore.Mvc.ModelBinding.UnsupportedContentTypeFilter. 
2025-04-15 16:39:05.8615 | TRACE | Action Filter: After executing OnActionExecuted on filter Microsoft.AspNetCore.Mvc.Infrastructure.ModelStateInvalidFilter. 
2025-04-15 16:39:05.8615 | TRACE | Action Filter: Before executing OnActionExecuted on filter Microsoft.AspNetCore.Mvc.ModelBinding.UnsupportedContentTypeFilter. 
2025-04-15 16:39:05.8615 | TRACE | Action Filter: Before executing OnActionExecuted on filter Microsoft.AspNetCore.Mvc.Infrastructure.ModelStateInvalidFilter. 
2025-04-15 16:39:05.8615 | TRACE | Action Filter: Before executing OnActionExecuted on filter Microsoft.AspNetCore.Mvc.ModelBinding.UnsupportedContentTypeFilter. 
2025-04-15 16:39:05.8615 | TRACE | Action Filter: Before executing OnActionExecuted on filter Microsoft.AspNetCore.Mvc.ModelBinding.UnsupportedContentTypeFilter. 
2025-04-15 16:39:05.8615 | TRACE | Action Filter: After executing OnActionExecuted on filter Microsoft.AspNetCore.Mvc.ModelBinding.UnsupportedContentTypeFilter. 
2025-04-15 16:39:05.8615 | TRACE | Action Filter: After executing OnActionExecuted on filter Microsoft.AspNetCore.Mvc.Infrastructure.ModelStateInvalidFilter. 
2025-04-15 16:39:05.8615 | TRACE | Action Filter: After executing OnActionExecuted on filter Microsoft.AspNetCore.Mvc.ModelBinding.UnsupportedContentTypeFilter. 
2025-04-15 16:39:05.8615 | TRACE | Action Filter: After executing OnActionExecuted on filter Microsoft.AspNetCore.Mvc.ModelBinding.UnsupportedContentTypeFilter. 
2025-04-15 16:39:05.8615 | TRACE | Result Filter: Before executing OnResultExecuting on filter Microsoft.AspNetCore.Mvc.Infrastructure.ClientErrorResultFilter. 
2025-04-15 16:39:05.8615 | TRACE | Result Filter: Before executing OnResultExecuting on filter Microsoft.AspNetCore.Mvc.Infrastructure.ClientErrorResultFilter. 
2025-04-15 16:39:05.8615 | TRACE | Action Filter: Before executing OnActionExecuted on filter Microsoft.AspNetCore.Mvc.ModelBinding.UnsupportedContentTypeFilter. 
2025-04-15 16:39:05.8615 | TRACE | Result Filter: Before executing OnResultExecuting on filter Microsoft.AspNetCore.Mvc.Infrastructure.ClientErrorResultFilter. 
2025-04-15 16:39:05.8615 | TRACE | Result Filter: Before executing OnResultExecuting on filter Microsoft.AspNetCore.Mvc.Infrastructure.ClientErrorResultFilter. 
2025-04-15 16:39:05.8615 | TRACE | Result Filter: After executing OnResultExecuting on filter Microsoft.AspNetCore.Mvc.Infrastructure.ClientErrorResultFilter. 
2025-04-15 16:39:05.8615 | TRACE | Result Filter: After executing OnResultExecuting on filter Microsoft.AspNetCore.Mvc.Infrastructure.ClientErrorResultFilter. 
2025-04-15 16:39:05.8615 | TRACE | Action Filter: After executing OnActionExecuted on filter Microsoft.AspNetCore.Mvc.ModelBinding.UnsupportedContentTypeFilter. 
2025-04-15 16:39:05.8615 | TRACE | Result Filter: After executing OnResultExecuting on filter Microsoft.AspNetCore.Mvc.Infrastructure.ClientErrorResultFilter. 
2025-04-15 16:39:05.8615 | TRACE | Result Filter: After executing OnResultExecuting on filter Microsoft.AspNetCore.Mvc.Infrastructure.ClientErrorResultFilter. 
2025-04-15 16:39:05.8615 | TRACE | Result Filter: Before executing OnResultExecuting on filter Microsoft.AspNetCore.Mvc.Infrastructure.ClientErrorResultFilter. 
2025-04-15 16:39:05.8615 | TRACE | Result Filter: After executing OnResultExecuting on filter Microsoft.AspNetCore.Mvc.Infrastructure.ClientErrorResultFilter. 
2025-04-15 16:39:05.8615 | TRACE | Before executing action result Microsoft.AspNetCore.Mvc.ObjectResult. 
2025-04-15 16:39:05.8615 | TRACE | Before executing action result Microsoft.AspNetCore.Mvc.ObjectResult. 
2025-04-15 16:39:05.8615 | TRACE | Before executing action result Microsoft.AspNetCore.Mvc.ObjectResult. 
2025-04-15 16:39:05.8615 | TRACE | Before executing action result Microsoft.AspNetCore.Mvc.ObjectResult. 
2025-04-15 16:39:05.8615 | TRACE | Before executing action result Microsoft.AspNetCore.Mvc.ObjectResult. 
2025-04-15 16:39:06.0125 | TRACE | All hosts are allowed. 
2025-04-15 16:39:06.0358 | TRACE | Action Filter: Before executing OnActionExecuting on filter Microsoft.AspNetCore.Mvc.ModelBinding.UnsupportedContentTypeFilter. 
2025-04-15 16:39:06.0358 | TRACE | Action Filter: After executing OnActionExecuting on filter Microsoft.AspNetCore.Mvc.ModelBinding.UnsupportedContentTypeFilter. 
2025-04-15 16:39:06.0358 | TRACE | Action Filter: Before executing OnActionExecuting on filter Microsoft.AspNetCore.Mvc.Infrastructure.ModelStateInvalidFilter. 
2025-04-15 16:39:06.0358 | TRACE | Action Filter: After executing OnActionExecuting on filter Microsoft.AspNetCore.Mvc.Infrastructure.ModelStateInvalidFilter. 
2025-04-15 16:39:06.0358 | TRACE | Executing action method WebApplication1.Controller.AuthorController.GetAllBooks2 (WebApplication1) with arguments (0, 2, a03F01, 1) 
2025-04-15 16:39:06.0465 | TRACE | Action Filter: Before executing OnActionExecuted on filter Microsoft.AspNetCore.Mvc.Infrastructure.ModelStateInvalidFilter. 
2025-04-15 16:39:06.0465 | TRACE | Action Filter: After executing OnActionExecuted on filter Microsoft.AspNetCore.Mvc.Infrastructure.ModelStateInvalidFilter. 
2025-04-15 16:39:06.0465 | TRACE | Action Filter: Before executing OnActionExecuted on filter Microsoft.AspNetCore.Mvc.ModelBinding.UnsupportedContentTypeFilter. 
2025-04-15 16:39:06.0465 | TRACE | Action Filter: After executing OnActionExecuted on filter Microsoft.AspNetCore.Mvc.ModelBinding.UnsupportedContentTypeFilter. 
2025-04-15 16:39:06.0465 | TRACE | Result Filter: Before executing OnResultExecuting on filter Microsoft.AspNetCore.Mvc.Infrastructure.ClientErrorResultFilter. 
2025-04-15 16:39:06.0465 | TRACE | Result Filter: After executing OnResultExecuting on filter Microsoft.AspNetCore.Mvc.Infrastructure.ClientErrorResultFilter. 
2025-04-15 16:39:06.0465 | TRACE | Before executing action result Microsoft.AspNetCore.Mvc.ObjectResult. 
2025-04-15 16:39:06.0606 | TRACE | After executing action result Microsoft.AspNetCore.Mvc.ObjectResult. 
2025-04-15 16:39:06.0606 | TRACE | After executing action result Microsoft.AspNetCore.Mvc.ObjectResult. 
2025-04-15 16:39:06.0606 | TRACE | After executing action result Microsoft.AspNetCore.Mvc.ObjectResult. 
2025-04-15 16:39:06.0606 | TRACE | After executing action result Microsoft.AspNetCore.Mvc.ObjectResult. 
2025-04-15 16:39:06.0606 | TRACE | After executing action result Microsoft.AspNetCore.Mvc.ObjectResult. 
2025-04-15 16:39:06.0606 | TRACE | After executing action result Microsoft.AspNetCore.Mvc.ObjectResult. 
2025-04-15 16:39:06.0606 | TRACE | Result Filter: Before executing OnResultExecuted on filter Microsoft.AspNetCore.Mvc.Infrastructure.ClientErrorResultFilter. 
2025-04-15 16:39:06.0606 | TRACE | Result Filter: Before executing OnResultExecuted on filter Microsoft.AspNetCore.Mvc.Infrastructure.ClientErrorResultFilter. 
2025-04-15 16:39:06.0606 | TRACE | Result Filter: Before executing OnResultExecuted on filter Microsoft.AspNetCore.Mvc.Infrastructure.ClientErrorResultFilter. 
2025-04-15 16:39:06.0606 | TRACE | Result Filter: After executing OnResultExecuted on filter Microsoft.AspNetCore.Mvc.Infrastructure.ClientErrorResultFilter. 
2025-04-15 16:39:06.0606 | TRACE | Result Filter: After executing OnResultExecuted on filter Microsoft.AspNetCore.Mvc.Infrastructure.ClientErrorResultFilter. 
2025-04-15 16:39:06.0606 | TRACE | Result Filter: Before executing OnResultExecuted on filter Microsoft.AspNetCore.Mvc.Infrastructure.ClientErrorResultFilter. 
2025-04-15 16:39:06.0606 | TRACE | Result Filter: Before executing OnResultExecuted on filter Microsoft.AspNetCore.Mvc.Infrastructure.ClientErrorResultFilter. 
2025-04-15 16:39:06.0606 | TRACE | Result Filter: After executing OnResultExecuted on filter Microsoft.AspNetCore.Mvc.Infrastructure.ClientErrorResultFilter. 
2025-04-15 16:39:06.0606 | TRACE | Result Filter: Before executing OnResultExecuted on filter Microsoft.AspNetCore.Mvc.Infrastructure.ClientErrorResultFilter. 
2025-04-15 16:39:06.0606 | TRACE | Result Filter: After executing OnResultExecuted on filter Microsoft.AspNetCore.Mvc.Infrastructure.ClientErrorResultFilter. 
2025-04-15 16:39:06.0606 | TRACE | Result Filter: After executing OnResultExecuted on filter Microsoft.AspNetCore.Mvc.Infrastructure.ClientErrorResultFilter. 
2025-04-15 16:39:06.0606 | TRACE | Result Filter: After executing OnResultExecuted on filter Microsoft.AspNetCore.Mvc.Infrastructure.ClientErrorResultFilter. 
2025-04-15 16:39:06.2401 | TRACE | All hosts are allowed. 
2025-04-15 16:39:06.2673 | TRACE | Action Filter: Before executing OnActionExecuting on filter Microsoft.AspNetCore.Mvc.ModelBinding.UnsupportedContentTypeFilter. 
2025-04-15 16:39:06.2673 | TRACE | Action Filter: After executing OnActionExecuting on filter Microsoft.AspNetCore.Mvc.ModelBinding.UnsupportedContentTypeFilter. 
2025-04-15 16:39:06.2673 | TRACE | Action Filter: Before executing OnActionExecuting on filter Microsoft.AspNetCore.Mvc.Infrastructure.ModelStateInvalidFilter. 
2025-04-15 16:39:06.2673 | TRACE | Action Filter: After executing OnActionExecuting on filter Microsoft.AspNetCore.Mvc.Infrastructure.ModelStateInvalidFilter. 
2025-04-15 16:39:06.2673 | TRACE | Executing action method WebApplication1.Controller.AuthorController.GetAllBooks2 (WebApplication1) with arguments (0, 2, a03F01, 1) 
2025-04-15 16:39:06.2673 | TRACE | Action Filter: Before executing OnActionExecuted on filter Microsoft.AspNetCore.Mvc.Infrastructure.ModelStateInvalidFilter. 
2025-04-15 16:39:06.2673 | TRACE | Action Filter: After executing OnActionExecuted on filter Microsoft.AspNetCore.Mvc.Infrastructure.ModelStateInvalidFilter. 
2025-04-15 16:39:06.2673 | TRACE | Action Filter: Before executing OnActionExecuted on filter Microsoft.AspNetCore.Mvc.ModelBinding.UnsupportedContentTypeFilter. 
2025-04-15 16:39:06.2673 | TRACE | Action Filter: After executing OnActionExecuted on filter Microsoft.AspNetCore.Mvc.ModelBinding.UnsupportedContentTypeFilter. 
2025-04-15 16:39:06.2673 | TRACE | Result Filter: Before executing OnResultExecuting on filter Microsoft.AspNetCore.Mvc.Infrastructure.ClientErrorResultFilter. 
2025-04-15 16:39:06.2673 | TRACE | Result Filter: After executing OnResultExecuting on filter Microsoft.AspNetCore.Mvc.Infrastructure.ClientErrorResultFilter. 
2025-04-15 16:39:06.2673 | TRACE | Before executing action result Microsoft.AspNetCore.Mvc.ObjectResult. 
2025-04-15 16:39:06.2673 | TRACE | After executing action result Microsoft.AspNetCore.Mvc.ObjectResult. 
2025-04-15 16:39:06.2673 | TRACE | Result Filter: Before executing OnResultExecuted on filter Microsoft.AspNetCore.Mvc.Infrastructure.ClientErrorResultFilter. 
2025-04-15 16:39:06.2673 | TRACE | Result Filter: After executing OnResultExecuted on filter Microsoft.AspNetCore.Mvc.Infrastructure.ClientErrorResultFilter. 
2025-04-15 16:39:07.8059 | TRACE | All hosts are allowed. 
2025-04-15 16:39:07.8232 | TRACE | Action Filter: Before executing OnActionExecuting on filter Microsoft.AspNetCore.Mvc.ModelBinding.UnsupportedContentTypeFilter. 
2025-04-15 16:39:07.8232 | TRACE | Action Filter: After executing OnActionExecuting on filter Microsoft.AspNetCore.Mvc.ModelBinding.UnsupportedContentTypeFilter. 
2025-04-15 16:39:07.8232 | TRACE | Action Filter: Before executing OnActionExecuting on filter Microsoft.AspNetCore.Mvc.Infrastructure.ModelStateInvalidFilter. 
2025-04-15 16:39:07.8232 | TRACE | Action Filter: After executing OnActionExecuting on filter Microsoft.AspNetCore.Mvc.Infrastructure.ModelStateInvalidFilter. 
2025-04-15 16:39:07.8232 | TRACE | Executing action method WebApplication1.Controller.AuthorController.GetAllBooks2 (WebApplication1) with arguments (0, 2, a03F01, 1) 
2025-04-15 16:39:07.8232 | TRACE | Action Filter: Before executing OnActionExecuted on filter Microsoft.AspNetCore.Mvc.Infrastructure.ModelStateInvalidFilter. 
2025-04-15 16:39:07.8232 | TRACE | Action Filter: After executing OnActionExecuted on filter Microsoft.AspNetCore.Mvc.Infrastructure.ModelStateInvalidFilter. 
2025-04-15 16:39:07.8232 | TRACE | Action Filter: Before executing OnActionExecuted on filter Microsoft.AspNetCore.Mvc.ModelBinding.UnsupportedContentTypeFilter. 
2025-04-15 16:39:07.8232 | TRACE | Action Filter: After executing OnActionExecuted on filter Microsoft.AspNetCore.Mvc.ModelBinding.UnsupportedContentTypeFilter. 
2025-04-15 16:39:07.8232 | TRACE | Result Filter: Before executing OnResultExecuting on filter Microsoft.AspNetCore.Mvc.Infrastructure.ClientErrorResultFilter. 
2025-04-15 16:39:07.8232 | TRACE | Result Filter: After executing OnResultExecuting on filter Microsoft.AspNetCore.Mvc.Infrastructure.ClientErrorResultFilter. 
2025-04-15 16:39:07.8232 | TRACE | Before executing action result Microsoft.AspNetCore.Mvc.ObjectResult. 
2025-04-15 16:39:07.8232 | TRACE | After executing action result Microsoft.AspNetCore.Mvc.ObjectResult. 
2025-04-15 16:39:07.8232 | TRACE | Result Filter: Before executing OnResultExecuted on filter Microsoft.AspNetCore.Mvc.Infrastructure.ClientErrorResultFilter. 
2025-04-15 16:39:07.8232 | TRACE | Result Filter: After executing OnResultExecuted on filter Microsoft.AspNetCore.Mvc.Infrastructure.ClientErrorResultFilter. 
2025-04-15 16:39:23.5329 | TRACE | All hosts are allowed. 
2025-04-15 16:39:23.5613 | TRACE | Action Filter: Before executing OnActionExecuting on filter Microsoft.AspNetCore.Mvc.ModelBinding.UnsupportedContentTypeFilter. 
2025-04-15 16:39:23.5613 | TRACE | Action Filter: After executing OnActionExecuting on filter Microsoft.AspNetCore.Mvc.ModelBinding.UnsupportedContentTypeFilter. 
2025-04-15 16:39:23.5613 | TRACE | Action Filter: Before executing OnActionExecuting on filter Microsoft.AspNetCore.Mvc.Infrastructure.ModelStateInvalidFilter. 
2025-04-15 16:39:23.5613 | TRACE | Action Filter: After executing OnActionExecuting on filter Microsoft.AspNetCore.Mvc.Infrastructure.ModelStateInvalidFilter. 
2025-04-15 16:39:23.5613 | TRACE | Executing action method WebApplication1.Controller.AuthorController.GetAllBooks2 (WebApplication1) with arguments (0, 2, a03F01, 1) 
2025-04-15 16:39:23.5713 | TRACE | Action Filter: Before executing OnActionExecuted on filter Microsoft.AspNetCore.Mvc.Infrastructure.ModelStateInvalidFilter. 
2025-04-15 16:39:23.5713 | TRACE | Action Filter: After executing OnActionExecuted on filter Microsoft.AspNetCore.Mvc.Infrastructure.ModelStateInvalidFilter. 
2025-04-15 16:39:23.5713 | TRACE | Action Filter: Before executing OnActionExecuted on filter Microsoft.AspNetCore.Mvc.ModelBinding.UnsupportedContentTypeFilter. 
2025-04-15 16:39:23.5713 | TRACE | Action Filter: After executing OnActionExecuted on filter Microsoft.AspNetCore.Mvc.ModelBinding.UnsupportedContentTypeFilter. 
2025-04-15 16:39:23.5713 | TRACE | Result Filter: Before executing OnResultExecuting on filter Microsoft.AspNetCore.Mvc.Infrastructure.ClientErrorResultFilter. 
2025-04-15 16:39:23.5713 | TRACE | Result Filter: After executing OnResultExecuting on filter Microsoft.AspNetCore.Mvc.Infrastructure.ClientErrorResultFilter. 
2025-04-15 16:39:23.5713 | TRACE | Before executing action result Microsoft.AspNetCore.Mvc.ObjectResult. 
2025-04-15 16:39:23.5713 | TRACE | After executing action result Microsoft.AspNetCore.Mvc.ObjectResult. 
2025-04-15 16:39:23.5713 | TRACE | Result Filter: Before executing OnResultExecuted on filter Microsoft.AspNetCore.Mvc.Infrastructure.ClientErrorResultFilter. 
2025-04-15 16:39:23.5713 | TRACE | Result Filter: After executing OnResultExecuted on filter Microsoft.AspNetCore.Mvc.Infrastructure.ClientErrorResultFilter. 
2025-04-15 16:39:23.7466 | TRACE | All hosts are allowed. 
2025-04-15 16:39:23.7693 | TRACE | Action Filter: Before executing OnActionExecuting on filter Microsoft.AspNetCore.Mvc.ModelBinding.UnsupportedContentTypeFilter. 
2025-04-15 16:39:23.7693 | TRACE | Action Filter: After executing OnActionExecuting on filter Microsoft.AspNetCore.Mvc.ModelBinding.UnsupportedContentTypeFilter. 
2025-04-15 16:39:23.7693 | TRACE | Action Filter: Before executing OnActionExecuting on filter Microsoft.AspNetCore.Mvc.Infrastructure.ModelStateInvalidFilter. 
2025-04-15 16:39:23.7693 | TRACE | Action Filter: After executing OnActionExecuting on filter Microsoft.AspNetCore.Mvc.Infrastructure.ModelStateInvalidFilter. 
2025-04-15 16:39:23.7693 | TRACE | Executing action method WebApplication1.Controller.AuthorController.GetAllBooks2 (WebApplication1) with arguments (0, 2, a03F01, 1) 
2025-04-15 16:39:23.7783 | TRACE | Action Filter: Before executing OnActionExecuted on filter Microsoft.AspNetCore.Mvc.Infrastructure.ModelStateInvalidFilter. 
2025-04-15 16:39:23.7783 | TRACE | Action Filter: After executing OnActionExecuted on filter Microsoft.AspNetCore.Mvc.Infrastructure.ModelStateInvalidFilter. 
2025-04-15 16:39:23.7783 | TRACE | Action Filter: Before executing OnActionExecuted on filter Microsoft.AspNetCore.Mvc.ModelBinding.UnsupportedContentTypeFilter. 
2025-04-15 16:39:23.7783 | TRACE | Action Filter: After executing OnActionExecuted on filter Microsoft.AspNetCore.Mvc.ModelBinding.UnsupportedContentTypeFilter. 
2025-04-15 16:39:23.7783 | TRACE | Result Filter: Before executing OnResultExecuting on filter Microsoft.AspNetCore.Mvc.Infrastructure.ClientErrorResultFilter. 
2025-04-15 16:39:23.7783 | TRACE | Result Filter: After executing OnResultExecuting on filter Microsoft.AspNetCore.Mvc.Infrastructure.ClientErrorResultFilter. 
2025-04-15 16:39:23.7783 | TRACE | Before executing action result Microsoft.AspNetCore.Mvc.ObjectResult. 
2025-04-15 16:39:23.7783 | TRACE | After executing action result Microsoft.AspNetCore.Mvc.ObjectResult. 
2025-04-15 16:39:23.7783 | TRACE | Result Filter: Before executing OnResultExecuted on filter Microsoft.AspNetCore.Mvc.Infrastructure.ClientErrorResultFilter. 
2025-04-15 16:39:23.7783 | TRACE | Result Filter: After executing OnResultExecuted on filter Microsoft.AspNetCore.Mvc.Infrastructure.ClientErrorResultFilter. 
2025-04-15 16:39:24.7738 | TRACE | All hosts are allowed. 
2025-04-15 16:39:24.7968 | TRACE | Action Filter: Before executing OnActionExecuting on filter Microsoft.AspNetCore.Mvc.ModelBinding.UnsupportedContentTypeFilter. 
2025-04-15 16:39:24.7968 | TRACE | Action Filter: After executing OnActionExecuting on filter Microsoft.AspNetCore.Mvc.ModelBinding.UnsupportedContentTypeFilter. 
2025-04-15 16:39:24.7968 | TRACE | Action Filter: Before executing OnActionExecuting on filter Microsoft.AspNetCore.Mvc.Infrastructure.ModelStateInvalidFilter. 
2025-04-15 16:39:24.7968 | TRACE | Action Filter: After executing OnActionExecuting on filter Microsoft.AspNetCore.Mvc.Infrastructure.ModelStateInvalidFilter. 
2025-04-15 16:39:24.7968 | TRACE | Executing action method WebApplication1.Controller.AuthorController.GetAllBooks2 (WebApplication1) with arguments (0, 2, a03F01, 1) 
2025-04-15 16:39:24.8072 | TRACE | Action Filter: Before executing OnActionExecuted on filter Microsoft.AspNetCore.Mvc.Infrastructure.ModelStateInvalidFilter. 
2025-04-15 16:39:24.8072 | TRACE | Action Filter: After executing OnActionExecuted on filter Microsoft.AspNetCore.Mvc.Infrastructure.ModelStateInvalidFilter. 
2025-04-15 16:39:24.8072 | TRACE | Action Filter: Before executing OnActionExecuted on filter Microsoft.AspNetCore.Mvc.ModelBinding.UnsupportedContentTypeFilter. 
2025-04-15 16:39:24.8072 | TRACE | Action Filter: After executing OnActionExecuted on filter Microsoft.AspNetCore.Mvc.ModelBinding.UnsupportedContentTypeFilter. 
2025-04-15 16:39:24.8072 | TRACE | Result Filter: Before executing OnResultExecuting on filter Microsoft.AspNetCore.Mvc.Infrastructure.ClientErrorResultFilter. 
2025-04-15 16:39:24.8072 | TRACE | Result Filter: After executing OnResultExecuting on filter Microsoft.AspNetCore.Mvc.Infrastructure.ClientErrorResultFilter. 
2025-04-15 16:39:24.8072 | TRACE | Before executing action result Microsoft.AspNetCore.Mvc.ObjectResult. 
2025-04-15 16:39:24.8072 | TRACE | After executing action result Microsoft.AspNetCore.Mvc.ObjectResult. 
2025-04-15 16:39:24.8072 | TRACE | Result Filter: Before executing OnResultExecuted on filter Microsoft.AspNetCore.Mvc.Infrastructure.ClientErrorResultFilter. 
2025-04-15 16:39:24.8072 | TRACE | Result Filter: After executing OnResultExecuted on filter Microsoft.AspNetCore.Mvc.Infrastructure.ClientErrorResultFilter. 
2025-04-15 16:39:54.6033 | TRACE | All hosts are allowed. 
2025-04-15 16:39:54.6441 | TRACE | Action Filter: Before executing OnActionExecuting on filter Microsoft.AspNetCore.Mvc.ModelBinding.UnsupportedContentTypeFilter. 
2025-04-15 16:39:54.6441 | TRACE | Action Filter: After executing OnActionExecuting on filter Microsoft.AspNetCore.Mvc.ModelBinding.UnsupportedContentTypeFilter. 
2025-04-15 16:39:54.6441 | TRACE | Action Filter: Before executing OnActionExecuting on filter Microsoft.AspNetCore.Mvc.Infrastructure.ModelStateInvalidFilter. 
2025-04-15 16:39:54.6441 | TRACE | Action Filter: After executing OnActionExecuting on filter Microsoft.AspNetCore.Mvc.Infrastructure.ModelStateInvalidFilter. 
2025-04-15 16:39:54.6441 | TRACE | Executing action method WebApplication1.Controller.AuthorController.GetAllBooks2 (WebApplication1) with arguments (0, 2, a03F01, 0) 
2025-04-15 16:39:54.6528 | TRACE | Action Filter: Before executing OnActionExecuted on filter Microsoft.AspNetCore.Mvc.Infrastructure.ModelStateInvalidFilter. 
2025-04-15 16:39:54.6528 | TRACE | Action Filter: After executing OnActionExecuted on filter Microsoft.AspNetCore.Mvc.Infrastructure.ModelStateInvalidFilter. 
2025-04-15 16:39:54.6528 | TRACE | Action Filter: Before executing OnActionExecuted on filter Microsoft.AspNetCore.Mvc.ModelBinding.UnsupportedContentTypeFilter. 
2025-04-15 16:39:54.6528 | TRACE | Action Filter: After executing OnActionExecuted on filter Microsoft.AspNetCore.Mvc.ModelBinding.UnsupportedContentTypeFilter. 
2025-04-15 16:39:54.6528 | TRACE | Result Filter: Before executing OnResultExecuting on filter Microsoft.AspNetCore.Mvc.Infrastructure.ClientErrorResultFilter. 
2025-04-15 16:39:54.6528 | TRACE | Result Filter: After executing OnResultExecuting on filter Microsoft.AspNetCore.Mvc.Infrastructure.ClientErrorResultFilter. 
2025-04-15 16:39:54.6528 | TRACE | Before executing action result Microsoft.AspNetCore.Mvc.ObjectResult. 
2025-04-15 16:39:54.6528 | TRACE | After executing action result Microsoft.AspNetCore.Mvc.ObjectResult. 
2025-04-15 16:39:54.6528 | TRACE | Result Filter: Before executing OnResultExecuted on filter Microsoft.AspNetCore.Mvc.Infrastructure.ClientErrorResultFilter. 
2025-04-15 16:39:54.6528 | TRACE | Result Filter: After executing OnResultExecuted on filter Microsoft.AspNetCore.Mvc.Infrastructure.ClientErrorResultFilter. 
2025-04-15 16:39:54.8299 | TRACE | All hosts are allowed. 
2025-04-15 16:39:54.8475 | TRACE | Action Filter: Before executing OnActionExecuting on filter Microsoft.AspNetCore.Mvc.ModelBinding.UnsupportedContentTypeFilter. 
2025-04-15 16:39:54.8475 | TRACE | Action Filter: After executing OnActionExecuting on filter Microsoft.AspNetCore.Mvc.ModelBinding.UnsupportedContentTypeFilter. 
2025-04-15 16:39:54.8475 | TRACE | Action Filter: Before executing OnActionExecuting on filter Microsoft.AspNetCore.Mvc.Infrastructure.ModelStateInvalidFilter. 
2025-04-15 16:39:54.8475 | TRACE | Action Filter: After executing OnActionExecuting on filter Microsoft.AspNetCore.Mvc.Infrastructure.ModelStateInvalidFilter. 
2025-04-15 16:39:54.8475 | TRACE | Executing action method WebApplication1.Controller.AuthorController.GetAllBooks2 (WebApplication1) with arguments (0, 2, a03F01, 1) 
2025-04-15 16:39:54.8556 | TRACE | Action Filter: Before executing OnActionExecuted on filter Microsoft.AspNetCore.Mvc.Infrastructure.ModelStateInvalidFilter. 
2025-04-15 16:39:54.8556 | TRACE | Action Filter: After executing OnActionExecuted on filter Microsoft.AspNetCore.Mvc.Infrastructure.ModelStateInvalidFilter. 
2025-04-15 16:39:54.8556 | TRACE | Action Filter: Before executing OnActionExecuted on filter Microsoft.AspNetCore.Mvc.ModelBinding.UnsupportedContentTypeFilter. 
2025-04-15 16:39:54.8556 | TRACE | Action Filter: After executing OnActionExecuted on filter Microsoft.AspNetCore.Mvc.ModelBinding.UnsupportedContentTypeFilter. 
2025-04-15 16:39:54.8556 | TRACE | Result Filter: Before executing OnResultExecuting on filter Microsoft.AspNetCore.Mvc.Infrastructure.ClientErrorResultFilter. 
2025-04-15 16:39:54.8556 | TRACE | Result Filter: After executing OnResultExecuting on filter Microsoft.AspNetCore.Mvc.Infrastructure.ClientErrorResultFilter. 
2025-04-15 16:39:54.8556 | TRACE | Before executing action result Microsoft.AspNetCore.Mvc.ObjectResult. 
2025-04-15 16:39:54.8556 | TRACE | After executing action result Microsoft.AspNetCore.Mvc.ObjectResult. 
2025-04-15 16:39:54.8556 | TRACE | Result Filter: Before executing OnResultExecuted on filter Microsoft.AspNetCore.Mvc.Infrastructure.ClientErrorResultFilter. 
2025-04-15 16:39:54.8556 | TRACE | Result Filter: After executing OnResultExecuted on filter Microsoft.AspNetCore.Mvc.Infrastructure.ClientErrorResultFilter. 
2025-04-15 16:39:55.8282 | TRACE | All hosts are allowed. 
2025-04-15 16:39:55.8495 | TRACE | Action Filter: Before executing OnActionExecuting on filter Microsoft.AspNetCore.Mvc.ModelBinding.UnsupportedContentTypeFilter. 
2025-04-15 16:39:55.8495 | TRACE | Action Filter: After executing OnActionExecuting on filter Microsoft.AspNetCore.Mvc.ModelBinding.UnsupportedContentTypeFilter. 
2025-04-15 16:39:55.8495 | TRACE | Action Filter: Before executing OnActionExecuting on filter Microsoft.AspNetCore.Mvc.Infrastructure.ModelStateInvalidFilter. 
2025-04-15 16:39:55.8495 | TRACE | Action Filter: After executing OnActionExecuting on filter Microsoft.AspNetCore.Mvc.Infrastructure.ModelStateInvalidFilter. 
2025-04-15 16:39:55.8495 | TRACE | Executing action method WebApplication1.Controller.AuthorController.GetAllBooks2 (WebApplication1) with arguments (0, 2, a03F01, 1) 
2025-04-15 16:39:55.8585 | TRACE | Action Filter: Before executing OnActionExecuted on filter Microsoft.AspNetCore.Mvc.Infrastructure.ModelStateInvalidFilter. 
2025-04-15 16:39:55.8585 | TRACE | Action Filter: After executing OnActionExecuted on filter Microsoft.AspNetCore.Mvc.Infrastructure.ModelStateInvalidFilter. 
2025-04-15 16:39:55.8585 | TRACE | Action Filter: Before executing OnActionExecuted on filter Microsoft.AspNetCore.Mvc.ModelBinding.UnsupportedContentTypeFilter. 
2025-04-15 16:39:55.8585 | TRACE | Action Filter: After executing OnActionExecuted on filter Microsoft.AspNetCore.Mvc.ModelBinding.UnsupportedContentTypeFilter. 
2025-04-15 16:39:55.8585 | TRACE | Result Filter: Before executing OnResultExecuting on filter Microsoft.AspNetCore.Mvc.Infrastructure.ClientErrorResultFilter. 
2025-04-15 16:39:55.8585 | TRACE | Result Filter: After executing OnResultExecuting on filter Microsoft.AspNetCore.Mvc.Infrastructure.ClientErrorResultFilter. 
2025-04-15 16:39:55.8585 | TRACE | Before executing action result Microsoft.AspNetCore.Mvc.ObjectResult. 
2025-04-15 16:39:55.8585 | TRACE | After executing action result Microsoft.AspNetCore.Mvc.ObjectResult. 
2025-04-15 16:39:55.8585 | TRACE | Result Filter: Before executing OnResultExecuted on filter Microsoft.AspNetCore.Mvc.Infrastructure.ClientErrorResultFilter. 
2025-04-15 16:39:55.8585 | TRACE | Result Filter: After executing OnResultExecuted on filter Microsoft.AspNetCore.Mvc.Infrastructure.ClientErrorResultFilter. 
2025-04-15 16:39:56.2167 | TRACE | All hosts are allowed. 
2025-04-15 16:39:56.2391 | TRACE | Action Filter: Before executing OnActionExecuting on filter Microsoft.AspNetCore.Mvc.ModelBinding.UnsupportedContentTypeFilter. 
2025-04-15 16:39:56.2391 | TRACE | Action Filter: After executing OnActionExecuting on filter Microsoft.AspNetCore.Mvc.ModelBinding.UnsupportedContentTypeFilter. 
2025-04-15 16:39:56.2391 | TRACE | Action Filter: Before executing OnActionExecuting on filter Microsoft.AspNetCore.Mvc.Infrastructure.ModelStateInvalidFilter. 
2025-04-15 16:39:56.2391 | TRACE | Action Filter: After executing OnActionExecuting on filter Microsoft.AspNetCore.Mvc.Infrastructure.ModelStateInvalidFilter. 
2025-04-15 16:39:56.2391 | TRACE | Executing action method WebApplication1.Controller.AuthorController.GetAllBooks2 (WebApplication1) with arguments (0, 2, a03F02, 1) 
2025-04-15 16:39:56.2488 | TRACE | Action Filter: Before executing OnActionExecuted on filter Microsoft.AspNetCore.Mvc.Infrastructure.ModelStateInvalidFilter. 
2025-04-15 16:39:56.2488 | TRACE | Action Filter: After executing OnActionExecuted on filter Microsoft.AspNetCore.Mvc.Infrastructure.ModelStateInvalidFilter. 
2025-04-15 16:39:56.2488 | TRACE | Action Filter: Before executing OnActionExecuted on filter Microsoft.AspNetCore.Mvc.ModelBinding.UnsupportedContentTypeFilter. 
2025-04-15 16:39:56.2488 | TRACE | Action Filter: After executing OnActionExecuted on filter Microsoft.AspNetCore.Mvc.ModelBinding.UnsupportedContentTypeFilter. 
2025-04-15 16:39:56.2488 | TRACE | Result Filter: Before executing OnResultExecuting on filter Microsoft.AspNetCore.Mvc.Infrastructure.ClientErrorResultFilter. 
2025-04-15 16:39:56.2488 | TRACE | Result Filter: After executing OnResultExecuting on filter Microsoft.AspNetCore.Mvc.Infrastructure.ClientErrorResultFilter. 
2025-04-15 16:39:56.2488 | TRACE | Before executing action result Microsoft.AspNetCore.Mvc.ObjectResult. 
2025-04-15 16:39:56.2488 | TRACE | After executing action result Microsoft.AspNetCore.Mvc.ObjectResult. 
2025-04-15 16:39:56.2488 | TRACE | Result Filter: Before executing OnResultExecuted on filter Microsoft.AspNetCore.Mvc.Infrastructure.ClientErrorResultFilter. 
2025-04-15 16:39:56.2488 | TRACE | Result Filter: After executing OnResultExecuted on filter Microsoft.AspNetCore.Mvc.Infrastructure.ClientErrorResultFilter. 
2025-04-15 16:39:57.1765 | TRACE | All hosts are allowed. 
2025-04-15 16:39:57.1942 | TRACE | Action Filter: Before executing OnActionExecuting on filter Microsoft.AspNetCore.Mvc.ModelBinding.UnsupportedContentTypeFilter. 
2025-04-15 16:39:57.1942 | TRACE | Action Filter: After executing OnActionExecuting on filter Microsoft.AspNetCore.Mvc.ModelBinding.UnsupportedContentTypeFilter. 
2025-04-15 16:39:57.1942 | TRACE | Action Filter: Before executing OnActionExecuting on filter Microsoft.AspNetCore.Mvc.Infrastructure.ModelStateInvalidFilter. 
2025-04-15 16:39:57.1942 | TRACE | Action Filter: After executing OnActionExecuting on filter Microsoft.AspNetCore.Mvc.Infrastructure.ModelStateInvalidFilter. 
2025-04-15 16:39:57.1942 | TRACE | Executing action method WebApplication1.Controller.AuthorController.GetAllBooks2 (WebApplication1) with arguments (0, 2, a03F02, 0) 
2025-04-15 16:39:57.2037 | TRACE | Action Filter: Before executing OnActionExecuted on filter Microsoft.AspNetCore.Mvc.Infrastructure.ModelStateInvalidFilter. 
2025-04-15 16:39:57.2037 | TRACE | Action Filter: After executing OnActionExecuted on filter Microsoft.AspNetCore.Mvc.Infrastructure.ModelStateInvalidFilter. 
2025-04-15 16:39:57.2037 | TRACE | Action Filter: Before executing OnActionExecuted on filter Microsoft.AspNetCore.Mvc.ModelBinding.UnsupportedContentTypeFilter. 
2025-04-15 16:39:57.2037 | TRACE | Action Filter: After executing OnActionExecuted on filter Microsoft.AspNetCore.Mvc.ModelBinding.UnsupportedContentTypeFilter. 
2025-04-15 16:39:57.2037 | TRACE | Result Filter: Before executing OnResultExecuting on filter Microsoft.AspNetCore.Mvc.Infrastructure.ClientErrorResultFilter. 
2025-04-15 16:39:57.2037 | TRACE | Result Filter: After executing OnResultExecuting on filter Microsoft.AspNetCore.Mvc.Infrastructure.ClientErrorResultFilter. 
2025-04-15 16:39:57.2037 | TRACE | Before executing action result Microsoft.AspNetCore.Mvc.ObjectResult. 
2025-04-15 16:39:57.2037 | TRACE | After executing action result Microsoft.AspNetCore.Mvc.ObjectResult. 
2025-04-15 16:39:57.2037 | TRACE | Result Filter: Before executing OnResultExecuted on filter Microsoft.AspNetCore.Mvc.Infrastructure.ClientErrorResultFilter. 
2025-04-15 16:39:57.2037 | TRACE | Result Filter: After executing OnResultExecuted on filter Microsoft.AspNetCore.Mvc.Infrastructure.ClientErrorResultFilter. 
2025-04-15 16:39:57.3865 | TRACE | All hosts are allowed. 
2025-04-15 16:39:57.4105 | TRACE | Action Filter: Before executing OnActionExecuting on filter Microsoft.AspNetCore.Mvc.ModelBinding.UnsupportedContentTypeFilter. 
2025-04-15 16:39:57.4105 | TRACE | Action Filter: After executing OnActionExecuting on filter Microsoft.AspNetCore.Mvc.ModelBinding.UnsupportedContentTypeFilter. 
2025-04-15 16:39:57.4105 | TRACE | Action Filter: Before executing OnActionExecuting on filter Microsoft.AspNetCore.Mvc.Infrastructure.ModelStateInvalidFilter. 
2025-04-15 16:39:57.4105 | TRACE | Action Filter: After executing OnActionExecuting on filter Microsoft.AspNetCore.Mvc.Infrastructure.ModelStateInvalidFilter. 
2025-04-15 16:39:57.4105 | TRACE | Executing action method WebApplication1.Controller.AuthorController.GetAllBooks2 (WebApplication1) with arguments (0, 2, a03F01, 1) 
2025-04-15 16:39:57.4190 | TRACE | Action Filter: Before executing OnActionExecuted on filter Microsoft.AspNetCore.Mvc.Infrastructure.ModelStateInvalidFilter. 
2025-04-15 16:39:57.4190 | TRACE | Action Filter: After executing OnActionExecuted on filter Microsoft.AspNetCore.Mvc.Infrastructure.ModelStateInvalidFilter. 
2025-04-15 16:39:57.4190 | TRACE | Action Filter: Before executing OnActionExecuted on filter Microsoft.AspNetCore.Mvc.ModelBinding.UnsupportedContentTypeFilter. 
2025-04-15 16:39:57.4190 | TRACE | Action Filter: After executing OnActionExecuted on filter Microsoft.AspNetCore.Mvc.ModelBinding.UnsupportedContentTypeFilter. 
2025-04-15 16:39:57.4190 | TRACE | Result Filter: Before executing OnResultExecuting on filter Microsoft.AspNetCore.Mvc.Infrastructure.ClientErrorResultFilter. 
2025-04-15 16:39:57.4190 | TRACE | Result Filter: After executing OnResultExecuting on filter Microsoft.AspNetCore.Mvc.Infrastructure.ClientErrorResultFilter. 
2025-04-15 16:39:57.4190 | TRACE | Before executing action result Microsoft.AspNetCore.Mvc.ObjectResult. 
2025-04-15 16:39:57.4190 | TRACE | After executing action result Microsoft.AspNetCore.Mvc.ObjectResult. 
2025-04-15 16:39:57.4190 | TRACE | Result Filter: Before executing OnResultExecuted on filter Microsoft.AspNetCore.Mvc.Infrastructure.ClientErrorResultFilter. 
2025-04-15 16:39:57.4190 | TRACE | Result Filter: After executing OnResultExecuted on filter Microsoft.AspNetCore.Mvc.Infrastructure.ClientErrorResultFilter. 
2025-04-15 16:39:58.4061 | TRACE | All hosts are allowed. 
2025-04-15 16:39:58.4251 | TRACE | Action Filter: Before executing OnActionExecuting on filter Microsoft.AspNetCore.Mvc.ModelBinding.UnsupportedContentTypeFilter. 
2025-04-15 16:39:58.4251 | TRACE | Action Filter: After executing OnActionExecuting on filter Microsoft.AspNetCore.Mvc.ModelBinding.UnsupportedContentTypeFilter. 
2025-04-15 16:39:58.4251 | TRACE | Action Filter: Before executing OnActionExecuting on filter Microsoft.AspNetCore.Mvc.Infrastructure.ModelStateInvalidFilter. 
2025-04-15 16:39:58.4251 | TRACE | Action Filter: After executing OnActionExecuting on filter Microsoft.AspNetCore.Mvc.Infrastructure.ModelStateInvalidFilter. 
2025-04-15 16:39:58.4251 | TRACE | Executing action method WebApplication1.Controller.AuthorController.GetAllBooks2 (WebApplication1) with arguments (0, 2, a03F01, 1) 
2025-04-15 16:39:58.4342 | TRACE | Action Filter: Before executing OnActionExecuted on filter Microsoft.AspNetCore.Mvc.Infrastructure.ModelStateInvalidFilter. 
2025-04-15 16:39:58.4342 | TRACE | Action Filter: After executing OnActionExecuted on filter Microsoft.AspNetCore.Mvc.Infrastructure.ModelStateInvalidFilter. 
2025-04-15 16:39:58.4342 | TRACE | Action Filter: Before executing OnActionExecuted on filter Microsoft.AspNetCore.Mvc.ModelBinding.UnsupportedContentTypeFilter. 
2025-04-15 16:39:58.4342 | TRACE | Action Filter: After executing OnActionExecuted on filter Microsoft.AspNetCore.Mvc.ModelBinding.UnsupportedContentTypeFilter. 
2025-04-15 16:39:58.4342 | TRACE | Result Filter: Before executing OnResultExecuting on filter Microsoft.AspNetCore.Mvc.Infrastructure.ClientErrorResultFilter. 
2025-04-15 16:39:58.4342 | TRACE | Result Filter: After executing OnResultExecuting on filter Microsoft.AspNetCore.Mvc.Infrastructure.ClientErrorResultFilter. 
2025-04-15 16:39:58.4342 | TRACE | Before executing action result Microsoft.AspNetCore.Mvc.ObjectResult. 
2025-04-15 16:39:58.4342 | TRACE | After executing action result Microsoft.AspNetCore.Mvc.ObjectResult. 
2025-04-15 16:39:58.4342 | TRACE | Result Filter: Before executing OnResultExecuted on filter Microsoft.AspNetCore.Mvc.Infrastructure.ClientErrorResultFilter. 
2025-04-15 16:39:58.4342 | TRACE | Result Filter: After executing OnResultExecuted on filter Microsoft.AspNetCore.Mvc.Infrastructure.ClientErrorResultFilter. 
2025-04-15 16:40:19.9607 | TRACE | All hosts are allowed. 
2025-04-15 16:40:21.0836 | TRACE | All hosts are allowed. 
2025-04-15 16:40:21.3769 | TRACE | Action Filter: Before executing OnActionExecuting on filter Microsoft.AspNetCore.Mvc.ModelBinding.UnsupportedContentTypeFilter. 
2025-04-15 16:40:21.3769 | TRACE | Action Filter: After executing OnActionExecuting on filter Microsoft.AspNetCore.Mvc.ModelBinding.UnsupportedContentTypeFilter. 
2025-04-15 16:40:21.3769 | TRACE | Action Filter: Before executing OnActionExecuting on filter Microsoft.AspNetCore.Mvc.Infrastructure.ModelStateInvalidFilter. 
2025-04-15 16:40:21.3769 | TRACE | Action Filter: After executing OnActionExecuting on filter Microsoft.AspNetCore.Mvc.Infrastructure.ModelStateInvalidFilter. 
2025-04-15 16:40:21.3769 | TRACE | Executing action method WebApplication1.Controller.AuthorController.GetAllBooks2 (WebApplication1) with arguments (0, 2, a03F01, 1) 
2025-04-15 16:40:21.3874 | TRACE | Action Filter: Before executing OnActionExecuted on filter Microsoft.AspNetCore.Mvc.Infrastructure.ModelStateInvalidFilter. 
2025-04-15 16:40:21.3874 | TRACE | Action Filter: After executing OnActionExecuted on filter Microsoft.AspNetCore.Mvc.Infrastructure.ModelStateInvalidFilter. 
2025-04-15 16:40:21.3874 | TRACE | Action Filter: Before executing OnActionExecuted on filter Microsoft.AspNetCore.Mvc.ModelBinding.UnsupportedContentTypeFilter. 
2025-04-15 16:40:21.3874 | TRACE | Action Filter: After executing OnActionExecuted on filter Microsoft.AspNetCore.Mvc.ModelBinding.UnsupportedContentTypeFilter. 
2025-04-15 16:40:21.3874 | TRACE | Result Filter: Before executing OnResultExecuting on filter Microsoft.AspNetCore.Mvc.Infrastructure.ClientErrorResultFilter. 
2025-04-15 16:40:21.3874 | TRACE | Result Filter: After executing OnResultExecuting on filter Microsoft.AspNetCore.Mvc.Infrastructure.ClientErrorResultFilter. 
2025-04-15 16:40:21.3874 | TRACE | Before executing action result Microsoft.AspNetCore.Mvc.ObjectResult. 
2025-04-15 16:40:21.3874 | TRACE | After executing action result Microsoft.AspNetCore.Mvc.ObjectResult. 
2025-04-15 16:40:21.3874 | TRACE | Result Filter: Before executing OnResultExecuted on filter Microsoft.AspNetCore.Mvc.Infrastructure.ClientErrorResultFilter. 
2025-04-15 16:40:21.3874 | TRACE | Result Filter: After executing OnResultExecuted on filter Microsoft.AspNetCore.Mvc.Infrastructure.ClientErrorResultFilter. 
2025-04-15 16:40:21.3874 | TRACE | Action Filter: Before executing OnActionExecuting on filter Microsoft.AspNetCore.Mvc.ModelBinding.UnsupportedContentTypeFilter. 
2025-04-15 16:40:21.3874 | TRACE | Action Filter: After executing OnActionExecuting on filter Microsoft.AspNetCore.Mvc.ModelBinding.UnsupportedContentTypeFilter. 
2025-04-15 16:40:21.3874 | TRACE | Action Filter: Before executing OnActionExecuting on filter Microsoft.AspNetCore.Mvc.Infrastructure.ModelStateInvalidFilter. 
2025-04-15 16:40:21.3874 | TRACE | Action Filter: After executing OnActionExecuting on filter Microsoft.AspNetCore.Mvc.Infrastructure.ModelStateInvalidFilter. 
2025-04-15 16:40:21.3874 | TRACE | Executing action method WebApplication1.Controller.AuthorController.GetAllBooks2 (WebApplication1) with arguments (0, 2, a03F01, 1) 
2025-04-15 16:40:21.3874 | TRACE | Action Filter: Before executing OnActionExecuted on filter Microsoft.AspNetCore.Mvc.Infrastructure.ModelStateInvalidFilter. 
2025-04-15 16:40:21.3874 | TRACE | Action Filter: After executing OnActionExecuted on filter Microsoft.AspNetCore.Mvc.Infrastructure.ModelStateInvalidFilter. 
2025-04-15 16:40:21.3874 | TRACE | Action Filter: Before executing OnActionExecuted on filter Microsoft.AspNetCore.Mvc.ModelBinding.UnsupportedContentTypeFilter. 
2025-04-15 16:40:21.3874 | TRACE | Action Filter: After executing OnActionExecuted on filter Microsoft.AspNetCore.Mvc.ModelBinding.UnsupportedContentTypeFilter. 
2025-04-15 16:40:21.3874 | TRACE | Result Filter: Before executing OnResultExecuting on filter Microsoft.AspNetCore.Mvc.Infrastructure.ClientErrorResultFilter. 
2025-04-15 16:40:21.3874 | TRACE | Result Filter: After executing OnResultExecuting on filter Microsoft.AspNetCore.Mvc.Infrastructure.ClientErrorResultFilter. 
2025-04-15 16:40:21.3874 | TRACE | Before executing action result Microsoft.AspNetCore.Mvc.ObjectResult. 
2025-04-15 16:40:21.3994 | TRACE | After executing action result Microsoft.AspNetCore.Mvc.ObjectResult. 
2025-04-15 16:40:21.3994 | TRACE | Result Filter: Before executing OnResultExecuted on filter Microsoft.AspNetCore.Mvc.Infrastructure.ClientErrorResultFilter. 
2025-04-15 16:40:21.3994 | TRACE | Result Filter: After executing OnResultExecuted on filter Microsoft.AspNetCore.Mvc.Infrastructure.ClientErrorResultFilter. 
2025-04-15 16:40:27.0447 | TRACE | All hosts are allowed. 
2025-04-15 16:40:27.0927 | TRACE | Action Filter: Before executing OnActionExecuting on filter Microsoft.AspNetCore.Mvc.ModelBinding.UnsupportedContentTypeFilter. 
2025-04-15 16:40:27.0927 | TRACE | Action Filter: After executing OnActionExecuting on filter Microsoft.AspNetCore.Mvc.ModelBinding.UnsupportedContentTypeFilter. 
2025-04-15 16:40:27.0927 | TRACE | Action Filter: Before executing OnActionExecuting on filter Microsoft.AspNetCore.Mvc.Infrastructure.ModelStateInvalidFilter. 
2025-04-15 16:40:27.0927 | TRACE | Action Filter: After executing OnActionExecuting on filter Microsoft.AspNetCore.Mvc.Infrastructure.ModelStateInvalidFilter. 
2025-04-15 16:40:27.0927 | TRACE | Executing action method WebApplication1.Controller.AuthorController.GetAllBooks2 (WebApplication1) with arguments (0, 2, a03F01, 1) 
2025-04-15 16:40:27.0927 | TRACE | Action Filter: Before executing OnActionExecuted on filter Microsoft.AspNetCore.Mvc.Infrastructure.ModelStateInvalidFilter. 
2025-04-15 16:40:27.0927 | TRACE | Action Filter: After executing OnActionExecuted on filter Microsoft.AspNetCore.Mvc.Infrastructure.ModelStateInvalidFilter. 
2025-04-15 16:40:27.0927 | TRACE | Action Filter: Before executing OnActionExecuted on filter Microsoft.AspNetCore.Mvc.ModelBinding.UnsupportedContentTypeFilter. 
2025-04-15 16:40:27.0927 | TRACE | Action Filter: After executing OnActionExecuted on filter Microsoft.AspNetCore.Mvc.ModelBinding.UnsupportedContentTypeFilter. 
2025-04-15 16:40:27.0927 | TRACE | Result Filter: Before executing OnResultExecuting on filter Microsoft.AspNetCore.Mvc.Infrastructure.ClientErrorResultFilter. 
2025-04-15 16:40:27.0927 | TRACE | Result Filter: After executing OnResultExecuting on filter Microsoft.AspNetCore.Mvc.Infrastructure.ClientErrorResultFilter. 
2025-04-15 16:40:27.0927 | TRACE | Before executing action result Microsoft.AspNetCore.Mvc.ObjectResult. 
2025-04-15 16:40:27.0927 | TRACE | After executing action result Microsoft.AspNetCore.Mvc.ObjectResult. 
2025-04-15 16:40:27.0927 | TRACE | Result Filter: Before executing OnResultExecuted on filter Microsoft.AspNetCore.Mvc.Infrastructure.ClientErrorResultFilter. 
2025-04-15 16:40:27.0927 | TRACE | Result Filter: After executing OnResultExecuted on filter Microsoft.AspNetCore.Mvc.Infrastructure.ClientErrorResultFilter. 
2025-04-15 16:40:27.2565 | TRACE | All hosts are allowed. 
2025-04-15 16:40:27.2771 | TRACE | Action Filter: Before executing OnActionExecuting on filter Microsoft.AspNetCore.Mvc.ModelBinding.UnsupportedContentTypeFilter. 
2025-04-15 16:40:27.2771 | TRACE | Action Filter: After executing OnActionExecuting on filter Microsoft.AspNetCore.Mvc.ModelBinding.UnsupportedContentTypeFilter. 
2025-04-15 16:40:27.2771 | TRACE | Action Filter: Before executing OnActionExecuting on filter Microsoft.AspNetCore.Mvc.Infrastructure.ModelStateInvalidFilter. 
2025-04-15 16:40:27.2771 | TRACE | Action Filter: After executing OnActionExecuting on filter Microsoft.AspNetCore.Mvc.Infrastructure.ModelStateInvalidFilter. 
2025-04-15 16:40:27.2771 | TRACE | Executing action method WebApplication1.Controller.AuthorController.GetAllBooks2 (WebApplication1) with arguments (0, 2, a03F01, 1) 
2025-04-15 16:40:27.2771 | TRACE | Action Filter: Before executing OnActionExecuted on filter Microsoft.AspNetCore.Mvc.Infrastructure.ModelStateInvalidFilter. 
2025-04-15 16:40:27.2771 | TRACE | Action Filter: After executing OnActionExecuted on filter Microsoft.AspNetCore.Mvc.Infrastructure.ModelStateInvalidFilter. 
2025-04-15 16:40:27.2771 | TRACE | Action Filter: Before executing OnActionExecuted on filter Microsoft.AspNetCore.Mvc.ModelBinding.UnsupportedContentTypeFilter. 
2025-04-15 16:40:27.2771 | TRACE | Action Filter: After executing OnActionExecuted on filter Microsoft.AspNetCore.Mvc.ModelBinding.UnsupportedContentTypeFilter. 
2025-04-15 16:40:27.2771 | TRACE | Result Filter: Before executing OnResultExecuting on filter Microsoft.AspNetCore.Mvc.Infrastructure.ClientErrorResultFilter. 
2025-04-15 16:40:27.2771 | TRACE | Result Filter: After executing OnResultExecuting on filter Microsoft.AspNetCore.Mvc.Infrastructure.ClientErrorResultFilter. 
2025-04-15 16:40:27.2771 | TRACE | Before executing action result Microsoft.AspNetCore.Mvc.ObjectResult. 
2025-04-15 16:40:27.2771 | TRACE | After executing action result Microsoft.AspNetCore.Mvc.ObjectResult. 
2025-04-15 16:40:27.2771 | TRACE | Result Filter: Before executing OnResultExecuted on filter Microsoft.AspNetCore.Mvc.Infrastructure.ClientErrorResultFilter. 
2025-04-15 16:40:27.2771 | TRACE | Result Filter: After executing OnResultExecuted on filter Microsoft.AspNetCore.Mvc.Infrastructure.ClientErrorResultFilter. 
2025-04-15 16:40:28.2886 | TRACE | All hosts are allowed. 
2025-04-15 16:40:28.2894 | TRACE | Action Filter: Before executing OnActionExecuting on filter Microsoft.AspNetCore.Mvc.ModelBinding.UnsupportedContentTypeFilter. 
2025-04-15 16:40:28.2894 | TRACE | Action Filter: After executing OnActionExecuting on filter Microsoft.AspNetCore.Mvc.ModelBinding.UnsupportedContentTypeFilter. 
2025-04-15 16:40:28.2894 | TRACE | Action Filter: Before executing OnActionExecuting on filter Microsoft.AspNetCore.Mvc.Infrastructure.ModelStateInvalidFilter. 
2025-04-15 16:40:28.2894 | TRACE | Action Filter: After executing OnActionExecuting on filter Microsoft.AspNetCore.Mvc.Infrastructure.ModelStateInvalidFilter. 
2025-04-15 16:40:28.3054 | TRACE | Executing action method WebApplication1.Controller.AuthorController.GetAllBooks2 (WebApplication1) with arguments (0, 2, a03F01, 1) 
2025-04-15 16:40:28.3054 | TRACE | Action Filter: Before executing OnActionExecuted on filter Microsoft.AspNetCore.Mvc.Infrastructure.ModelStateInvalidFilter. 
2025-04-15 16:40:28.3054 | TRACE | Action Filter: After executing OnActionExecuted on filter Microsoft.AspNetCore.Mvc.Infrastructure.ModelStateInvalidFilter. 
2025-04-15 16:40:28.3054 | TRACE | Action Filter: Before executing OnActionExecuted on filter Microsoft.AspNetCore.Mvc.ModelBinding.UnsupportedContentTypeFilter. 
2025-04-15 16:40:28.3054 | TRACE | Action Filter: After executing OnActionExecuted on filter Microsoft.AspNetCore.Mvc.ModelBinding.UnsupportedContentTypeFilter. 
2025-04-15 16:40:28.3054 | TRACE | Result Filter: Before executing OnResultExecuting on filter Microsoft.AspNetCore.Mvc.Infrastructure.ClientErrorResultFilter. 
2025-04-15 16:40:28.3054 | TRACE | Result Filter: After executing OnResultExecuting on filter Microsoft.AspNetCore.Mvc.Infrastructure.ClientErrorResultFilter. 
2025-04-15 16:40:28.3054 | TRACE | Before executing action result Microsoft.AspNetCore.Mvc.ObjectResult. 
2025-04-15 16:40:28.3054 | TRACE | After executing action result Microsoft.AspNetCore.Mvc.ObjectResult. 
2025-04-15 16:40:28.3054 | TRACE | Result Filter: Before executing OnResultExecuted on filter Microsoft.AspNetCore.Mvc.Infrastructure.ClientErrorResultFilter. 
2025-04-15 16:40:28.3054 | TRACE | Result Filter: After executing OnResultExecuted on filter Microsoft.AspNetCore.Mvc.Infrastructure.ClientErrorResultFilter. 
2025-04-15 16:40:28.6057 | TRACE | All hosts are allowed. 
2025-04-15 16:40:28.6215 | TRACE | Action Filter: Before executing OnActionExecuting on filter Microsoft.AspNetCore.Mvc.ModelBinding.UnsupportedContentTypeFilter. 
2025-04-15 16:40:28.6215 | TRACE | Action Filter: After executing OnActionExecuting on filter Microsoft.AspNetCore.Mvc.ModelBinding.UnsupportedContentTypeFilter. 
2025-04-15 16:40:28.6215 | TRACE | Action Filter: Before executing OnActionExecuting on filter Microsoft.AspNetCore.Mvc.Infrastructure.ModelStateInvalidFilter. 
2025-04-15 16:40:28.6215 | TRACE | Action Filter: After executing OnActionExecuting on filter Microsoft.AspNetCore.Mvc.Infrastructure.ModelStateInvalidFilter. 
2025-04-15 16:40:28.6215 | TRACE | Executing action method WebApplication1.Controller.AuthorController.GetAllBooks2 (WebApplication1) with arguments (0, 2, a03F01, 1) 
2025-04-15 16:40:28.6215 | TRACE | Action Filter: Before executing OnActionExecuted on filter Microsoft.AspNetCore.Mvc.Infrastructure.ModelStateInvalidFilter. 
2025-04-15 16:40:28.6215 | TRACE | Action Filter: After executing OnActionExecuted on filter Microsoft.AspNetCore.Mvc.Infrastructure.ModelStateInvalidFilter. 
2025-04-15 16:40:28.6215 | TRACE | Action Filter: Before executing OnActionExecuted on filter Microsoft.AspNetCore.Mvc.ModelBinding.UnsupportedContentTypeFilter. 
2025-04-15 16:40:28.6215 | TRACE | Action Filter: After executing OnActionExecuted on filter Microsoft.AspNetCore.Mvc.ModelBinding.UnsupportedContentTypeFilter. 
2025-04-15 16:40:28.6215 | TRACE | Result Filter: Before executing OnResultExecuting on filter Microsoft.AspNetCore.Mvc.Infrastructure.ClientErrorResultFilter. 
2025-04-15 16:40:28.6215 | TRACE | Result Filter: After executing OnResultExecuting on filter Microsoft.AspNetCore.Mvc.Infrastructure.ClientErrorResultFilter. 
2025-04-15 16:40:28.6215 | TRACE | Before executing action result Microsoft.AspNetCore.Mvc.ObjectResult. 
2025-04-15 16:40:28.6215 | TRACE | After executing action result Microsoft.AspNetCore.Mvc.ObjectResult. 
2025-04-15 16:40:28.6215 | TRACE | Result Filter: Before executing OnResultExecuted on filter Microsoft.AspNetCore.Mvc.Infrastructure.ClientErrorResultFilter. 
2025-04-15 16:40:28.6215 | TRACE | Result Filter: After executing OnResultExecuted on filter Microsoft.AspNetCore.Mvc.Infrastructure.ClientErrorResultFilter. 
2025-04-15 16:40:35.7658 | TRACE | All hosts are allowed. 
2025-04-15 16:40:35.7861 | TRACE | Action Filter: Before executing OnActionExecuting on filter Microsoft.AspNetCore.Mvc.ModelBinding.UnsupportedContentTypeFilter. 
2025-04-15 16:40:35.7861 | TRACE | Action Filter: After executing OnActionExecuting on filter Microsoft.AspNetCore.Mvc.ModelBinding.UnsupportedContentTypeFilter. 
2025-04-15 16:40:35.7861 | TRACE | Action Filter: Before executing OnActionExecuting on filter Microsoft.AspNetCore.Mvc.Infrastructure.ModelStateInvalidFilter. 
2025-04-15 16:40:35.7861 | TRACE | Action Filter: After executing OnActionExecuting on filter Microsoft.AspNetCore.Mvc.Infrastructure.ModelStateInvalidFilter. 
2025-04-15 16:40:35.7861 | TRACE | Executing action method WebApplication1.Controller.AuthorController.GetAllBooks2 (WebApplication1) with arguments (0, 2, a03F01, 1) 
2025-04-15 16:40:35.7951 | TRACE | Action Filter: Before executing OnActionExecuted on filter Microsoft.AspNetCore.Mvc.Infrastructure.ModelStateInvalidFilter. 
2025-04-15 16:40:35.7951 | TRACE | Action Filter: After executing OnActionExecuted on filter Microsoft.AspNetCore.Mvc.Infrastructure.ModelStateInvalidFilter. 
2025-04-15 16:40:35.7951 | TRACE | Action Filter: Before executing OnActionExecuted on filter Microsoft.AspNetCore.Mvc.ModelBinding.UnsupportedContentTypeFilter. 
2025-04-15 16:40:35.7951 | TRACE | Action Filter: After executing OnActionExecuted on filter Microsoft.AspNetCore.Mvc.ModelBinding.UnsupportedContentTypeFilter. 
2025-04-15 16:40:35.7951 | TRACE | Result Filter: Before executing OnResultExecuting on filter Microsoft.AspNetCore.Mvc.Infrastructure.ClientErrorResultFilter. 
2025-04-15 16:40:35.7951 | TRACE | Result Filter: After executing OnResultExecuting on filter Microsoft.AspNetCore.Mvc.Infrastructure.ClientErrorResultFilter. 
2025-04-15 16:40:35.7951 | TRACE | Before executing action result Microsoft.AspNetCore.Mvc.ObjectResult. 
2025-04-15 16:40:35.7951 | TRACE | After executing action result Microsoft.AspNetCore.Mvc.ObjectResult. 
2025-04-15 16:40:35.7951 | TRACE | Result Filter: Before executing OnResultExecuted on filter Microsoft.AspNetCore.Mvc.Infrastructure.ClientErrorResultFilter. 
2025-04-15 16:40:35.7951 | TRACE | Result Filter: After executing OnResultExecuted on filter Microsoft.AspNetCore.Mvc.Infrastructure.ClientErrorResultFilter. 
2025-04-15 16:40:35.9819 | TRACE | All hosts are allowed. 
2025-04-15 16:40:35.9977 | TRACE | Action Filter: Before executing OnActionExecuting on filter Microsoft.AspNetCore.Mvc.ModelBinding.UnsupportedContentTypeFilter. 
2025-04-15 16:40:35.9977 | TRACE | Action Filter: After executing OnActionExecuting on filter Microsoft.AspNetCore.Mvc.ModelBinding.UnsupportedContentTypeFilter. 
2025-04-15 16:40:35.9977 | TRACE | Action Filter: Before executing OnActionExecuting on filter Microsoft.AspNetCore.Mvc.Infrastructure.ModelStateInvalidFilter. 
2025-04-15 16:40:35.9977 | TRACE | Action Filter: After executing OnActionExecuting on filter Microsoft.AspNetCore.Mvc.Infrastructure.ModelStateInvalidFilter. 
2025-04-15 16:40:35.9977 | TRACE | Executing action method WebApplication1.Controller.AuthorController.GetAllBooks2 (WebApplication1) with arguments (0, 2, a03F01, 1) 
2025-04-15 16:40:35.9977 | TRACE | Action Filter: Before executing OnActionExecuted on filter Microsoft.AspNetCore.Mvc.Infrastructure.ModelStateInvalidFilter. 
2025-04-15 16:40:35.9977 | TRACE | Action Filter: After executing OnActionExecuted on filter Microsoft.AspNetCore.Mvc.Infrastructure.ModelStateInvalidFilter. 
2025-04-15 16:40:35.9977 | TRACE | Action Filter: Before executing OnActionExecuted on filter Microsoft.AspNetCore.Mvc.ModelBinding.UnsupportedContentTypeFilter. 
2025-04-15 16:40:35.9977 | TRACE | Action Filter: After executing OnActionExecuted on filter Microsoft.AspNetCore.Mvc.ModelBinding.UnsupportedContentTypeFilter. 
2025-04-15 16:40:35.9977 | TRACE | Result Filter: Before executing OnResultExecuting on filter Microsoft.AspNetCore.Mvc.Infrastructure.ClientErrorResultFilter. 
2025-04-15 16:40:35.9977 | TRACE | Result Filter: After executing OnResultExecuting on filter Microsoft.AspNetCore.Mvc.Infrastructure.ClientErrorResultFilter. 
2025-04-15 16:40:35.9977 | TRACE | Before executing action result Microsoft.AspNetCore.Mvc.ObjectResult. 
2025-04-15 16:40:35.9977 | TRACE | After executing action result Microsoft.AspNetCore.Mvc.ObjectResult. 
2025-04-15 16:40:35.9977 | TRACE | Result Filter: Before executing OnResultExecuted on filter Microsoft.AspNetCore.Mvc.Infrastructure.ClientErrorResultFilter. 
2025-04-15 16:40:35.9977 | TRACE | Result Filter: After executing OnResultExecuted on filter Microsoft.AspNetCore.Mvc.Infrastructure.ClientErrorResultFilter. 
2025-04-15 16:40:36.9861 | TRACE | All hosts are allowed. 
2025-04-15 16:40:37.0027 | TRACE | Action Filter: Before executing OnActionExecuting on filter Microsoft.AspNetCore.Mvc.ModelBinding.UnsupportedContentTypeFilter. 
2025-04-15 16:40:37.0027 | TRACE | Action Filter: After executing OnActionExecuting on filter Microsoft.AspNetCore.Mvc.ModelBinding.UnsupportedContentTypeFilter. 
2025-04-15 16:40:37.0027 | TRACE | Action Filter: Before executing OnActionExecuting on filter Microsoft.AspNetCore.Mvc.Infrastructure.ModelStateInvalidFilter. 
2025-04-15 16:40:37.0027 | TRACE | Action Filter: After executing OnActionExecuting on filter Microsoft.AspNetCore.Mvc.Infrastructure.ModelStateInvalidFilter. 
2025-04-15 16:40:37.0027 | TRACE | Executing action method WebApplication1.Controller.AuthorController.GetAllBooks2 (WebApplication1) with arguments (0, 2, a03F01, 1) 
2025-04-15 16:40:37.0118 | TRACE | Action Filter: Before executing OnActionExecuted on filter Microsoft.AspNetCore.Mvc.Infrastructure.ModelStateInvalidFilter. 
2025-04-15 16:40:37.0118 | TRACE | Action Filter: After executing OnActionExecuted on filter Microsoft.AspNetCore.Mvc.Infrastructure.ModelStateInvalidFilter. 
2025-04-15 16:40:37.0118 | TRACE | Action Filter: Before executing OnActionExecuted on filter Microsoft.AspNetCore.Mvc.ModelBinding.UnsupportedContentTypeFilter. 
2025-04-15 16:40:37.0118 | TRACE | Action Filter: After executing OnActionExecuted on filter Microsoft.AspNetCore.Mvc.ModelBinding.UnsupportedContentTypeFilter. 
2025-04-15 16:40:37.0118 | TRACE | Result Filter: Before executing OnResultExecuting on filter Microsoft.AspNetCore.Mvc.Infrastructure.ClientErrorResultFilter. 
2025-04-15 16:40:37.0118 | TRACE | Result Filter: After executing OnResultExecuting on filter Microsoft.AspNetCore.Mvc.Infrastructure.ClientErrorResultFilter. 
2025-04-15 16:40:37.0118 | TRACE | Before executing action result Microsoft.AspNetCore.Mvc.ObjectResult. 
2025-04-15 16:40:37.0118 | TRACE | After executing action result Microsoft.AspNetCore.Mvc.ObjectResult. 
2025-04-15 16:40:37.0118 | TRACE | Result Filter: Before executing OnResultExecuted on filter Microsoft.AspNetCore.Mvc.Infrastructure.ClientErrorResultFilter. 
2025-04-15 16:40:37.0118 | TRACE | Result Filter: After executing OnResultExecuted on filter Microsoft.AspNetCore.Mvc.Infrastructure.ClientErrorResultFilter. 
2025-04-15 16:40:41.1376 | TRACE | All hosts are allowed. 
2025-04-15 16:40:41.1568 | TRACE | Action Filter: Before executing OnActionExecuting on filter Microsoft.AspNetCore.Mvc.ModelBinding.UnsupportedContentTypeFilter. 
2025-04-15 16:40:41.1568 | TRACE | Action Filter: After executing OnActionExecuting on filter Microsoft.AspNetCore.Mvc.ModelBinding.UnsupportedContentTypeFilter. 
2025-04-15 16:40:41.1568 | TRACE | Action Filter: Before executing OnActionExecuting on filter Microsoft.AspNetCore.Mvc.Infrastructure.ModelStateInvalidFilter. 
2025-04-15 16:40:41.1568 | TRACE | Action Filter: After executing OnActionExecuting on filter Microsoft.AspNetCore.Mvc.Infrastructure.ModelStateInvalidFilter. 
2025-04-15 16:40:41.1568 | TRACE | Executing action method WebApplication1.Controller.AuthorController.GetAllBooks2 (WebApplication1) with arguments (0, 2, a03F01, 1) 
2025-04-15 16:40:41.1655 | TRACE | Action Filter: Before executing OnActionExecuted on filter Microsoft.AspNetCore.Mvc.Infrastructure.ModelStateInvalidFilter. 
2025-04-15 16:40:41.1655 | TRACE | Action Filter: After executing OnActionExecuted on filter Microsoft.AspNetCore.Mvc.Infrastructure.ModelStateInvalidFilter. 
2025-04-15 16:40:41.1655 | TRACE | Action Filter: Before executing OnActionExecuted on filter Microsoft.AspNetCore.Mvc.ModelBinding.UnsupportedContentTypeFilter. 
2025-04-15 16:40:41.1655 | TRACE | Action Filter: After executing OnActionExecuted on filter Microsoft.AspNetCore.Mvc.ModelBinding.UnsupportedContentTypeFilter. 
2025-04-15 16:40:41.1655 | TRACE | Result Filter: Before executing OnResultExecuting on filter Microsoft.AspNetCore.Mvc.Infrastructure.ClientErrorResultFilter. 
2025-04-15 16:40:41.1655 | TRACE | Result Filter: After executing OnResultExecuting on filter Microsoft.AspNetCore.Mvc.Infrastructure.ClientErrorResultFilter. 
2025-04-15 16:40:41.1655 | TRACE | Before executing action result Microsoft.AspNetCore.Mvc.ObjectResult. 
2025-04-15 16:40:41.1655 | TRACE | After executing action result Microsoft.AspNetCore.Mvc.ObjectResult. 
2025-04-15 16:40:41.1655 | TRACE | Result Filter: Before executing OnResultExecuted on filter Microsoft.AspNetCore.Mvc.Infrastructure.ClientErrorResultFilter. 
2025-04-15 16:40:41.1655 | TRACE | Result Filter: After executing OnResultExecuted on filter Microsoft.AspNetCore.Mvc.Infrastructure.ClientErrorResultFilter. 
2025-04-15 16:40:41.3586 | TRACE | All hosts are allowed. 
2025-04-15 16:40:41.3747 | TRACE | Action Filter: Before executing OnActionExecuting on filter Microsoft.AspNetCore.Mvc.ModelBinding.UnsupportedContentTypeFilter. 
2025-04-15 16:40:41.3747 | TRACE | Action Filter: After executing OnActionExecuting on filter Microsoft.AspNetCore.Mvc.ModelBinding.UnsupportedContentTypeFilter. 
2025-04-15 16:40:41.3747 | TRACE | Action Filter: Before executing OnActionExecuting on filter Microsoft.AspNetCore.Mvc.Infrastructure.ModelStateInvalidFilter. 
2025-04-15 16:40:41.3747 | TRACE | Action Filter: After executing OnActionExecuting on filter Microsoft.AspNetCore.Mvc.Infrastructure.ModelStateInvalidFilter. 
2025-04-15 16:40:41.3747 | TRACE | Executing action method WebApplication1.Controller.AuthorController.GetAllBooks2 (WebApplication1) with arguments (0, 2, a03F01, 1) 
2025-04-15 16:40:41.3747 | TRACE | Action Filter: Before executing OnActionExecuted on filter Microsoft.AspNetCore.Mvc.Infrastructure.ModelStateInvalidFilter. 
2025-04-15 16:40:41.3747 | TRACE | Action Filter: After executing OnActionExecuted on filter Microsoft.AspNetCore.Mvc.Infrastructure.ModelStateInvalidFilter. 
2025-04-15 16:40:41.3747 | TRACE | Action Filter: Before executing OnActionExecuted on filter Microsoft.AspNetCore.Mvc.ModelBinding.UnsupportedContentTypeFilter. 
2025-04-15 16:40:41.3747 | TRACE | Action Filter: After executing OnActionExecuted on filter Microsoft.AspNetCore.Mvc.ModelBinding.UnsupportedContentTypeFilter. 
2025-04-15 16:40:41.3747 | TRACE | Result Filter: Before executing OnResultExecuting on filter Microsoft.AspNetCore.Mvc.Infrastructure.ClientErrorResultFilter. 
2025-04-15 16:40:41.3747 | TRACE | Result Filter: After executing OnResultExecuting on filter Microsoft.AspNetCore.Mvc.Infrastructure.ClientErrorResultFilter. 
2025-04-15 16:40:41.3747 | TRACE | Before executing action result Microsoft.AspNetCore.Mvc.ObjectResult. 
2025-04-15 16:40:41.3747 | TRACE | After executing action result Microsoft.AspNetCore.Mvc.ObjectResult. 
2025-04-15 16:40:41.3747 | TRACE | Result Filter: Before executing OnResultExecuted on filter Microsoft.AspNetCore.Mvc.Infrastructure.ClientErrorResultFilter. 
2025-04-15 16:40:41.3747 | TRACE | Result Filter: After executing OnResultExecuted on filter Microsoft.AspNetCore.Mvc.Infrastructure.ClientErrorResultFilter. 
2025-04-15 16:40:42.2220 | TRACE | All hosts are allowed. 
2025-04-15 16:40:42.2382 | TRACE | Action Filter: Before executing OnActionExecuting on filter Microsoft.AspNetCore.Mvc.ModelBinding.UnsupportedContentTypeFilter. 
2025-04-15 16:40:42.2382 | TRACE | Action Filter: After executing OnActionExecuting on filter Microsoft.AspNetCore.Mvc.ModelBinding.UnsupportedContentTypeFilter. 
2025-04-15 16:40:42.2382 | TRACE | Action Filter: Before executing OnActionExecuting on filter Microsoft.AspNetCore.Mvc.Infrastructure.ModelStateInvalidFilter. 
2025-04-15 16:40:42.2382 | TRACE | Action Filter: After executing OnActionExecuting on filter Microsoft.AspNetCore.Mvc.Infrastructure.ModelStateInvalidFilter. 
2025-04-15 16:40:42.2382 | TRACE | Executing action method WebApplication1.Controller.AuthorController.GetAllBooks2 (WebApplication1) with arguments (0, 2, a03F01, 1) 
2025-04-15 16:40:42.2469 | TRACE | Action Filter: Before executing OnActionExecuted on filter Microsoft.AspNetCore.Mvc.Infrastructure.ModelStateInvalidFilter. 
2025-04-15 16:40:42.2469 | TRACE | Action Filter: After executing OnActionExecuted on filter Microsoft.AspNetCore.Mvc.Infrastructure.ModelStateInvalidFilter. 
2025-04-15 16:40:42.2469 | TRACE | Action Filter: Before executing OnActionExecuted on filter Microsoft.AspNetCore.Mvc.ModelBinding.UnsupportedContentTypeFilter. 
2025-04-15 16:40:42.2469 | TRACE | Action Filter: After executing OnActionExecuted on filter Microsoft.AspNetCore.Mvc.ModelBinding.UnsupportedContentTypeFilter. 
2025-04-15 16:40:42.2469 | TRACE | Result Filter: Before executing OnResultExecuting on filter Microsoft.AspNetCore.Mvc.Infrastructure.ClientErrorResultFilter. 
2025-04-15 16:40:42.2469 | TRACE | Result Filter: After executing OnResultExecuting on filter Microsoft.AspNetCore.Mvc.Infrastructure.ClientErrorResultFilter. 
2025-04-15 16:40:42.2469 | TRACE | Before executing action result Microsoft.AspNetCore.Mvc.ObjectResult. 
2025-04-15 16:40:42.2469 | TRACE | After executing action result Microsoft.AspNetCore.Mvc.ObjectResult. 
2025-04-15 16:40:42.2469 | TRACE | Result Filter: Before executing OnResultExecuted on filter Microsoft.AspNetCore.Mvc.Infrastructure.ClientErrorResultFilter. 
2025-04-15 16:40:42.2469 | TRACE | Result Filter: After executing OnResultExecuted on filter Microsoft.AspNetCore.Mvc.Infrastructure.ClientErrorResultFilter. 
2025-04-15 16:40:48.3541 | TRACE | All hosts are allowed. 
2025-04-15 16:40:48.3541 | TRACE | Action Filter: Before executing OnActionExecuting on filter Microsoft.AspNetCore.Mvc.ModelBinding.UnsupportedContentTypeFilter. 
2025-04-15 16:40:48.3541 | TRACE | Action Filter: After executing OnActionExecuting on filter Microsoft.AspNetCore.Mvc.ModelBinding.UnsupportedContentTypeFilter. 
2025-04-15 16:40:48.3541 | TRACE | Action Filter: Before executing OnActionExecuting on filter Microsoft.AspNetCore.Mvc.Infrastructure.ModelStateInvalidFilter. 
2025-04-15 16:40:48.3541 | TRACE | Action Filter: After executing OnActionExecuting on filter Microsoft.AspNetCore.Mvc.Infrastructure.ModelStateInvalidFilter. 
2025-04-15 16:40:48.3541 | TRACE | Executing action method WebApplication1.Controller.AuthorController.GetAllBooks2 (WebApplication1) with arguments (0, 2, a03F01, 1) 
2025-04-15 16:40:48.3819 | TRACE | Action Filter: Before executing OnActionExecuted on filter Microsoft.AspNetCore.Mvc.Infrastructure.ModelStateInvalidFilter. 
2025-04-15 16:40:48.3819 | TRACE | Action Filter: After executing OnActionExecuted on filter Microsoft.AspNetCore.Mvc.Infrastructure.ModelStateInvalidFilter. 
2025-04-15 16:40:48.3819 | TRACE | Action Filter: Before executing OnActionExecuted on filter Microsoft.AspNetCore.Mvc.ModelBinding.UnsupportedContentTypeFilter. 
2025-04-15 16:40:48.3819 | TRACE | Action Filter: After executing OnActionExecuted on filter Microsoft.AspNetCore.Mvc.ModelBinding.UnsupportedContentTypeFilter. 
2025-04-15 16:40:48.3819 | TRACE | Result Filter: Before executing OnResultExecuting on filter Microsoft.AspNetCore.Mvc.Infrastructure.ClientErrorResultFilter. 
2025-04-15 16:40:48.3819 | TRACE | Result Filter: After executing OnResultExecuting on filter Microsoft.AspNetCore.Mvc.Infrastructure.ClientErrorResultFilter. 
2025-04-15 16:40:48.3819 | TRACE | Before executing action result Microsoft.AspNetCore.Mvc.ObjectResult. 
2025-04-15 16:40:48.3819 | TRACE | After executing action result Microsoft.AspNetCore.Mvc.ObjectResult. 
2025-04-15 16:40:48.3819 | TRACE | Result Filter: Before executing OnResultExecuted on filter Microsoft.AspNetCore.Mvc.Infrastructure.ClientErrorResultFilter. 
2025-04-15 16:40:48.3819 | TRACE | Result Filter: After executing OnResultExecuted on filter Microsoft.AspNetCore.Mvc.Infrastructure.ClientErrorResultFilter. 
2025-04-15 16:40:48.5698 | TRACE | All hosts are allowed. 
2025-04-15 16:40:48.5861 | TRACE | Action Filter: Before executing OnActionExecuting on filter Microsoft.AspNetCore.Mvc.ModelBinding.UnsupportedContentTypeFilter. 
2025-04-15 16:40:48.5861 | TRACE | Action Filter: After executing OnActionExecuting on filter Microsoft.AspNetCore.Mvc.ModelBinding.UnsupportedContentTypeFilter. 
2025-04-15 16:40:48.5861 | TRACE | Action Filter: Before executing OnActionExecuting on filter Microsoft.AspNetCore.Mvc.Infrastructure.ModelStateInvalidFilter. 
2025-04-15 16:40:48.5861 | TRACE | Action Filter: After executing OnActionExecuting on filter Microsoft.AspNetCore.Mvc.Infrastructure.ModelStateInvalidFilter. 
2025-04-15 16:40:48.5861 | TRACE | Executing action method WebApplication1.Controller.AuthorController.GetAllBooks2 (WebApplication1) with arguments (0, 2, a03F01, 1) 
2025-04-15 16:40:48.5946 | TRACE | Action Filter: Before executing OnActionExecuted on filter Microsoft.AspNetCore.Mvc.Infrastructure.ModelStateInvalidFilter. 
2025-04-15 16:40:48.5946 | TRACE | Action Filter: After executing OnActionExecuted on filter Microsoft.AspNetCore.Mvc.Infrastructure.ModelStateInvalidFilter. 
2025-04-15 16:40:48.5946 | TRACE | Action Filter: Before executing OnActionExecuted on filter Microsoft.AspNetCore.Mvc.ModelBinding.UnsupportedContentTypeFilter. 
2025-04-15 16:40:48.5946 | TRACE | Action Filter: After executing OnActionExecuted on filter Microsoft.AspNetCore.Mvc.ModelBinding.UnsupportedContentTypeFilter. 
2025-04-15 16:40:48.5946 | TRACE | Result Filter: Before executing OnResultExecuting on filter Microsoft.AspNetCore.Mvc.Infrastructure.ClientErrorResultFilter. 
2025-04-15 16:40:48.5946 | TRACE | Result Filter: After executing OnResultExecuting on filter Microsoft.AspNetCore.Mvc.Infrastructure.ClientErrorResultFilter. 
2025-04-15 16:40:48.5946 | TRACE | Before executing action result Microsoft.AspNetCore.Mvc.ObjectResult. 
2025-04-15 16:40:48.5946 | TRACE | After executing action result Microsoft.AspNetCore.Mvc.ObjectResult. 
2025-04-15 16:40:48.5946 | TRACE | Result Filter: Before executing OnResultExecuted on filter Microsoft.AspNetCore.Mvc.Infrastructure.ClientErrorResultFilter. 
2025-04-15 16:40:48.5946 | TRACE | Result Filter: After executing OnResultExecuted on filter Microsoft.AspNetCore.Mvc.Infrastructure.ClientErrorResultFilter. 
2025-04-15 16:40:49.5730 | TRACE | All hosts are allowed. 
2025-04-15 16:40:49.5891 | TRACE | Action Filter: Before executing OnActionExecuting on filter Microsoft.AspNetCore.Mvc.ModelBinding.UnsupportedContentTypeFilter. 
2025-04-15 16:40:49.5891 | TRACE | Action Filter: After executing OnActionExecuting on filter Microsoft.AspNetCore.Mvc.ModelBinding.UnsupportedContentTypeFilter. 
2025-04-15 16:40:49.5891 | TRACE | Action Filter: Before executing OnActionExecuting on filter Microsoft.AspNetCore.Mvc.Infrastructure.ModelStateInvalidFilter. 
2025-04-15 16:40:49.5891 | TRACE | Action Filter: After executing OnActionExecuting on filter Microsoft.AspNetCore.Mvc.Infrastructure.ModelStateInvalidFilter. 
2025-04-15 16:40:49.5891 | TRACE | Executing action method WebApplication1.Controller.AuthorController.GetAllBooks2 (WebApplication1) with arguments (0, 2, a03F01, 1) 
2025-04-15 16:40:49.5891 | TRACE | Action Filter: Before executing OnActionExecuted on filter Microsoft.AspNetCore.Mvc.Infrastructure.ModelStateInvalidFilter. 
2025-04-15 16:40:49.5891 | TRACE | Action Filter: After executing OnActionExecuted on filter Microsoft.AspNetCore.Mvc.Infrastructure.ModelStateInvalidFilter. 
2025-04-15 16:40:49.5891 | TRACE | Action Filter: Before executing OnActionExecuted on filter Microsoft.AspNetCore.Mvc.ModelBinding.UnsupportedContentTypeFilter. 
2025-04-15 16:40:49.5891 | TRACE | Action Filter: After executing OnActionExecuted on filter Microsoft.AspNetCore.Mvc.ModelBinding.UnsupportedContentTypeFilter. 
2025-04-15 16:40:49.5891 | TRACE | Result Filter: Before executing OnResultExecuting on filter Microsoft.AspNetCore.Mvc.Infrastructure.ClientErrorResultFilter. 
2025-04-15 16:40:49.5891 | TRACE | Result Filter: After executing OnResultExecuting on filter Microsoft.AspNetCore.Mvc.Infrastructure.ClientErrorResultFilter. 
2025-04-15 16:40:49.5891 | TRACE | Before executing action result Microsoft.AspNetCore.Mvc.ObjectResult. 
2025-04-15 16:40:49.5891 | TRACE | After executing action result Microsoft.AspNetCore.Mvc.ObjectResult. 
2025-04-15 16:40:49.5891 | TRACE | Result Filter: Before executing OnResultExecuted on filter Microsoft.AspNetCore.Mvc.Infrastructure.ClientErrorResultFilter. 
2025-04-15 16:40:49.5891 | TRACE | Result Filter: After executing OnResultExecuted on filter Microsoft.AspNetCore.Mvc.Infrastructure.ClientErrorResultFilter. 
2025-04-15 16:40:50.3331 | TRACE | All hosts are allowed. 
2025-04-15 16:40:50.3470 | TRACE | Action Filter: Before executing OnActionExecuting on filter Microsoft.AspNetCore.Mvc.ModelBinding.UnsupportedContentTypeFilter. 
2025-04-15 16:40:50.3470 | TRACE | Action Filter: After executing OnActionExecuting on filter Microsoft.AspNetCore.Mvc.ModelBinding.UnsupportedContentTypeFilter. 
2025-04-15 16:40:50.3470 | TRACE | Action Filter: Before executing OnActionExecuting on filter Microsoft.AspNetCore.Mvc.Infrastructure.ModelStateInvalidFilter. 
2025-04-15 16:40:50.3470 | TRACE | Action Filter: After executing OnActionExecuting on filter Microsoft.AspNetCore.Mvc.Infrastructure.ModelStateInvalidFilter. 
2025-04-15 16:40:50.3470 | TRACE | Executing action method WebApplication1.Controller.AuthorController.GetAllBooks2 (WebApplication1) with arguments (0, 2, a03F01, 1) 
2025-04-15 16:40:50.3470 | TRACE | Action Filter: Before executing OnActionExecuted on filter Microsoft.AspNetCore.Mvc.Infrastructure.ModelStateInvalidFilter. 
2025-04-15 16:40:50.3470 | TRACE | Action Filter: After executing OnActionExecuted on filter Microsoft.AspNetCore.Mvc.Infrastructure.ModelStateInvalidFilter. 
2025-04-15 16:40:50.3470 | TRACE | Action Filter: Before executing OnActionExecuted on filter Microsoft.AspNetCore.Mvc.ModelBinding.UnsupportedContentTypeFilter. 
2025-04-15 16:40:50.3470 | TRACE | Action Filter: After executing OnActionExecuted on filter Microsoft.AspNetCore.Mvc.ModelBinding.UnsupportedContentTypeFilter. 
2025-04-15 16:40:50.3556 | TRACE | Result Filter: Before executing OnResultExecuting on filter Microsoft.AspNetCore.Mvc.Infrastructure.ClientErrorResultFilter. 
2025-04-15 16:40:50.3556 | TRACE | Result Filter: After executing OnResultExecuting on filter Microsoft.AspNetCore.Mvc.Infrastructure.ClientErrorResultFilter. 
2025-04-15 16:40:50.3556 | TRACE | Before executing action result Microsoft.AspNetCore.Mvc.ObjectResult. 
2025-04-15 16:40:50.3556 | TRACE | After executing action result Microsoft.AspNetCore.Mvc.ObjectResult. 
2025-04-15 16:40:50.3556 | TRACE | Result Filter: Before executing OnResultExecuted on filter Microsoft.AspNetCore.Mvc.Infrastructure.ClientErrorResultFilter. 
2025-04-15 16:40:50.3556 | TRACE | Result Filter: After executing OnResultExecuted on filter Microsoft.AspNetCore.Mvc.Infrastructure.ClientErrorResultFilter. 
2025-04-15 16:40:51.7536 | TRACE | All hosts are allowed. 
2025-04-15 16:40:51.7869 | TRACE | Action Filter: Before executing OnActionExecuting on filter Microsoft.AspNetCore.Mvc.ModelBinding.UnsupportedContentTypeFilter. 
2025-04-15 16:40:51.7869 | TRACE | Action Filter: After executing OnActionExecuting on filter Microsoft.AspNetCore.Mvc.ModelBinding.UnsupportedContentTypeFilter. 
2025-04-15 16:40:51.7869 | TRACE | Action Filter: Before executing OnActionExecuting on filter Microsoft.AspNetCore.Mvc.Infrastructure.ModelStateInvalidFilter. 
2025-04-15 16:40:51.7869 | TRACE | Action Filter: After executing OnActionExecuting on filter Microsoft.AspNetCore.Mvc.Infrastructure.ModelStateInvalidFilter. 
2025-04-15 16:40:51.7869 | TRACE | Executing action method WebApplication1.Controller.AuthorController.GetAllBooks2 (WebApplication1) with arguments (0, 2, a03F01, 1) 
2025-04-15 16:40:51.7951 | TRACE | Action Filter: Before executing OnActionExecuted on filter Microsoft.AspNetCore.Mvc.Infrastructure.ModelStateInvalidFilter. 
2025-04-15 16:40:51.7951 | TRACE | Action Filter: After executing OnActionExecuted on filter Microsoft.AspNetCore.Mvc.Infrastructure.ModelStateInvalidFilter. 
2025-04-15 16:40:51.7951 | TRACE | Action Filter: Before executing OnActionExecuted on filter Microsoft.AspNetCore.Mvc.ModelBinding.UnsupportedContentTypeFilter. 
2025-04-15 16:40:51.7951 | TRACE | Action Filter: After executing OnActionExecuted on filter Microsoft.AspNetCore.Mvc.ModelBinding.UnsupportedContentTypeFilter. 
2025-04-15 16:40:51.7951 | TRACE | Result Filter: Before executing OnResultExecuting on filter Microsoft.AspNetCore.Mvc.Infrastructure.ClientErrorResultFilter. 
2025-04-15 16:40:51.7951 | TRACE | Result Filter: After executing OnResultExecuting on filter Microsoft.AspNetCore.Mvc.Infrastructure.ClientErrorResultFilter. 
2025-04-15 16:40:51.7951 | TRACE | Before executing action result Microsoft.AspNetCore.Mvc.ObjectResult. 
2025-04-15 16:40:51.7951 | TRACE | After executing action result Microsoft.AspNetCore.Mvc.ObjectResult. 
2025-04-15 16:40:51.7951 | TRACE | Result Filter: Before executing OnResultExecuted on filter Microsoft.AspNetCore.Mvc.Infrastructure.ClientErrorResultFilter. 
2025-04-15 16:40:51.7951 | TRACE | Result Filter: After executing OnResultExecuted on filter Microsoft.AspNetCore.Mvc.Infrastructure.ClientErrorResultFilter. 
2025-04-15 16:40:51.9706 | TRACE | All hosts are allowed. 
2025-04-15 16:40:51.9875 | TRACE | Action Filter: Before executing OnActionExecuting on filter Microsoft.AspNetCore.Mvc.ModelBinding.UnsupportedContentTypeFilter. 
2025-04-15 16:40:51.9875 | TRACE | Action Filter: After executing OnActionExecuting on filter Microsoft.AspNetCore.Mvc.ModelBinding.UnsupportedContentTypeFilter. 
2025-04-15 16:40:51.9875 | TRACE | Action Filter: Before executing OnActionExecuting on filter Microsoft.AspNetCore.Mvc.Infrastructure.ModelStateInvalidFilter. 
2025-04-15 16:40:51.9875 | TRACE | Action Filter: After executing OnActionExecuting on filter Microsoft.AspNetCore.Mvc.Infrastructure.ModelStateInvalidFilter. 
2025-04-15 16:40:51.9875 | TRACE | Executing action method WebApplication1.Controller.AuthorController.GetAllBooks2 (WebApplication1) with arguments (0, 2, a03F01, 1) 
2025-04-15 16:40:51.9967 | TRACE | Action Filter: Before executing OnActionExecuted on filter Microsoft.AspNetCore.Mvc.Infrastructure.ModelStateInvalidFilter. 
2025-04-15 16:40:51.9967 | TRACE | Action Filter: After executing OnActionExecuted on filter Microsoft.AspNetCore.Mvc.Infrastructure.ModelStateInvalidFilter. 
2025-04-15 16:40:51.9967 | TRACE | Action Filter: Before executing OnActionExecuted on filter Microsoft.AspNetCore.Mvc.ModelBinding.UnsupportedContentTypeFilter. 
2025-04-15 16:40:51.9967 | TRACE | Action Filter: After executing OnActionExecuted on filter Microsoft.AspNetCore.Mvc.ModelBinding.UnsupportedContentTypeFilter. 
2025-04-15 16:40:51.9967 | TRACE | Result Filter: Before executing OnResultExecuting on filter Microsoft.AspNetCore.Mvc.Infrastructure.ClientErrorResultFilter. 
2025-04-15 16:40:51.9967 | TRACE | Result Filter: After executing OnResultExecuting on filter Microsoft.AspNetCore.Mvc.Infrastructure.ClientErrorResultFilter. 
2025-04-15 16:40:51.9967 | TRACE | Before executing action result Microsoft.AspNetCore.Mvc.ObjectResult. 
2025-04-15 16:40:51.9967 | TRACE | After executing action result Microsoft.AspNetCore.Mvc.ObjectResult. 
2025-04-15 16:40:51.9967 | TRACE | Result Filter: Before executing OnResultExecuted on filter Microsoft.AspNetCore.Mvc.Infrastructure.ClientErrorResultFilter. 
2025-04-15 16:40:51.9967 | TRACE | Result Filter: After executing OnResultExecuted on filter Microsoft.AspNetCore.Mvc.Infrastructure.ClientErrorResultFilter. 
2025-04-15 16:40:52.9657 | TRACE | All hosts are allowed. 
2025-04-15 16:40:52.9813 | TRACE | Action Filter: Before executing OnActionExecuting on filter Microsoft.AspNetCore.Mvc.ModelBinding.UnsupportedContentTypeFilter. 
2025-04-15 16:40:52.9813 | TRACE | Action Filter: After executing OnActionExecuting on filter Microsoft.AspNetCore.Mvc.ModelBinding.UnsupportedContentTypeFilter. 
2025-04-15 16:40:52.9813 | TRACE | Action Filter: Before executing OnActionExecuting on filter Microsoft.AspNetCore.Mvc.Infrastructure.ModelStateInvalidFilter. 
2025-04-15 16:40:52.9813 | TRACE | Action Filter: After executing OnActionExecuting on filter Microsoft.AspNetCore.Mvc.Infrastructure.ModelStateInvalidFilter. 
2025-04-15 16:40:52.9813 | TRACE | Executing action method WebApplication1.Controller.AuthorController.GetAllBooks2 (WebApplication1) with arguments (0, 2, a03F01, 1) 
2025-04-15 16:40:52.9813 | TRACE | Action Filter: Before executing OnActionExecuted on filter Microsoft.AspNetCore.Mvc.Infrastructure.ModelStateInvalidFilter. 
2025-04-15 16:40:52.9813 | TRACE | Action Filter: After executing OnActionExecuted on filter Microsoft.AspNetCore.Mvc.Infrastructure.ModelStateInvalidFilter. 
2025-04-15 16:40:52.9813 | TRACE | Action Filter: Before executing OnActionExecuted on filter Microsoft.AspNetCore.Mvc.ModelBinding.UnsupportedContentTypeFilter. 
2025-04-15 16:40:52.9813 | TRACE | Action Filter: After executing OnActionExecuted on filter Microsoft.AspNetCore.Mvc.ModelBinding.UnsupportedContentTypeFilter. 
2025-04-15 16:40:52.9813 | TRACE | Result Filter: Before executing OnResultExecuting on filter Microsoft.AspNetCore.Mvc.Infrastructure.ClientErrorResultFilter. 
2025-04-15 16:40:52.9813 | TRACE | Result Filter: After executing OnResultExecuting on filter Microsoft.AspNetCore.Mvc.Infrastructure.ClientErrorResultFilter. 
2025-04-15 16:40:52.9813 | TRACE | Before executing action result Microsoft.AspNetCore.Mvc.ObjectResult. 
2025-04-15 16:40:52.9813 | TRACE | After executing action result Microsoft.AspNetCore.Mvc.ObjectResult. 
2025-04-15 16:40:52.9813 | TRACE | Result Filter: Before executing OnResultExecuted on filter Microsoft.AspNetCore.Mvc.Infrastructure.ClientErrorResultFilter. 
2025-04-15 16:40:52.9813 | TRACE | Result Filter: After executing OnResultExecuted on filter Microsoft.AspNetCore.Mvc.Infrastructure.ClientErrorResultFilter. 
2025-04-15 16:40:58.3518 | TRACE | All hosts are allowed. 
2025-04-15 16:40:58.3698 | TRACE | Action Filter: Before executing OnActionExecuting on filter Microsoft.AspNetCore.Mvc.ModelBinding.UnsupportedContentTypeFilter. 
2025-04-15 16:40:58.3698 | TRACE | Action Filter: After executing OnActionExecuting on filter Microsoft.AspNetCore.Mvc.ModelBinding.UnsupportedContentTypeFilter. 
2025-04-15 16:40:58.3698 | TRACE | Action Filter: Before executing OnActionExecuting on filter Microsoft.AspNetCore.Mvc.Infrastructure.ModelStateInvalidFilter. 
2025-04-15 16:40:58.3698 | TRACE | Action Filter: After executing OnActionExecuting on filter Microsoft.AspNetCore.Mvc.Infrastructure.ModelStateInvalidFilter. 
2025-04-15 16:40:58.3698 | TRACE | Executing action method WebApplication1.Controller.AuthorController.GetAllBooks2 (WebApplication1) with arguments (0, 2, a03F01, 1) 
2025-04-15 16:40:58.3698 | TRACE | Action Filter: Before executing OnActionExecuted on filter Microsoft.AspNetCore.Mvc.Infrastructure.ModelStateInvalidFilter. 
2025-04-15 16:40:58.3698 | TRACE | Action Filter: After executing OnActionExecuted on filter Microsoft.AspNetCore.Mvc.Infrastructure.ModelStateInvalidFilter. 
2025-04-15 16:40:58.3698 | TRACE | Action Filter: Before executing OnActionExecuted on filter Microsoft.AspNetCore.Mvc.ModelBinding.UnsupportedContentTypeFilter. 
2025-04-15 16:40:58.3698 | TRACE | Action Filter: After executing OnActionExecuted on filter Microsoft.AspNetCore.Mvc.ModelBinding.UnsupportedContentTypeFilter. 
2025-04-15 16:40:58.3698 | TRACE | Result Filter: Before executing OnResultExecuting on filter Microsoft.AspNetCore.Mvc.Infrastructure.ClientErrorResultFilter. 
2025-04-15 16:40:58.3698 | TRACE | Result Filter: After executing OnResultExecuting on filter Microsoft.AspNetCore.Mvc.Infrastructure.ClientErrorResultFilter. 
2025-04-15 16:40:58.3698 | TRACE | Before executing action result Microsoft.AspNetCore.Mvc.ObjectResult. 
2025-04-15 16:40:58.3698 | TRACE | After executing action result Microsoft.AspNetCore.Mvc.ObjectResult. 
2025-04-15 16:40:58.3698 | TRACE | Result Filter: Before executing OnResultExecuted on filter Microsoft.AspNetCore.Mvc.Infrastructure.ClientErrorResultFilter. 
2025-04-15 16:40:58.3698 | TRACE | Result Filter: After executing OnResultExecuted on filter Microsoft.AspNetCore.Mvc.Infrastructure.ClientErrorResultFilter. 
2025-04-15 16:40:58.5771 | TRACE | All hosts are allowed. 
2025-04-15 16:40:58.5919 | TRACE | Action Filter: Before executing OnActionExecuting on filter Microsoft.AspNetCore.Mvc.ModelBinding.UnsupportedContentTypeFilter. 
2025-04-15 16:40:58.5919 | TRACE | Action Filter: After executing OnActionExecuting on filter Microsoft.AspNetCore.Mvc.ModelBinding.UnsupportedContentTypeFilter. 
2025-04-15 16:40:58.5919 | TRACE | Action Filter: Before executing OnActionExecuting on filter Microsoft.AspNetCore.Mvc.Infrastructure.ModelStateInvalidFilter. 
2025-04-15 16:40:58.5919 | TRACE | Action Filter: After executing OnActionExecuting on filter Microsoft.AspNetCore.Mvc.Infrastructure.ModelStateInvalidFilter. 
2025-04-15 16:40:58.5919 | TRACE | Executing action method WebApplication1.Controller.AuthorController.GetAllBooks2 (WebApplication1) with arguments (0, 2, a03F01, 1) 
2025-04-15 16:40:58.5919 | TRACE | Action Filter: Before executing OnActionExecuted on filter Microsoft.AspNetCore.Mvc.Infrastructure.ModelStateInvalidFilter. 
2025-04-15 16:40:58.5919 | TRACE | Action Filter: After executing OnActionExecuted on filter Microsoft.AspNetCore.Mvc.Infrastructure.ModelStateInvalidFilter. 
2025-04-15 16:40:58.5919 | TRACE | Action Filter: Before executing OnActionExecuted on filter Microsoft.AspNetCore.Mvc.ModelBinding.UnsupportedContentTypeFilter. 
2025-04-15 16:40:58.5919 | TRACE | Action Filter: After executing OnActionExecuted on filter Microsoft.AspNetCore.Mvc.ModelBinding.UnsupportedContentTypeFilter. 
2025-04-15 16:40:58.5919 | TRACE | Result Filter: Before executing OnResultExecuting on filter Microsoft.AspNetCore.Mvc.Infrastructure.ClientErrorResultFilter. 
2025-04-15 16:40:58.5919 | TRACE | Result Filter: After executing OnResultExecuting on filter Microsoft.AspNetCore.Mvc.Infrastructure.ClientErrorResultFilter. 
2025-04-15 16:40:58.5919 | TRACE | Before executing action result Microsoft.AspNetCore.Mvc.ObjectResult. 
2025-04-15 16:40:58.5919 | TRACE | After executing action result Microsoft.AspNetCore.Mvc.ObjectResult. 
2025-04-15 16:40:58.5919 | TRACE | Result Filter: Before executing OnResultExecuted on filter Microsoft.AspNetCore.Mvc.Infrastructure.ClientErrorResultFilter. 
2025-04-15 16:40:58.5919 | TRACE | Result Filter: After executing OnResultExecuted on filter Microsoft.AspNetCore.Mvc.Infrastructure.ClientErrorResultFilter. 
2025-04-15 16:40:59.5834 | TRACE | All hosts are allowed. 
2025-04-15 16:40:59.5999 | TRACE | Action Filter: Before executing OnActionExecuting on filter Microsoft.AspNetCore.Mvc.ModelBinding.UnsupportedContentTypeFilter. 
2025-04-15 16:40:59.5999 | TRACE | Action Filter: After executing OnActionExecuting on filter Microsoft.AspNetCore.Mvc.ModelBinding.UnsupportedContentTypeFilter. 
2025-04-15 16:40:59.5999 | TRACE | Action Filter: Before executing OnActionExecuting on filter Microsoft.AspNetCore.Mvc.Infrastructure.ModelStateInvalidFilter. 
2025-04-15 16:40:59.5999 | TRACE | Action Filter: After executing OnActionExecuting on filter Microsoft.AspNetCore.Mvc.Infrastructure.ModelStateInvalidFilter. 
2025-04-15 16:40:59.5999 | TRACE | Executing action method WebApplication1.Controller.AuthorController.GetAllBooks2 (WebApplication1) with arguments (0, 2, a03F01, 1) 
2025-04-15 16:40:59.6084 | TRACE | Action Filter: Before executing OnActionExecuted on filter Microsoft.AspNetCore.Mvc.Infrastructure.ModelStateInvalidFilter. 
2025-04-15 16:40:59.6084 | TRACE | Action Filter: After executing OnActionExecuted on filter Microsoft.AspNetCore.Mvc.Infrastructure.ModelStateInvalidFilter. 
2025-04-15 16:40:59.6084 | TRACE | Action Filter: Before executing OnActionExecuted on filter Microsoft.AspNetCore.Mvc.ModelBinding.UnsupportedContentTypeFilter. 
2025-04-15 16:40:59.6084 | TRACE | Action Filter: After executing OnActionExecuted on filter Microsoft.AspNetCore.Mvc.ModelBinding.UnsupportedContentTypeFilter. 
2025-04-15 16:40:59.6084 | TRACE | Result Filter: Before executing OnResultExecuting on filter Microsoft.AspNetCore.Mvc.Infrastructure.ClientErrorResultFilter. 
2025-04-15 16:40:59.6084 | TRACE | Result Filter: After executing OnResultExecuting on filter Microsoft.AspNetCore.Mvc.Infrastructure.ClientErrorResultFilter. 
2025-04-15 16:40:59.6084 | TRACE | Before executing action result Microsoft.AspNetCore.Mvc.ObjectResult. 
2025-04-15 16:40:59.6084 | TRACE | After executing action result Microsoft.AspNetCore.Mvc.ObjectResult. 
2025-04-15 16:40:59.6084 | TRACE | Result Filter: Before executing OnResultExecuted on filter Microsoft.AspNetCore.Mvc.Infrastructure.ClientErrorResultFilter. 
2025-04-15 16:40:59.6084 | TRACE | Result Filter: After executing OnResultExecuted on filter Microsoft.AspNetCore.Mvc.Infrastructure.ClientErrorResultFilter. 
2025-04-15 16:41:07.7034 | TRACE | All hosts are allowed. 
2025-04-15 16:41:07.7222 | TRACE | Action Filter: Before executing OnActionExecuting on filter Microsoft.AspNetCore.Mvc.ModelBinding.UnsupportedContentTypeFilter. 
2025-04-15 16:41:07.7222 | TRACE | Action Filter: After executing OnActionExecuting on filter Microsoft.AspNetCore.Mvc.ModelBinding.UnsupportedContentTypeFilter. 
2025-04-15 16:41:07.7222 | TRACE | Action Filter: Before executing OnActionExecuting on filter Microsoft.AspNetCore.Mvc.Infrastructure.ModelStateInvalidFilter. 
2025-04-15 16:41:07.7222 | TRACE | Action Filter: After executing OnActionExecuting on filter Microsoft.AspNetCore.Mvc.Infrastructure.ModelStateInvalidFilter. 
2025-04-15 16:41:07.7222 | TRACE | Executing action method WebApplication1.Controller.AuthorController.GetAllBooks2 (WebApplication1) with arguments (0, 2, a03F01, 1) 
2025-04-15 16:41:07.7222 | TRACE | Action Filter: Before executing OnActionExecuted on filter Microsoft.AspNetCore.Mvc.Infrastructure.ModelStateInvalidFilter. 
2025-04-15 16:41:07.7222 | TRACE | Action Filter: After executing OnActionExecuted on filter Microsoft.AspNetCore.Mvc.Infrastructure.ModelStateInvalidFilter. 
2025-04-15 16:41:07.7222 | TRACE | Action Filter: Before executing OnActionExecuted on filter Microsoft.AspNetCore.Mvc.ModelBinding.UnsupportedContentTypeFilter. 
2025-04-15 16:41:07.7222 | TRACE | Action Filter: After executing OnActionExecuted on filter Microsoft.AspNetCore.Mvc.ModelBinding.UnsupportedContentTypeFilter. 
2025-04-15 16:41:07.7222 | TRACE | Result Filter: Before executing OnResultExecuting on filter Microsoft.AspNetCore.Mvc.Infrastructure.ClientErrorResultFilter. 
2025-04-15 16:41:07.7222 | TRACE | Result Filter: After executing OnResultExecuting on filter Microsoft.AspNetCore.Mvc.Infrastructure.ClientErrorResultFilter. 
2025-04-15 16:41:07.7222 | TRACE | Before executing action result Microsoft.AspNetCore.Mvc.ObjectResult. 
2025-04-15 16:41:07.7222 | TRACE | After executing action result Microsoft.AspNetCore.Mvc.ObjectResult. 
2025-04-15 16:41:07.7222 | TRACE | Result Filter: Before executing OnResultExecuted on filter Microsoft.AspNetCore.Mvc.Infrastructure.ClientErrorResultFilter. 
2025-04-15 16:41:07.7222 | TRACE | Result Filter: After executing OnResultExecuted on filter Microsoft.AspNetCore.Mvc.Infrastructure.ClientErrorResultFilter. 
2025-04-15 16:41:07.9225 | TRACE | All hosts are allowed. 
2025-04-15 16:41:07.9373 | TRACE | Action Filter: Before executing OnActionExecuting on filter Microsoft.AspNetCore.Mvc.ModelBinding.UnsupportedContentTypeFilter. 
2025-04-15 16:41:07.9373 | TRACE | Action Filter: After executing OnActionExecuting on filter Microsoft.AspNetCore.Mvc.ModelBinding.UnsupportedContentTypeFilter. 
2025-04-15 16:41:07.9373 | TRACE | Action Filter: Before executing OnActionExecuting on filter Microsoft.AspNetCore.Mvc.Infrastructure.ModelStateInvalidFilter. 
2025-04-15 16:41:07.9373 | TRACE | Action Filter: After executing OnActionExecuting on filter Microsoft.AspNetCore.Mvc.Infrastructure.ModelStateInvalidFilter. 
2025-04-15 16:41:07.9373 | TRACE | Executing action method WebApplication1.Controller.AuthorController.GetAllBooks2 (WebApplication1) with arguments (0, 2, a03F01, 1) 
2025-04-15 16:41:07.9373 | TRACE | Action Filter: Before executing OnActionExecuted on filter Microsoft.AspNetCore.Mvc.Infrastructure.ModelStateInvalidFilter. 
2025-04-15 16:41:07.9373 | TRACE | Action Filter: After executing OnActionExecuted on filter Microsoft.AspNetCore.Mvc.Infrastructure.ModelStateInvalidFilter. 
2025-04-15 16:41:07.9373 | TRACE | Action Filter: Before executing OnActionExecuted on filter Microsoft.AspNetCore.Mvc.ModelBinding.UnsupportedContentTypeFilter. 
2025-04-15 16:41:07.9373 | TRACE | Action Filter: After executing OnActionExecuted on filter Microsoft.AspNetCore.Mvc.ModelBinding.UnsupportedContentTypeFilter. 
2025-04-15 16:41:07.9373 | TRACE | Result Filter: Before executing OnResultExecuting on filter Microsoft.AspNetCore.Mvc.Infrastructure.ClientErrorResultFilter. 
2025-04-15 16:41:07.9373 | TRACE | Result Filter: After executing OnResultExecuting on filter Microsoft.AspNetCore.Mvc.Infrastructure.ClientErrorResultFilter. 
2025-04-15 16:41:07.9373 | TRACE | Before executing action result Microsoft.AspNetCore.Mvc.ObjectResult. 
2025-04-15 16:41:07.9373 | TRACE | After executing action result Microsoft.AspNetCore.Mvc.ObjectResult. 
2025-04-15 16:41:07.9373 | TRACE | Result Filter: Before executing OnResultExecuted on filter Microsoft.AspNetCore.Mvc.Infrastructure.ClientErrorResultFilter. 
2025-04-15 16:41:07.9373 | TRACE | Result Filter: After executing OnResultExecuted on filter Microsoft.AspNetCore.Mvc.Infrastructure.ClientErrorResultFilter. 
2025-04-15 16:41:08.9336 | TRACE | All hosts are allowed. 
2025-04-15 16:41:08.9336 | TRACE | Action Filter: Before executing OnActionExecuting on filter Microsoft.AspNetCore.Mvc.ModelBinding.UnsupportedContentTypeFilter. 
2025-04-15 16:41:08.9336 | TRACE | Action Filter: After executing OnActionExecuting on filter Microsoft.AspNetCore.Mvc.ModelBinding.UnsupportedContentTypeFilter. 
2025-04-15 16:41:08.9336 | TRACE | Action Filter: Before executing OnActionExecuting on filter Microsoft.AspNetCore.Mvc.Infrastructure.ModelStateInvalidFilter. 
2025-04-15 16:41:08.9336 | TRACE | Action Filter: After executing OnActionExecuting on filter Microsoft.AspNetCore.Mvc.Infrastructure.ModelStateInvalidFilter. 
2025-04-15 16:41:08.9336 | TRACE | Executing action method WebApplication1.Controller.AuthorController.GetAllBooks2 (WebApplication1) with arguments (0, 2, a03F01, 1) 
2025-04-15 16:41:08.9570 | TRACE | Action Filter: Before executing OnActionExecuted on filter Microsoft.AspNetCore.Mvc.Infrastructure.ModelStateInvalidFilter. 
2025-04-15 16:41:08.9570 | TRACE | Action Filter: After executing OnActionExecuted on filter Microsoft.AspNetCore.Mvc.Infrastructure.ModelStateInvalidFilter. 
2025-04-15 16:41:08.9570 | TRACE | Action Filter: Before executing OnActionExecuted on filter Microsoft.AspNetCore.Mvc.ModelBinding.UnsupportedContentTypeFilter. 
2025-04-15 16:41:08.9570 | TRACE | Action Filter: After executing OnActionExecuted on filter Microsoft.AspNetCore.Mvc.ModelBinding.UnsupportedContentTypeFilter. 
2025-04-15 16:41:08.9570 | TRACE | Result Filter: Before executing OnResultExecuting on filter Microsoft.AspNetCore.Mvc.Infrastructure.ClientErrorResultFilter. 
2025-04-15 16:41:08.9570 | TRACE | Result Filter: After executing OnResultExecuting on filter Microsoft.AspNetCore.Mvc.Infrastructure.ClientErrorResultFilter. 
2025-04-15 16:41:08.9570 | TRACE | Before executing action result Microsoft.AspNetCore.Mvc.ObjectResult. 
2025-04-15 16:41:08.9570 | TRACE | After executing action result Microsoft.AspNetCore.Mvc.ObjectResult. 
2025-04-15 16:41:08.9570 | TRACE | Result Filter: Before executing OnResultExecuted on filter Microsoft.AspNetCore.Mvc.Infrastructure.ClientErrorResultFilter. 
2025-04-15 16:41:08.9570 | TRACE | Result Filter: After executing OnResultExecuted on filter Microsoft.AspNetCore.Mvc.Infrastructure.ClientErrorResultFilter. 
2025-04-15 16:41:17.5965 | TRACE | All hosts are allowed. 
2025-04-15 16:41:17.6139 | TRACE | Action Filter: Before executing OnActionExecuting on filter Microsoft.AspNetCore.Mvc.ModelBinding.UnsupportedContentTypeFilter. 
2025-04-15 16:41:17.6139 | TRACE | Action Filter: After executing OnActionExecuting on filter Microsoft.AspNetCore.Mvc.ModelBinding.UnsupportedContentTypeFilter. 
2025-04-15 16:41:17.6139 | TRACE | Action Filter: Before executing OnActionExecuting on filter Microsoft.AspNetCore.Mvc.Infrastructure.ModelStateInvalidFilter. 
2025-04-15 16:41:17.6139 | TRACE | Action Filter: After executing OnActionExecuting on filter Microsoft.AspNetCore.Mvc.Infrastructure.ModelStateInvalidFilter. 
2025-04-15 16:41:17.6139 | TRACE | Executing action method WebApplication1.Controller.AuthorController.GetAllBooks2 (WebApplication1) with arguments (0, 2, a03F01, 1) 
2025-04-15 16:41:17.6139 | TRACE | Action Filter: Before executing OnActionExecuted on filter Microsoft.AspNetCore.Mvc.Infrastructure.ModelStateInvalidFilter. 
2025-04-15 16:41:17.6139 | TRACE | Action Filter: After executing OnActionExecuted on filter Microsoft.AspNetCore.Mvc.Infrastructure.ModelStateInvalidFilter. 
2025-04-15 16:41:17.6139 | TRACE | Action Filter: Before executing OnActionExecuted on filter Microsoft.AspNetCore.Mvc.ModelBinding.UnsupportedContentTypeFilter. 
2025-04-15 16:41:17.6139 | TRACE | Action Filter: After executing OnActionExecuted on filter Microsoft.AspNetCore.Mvc.ModelBinding.UnsupportedContentTypeFilter. 
2025-04-15 16:41:17.6139 | TRACE | Result Filter: Before executing OnResultExecuting on filter Microsoft.AspNetCore.Mvc.Infrastructure.ClientErrorResultFilter. 
2025-04-15 16:41:17.6139 | TRACE | Result Filter: After executing OnResultExecuting on filter Microsoft.AspNetCore.Mvc.Infrastructure.ClientErrorResultFilter. 
2025-04-15 16:41:17.6221 | TRACE | Before executing action result Microsoft.AspNetCore.Mvc.ObjectResult. 
2025-04-15 16:41:17.6221 | TRACE | After executing action result Microsoft.AspNetCore.Mvc.ObjectResult. 
2025-04-15 16:41:17.6221 | TRACE | Result Filter: Before executing OnResultExecuted on filter Microsoft.AspNetCore.Mvc.Infrastructure.ClientErrorResultFilter. 
2025-04-15 16:41:17.6221 | TRACE | Result Filter: After executing OnResultExecuted on filter Microsoft.AspNetCore.Mvc.Infrastructure.ClientErrorResultFilter. 
2025-04-15 16:41:17.8230 | TRACE | All hosts are allowed. 
2025-04-15 16:41:17.8230 | TRACE | Action Filter: Before executing OnActionExecuting on filter Microsoft.AspNetCore.Mvc.ModelBinding.UnsupportedContentTypeFilter. 
2025-04-15 16:41:17.8230 | TRACE | Action Filter: After executing OnActionExecuting on filter Microsoft.AspNetCore.Mvc.ModelBinding.UnsupportedContentTypeFilter. 
2025-04-15 16:41:17.8230 | TRACE | Action Filter: Before executing OnActionExecuting on filter Microsoft.AspNetCore.Mvc.Infrastructure.ModelStateInvalidFilter. 
2025-04-15 16:41:17.8230 | TRACE | Action Filter: After executing OnActionExecuting on filter Microsoft.AspNetCore.Mvc.Infrastructure.ModelStateInvalidFilter. 
2025-04-15 16:41:17.8230 | TRACE | Executing action method WebApplication1.Controller.AuthorController.GetAllBooks2 (WebApplication1) with arguments (0, 2, a03F01, 1) 
2025-04-15 16:41:17.8452 | TRACE | Action Filter: Before executing OnActionExecuted on filter Microsoft.AspNetCore.Mvc.Infrastructure.ModelStateInvalidFilter. 
2025-04-15 16:41:17.8452 | TRACE | Action Filter: After executing OnActionExecuted on filter Microsoft.AspNetCore.Mvc.Infrastructure.ModelStateInvalidFilter. 
2025-04-15 16:41:17.8452 | TRACE | Action Filter: Before executing OnActionExecuted on filter Microsoft.AspNetCore.Mvc.ModelBinding.UnsupportedContentTypeFilter. 
2025-04-15 16:41:17.8452 | TRACE | Action Filter: After executing OnActionExecuted on filter Microsoft.AspNetCore.Mvc.ModelBinding.UnsupportedContentTypeFilter. 
2025-04-15 16:41:17.8452 | TRACE | Result Filter: Before executing OnResultExecuting on filter Microsoft.AspNetCore.Mvc.Infrastructure.ClientErrorResultFilter. 
2025-04-15 16:41:17.8452 | TRACE | Result Filter: After executing OnResultExecuting on filter Microsoft.AspNetCore.Mvc.Infrastructure.ClientErrorResultFilter. 
2025-04-15 16:41:17.8452 | TRACE | Before executing action result Microsoft.AspNetCore.Mvc.ObjectResult. 
2025-04-15 16:41:17.8452 | TRACE | After executing action result Microsoft.AspNetCore.Mvc.ObjectResult. 
2025-04-15 16:41:17.8452 | TRACE | Result Filter: Before executing OnResultExecuted on filter Microsoft.AspNetCore.Mvc.Infrastructure.ClientErrorResultFilter. 
2025-04-15 16:41:17.8452 | TRACE | Result Filter: After executing OnResultExecuted on filter Microsoft.AspNetCore.Mvc.Infrastructure.ClientErrorResultFilter. 
2025-04-15 16:41:18.8271 | TRACE | All hosts are allowed. 
2025-04-15 16:41:18.8443 | TRACE | Action Filter: Before executing OnActionExecuting on filter Microsoft.AspNetCore.Mvc.ModelBinding.UnsupportedContentTypeFilter. 
2025-04-15 16:41:18.8443 | TRACE | Action Filter: After executing OnActionExecuting on filter Microsoft.AspNetCore.Mvc.ModelBinding.UnsupportedContentTypeFilter. 
2025-04-15 16:41:18.8443 | TRACE | Action Filter: Before executing OnActionExecuting on filter Microsoft.AspNetCore.Mvc.Infrastructure.ModelStateInvalidFilter. 
2025-04-15 16:41:18.8443 | TRACE | Action Filter: After executing OnActionExecuting on filter Microsoft.AspNetCore.Mvc.Infrastructure.ModelStateInvalidFilter. 
2025-04-15 16:41:18.8443 | TRACE | Executing action method WebApplication1.Controller.AuthorController.GetAllBooks2 (WebApplication1) with arguments (0, 2, a03F01, 1) 
2025-04-15 16:41:18.8443 | TRACE | Action Filter: Before executing OnActionExecuted on filter Microsoft.AspNetCore.Mvc.Infrastructure.ModelStateInvalidFilter. 
2025-04-15 16:41:18.8443 | TRACE | Action Filter: After executing OnActionExecuted on filter Microsoft.AspNetCore.Mvc.Infrastructure.ModelStateInvalidFilter. 
2025-04-15 16:41:18.8443 | TRACE | Action Filter: Before executing OnActionExecuted on filter Microsoft.AspNetCore.Mvc.ModelBinding.UnsupportedContentTypeFilter. 
2025-04-15 16:41:18.8443 | TRACE | Action Filter: After executing OnActionExecuted on filter Microsoft.AspNetCore.Mvc.ModelBinding.UnsupportedContentTypeFilter. 
2025-04-15 16:41:18.8443 | TRACE | Result Filter: Before executing OnResultExecuting on filter Microsoft.AspNetCore.Mvc.Infrastructure.ClientErrorResultFilter. 
2025-04-15 16:41:18.8443 | TRACE | Result Filter: After executing OnResultExecuting on filter Microsoft.AspNetCore.Mvc.Infrastructure.ClientErrorResultFilter. 
2025-04-15 16:41:18.8443 | TRACE | Before executing action result Microsoft.AspNetCore.Mvc.ObjectResult. 
2025-04-15 16:41:18.8443 | TRACE | After executing action result Microsoft.AspNetCore.Mvc.ObjectResult. 
2025-04-15 16:41:18.8443 | TRACE | Result Filter: Before executing OnResultExecuted on filter Microsoft.AspNetCore.Mvc.Infrastructure.ClientErrorResultFilter. 
2025-04-15 16:41:18.8443 | TRACE | Result Filter: After executing OnResultExecuted on filter Microsoft.AspNetCore.Mvc.Infrastructure.ClientErrorResultFilter. 
2025-04-15 16:41:19.2513 | TRACE | All hosts are allowed. 
2025-04-15 16:41:19.2667 | TRACE | Action Filter: Before executing OnActionExecuting on filter Microsoft.AspNetCore.Mvc.ModelBinding.UnsupportedContentTypeFilter. 
2025-04-15 16:41:19.2667 | TRACE | Action Filter: After executing OnActionExecuting on filter Microsoft.AspNetCore.Mvc.ModelBinding.UnsupportedContentTypeFilter. 
2025-04-15 16:41:19.2667 | TRACE | Action Filter: Before executing OnActionExecuting on filter Microsoft.AspNetCore.Mvc.Infrastructure.ModelStateInvalidFilter. 
2025-04-15 16:41:19.2667 | TRACE | Action Filter: After executing OnActionExecuting on filter Microsoft.AspNetCore.Mvc.Infrastructure.ModelStateInvalidFilter. 
2025-04-15 16:41:19.2667 | TRACE | Executing action method WebApplication1.Controller.AuthorController.GetAllBooks2 (WebApplication1) with arguments (0, 2, a03F01, 1) 
2025-04-15 16:41:19.2667 | TRACE | Action Filter: Before executing OnActionExecuted on filter Microsoft.AspNetCore.Mvc.Infrastructure.ModelStateInvalidFilter. 
2025-04-15 16:41:19.2667 | TRACE | Action Filter: After executing OnActionExecuted on filter Microsoft.AspNetCore.Mvc.Infrastructure.ModelStateInvalidFilter. 
2025-04-15 16:41:19.2667 | TRACE | Action Filter: Before executing OnActionExecuted on filter Microsoft.AspNetCore.Mvc.ModelBinding.UnsupportedContentTypeFilter. 
2025-04-15 16:41:19.2667 | TRACE | Action Filter: After executing OnActionExecuted on filter Microsoft.AspNetCore.Mvc.ModelBinding.UnsupportedContentTypeFilter. 
2025-04-15 16:41:19.2667 | TRACE | Result Filter: Before executing OnResultExecuting on filter Microsoft.AspNetCore.Mvc.Infrastructure.ClientErrorResultFilter. 
2025-04-15 16:41:19.2667 | TRACE | Result Filter: After executing OnResultExecuting on filter Microsoft.AspNetCore.Mvc.Infrastructure.ClientErrorResultFilter. 
2025-04-15 16:41:19.2667 | TRACE | Before executing action result Microsoft.AspNetCore.Mvc.ObjectResult. 
2025-04-15 16:41:19.2667 | TRACE | After executing action result Microsoft.AspNetCore.Mvc.ObjectResult. 
2025-04-15 16:41:19.2667 | TRACE | Result Filter: Before executing OnResultExecuted on filter Microsoft.AspNetCore.Mvc.Infrastructure.ClientErrorResultFilter. 
2025-04-15 16:41:19.2667 | TRACE | Result Filter: After executing OnResultExecuted on filter Microsoft.AspNetCore.Mvc.Infrastructure.ClientErrorResultFilter. 
2025-04-15 16:41:26.1485 | TRACE | All hosts are allowed. 
2025-04-15 16:41:26.1691 | TRACE | Action Filter: Before executing OnActionExecuting on filter Microsoft.AspNetCore.Mvc.ModelBinding.UnsupportedContentTypeFilter. 
2025-04-15 16:41:26.1691 | TRACE | Action Filter: After executing OnActionExecuting on filter Microsoft.AspNetCore.Mvc.ModelBinding.UnsupportedContentTypeFilter. 
2025-04-15 16:41:26.1691 | TRACE | Action Filter: Before executing OnActionExecuting on filter Microsoft.AspNetCore.Mvc.Infrastructure.ModelStateInvalidFilter. 
2025-04-15 16:41:26.1691 | TRACE | Action Filter: After executing OnActionExecuting on filter Microsoft.AspNetCore.Mvc.Infrastructure.ModelStateInvalidFilter. 
2025-04-15 16:41:26.1691 | TRACE | Executing action method WebApplication1.Controller.AuthorController.GetAllBooks2 (WebApplication1) with arguments (0, 2, a03F01, 1) 
2025-04-15 16:41:26.1691 | TRACE | Action Filter: Before executing OnActionExecuted on filter Microsoft.AspNetCore.Mvc.Infrastructure.ModelStateInvalidFilter. 
2025-04-15 16:41:26.1691 | TRACE | Action Filter: After executing OnActionExecuted on filter Microsoft.AspNetCore.Mvc.Infrastructure.ModelStateInvalidFilter. 
2025-04-15 16:41:26.1691 | TRACE | Action Filter: Before executing OnActionExecuted on filter Microsoft.AspNetCore.Mvc.ModelBinding.UnsupportedContentTypeFilter. 
2025-04-15 16:41:26.1691 | TRACE | Action Filter: After executing OnActionExecuted on filter Microsoft.AspNetCore.Mvc.ModelBinding.UnsupportedContentTypeFilter. 
2025-04-15 16:41:26.1691 | TRACE | Result Filter: Before executing OnResultExecuting on filter Microsoft.AspNetCore.Mvc.Infrastructure.ClientErrorResultFilter. 
2025-04-15 16:41:26.1691 | TRACE | Result Filter: After executing OnResultExecuting on filter Microsoft.AspNetCore.Mvc.Infrastructure.ClientErrorResultFilter. 
2025-04-15 16:41:26.1691 | TRACE | Before executing action result Microsoft.AspNetCore.Mvc.ObjectResult. 
2025-04-15 16:41:26.1691 | TRACE | After executing action result Microsoft.AspNetCore.Mvc.ObjectResult. 
2025-04-15 16:41:26.1691 | TRACE | Result Filter: Before executing OnResultExecuted on filter Microsoft.AspNetCore.Mvc.Infrastructure.ClientErrorResultFilter. 
2025-04-15 16:41:26.1691 | TRACE | Result Filter: After executing OnResultExecuted on filter Microsoft.AspNetCore.Mvc.Infrastructure.ClientErrorResultFilter. 
2025-04-15 16:41:26.3588 | TRACE | All hosts are allowed. 
2025-04-15 16:41:26.3729 | TRACE | Action Filter: Before executing OnActionExecuting on filter Microsoft.AspNetCore.Mvc.ModelBinding.UnsupportedContentTypeFilter. 
2025-04-15 16:41:26.3729 | TRACE | Action Filter: After executing OnActionExecuting on filter Microsoft.AspNetCore.Mvc.ModelBinding.UnsupportedContentTypeFilter. 
2025-04-15 16:41:26.3729 | TRACE | Action Filter: Before executing OnActionExecuting on filter Microsoft.AspNetCore.Mvc.Infrastructure.ModelStateInvalidFilter. 
2025-04-15 16:41:26.3729 | TRACE | Action Filter: After executing OnActionExecuting on filter Microsoft.AspNetCore.Mvc.Infrastructure.ModelStateInvalidFilter. 
2025-04-15 16:41:26.3729 | TRACE | Executing action method WebApplication1.Controller.AuthorController.GetAllBooks2 (WebApplication1) with arguments (0, 2, a03F01, 1) 
2025-04-15 16:41:26.3729 | TRACE | Action Filter: Before executing OnActionExecuted on filter Microsoft.AspNetCore.Mvc.Infrastructure.ModelStateInvalidFilter. 
2025-04-15 16:41:26.3729 | TRACE | Action Filter: After executing OnActionExecuted on filter Microsoft.AspNetCore.Mvc.Infrastructure.ModelStateInvalidFilter. 
2025-04-15 16:41:26.3729 | TRACE | Action Filter: Before executing OnActionExecuted on filter Microsoft.AspNetCore.Mvc.ModelBinding.UnsupportedContentTypeFilter. 
2025-04-15 16:41:26.3729 | TRACE | Action Filter: After executing OnActionExecuted on filter Microsoft.AspNetCore.Mvc.ModelBinding.UnsupportedContentTypeFilter. 
2025-04-15 16:41:26.3729 | TRACE | Result Filter: Before executing OnResultExecuting on filter Microsoft.AspNetCore.Mvc.Infrastructure.ClientErrorResultFilter. 
2025-04-15 16:41:26.3729 | TRACE | Result Filter: After executing OnResultExecuting on filter Microsoft.AspNetCore.Mvc.Infrastructure.ClientErrorResultFilter. 
2025-04-15 16:41:26.3729 | TRACE | Before executing action result Microsoft.AspNetCore.Mvc.ObjectResult. 
2025-04-15 16:41:26.3729 | TRACE | After executing action result Microsoft.AspNetCore.Mvc.ObjectResult. 
2025-04-15 16:41:26.3729 | TRACE | Result Filter: Before executing OnResultExecuted on filter Microsoft.AspNetCore.Mvc.Infrastructure.ClientErrorResultFilter. 
2025-04-15 16:41:26.3729 | TRACE | Result Filter: After executing OnResultExecuted on filter Microsoft.AspNetCore.Mvc.Infrastructure.ClientErrorResultFilter. 
2025-04-15 16:41:27.3718 | TRACE | All hosts are allowed. 
2025-04-15 16:41:27.3873 | TRACE | Action Filter: Before executing OnActionExecuting on filter Microsoft.AspNetCore.Mvc.ModelBinding.UnsupportedContentTypeFilter. 
2025-04-15 16:41:27.3873 | TRACE | Action Filter: After executing OnActionExecuting on filter Microsoft.AspNetCore.Mvc.ModelBinding.UnsupportedContentTypeFilter. 
2025-04-15 16:41:27.3873 | TRACE | Action Filter: Before executing OnActionExecuting on filter Microsoft.AspNetCore.Mvc.Infrastructure.ModelStateInvalidFilter. 
2025-04-15 16:41:27.3873 | TRACE | Action Filter: After executing OnActionExecuting on filter Microsoft.AspNetCore.Mvc.Infrastructure.ModelStateInvalidFilter. 
2025-04-15 16:41:27.3873 | TRACE | Executing action method WebApplication1.Controller.AuthorController.GetAllBooks2 (WebApplication1) with arguments (0, 2, a03F01, 1) 
2025-04-15 16:41:27.3873 | TRACE | Action Filter: Before executing OnActionExecuted on filter Microsoft.AspNetCore.Mvc.Infrastructure.ModelStateInvalidFilter. 
2025-04-15 16:41:27.3873 | TRACE | Action Filter: After executing OnActionExecuted on filter Microsoft.AspNetCore.Mvc.Infrastructure.ModelStateInvalidFilter. 
2025-04-15 16:41:27.3873 | TRACE | Action Filter: Before executing OnActionExecuted on filter Microsoft.AspNetCore.Mvc.ModelBinding.UnsupportedContentTypeFilter. 
2025-04-15 16:41:27.3873 | TRACE | Action Filter: After executing OnActionExecuted on filter Microsoft.AspNetCore.Mvc.ModelBinding.UnsupportedContentTypeFilter. 
2025-04-15 16:41:27.3873 | TRACE | Result Filter: Before executing OnResultExecuting on filter Microsoft.AspNetCore.Mvc.Infrastructure.ClientErrorResultFilter. 
2025-04-15 16:41:27.3873 | TRACE | Result Filter: After executing OnResultExecuting on filter Microsoft.AspNetCore.Mvc.Infrastructure.ClientErrorResultFilter. 
2025-04-15 16:41:27.3873 | TRACE | Before executing action result Microsoft.AspNetCore.Mvc.ObjectResult. 
2025-04-15 16:41:27.3873 | TRACE | After executing action result Microsoft.AspNetCore.Mvc.ObjectResult. 
2025-04-15 16:41:27.3873 | TRACE | Result Filter: Before executing OnResultExecuted on filter Microsoft.AspNetCore.Mvc.Infrastructure.ClientErrorResultFilter. 
2025-04-15 16:41:27.3873 | TRACE | Result Filter: After executing OnResultExecuted on filter Microsoft.AspNetCore.Mvc.Infrastructure.ClientErrorResultFilter. 
2025-04-15 16:41:27.8032 | TRACE | All hosts are allowed. 
2025-04-15 16:41:27.8181 | TRACE | Action Filter: Before executing OnActionExecuting on filter Microsoft.AspNetCore.Mvc.ModelBinding.UnsupportedContentTypeFilter. 
2025-04-15 16:41:27.8181 | TRACE | Action Filter: After executing OnActionExecuting on filter Microsoft.AspNetCore.Mvc.ModelBinding.UnsupportedContentTypeFilter. 
2025-04-15 16:41:27.8181 | TRACE | Action Filter: Before executing OnActionExecuting on filter Microsoft.AspNetCore.Mvc.Infrastructure.ModelStateInvalidFilter. 
2025-04-15 16:41:27.8181 | TRACE | Action Filter: After executing OnActionExecuting on filter Microsoft.AspNetCore.Mvc.Infrastructure.ModelStateInvalidFilter. 
2025-04-15 16:41:27.8181 | TRACE | Executing action method WebApplication1.Controller.AuthorController.GetAllBooks2 (WebApplication1) with arguments (0, 2, a03F01, 1) 
2025-04-15 16:41:27.8267 | TRACE | Action Filter: Before executing OnActionExecuted on filter Microsoft.AspNetCore.Mvc.Infrastructure.ModelStateInvalidFilter. 
2025-04-15 16:41:27.8267 | TRACE | Action Filter: After executing OnActionExecuted on filter Microsoft.AspNetCore.Mvc.Infrastructure.ModelStateInvalidFilter. 
2025-04-15 16:41:27.8267 | TRACE | Action Filter: Before executing OnActionExecuted on filter Microsoft.AspNetCore.Mvc.ModelBinding.UnsupportedContentTypeFilter. 
2025-04-15 16:41:27.8267 | TRACE | Action Filter: After executing OnActionExecuted on filter Microsoft.AspNetCore.Mvc.ModelBinding.UnsupportedContentTypeFilter. 
2025-04-15 16:41:27.8267 | TRACE | Result Filter: Before executing OnResultExecuting on filter Microsoft.AspNetCore.Mvc.Infrastructure.ClientErrorResultFilter. 
2025-04-15 16:41:27.8267 | TRACE | Result Filter: After executing OnResultExecuting on filter Microsoft.AspNetCore.Mvc.Infrastructure.ClientErrorResultFilter. 
2025-04-15 16:41:27.8267 | TRACE | Before executing action result Microsoft.AspNetCore.Mvc.ObjectResult. 
2025-04-15 16:41:27.8267 | TRACE | After executing action result Microsoft.AspNetCore.Mvc.ObjectResult. 
2025-04-15 16:41:27.8267 | TRACE | Result Filter: Before executing OnResultExecuted on filter Microsoft.AspNetCore.Mvc.Infrastructure.ClientErrorResultFilter. 
2025-04-15 16:41:27.8267 | TRACE | Result Filter: After executing OnResultExecuted on filter Microsoft.AspNetCore.Mvc.Infrastructure.ClientErrorResultFilter. 
2025-04-15 16:41:29.5527 | TRACE | All hosts are allowed. 
2025-04-15 16:41:29.5724 | TRACE | Action Filter: Before executing OnActionExecuting on filter Microsoft.AspNetCore.Mvc.ModelBinding.UnsupportedContentTypeFilter. 
2025-04-15 16:41:29.5724 | TRACE | Action Filter: After executing OnActionExecuting on filter Microsoft.AspNetCore.Mvc.ModelBinding.UnsupportedContentTypeFilter. 
2025-04-15 16:41:29.5724 | TRACE | Action Filter: Before executing OnActionExecuting on filter Microsoft.AspNetCore.Mvc.Infrastructure.ModelStateInvalidFilter. 
2025-04-15 16:41:29.5724 | TRACE | Action Filter: After executing OnActionExecuting on filter Microsoft.AspNetCore.Mvc.Infrastructure.ModelStateInvalidFilter. 
2025-04-15 16:41:29.5724 | TRACE | Executing action method WebApplication1.Controller.AuthorController.GetAllBooks2 (WebApplication1) with arguments (0, 2, a03F01, 1) 
2025-04-15 16:41:29.5724 | TRACE | Action Filter: Before executing OnActionExecuted on filter Microsoft.AspNetCore.Mvc.Infrastructure.ModelStateInvalidFilter. 
2025-04-15 16:41:29.5724 | TRACE | Action Filter: After executing OnActionExecuted on filter Microsoft.AspNetCore.Mvc.Infrastructure.ModelStateInvalidFilter. 
2025-04-15 16:41:29.5724 | TRACE | Action Filter: Before executing OnActionExecuted on filter Microsoft.AspNetCore.Mvc.ModelBinding.UnsupportedContentTypeFilter. 
2025-04-15 16:41:29.5724 | TRACE | Action Filter: After executing OnActionExecuted on filter Microsoft.AspNetCore.Mvc.ModelBinding.UnsupportedContentTypeFilter. 
2025-04-15 16:41:29.5724 | TRACE | Result Filter: Before executing OnResultExecuting on filter Microsoft.AspNetCore.Mvc.Infrastructure.ClientErrorResultFilter. 
2025-04-15 16:41:29.5724 | TRACE | Result Filter: After executing OnResultExecuting on filter Microsoft.AspNetCore.Mvc.Infrastructure.ClientErrorResultFilter. 
2025-04-15 16:41:29.5724 | TRACE | Before executing action result Microsoft.AspNetCore.Mvc.ObjectResult. 
2025-04-15 16:41:29.5724 | TRACE | After executing action result Microsoft.AspNetCore.Mvc.ObjectResult. 
2025-04-15 16:41:29.5724 | TRACE | Result Filter: Before executing OnResultExecuted on filter Microsoft.AspNetCore.Mvc.Infrastructure.ClientErrorResultFilter. 
2025-04-15 16:41:29.5724 | TRACE | Result Filter: After executing OnResultExecuted on filter Microsoft.AspNetCore.Mvc.Infrastructure.ClientErrorResultFilter. 
2025-04-15 16:41:29.7647 | TRACE | All hosts are allowed. 
2025-04-15 16:41:29.7647 | TRACE | Action Filter: Before executing OnActionExecuting on filter Microsoft.AspNetCore.Mvc.ModelBinding.UnsupportedContentTypeFilter. 
2025-04-15 16:41:29.7647 | TRACE | Action Filter: After executing OnActionExecuting on filter Microsoft.AspNetCore.Mvc.ModelBinding.UnsupportedContentTypeFilter. 
2025-04-15 16:41:29.7647 | TRACE | Action Filter: Before executing OnActionExecuting on filter Microsoft.AspNetCore.Mvc.Infrastructure.ModelStateInvalidFilter. 
2025-04-15 16:41:29.7647 | TRACE | Action Filter: After executing OnActionExecuting on filter Microsoft.AspNetCore.Mvc.Infrastructure.ModelStateInvalidFilter. 
2025-04-15 16:41:29.7647 | TRACE | Executing action method WebApplication1.Controller.AuthorController.GetAllBooks2 (WebApplication1) with arguments (0, 2, a03F01, 1) 
2025-04-15 16:41:29.7873 | TRACE | Action Filter: Before executing OnActionExecuted on filter Microsoft.AspNetCore.Mvc.Infrastructure.ModelStateInvalidFilter. 
2025-04-15 16:41:29.7873 | TRACE | Action Filter: After executing OnActionExecuted on filter Microsoft.AspNetCore.Mvc.Infrastructure.ModelStateInvalidFilter. 
2025-04-15 16:41:29.7873 | TRACE | Action Filter: Before executing OnActionExecuted on filter Microsoft.AspNetCore.Mvc.ModelBinding.UnsupportedContentTypeFilter. 
2025-04-15 16:41:29.7873 | TRACE | Action Filter: After executing OnActionExecuted on filter Microsoft.AspNetCore.Mvc.ModelBinding.UnsupportedContentTypeFilter. 
2025-04-15 16:41:29.7873 | TRACE | Result Filter: Before executing OnResultExecuting on filter Microsoft.AspNetCore.Mvc.Infrastructure.ClientErrorResultFilter. 
2025-04-15 16:41:29.7873 | TRACE | Result Filter: After executing OnResultExecuting on filter Microsoft.AspNetCore.Mvc.Infrastructure.ClientErrorResultFilter. 
2025-04-15 16:41:29.7873 | TRACE | Before executing action result Microsoft.AspNetCore.Mvc.ObjectResult. 
2025-04-15 16:41:29.7873 | TRACE | After executing action result Microsoft.AspNetCore.Mvc.ObjectResult. 
2025-04-15 16:41:29.7873 | TRACE | Result Filter: Before executing OnResultExecuted on filter Microsoft.AspNetCore.Mvc.Infrastructure.ClientErrorResultFilter. 
2025-04-15 16:41:29.7873 | TRACE | Result Filter: After executing OnResultExecuted on filter Microsoft.AspNetCore.Mvc.Infrastructure.ClientErrorResultFilter. 
2025-04-15 16:41:30.7780 | TRACE | All hosts are allowed. 
2025-04-15 16:41:30.7955 | TRACE | Action Filter: Before executing OnActionExecuting on filter Microsoft.AspNetCore.Mvc.ModelBinding.UnsupportedContentTypeFilter. 
2025-04-15 16:41:30.7955 | TRACE | Action Filter: After executing OnActionExecuting on filter Microsoft.AspNetCore.Mvc.ModelBinding.UnsupportedContentTypeFilter. 
2025-04-15 16:41:30.7955 | TRACE | Action Filter: Before executing OnActionExecuting on filter Microsoft.AspNetCore.Mvc.Infrastructure.ModelStateInvalidFilter. 
2025-04-15 16:41:30.7955 | TRACE | Action Filter: After executing OnActionExecuting on filter Microsoft.AspNetCore.Mvc.Infrastructure.ModelStateInvalidFilter. 
2025-04-15 16:41:30.7955 | TRACE | Executing action method WebApplication1.Controller.AuthorController.GetAllBooks2 (WebApplication1) with arguments (0, 2, a03F01, 1) 
2025-04-15 16:41:30.7955 | TRACE | Action Filter: Before executing OnActionExecuted on filter Microsoft.AspNetCore.Mvc.Infrastructure.ModelStateInvalidFilter. 
2025-04-15 16:41:30.7955 | TRACE | Action Filter: After executing OnActionExecuted on filter Microsoft.AspNetCore.Mvc.Infrastructure.ModelStateInvalidFilter. 
2025-04-15 16:41:30.7955 | TRACE | Action Filter: Before executing OnActionExecuted on filter Microsoft.AspNetCore.Mvc.ModelBinding.UnsupportedContentTypeFilter. 
2025-04-15 16:41:30.7955 | TRACE | Action Filter: After executing OnActionExecuted on filter Microsoft.AspNetCore.Mvc.ModelBinding.UnsupportedContentTypeFilter. 
2025-04-15 16:41:30.7955 | TRACE | Result Filter: Before executing OnResultExecuting on filter Microsoft.AspNetCore.Mvc.Infrastructure.ClientErrorResultFilter. 
2025-04-15 16:41:30.7955 | TRACE | Result Filter: After executing OnResultExecuting on filter Microsoft.AspNetCore.Mvc.Infrastructure.ClientErrorResultFilter. 
2025-04-15 16:41:30.7955 | TRACE | Before executing action result Microsoft.AspNetCore.Mvc.ObjectResult. 
2025-04-15 16:41:30.7955 | TRACE | After executing action result Microsoft.AspNetCore.Mvc.ObjectResult. 
2025-04-15 16:41:30.7955 | TRACE | Result Filter: Before executing OnResultExecuted on filter Microsoft.AspNetCore.Mvc.Infrastructure.ClientErrorResultFilter. 
2025-04-15 16:41:30.7955 | TRACE | Result Filter: After executing OnResultExecuted on filter Microsoft.AspNetCore.Mvc.Infrastructure.ClientErrorResultFilter. 
2025-04-15 16:41:31.8423 | TRACE | All hosts are allowed. 
2025-04-15 16:41:31.8600 | TRACE | Action Filter: Before executing OnActionExecuting on filter Microsoft.AspNetCore.Mvc.ModelBinding.UnsupportedContentTypeFilter. 
2025-04-15 16:41:31.8600 | TRACE | Action Filter: After executing OnActionExecuting on filter Microsoft.AspNetCore.Mvc.ModelBinding.UnsupportedContentTypeFilter. 
2025-04-15 16:41:31.8600 | TRACE | Action Filter: Before executing OnActionExecuting on filter Microsoft.AspNetCore.Mvc.Infrastructure.ModelStateInvalidFilter. 
2025-04-15 16:41:31.8600 | TRACE | Action Filter: After executing OnActionExecuting on filter Microsoft.AspNetCore.Mvc.Infrastructure.ModelStateInvalidFilter. 
2025-04-15 16:41:31.8600 | TRACE | Executing action method WebApplication1.Controller.AuthorController.GetAllBooks2 (WebApplication1) with arguments (0, 2, a03F01, 1) 
2025-04-15 16:41:31.8600 | TRACE | Action Filter: Before executing OnActionExecuted on filter Microsoft.AspNetCore.Mvc.Infrastructure.ModelStateInvalidFilter. 
2025-04-15 16:41:31.8600 | TRACE | Action Filter: After executing OnActionExecuted on filter Microsoft.AspNetCore.Mvc.Infrastructure.ModelStateInvalidFilter. 
2025-04-15 16:41:31.8600 | TRACE | Action Filter: Before executing OnActionExecuted on filter Microsoft.AspNetCore.Mvc.ModelBinding.UnsupportedContentTypeFilter. 
2025-04-15 16:41:31.8600 | TRACE | Action Filter: After executing OnActionExecuted on filter Microsoft.AspNetCore.Mvc.ModelBinding.UnsupportedContentTypeFilter. 
2025-04-15 16:41:31.8600 | TRACE | Result Filter: Before executing OnResultExecuting on filter Microsoft.AspNetCore.Mvc.Infrastructure.ClientErrorResultFilter. 
2025-04-15 16:41:31.8600 | TRACE | Result Filter: After executing OnResultExecuting on filter Microsoft.AspNetCore.Mvc.Infrastructure.ClientErrorResultFilter. 
2025-04-15 16:41:31.8600 | TRACE | Before executing action result Microsoft.AspNetCore.Mvc.ObjectResult. 
2025-04-15 16:41:31.8691 | TRACE | After executing action result Microsoft.AspNetCore.Mvc.ObjectResult. 
2025-04-15 16:41:31.8691 | TRACE | Result Filter: Before executing OnResultExecuted on filter Microsoft.AspNetCore.Mvc.Infrastructure.ClientErrorResultFilter. 
2025-04-15 16:41:31.8691 | TRACE | Result Filter: After executing OnResultExecuted on filter Microsoft.AspNetCore.Mvc.Infrastructure.ClientErrorResultFilter. 
2025-04-15 16:41:32.0541 | TRACE | All hosts are allowed. 
2025-04-15 16:41:32.0688 | TRACE | Action Filter: Before executing OnActionExecuting on filter Microsoft.AspNetCore.Mvc.ModelBinding.UnsupportedContentTypeFilter. 
2025-04-15 16:41:32.0688 | TRACE | Action Filter: After executing OnActionExecuting on filter Microsoft.AspNetCore.Mvc.ModelBinding.UnsupportedContentTypeFilter. 
2025-04-15 16:41:32.0688 | TRACE | Action Filter: Before executing OnActionExecuting on filter Microsoft.AspNetCore.Mvc.Infrastructure.ModelStateInvalidFilter. 
2025-04-15 16:41:32.0688 | TRACE | Action Filter: After executing OnActionExecuting on filter Microsoft.AspNetCore.Mvc.Infrastructure.ModelStateInvalidFilter. 
2025-04-15 16:41:32.0688 | TRACE | Executing action method WebApplication1.Controller.AuthorController.GetAllBooks2 (WebApplication1) with arguments (0, 2, a03F01, 1) 
2025-04-15 16:41:32.0688 | TRACE | Action Filter: Before executing OnActionExecuted on filter Microsoft.AspNetCore.Mvc.Infrastructure.ModelStateInvalidFilter. 
2025-04-15 16:41:32.0688 | TRACE | Action Filter: After executing OnActionExecuted on filter Microsoft.AspNetCore.Mvc.Infrastructure.ModelStateInvalidFilter. 
2025-04-15 16:41:32.0688 | TRACE | Action Filter: Before executing OnActionExecuted on filter Microsoft.AspNetCore.Mvc.ModelBinding.UnsupportedContentTypeFilter. 
2025-04-15 16:41:32.0688 | TRACE | Action Filter: After executing OnActionExecuted on filter Microsoft.AspNetCore.Mvc.ModelBinding.UnsupportedContentTypeFilter. 
2025-04-15 16:41:32.0688 | TRACE | Result Filter: Before executing OnResultExecuting on filter Microsoft.AspNetCore.Mvc.Infrastructure.ClientErrorResultFilter. 
2025-04-15 16:41:32.0688 | TRACE | Result Filter: After executing OnResultExecuting on filter Microsoft.AspNetCore.Mvc.Infrastructure.ClientErrorResultFilter. 
2025-04-15 16:41:32.0688 | TRACE | Before executing action result Microsoft.AspNetCore.Mvc.ObjectResult. 
2025-04-15 16:41:32.0688 | TRACE | After executing action result Microsoft.AspNetCore.Mvc.ObjectResult. 
2025-04-15 16:41:32.0688 | TRACE | Result Filter: Before executing OnResultExecuted on filter Microsoft.AspNetCore.Mvc.Infrastructure.ClientErrorResultFilter. 
2025-04-15 16:41:32.0688 | TRACE | Result Filter: After executing OnResultExecuted on filter Microsoft.AspNetCore.Mvc.Infrastructure.ClientErrorResultFilter. 
2025-04-15 16:41:34.0501 | TRACE | All hosts are allowed. 
2025-04-15 16:41:34.0700 | TRACE | Action Filter: Before executing OnActionExecuting on filter Microsoft.AspNetCore.Mvc.ModelBinding.UnsupportedContentTypeFilter. 
2025-04-15 16:41:34.0700 | TRACE | Action Filter: After executing OnActionExecuting on filter Microsoft.AspNetCore.Mvc.ModelBinding.UnsupportedContentTypeFilter. 
2025-04-15 16:41:34.0700 | TRACE | Action Filter: Before executing OnActionExecuting on filter Microsoft.AspNetCore.Mvc.Infrastructure.ModelStateInvalidFilter. 
2025-04-15 16:41:34.0700 | TRACE | Action Filter: After executing OnActionExecuting on filter Microsoft.AspNetCore.Mvc.Infrastructure.ModelStateInvalidFilter. 
2025-04-15 16:41:34.0700 | TRACE | Executing action method WebApplication1.Controller.AuthorController.GetAllBooks2 (WebApplication1) with arguments (0, 2, a03F01, 1) 
2025-04-15 16:41:34.0780 | TRACE | Action Filter: Before executing OnActionExecuted on filter Microsoft.AspNetCore.Mvc.Infrastructure.ModelStateInvalidFilter. 
2025-04-15 16:41:34.0780 | TRACE | Action Filter: After executing OnActionExecuted on filter Microsoft.AspNetCore.Mvc.Infrastructure.ModelStateInvalidFilter. 
2025-04-15 16:41:34.0780 | TRACE | Action Filter: Before executing OnActionExecuted on filter Microsoft.AspNetCore.Mvc.ModelBinding.UnsupportedContentTypeFilter. 
2025-04-15 16:41:34.0780 | TRACE | Action Filter: After executing OnActionExecuted on filter Microsoft.AspNetCore.Mvc.ModelBinding.UnsupportedContentTypeFilter. 
2025-04-15 16:41:34.0780 | TRACE | Result Filter: Before executing OnResultExecuting on filter Microsoft.AspNetCore.Mvc.Infrastructure.ClientErrorResultFilter. 
2025-04-15 16:41:34.0780 | TRACE | Result Filter: After executing OnResultExecuting on filter Microsoft.AspNetCore.Mvc.Infrastructure.ClientErrorResultFilter. 
2025-04-15 16:41:34.0780 | TRACE | Before executing action result Microsoft.AspNetCore.Mvc.ObjectResult. 
2025-04-15 16:41:34.0780 | TRACE | After executing action result Microsoft.AspNetCore.Mvc.ObjectResult. 
2025-04-15 16:41:34.0780 | TRACE | Result Filter: Before executing OnResultExecuted on filter Microsoft.AspNetCore.Mvc.Infrastructure.ClientErrorResultFilter. 
2025-04-15 16:41:34.0780 | TRACE | Result Filter: After executing OnResultExecuted on filter Microsoft.AspNetCore.Mvc.Infrastructure.ClientErrorResultFilter. 
2025-04-15 16:41:34.2623 | TRACE | All hosts are allowed. 
2025-04-15 16:41:34.2766 | TRACE | Action Filter: Before executing OnActionExecuting on filter Microsoft.AspNetCore.Mvc.ModelBinding.UnsupportedContentTypeFilter. 
2025-04-15 16:41:34.2766 | TRACE | Action Filter: After executing OnActionExecuting on filter Microsoft.AspNetCore.Mvc.ModelBinding.UnsupportedContentTypeFilter. 
2025-04-15 16:41:34.2766 | TRACE | Action Filter: Before executing OnActionExecuting on filter Microsoft.AspNetCore.Mvc.Infrastructure.ModelStateInvalidFilter. 
2025-04-15 16:41:34.2766 | TRACE | Action Filter: After executing OnActionExecuting on filter Microsoft.AspNetCore.Mvc.Infrastructure.ModelStateInvalidFilter. 
2025-04-15 16:41:34.2766 | TRACE | Executing action method WebApplication1.Controller.AuthorController.GetAllBooks2 (WebApplication1) with arguments (0, 2, a03F01, 1) 
2025-04-15 16:41:34.2766 | TRACE | Action Filter: Before executing OnActionExecuted on filter Microsoft.AspNetCore.Mvc.Infrastructure.ModelStateInvalidFilter. 
2025-04-15 16:41:34.2766 | TRACE | Action Filter: After executing OnActionExecuted on filter Microsoft.AspNetCore.Mvc.Infrastructure.ModelStateInvalidFilter. 
2025-04-15 16:41:34.2766 | TRACE | Action Filter: Before executing OnActionExecuted on filter Microsoft.AspNetCore.Mvc.ModelBinding.UnsupportedContentTypeFilter. 
2025-04-15 16:41:34.2766 | TRACE | Action Filter: After executing OnActionExecuted on filter Microsoft.AspNetCore.Mvc.ModelBinding.UnsupportedContentTypeFilter. 
2025-04-15 16:41:34.2766 | TRACE | Result Filter: Before executing OnResultExecuting on filter Microsoft.AspNetCore.Mvc.Infrastructure.ClientErrorResultFilter. 
2025-04-15 16:41:34.2766 | TRACE | Result Filter: After executing OnResultExecuting on filter Microsoft.AspNetCore.Mvc.Infrastructure.ClientErrorResultFilter. 
2025-04-15 16:41:34.2766 | TRACE | Before executing action result Microsoft.AspNetCore.Mvc.ObjectResult. 
2025-04-15 16:41:34.2766 | TRACE | After executing action result Microsoft.AspNetCore.Mvc.ObjectResult. 
2025-04-15 16:41:34.2766 | TRACE | Result Filter: Before executing OnResultExecuted on filter Microsoft.AspNetCore.Mvc.Infrastructure.ClientErrorResultFilter. 
2025-04-15 16:41:34.2766 | TRACE | Result Filter: After executing OnResultExecuted on filter Microsoft.AspNetCore.Mvc.Infrastructure.ClientErrorResultFilter. 
2025-04-15 16:41:35.2702 | TRACE | All hosts are allowed. 
2025-04-15 16:41:35.2847 | TRACE | Action Filter: Before executing OnActionExecuting on filter Microsoft.AspNetCore.Mvc.ModelBinding.UnsupportedContentTypeFilter. 
2025-04-15 16:41:35.2847 | TRACE | Action Filter: After executing OnActionExecuting on filter Microsoft.AspNetCore.Mvc.ModelBinding.UnsupportedContentTypeFilter. 
2025-04-15 16:41:35.2847 | TRACE | Action Filter: Before executing OnActionExecuting on filter Microsoft.AspNetCore.Mvc.Infrastructure.ModelStateInvalidFilter. 
2025-04-15 16:41:35.2847 | TRACE | Action Filter: After executing OnActionExecuting on filter Microsoft.AspNetCore.Mvc.Infrastructure.ModelStateInvalidFilter. 
2025-04-15 16:41:35.2847 | TRACE | Executing action method WebApplication1.Controller.AuthorController.GetAllBooks2 (WebApplication1) with arguments (0, 2, a03F01, 1) 
2025-04-15 16:41:35.2847 | TRACE | Action Filter: Before executing OnActionExecuted on filter Microsoft.AspNetCore.Mvc.Infrastructure.ModelStateInvalidFilter. 
2025-04-15 16:41:35.2847 | TRACE | Action Filter: After executing OnActionExecuted on filter Microsoft.AspNetCore.Mvc.Infrastructure.ModelStateInvalidFilter. 
2025-04-15 16:41:35.2847 | TRACE | Action Filter: Before executing OnActionExecuted on filter Microsoft.AspNetCore.Mvc.ModelBinding.UnsupportedContentTypeFilter. 
2025-04-15 16:41:35.2847 | TRACE | Action Filter: After executing OnActionExecuted on filter Microsoft.AspNetCore.Mvc.ModelBinding.UnsupportedContentTypeFilter. 
2025-04-15 16:41:35.2847 | TRACE | Result Filter: Before executing OnResultExecuting on filter Microsoft.AspNetCore.Mvc.Infrastructure.ClientErrorResultFilter. 
2025-04-15 16:41:35.2847 | TRACE | Result Filter: After executing OnResultExecuting on filter Microsoft.AspNetCore.Mvc.Infrastructure.ClientErrorResultFilter. 
2025-04-15 16:41:35.2847 | TRACE | Before executing action result Microsoft.AspNetCore.Mvc.ObjectResult. 
2025-04-15 16:41:35.2847 | TRACE | After executing action result Microsoft.AspNetCore.Mvc.ObjectResult. 
2025-04-15 16:41:35.2847 | TRACE | Result Filter: Before executing OnResultExecuted on filter Microsoft.AspNetCore.Mvc.Infrastructure.ClientErrorResultFilter. 
2025-04-15 16:41:35.2847 | TRACE | Result Filter: After executing OnResultExecuted on filter Microsoft.AspNetCore.Mvc.Infrastructure.ClientErrorResultFilter. 
2025-04-15 16:41:37.5672 | TRACE | All hosts are allowed. 
2025-04-15 16:41:37.5850 | TRACE | Action Filter: Before executing OnActionExecuting on filter Microsoft.AspNetCore.Mvc.ModelBinding.UnsupportedContentTypeFilter. 
2025-04-15 16:41:37.5850 | TRACE | Action Filter: After executing OnActionExecuting on filter Microsoft.AspNetCore.Mvc.ModelBinding.UnsupportedContentTypeFilter. 
2025-04-15 16:41:37.5850 | TRACE | Action Filter: Before executing OnActionExecuting on filter Microsoft.AspNetCore.Mvc.Infrastructure.ModelStateInvalidFilter. 
2025-04-15 16:41:37.5850 | TRACE | Action Filter: After executing OnActionExecuting on filter Microsoft.AspNetCore.Mvc.Infrastructure.ModelStateInvalidFilter. 
2025-04-15 16:41:37.5850 | TRACE | Executing action method WebApplication1.Controller.AuthorController.GetAllBooks2 (WebApplication1) with arguments (0, 2, a03F01, 1) 
2025-04-15 16:41:37.5934 | TRACE | Action Filter: Before executing OnActionExecuted on filter Microsoft.AspNetCore.Mvc.Infrastructure.ModelStateInvalidFilter. 
2025-04-15 16:41:37.5934 | TRACE | Action Filter: After executing OnActionExecuted on filter Microsoft.AspNetCore.Mvc.Infrastructure.ModelStateInvalidFilter. 
2025-04-15 16:41:37.5934 | TRACE | Action Filter: Before executing OnActionExecuted on filter Microsoft.AspNetCore.Mvc.ModelBinding.UnsupportedContentTypeFilter. 
2025-04-15 16:41:37.5934 | TRACE | Action Filter: After executing OnActionExecuted on filter Microsoft.AspNetCore.Mvc.ModelBinding.UnsupportedContentTypeFilter. 
2025-04-15 16:41:37.5934 | TRACE | Result Filter: Before executing OnResultExecuting on filter Microsoft.AspNetCore.Mvc.Infrastructure.ClientErrorResultFilter. 
2025-04-15 16:41:37.5934 | TRACE | Result Filter: After executing OnResultExecuting on filter Microsoft.AspNetCore.Mvc.Infrastructure.ClientErrorResultFilter. 
2025-04-15 16:41:37.5934 | TRACE | Before executing action result Microsoft.AspNetCore.Mvc.ObjectResult. 
2025-04-15 16:41:37.5934 | TRACE | After executing action result Microsoft.AspNetCore.Mvc.ObjectResult. 
2025-04-15 16:41:37.5934 | TRACE | Result Filter: Before executing OnResultExecuted on filter Microsoft.AspNetCore.Mvc.Infrastructure.ClientErrorResultFilter. 
2025-04-15 16:41:37.5934 | TRACE | Result Filter: After executing OnResultExecuted on filter Microsoft.AspNetCore.Mvc.Infrastructure.ClientErrorResultFilter. 
2025-04-15 16:41:37.7822 | TRACE | All hosts are allowed. 
2025-04-15 16:41:37.7822 | TRACE | Action Filter: Before executing OnActionExecuting on filter Microsoft.AspNetCore.Mvc.ModelBinding.UnsupportedContentTypeFilter. 
2025-04-15 16:41:37.7822 | TRACE | Action Filter: After executing OnActionExecuting on filter Microsoft.AspNetCore.Mvc.ModelBinding.UnsupportedContentTypeFilter. 
2025-04-15 16:41:37.7822 | TRACE | Action Filter: Before executing OnActionExecuting on filter Microsoft.AspNetCore.Mvc.Infrastructure.ModelStateInvalidFilter. 
2025-04-15 16:41:37.7822 | TRACE | Action Filter: After executing OnActionExecuting on filter Microsoft.AspNetCore.Mvc.Infrastructure.ModelStateInvalidFilter. 
2025-04-15 16:41:37.7822 | TRACE | Executing action method WebApplication1.Controller.AuthorController.GetAllBooks2 (WebApplication1) with arguments (0, 2, a03F01, 1) 
2025-04-15 16:41:37.8045 | TRACE | Action Filter: Before executing OnActionExecuted on filter Microsoft.AspNetCore.Mvc.Infrastructure.ModelStateInvalidFilter. 
2025-04-15 16:41:37.8045 | TRACE | Action Filter: After executing OnActionExecuted on filter Microsoft.AspNetCore.Mvc.Infrastructure.ModelStateInvalidFilter. 
2025-04-15 16:41:37.8045 | TRACE | Action Filter: Before executing OnActionExecuted on filter Microsoft.AspNetCore.Mvc.ModelBinding.UnsupportedContentTypeFilter. 
2025-04-15 16:41:37.8045 | TRACE | Action Filter: After executing OnActionExecuted on filter Microsoft.AspNetCore.Mvc.ModelBinding.UnsupportedContentTypeFilter. 
2025-04-15 16:41:37.8045 | TRACE | Result Filter: Before executing OnResultExecuting on filter Microsoft.AspNetCore.Mvc.Infrastructure.ClientErrorResultFilter. 
2025-04-15 16:41:37.8045 | TRACE | Result Filter: After executing OnResultExecuting on filter Microsoft.AspNetCore.Mvc.Infrastructure.ClientErrorResultFilter. 
2025-04-15 16:41:37.8045 | TRACE | Before executing action result Microsoft.AspNetCore.Mvc.ObjectResult. 
2025-04-15 16:41:37.8045 | TRACE | After executing action result Microsoft.AspNetCore.Mvc.ObjectResult. 
2025-04-15 16:41:37.8045 | TRACE | Result Filter: Before executing OnResultExecuted on filter Microsoft.AspNetCore.Mvc.Infrastructure.ClientErrorResultFilter. 
2025-04-15 16:41:37.8045 | TRACE | Result Filter: After executing OnResultExecuted on filter Microsoft.AspNetCore.Mvc.Infrastructure.ClientErrorResultFilter. 
2025-04-15 16:41:38.5843 | TRACE | All hosts are allowed. 
2025-04-15 16:41:38.6042 | TRACE | Action Filter: Before executing OnActionExecuting on filter Microsoft.AspNetCore.Mvc.ModelBinding.UnsupportedContentTypeFilter. 
2025-04-15 16:41:38.6042 | TRACE | Action Filter: After executing OnActionExecuting on filter Microsoft.AspNetCore.Mvc.ModelBinding.UnsupportedContentTypeFilter. 
2025-04-15 16:41:38.6042 | TRACE | Action Filter: Before executing OnActionExecuting on filter Microsoft.AspNetCore.Mvc.Infrastructure.ModelStateInvalidFilter. 
2025-04-15 16:41:38.6042 | TRACE | Action Filter: After executing OnActionExecuting on filter Microsoft.AspNetCore.Mvc.Infrastructure.ModelStateInvalidFilter. 
2025-04-15 16:41:38.6042 | TRACE | Executing action method WebApplication1.Controller.AuthorController.GetAllBooks2 (WebApplication1) with arguments (0, 2, a03F01, 1) 
2025-04-15 16:41:38.6042 | TRACE | Action Filter: Before executing OnActionExecuted on filter Microsoft.AspNetCore.Mvc.Infrastructure.ModelStateInvalidFilter. 
2025-04-15 16:41:38.6042 | TRACE | Action Filter: After executing OnActionExecuted on filter Microsoft.AspNetCore.Mvc.Infrastructure.ModelStateInvalidFilter. 
2025-04-15 16:41:38.6042 | TRACE | Action Filter: Before executing OnActionExecuted on filter Microsoft.AspNetCore.Mvc.ModelBinding.UnsupportedContentTypeFilter. 
2025-04-15 16:41:38.6042 | TRACE | Action Filter: After executing OnActionExecuted on filter Microsoft.AspNetCore.Mvc.ModelBinding.UnsupportedContentTypeFilter. 
2025-04-15 16:41:38.6042 | TRACE | Result Filter: Before executing OnResultExecuting on filter Microsoft.AspNetCore.Mvc.Infrastructure.ClientErrorResultFilter. 
2025-04-15 16:41:38.6042 | TRACE | Result Filter: After executing OnResultExecuting on filter Microsoft.AspNetCore.Mvc.Infrastructure.ClientErrorResultFilter. 
2025-04-15 16:41:38.6042 | TRACE | Before executing action result Microsoft.AspNetCore.Mvc.ObjectResult. 
2025-04-15 16:41:38.6042 | TRACE | After executing action result Microsoft.AspNetCore.Mvc.ObjectResult. 
2025-04-15 16:41:38.6042 | TRACE | Result Filter: Before executing OnResultExecuted on filter Microsoft.AspNetCore.Mvc.Infrastructure.ClientErrorResultFilter. 
2025-04-15 16:41:38.6042 | TRACE | Result Filter: After executing OnResultExecuted on filter Microsoft.AspNetCore.Mvc.Infrastructure.ClientErrorResultFilter. 
2025-04-15 16:41:38.8065 | TRACE | All hosts are allowed. 
2025-04-15 16:41:38.8221 | TRACE | Action Filter: Before executing OnActionExecuting on filter Microsoft.AspNetCore.Mvc.ModelBinding.UnsupportedContentTypeFilter. 
2025-04-15 16:41:38.8221 | TRACE | Action Filter: After executing OnActionExecuting on filter Microsoft.AspNetCore.Mvc.ModelBinding.UnsupportedContentTypeFilter. 
2025-04-15 16:41:38.8221 | TRACE | Action Filter: Before executing OnActionExecuting on filter Microsoft.AspNetCore.Mvc.Infrastructure.ModelStateInvalidFilter. 
2025-04-15 16:41:38.8221 | TRACE | Action Filter: After executing OnActionExecuting on filter Microsoft.AspNetCore.Mvc.Infrastructure.ModelStateInvalidFilter. 
2025-04-15 16:41:38.8221 | TRACE | Executing action method WebApplication1.Controller.AuthorController.GetAllBooks2 (WebApplication1) with arguments (0, 2, a03F01, 1) 
2025-04-15 16:41:38.8221 | TRACE | Action Filter: Before executing OnActionExecuted on filter Microsoft.AspNetCore.Mvc.Infrastructure.ModelStateInvalidFilter. 
2025-04-15 16:41:38.8221 | TRACE | Action Filter: After executing OnActionExecuted on filter Microsoft.AspNetCore.Mvc.Infrastructure.ModelStateInvalidFilter. 
2025-04-15 16:41:38.8221 | TRACE | Action Filter: Before executing OnActionExecuted on filter Microsoft.AspNetCore.Mvc.ModelBinding.UnsupportedContentTypeFilter. 
2025-04-15 16:41:38.8221 | TRACE | Action Filter: After executing OnActionExecuted on filter Microsoft.AspNetCore.Mvc.ModelBinding.UnsupportedContentTypeFilter. 
2025-04-15 16:41:38.8221 | TRACE | Result Filter: Before executing OnResultExecuting on filter Microsoft.AspNetCore.Mvc.Infrastructure.ClientErrorResultFilter. 
2025-04-15 16:41:38.8221 | TRACE | Result Filter: After executing OnResultExecuting on filter Microsoft.AspNetCore.Mvc.Infrastructure.ClientErrorResultFilter. 
2025-04-15 16:41:38.8221 | TRACE | Before executing action result Microsoft.AspNetCore.Mvc.ObjectResult. 
2025-04-15 16:41:38.8221 | TRACE | After executing action result Microsoft.AspNetCore.Mvc.ObjectResult. 
2025-04-15 16:41:38.8221 | TRACE | Result Filter: Before executing OnResultExecuted on filter Microsoft.AspNetCore.Mvc.Infrastructure.ClientErrorResultFilter. 
2025-04-15 16:41:38.8221 | TRACE | Result Filter: After executing OnResultExecuted on filter Microsoft.AspNetCore.Mvc.Infrastructure.ClientErrorResultFilter. 
2025-04-15 16:41:39.6624 | TRACE | All hosts are allowed. 
2025-04-15 16:41:39.6811 | TRACE | Action Filter: Before executing OnActionExecuting on filter Microsoft.AspNetCore.Mvc.ModelBinding.UnsupportedContentTypeFilter. 
2025-04-15 16:41:39.6811 | TRACE | Action Filter: After executing OnActionExecuting on filter Microsoft.AspNetCore.Mvc.ModelBinding.UnsupportedContentTypeFilter. 
2025-04-15 16:41:39.6811 | TRACE | Action Filter: Before executing OnActionExecuting on filter Microsoft.AspNetCore.Mvc.Infrastructure.ModelStateInvalidFilter. 
2025-04-15 16:41:39.6811 | TRACE | Action Filter: After executing OnActionExecuting on filter Microsoft.AspNetCore.Mvc.Infrastructure.ModelStateInvalidFilter. 
2025-04-15 16:41:39.6811 | TRACE | Executing action method WebApplication1.Controller.AuthorController.GetAllBooks2 (WebApplication1) with arguments (0, 2, a03F01, 1) 
2025-04-15 16:41:39.6895 | TRACE | Action Filter: Before executing OnActionExecuted on filter Microsoft.AspNetCore.Mvc.Infrastructure.ModelStateInvalidFilter. 
2025-04-15 16:41:39.6895 | TRACE | Action Filter: After executing OnActionExecuted on filter Microsoft.AspNetCore.Mvc.Infrastructure.ModelStateInvalidFilter. 
2025-04-15 16:41:39.6895 | TRACE | Action Filter: Before executing OnActionExecuted on filter Microsoft.AspNetCore.Mvc.ModelBinding.UnsupportedContentTypeFilter. 
2025-04-15 16:41:39.6895 | TRACE | Action Filter: After executing OnActionExecuted on filter Microsoft.AspNetCore.Mvc.ModelBinding.UnsupportedContentTypeFilter. 
2025-04-15 16:41:39.6895 | TRACE | Result Filter: Before executing OnResultExecuting on filter Microsoft.AspNetCore.Mvc.Infrastructure.ClientErrorResultFilter. 
2025-04-15 16:41:39.6895 | TRACE | Result Filter: After executing OnResultExecuting on filter Microsoft.AspNetCore.Mvc.Infrastructure.ClientErrorResultFilter. 
2025-04-15 16:41:39.6895 | TRACE | Before executing action result Microsoft.AspNetCore.Mvc.ObjectResult. 
2025-04-15 16:41:39.6895 | TRACE | After executing action result Microsoft.AspNetCore.Mvc.ObjectResult. 
2025-04-15 16:41:39.6895 | TRACE | Result Filter: Before executing OnResultExecuted on filter Microsoft.AspNetCore.Mvc.Infrastructure.ClientErrorResultFilter. 
2025-04-15 16:41:39.6895 | TRACE | Result Filter: After executing OnResultExecuted on filter Microsoft.AspNetCore.Mvc.Infrastructure.ClientErrorResultFilter. 
2025-04-15 16:41:39.8887 | TRACE | All hosts are allowed. 
2025-04-15 16:41:39.9050 | TRACE | Action Filter: Before executing OnActionExecuting on filter Microsoft.AspNetCore.Mvc.ModelBinding.UnsupportedContentTypeFilter. 
2025-04-15 16:41:39.9050 | TRACE | Action Filter: After executing OnActionExecuting on filter Microsoft.AspNetCore.Mvc.ModelBinding.UnsupportedContentTypeFilter. 
2025-04-15 16:41:39.9050 | TRACE | Action Filter: Before executing OnActionExecuting on filter Microsoft.AspNetCore.Mvc.Infrastructure.ModelStateInvalidFilter. 
2025-04-15 16:41:39.9050 | TRACE | Action Filter: After executing OnActionExecuting on filter Microsoft.AspNetCore.Mvc.Infrastructure.ModelStateInvalidFilter. 
2025-04-15 16:41:39.9050 | TRACE | Executing action method WebApplication1.Controller.AuthorController.GetAllBooks2 (WebApplication1) with arguments (0, 2, a03F01, 1) 
2025-04-15 16:41:39.9050 | TRACE | Action Filter: Before executing OnActionExecuted on filter Microsoft.AspNetCore.Mvc.Infrastructure.ModelStateInvalidFilter. 
2025-04-15 16:41:39.9050 | TRACE | Action Filter: After executing OnActionExecuted on filter Microsoft.AspNetCore.Mvc.Infrastructure.ModelStateInvalidFilter. 
2025-04-15 16:41:39.9050 | TRACE | Action Filter: Before executing OnActionExecuted on filter Microsoft.AspNetCore.Mvc.ModelBinding.UnsupportedContentTypeFilter. 
2025-04-15 16:41:39.9050 | TRACE | Action Filter: After executing OnActionExecuted on filter Microsoft.AspNetCore.Mvc.ModelBinding.UnsupportedContentTypeFilter. 
2025-04-15 16:41:39.9050 | TRACE | Result Filter: Before executing OnResultExecuting on filter Microsoft.AspNetCore.Mvc.Infrastructure.ClientErrorResultFilter. 
2025-04-15 16:41:39.9050 | TRACE | Result Filter: After executing OnResultExecuting on filter Microsoft.AspNetCore.Mvc.Infrastructure.ClientErrorResultFilter. 
2025-04-15 16:41:39.9050 | TRACE | Before executing action result Microsoft.AspNetCore.Mvc.ObjectResult. 
2025-04-15 16:41:39.9050 | TRACE | After executing action result Microsoft.AspNetCore.Mvc.ObjectResult. 
2025-04-15 16:41:39.9050 | TRACE | Result Filter: Before executing OnResultExecuted on filter Microsoft.AspNetCore.Mvc.Infrastructure.ClientErrorResultFilter. 
2025-04-15 16:41:39.9050 | TRACE | Result Filter: After executing OnResultExecuted on filter Microsoft.AspNetCore.Mvc.Infrastructure.ClientErrorResultFilter. 
2025-04-15 16:41:40.8974 | TRACE | All hosts are allowed. 
2025-04-15 16:41:40.9121 | TRACE | Action Filter: Before executing OnActionExecuting on filter Microsoft.AspNetCore.Mvc.ModelBinding.UnsupportedContentTypeFilter. 
2025-04-15 16:41:40.9121 | TRACE | Action Filter: After executing OnActionExecuting on filter Microsoft.AspNetCore.Mvc.ModelBinding.UnsupportedContentTypeFilter. 
2025-04-15 16:41:40.9121 | TRACE | Action Filter: Before executing OnActionExecuting on filter Microsoft.AspNetCore.Mvc.Infrastructure.ModelStateInvalidFilter. 
2025-04-15 16:41:40.9121 | TRACE | Action Filter: After executing OnActionExecuting on filter Microsoft.AspNetCore.Mvc.Infrastructure.ModelStateInvalidFilter. 
2025-04-15 16:41:40.9121 | TRACE | Executing action method WebApplication1.Controller.AuthorController.GetAllBooks2 (WebApplication1) with arguments (0, 2, a03F01, 1) 
2025-04-15 16:41:40.9210 | TRACE | Action Filter: Before executing OnActionExecuted on filter Microsoft.AspNetCore.Mvc.Infrastructure.ModelStateInvalidFilter. 
2025-04-15 16:41:40.9210 | TRACE | Action Filter: After executing OnActionExecuted on filter Microsoft.AspNetCore.Mvc.Infrastructure.ModelStateInvalidFilter. 
2025-04-15 16:41:40.9210 | TRACE | Action Filter: Before executing OnActionExecuted on filter Microsoft.AspNetCore.Mvc.ModelBinding.UnsupportedContentTypeFilter. 
2025-04-15 16:41:40.9210 | TRACE | Action Filter: After executing OnActionExecuted on filter Microsoft.AspNetCore.Mvc.ModelBinding.UnsupportedContentTypeFilter. 
2025-04-15 16:41:40.9210 | TRACE | Result Filter: Before executing OnResultExecuting on filter Microsoft.AspNetCore.Mvc.Infrastructure.ClientErrorResultFilter. 
2025-04-15 16:41:40.9210 | TRACE | Result Filter: After executing OnResultExecuting on filter Microsoft.AspNetCore.Mvc.Infrastructure.ClientErrorResultFilter. 
2025-04-15 16:41:40.9210 | TRACE | Before executing action result Microsoft.AspNetCore.Mvc.ObjectResult. 
2025-04-15 16:41:40.9210 | TRACE | After executing action result Microsoft.AspNetCore.Mvc.ObjectResult. 
2025-04-15 16:41:40.9210 | TRACE | Result Filter: Before executing OnResultExecuted on filter Microsoft.AspNetCore.Mvc.Infrastructure.ClientErrorResultFilter. 
2025-04-15 16:41:40.9210 | TRACE | Result Filter: After executing OnResultExecuted on filter Microsoft.AspNetCore.Mvc.Infrastructure.ClientErrorResultFilter. 
2025-04-15 16:41:48.4035 | TRACE | All hosts are allowed. 
2025-04-15 16:41:48.4222 | TRACE | Action Filter: Before executing OnActionExecuting on filter Microsoft.AspNetCore.Mvc.ModelBinding.UnsupportedContentTypeFilter. 
2025-04-15 16:41:48.4222 | TRACE | Action Filter: After executing OnActionExecuting on filter Microsoft.AspNetCore.Mvc.ModelBinding.UnsupportedContentTypeFilter. 
2025-04-15 16:41:48.4222 | TRACE | Action Filter: Before executing OnActionExecuting on filter Microsoft.AspNetCore.Mvc.Infrastructure.ModelStateInvalidFilter. 
2025-04-15 16:41:48.4222 | TRACE | Action Filter: After executing OnActionExecuting on filter Microsoft.AspNetCore.Mvc.Infrastructure.ModelStateInvalidFilter. 
2025-04-15 16:41:48.4222 | TRACE | Executing action method WebApplication1.Controller.AuthorController.GetAllBooks2 (WebApplication1) with arguments (0, 2, a03F01, 1) 
2025-04-15 16:41:48.4222 | TRACE | Action Filter: Before executing OnActionExecuted on filter Microsoft.AspNetCore.Mvc.Infrastructure.ModelStateInvalidFilter. 
2025-04-15 16:41:48.4222 | TRACE | Action Filter: After executing OnActionExecuted on filter Microsoft.AspNetCore.Mvc.Infrastructure.ModelStateInvalidFilter. 
2025-04-15 16:41:48.4222 | TRACE | Action Filter: Before executing OnActionExecuted on filter Microsoft.AspNetCore.Mvc.ModelBinding.UnsupportedContentTypeFilter. 
2025-04-15 16:41:48.4222 | TRACE | Action Filter: After executing OnActionExecuted on filter Microsoft.AspNetCore.Mvc.ModelBinding.UnsupportedContentTypeFilter. 
2025-04-15 16:41:48.4222 | TRACE | Result Filter: Before executing OnResultExecuting on filter Microsoft.AspNetCore.Mvc.Infrastructure.ClientErrorResultFilter. 
2025-04-15 16:41:48.4222 | TRACE | Result Filter: After executing OnResultExecuting on filter Microsoft.AspNetCore.Mvc.Infrastructure.ClientErrorResultFilter. 
2025-04-15 16:41:48.4222 | TRACE | Before executing action result Microsoft.AspNetCore.Mvc.ObjectResult. 
2025-04-15 16:41:48.4222 | TRACE | After executing action result Microsoft.AspNetCore.Mvc.ObjectResult. 
2025-04-15 16:41:48.4222 | TRACE | Result Filter: Before executing OnResultExecuted on filter Microsoft.AspNetCore.Mvc.Infrastructure.ClientErrorResultFilter. 
2025-04-15 16:41:48.4222 | TRACE | Result Filter: After executing OnResultExecuted on filter Microsoft.AspNetCore.Mvc.Infrastructure.ClientErrorResultFilter. 
2025-04-15 16:41:48.6164 | TRACE | All hosts are allowed. 
2025-04-15 16:41:48.6324 | TRACE | Action Filter: Before executing OnActionExecuting on filter Microsoft.AspNetCore.Mvc.ModelBinding.UnsupportedContentTypeFilter. 
2025-04-15 16:41:48.6324 | TRACE | Action Filter: After executing OnActionExecuting on filter Microsoft.AspNetCore.Mvc.ModelBinding.UnsupportedContentTypeFilter. 
2025-04-15 16:41:48.6324 | TRACE | Action Filter: Before executing OnActionExecuting on filter Microsoft.AspNetCore.Mvc.Infrastructure.ModelStateInvalidFilter. 
2025-04-15 16:41:48.6324 | TRACE | Action Filter: After executing OnActionExecuting on filter Microsoft.AspNetCore.Mvc.Infrastructure.ModelStateInvalidFilter. 
2025-04-15 16:41:48.6324 | TRACE | Executing action method WebApplication1.Controller.AuthorController.GetAllBooks2 (WebApplication1) with arguments (0, 2, a03F01, 1) 
2025-04-15 16:41:48.6324 | TRACE | Action Filter: Before executing OnActionExecuted on filter Microsoft.AspNetCore.Mvc.Infrastructure.ModelStateInvalidFilter. 
2025-04-15 16:41:48.6324 | TRACE | Action Filter: After executing OnActionExecuted on filter Microsoft.AspNetCore.Mvc.Infrastructure.ModelStateInvalidFilter. 
2025-04-15 16:41:48.6324 | TRACE | Action Filter: Before executing OnActionExecuted on filter Microsoft.AspNetCore.Mvc.ModelBinding.UnsupportedContentTypeFilter. 
2025-04-15 16:41:48.6324 | TRACE | Action Filter: After executing OnActionExecuted on filter Microsoft.AspNetCore.Mvc.ModelBinding.UnsupportedContentTypeFilter. 
2025-04-15 16:41:48.6324 | TRACE | Result Filter: Before executing OnResultExecuting on filter Microsoft.AspNetCore.Mvc.Infrastructure.ClientErrorResultFilter. 
2025-04-15 16:41:48.6324 | TRACE | Result Filter: After executing OnResultExecuting on filter Microsoft.AspNetCore.Mvc.Infrastructure.ClientErrorResultFilter. 
2025-04-15 16:41:48.6324 | TRACE | Before executing action result Microsoft.AspNetCore.Mvc.ObjectResult. 
2025-04-15 16:41:48.6324 | TRACE | After executing action result Microsoft.AspNetCore.Mvc.ObjectResult. 
2025-04-15 16:41:48.6324 | TRACE | Result Filter: Before executing OnResultExecuted on filter Microsoft.AspNetCore.Mvc.Infrastructure.ClientErrorResultFilter. 
2025-04-15 16:41:48.6324 | TRACE | Result Filter: After executing OnResultExecuted on filter Microsoft.AspNetCore.Mvc.Infrastructure.ClientErrorResultFilter. 
2025-04-15 16:41:49.6248 | TRACE | All hosts are allowed. 
2025-04-15 16:41:49.6406 | TRACE | Action Filter: Before executing OnActionExecuting on filter Microsoft.AspNetCore.Mvc.ModelBinding.UnsupportedContentTypeFilter. 
2025-04-15 16:41:49.6406 | TRACE | Action Filter: After executing OnActionExecuting on filter Microsoft.AspNetCore.Mvc.ModelBinding.UnsupportedContentTypeFilter. 
2025-04-15 16:41:49.6406 | TRACE | Action Filter: Before executing OnActionExecuting on filter Microsoft.AspNetCore.Mvc.Infrastructure.ModelStateInvalidFilter. 
2025-04-15 16:41:49.6406 | TRACE | Action Filter: After executing OnActionExecuting on filter Microsoft.AspNetCore.Mvc.Infrastructure.ModelStateInvalidFilter. 
2025-04-15 16:41:49.6406 | TRACE | Executing action method WebApplication1.Controller.AuthorController.GetAllBooks2 (WebApplication1) with arguments (0, 2, a03F01, 1) 
2025-04-15 16:41:49.6406 | TRACE | Action Filter: Before executing OnActionExecuted on filter Microsoft.AspNetCore.Mvc.Infrastructure.ModelStateInvalidFilter. 
2025-04-15 16:41:49.6406 | TRACE | Action Filter: After executing OnActionExecuted on filter Microsoft.AspNetCore.Mvc.Infrastructure.ModelStateInvalidFilter. 
2025-04-15 16:41:49.6406 | TRACE | Action Filter: Before executing OnActionExecuted on filter Microsoft.AspNetCore.Mvc.ModelBinding.UnsupportedContentTypeFilter. 
2025-04-15 16:41:49.6406 | TRACE | Action Filter: After executing OnActionExecuted on filter Microsoft.AspNetCore.Mvc.ModelBinding.UnsupportedContentTypeFilter. 
2025-04-15 16:41:49.6406 | TRACE | Result Filter: Before executing OnResultExecuting on filter Microsoft.AspNetCore.Mvc.Infrastructure.ClientErrorResultFilter. 
2025-04-15 16:41:49.6406 | TRACE | Result Filter: After executing OnResultExecuting on filter Microsoft.AspNetCore.Mvc.Infrastructure.ClientErrorResultFilter. 
2025-04-15 16:41:49.6406 | TRACE | Before executing action result Microsoft.AspNetCore.Mvc.ObjectResult. 
2025-04-15 16:41:49.6406 | TRACE | After executing action result Microsoft.AspNetCore.Mvc.ObjectResult. 
2025-04-15 16:41:49.6406 | TRACE | Result Filter: Before executing OnResultExecuted on filter Microsoft.AspNetCore.Mvc.Infrastructure.ClientErrorResultFilter. 
2025-04-15 16:41:49.6406 | TRACE | Result Filter: After executing OnResultExecuted on filter Microsoft.AspNetCore.Mvc.Infrastructure.ClientErrorResultFilter. 
2025-04-15 16:41:51.0545 | TRACE | All hosts are allowed. 
2025-04-15 16:41:51.0714 | TRACE | Action Filter: Before executing OnActionExecuting on filter Microsoft.AspNetCore.Mvc.ModelBinding.UnsupportedContentTypeFilter. 
2025-04-15 16:41:51.0714 | TRACE | Action Filter: After executing OnActionExecuting on filter Microsoft.AspNetCore.Mvc.ModelBinding.UnsupportedContentTypeFilter. 
2025-04-15 16:41:51.0714 | TRACE | Action Filter: Before executing OnActionExecuting on filter Microsoft.AspNetCore.Mvc.Infrastructure.ModelStateInvalidFilter. 
2025-04-15 16:41:51.0714 | TRACE | Action Filter: After executing OnActionExecuting on filter Microsoft.AspNetCore.Mvc.Infrastructure.ModelStateInvalidFilter. 
2025-04-15 16:41:51.0714 | TRACE | Executing action method WebApplication1.Controller.AuthorController.GetAllBooks2 (WebApplication1) with arguments (0, 2, a03F01, 1) 
2025-04-15 16:41:51.0798 | TRACE | Action Filter: Before executing OnActionExecuted on filter Microsoft.AspNetCore.Mvc.Infrastructure.ModelStateInvalidFilter. 
2025-04-15 16:41:51.0798 | TRACE | Action Filter: After executing OnActionExecuted on filter Microsoft.AspNetCore.Mvc.Infrastructure.ModelStateInvalidFilter. 
2025-04-15 16:41:51.0798 | TRACE | Action Filter: Before executing OnActionExecuted on filter Microsoft.AspNetCore.Mvc.ModelBinding.UnsupportedContentTypeFilter. 
2025-04-15 16:41:51.0798 | TRACE | Action Filter: After executing OnActionExecuted on filter Microsoft.AspNetCore.Mvc.ModelBinding.UnsupportedContentTypeFilter. 
2025-04-15 16:41:51.0798 | TRACE | Result Filter: Before executing OnResultExecuting on filter Microsoft.AspNetCore.Mvc.Infrastructure.ClientErrorResultFilter. 
2025-04-15 16:41:51.0798 | TRACE | Result Filter: After executing OnResultExecuting on filter Microsoft.AspNetCore.Mvc.Infrastructure.ClientErrorResultFilter. 
2025-04-15 16:41:51.0798 | TRACE | Before executing action result Microsoft.AspNetCore.Mvc.ObjectResult. 
2025-04-15 16:41:51.0798 | TRACE | After executing action result Microsoft.AspNetCore.Mvc.ObjectResult. 
2025-04-15 16:41:51.0798 | TRACE | Result Filter: Before executing OnResultExecuted on filter Microsoft.AspNetCore.Mvc.Infrastructure.ClientErrorResultFilter. 
2025-04-15 16:41:51.0798 | TRACE | Result Filter: After executing OnResultExecuted on filter Microsoft.AspNetCore.Mvc.Infrastructure.ClientErrorResultFilter. 
2025-04-15 16:41:51.3068 | TRACE | All hosts are allowed. 
2025-04-15 16:41:51.3213 | TRACE | Action Filter: Before executing OnActionExecuting on filter Microsoft.AspNetCore.Mvc.ModelBinding.UnsupportedContentTypeFilter. 
2025-04-15 16:41:51.3213 | TRACE | Action Filter: After executing OnActionExecuting on filter Microsoft.AspNetCore.Mvc.ModelBinding.UnsupportedContentTypeFilter. 
2025-04-15 16:41:51.3213 | TRACE | Action Filter: Before executing OnActionExecuting on filter Microsoft.AspNetCore.Mvc.Infrastructure.ModelStateInvalidFilter. 
2025-04-15 16:41:51.3213 | TRACE | Action Filter: After executing OnActionExecuting on filter Microsoft.AspNetCore.Mvc.Infrastructure.ModelStateInvalidFilter. 
2025-04-15 16:41:51.3213 | TRACE | Executing action method WebApplication1.Controller.AuthorController.GetAllBooks2 (WebApplication1) with arguments (0, 2, a03F01, 1) 
2025-04-15 16:41:51.3213 | TRACE | Action Filter: Before executing OnActionExecuted on filter Microsoft.AspNetCore.Mvc.Infrastructure.ModelStateInvalidFilter. 
2025-04-15 16:41:51.3213 | TRACE | Action Filter: After executing OnActionExecuted on filter Microsoft.AspNetCore.Mvc.Infrastructure.ModelStateInvalidFilter. 
2025-04-15 16:41:51.3213 | TRACE | Action Filter: Before executing OnActionExecuted on filter Microsoft.AspNetCore.Mvc.ModelBinding.UnsupportedContentTypeFilter. 
2025-04-15 16:41:51.3213 | TRACE | Action Filter: After executing OnActionExecuted on filter Microsoft.AspNetCore.Mvc.ModelBinding.UnsupportedContentTypeFilter. 
2025-04-15 16:41:51.3213 | TRACE | Result Filter: Before executing OnResultExecuting on filter Microsoft.AspNetCore.Mvc.Infrastructure.ClientErrorResultFilter. 
2025-04-15 16:41:51.3213 | TRACE | Result Filter: After executing OnResultExecuting on filter Microsoft.AspNetCore.Mvc.Infrastructure.ClientErrorResultFilter. 
2025-04-15 16:41:51.3213 | TRACE | Before executing action result Microsoft.AspNetCore.Mvc.ObjectResult. 
2025-04-15 16:41:51.3213 | TRACE | After executing action result Microsoft.AspNetCore.Mvc.ObjectResult. 
2025-04-15 16:41:51.3213 | TRACE | Result Filter: Before executing OnResultExecuted on filter Microsoft.AspNetCore.Mvc.Infrastructure.ClientErrorResultFilter. 
2025-04-15 16:41:51.3213 | TRACE | Result Filter: After executing OnResultExecuted on filter Microsoft.AspNetCore.Mvc.Infrastructure.ClientErrorResultFilter. 
2025-04-15 16:41:52.2767 | TRACE | All hosts are allowed. 
2025-04-15 16:41:52.2933 | TRACE | Action Filter: Before executing OnActionExecuting on filter Microsoft.AspNetCore.Mvc.ModelBinding.UnsupportedContentTypeFilter. 
2025-04-15 16:41:52.2933 | TRACE | Action Filter: After executing OnActionExecuting on filter Microsoft.AspNetCore.Mvc.ModelBinding.UnsupportedContentTypeFilter. 
2025-04-15 16:41:52.2933 | TRACE | Action Filter: Before executing OnActionExecuting on filter Microsoft.AspNetCore.Mvc.Infrastructure.ModelStateInvalidFilter. 
2025-04-15 16:41:52.2933 | TRACE | Action Filter: After executing OnActionExecuting on filter Microsoft.AspNetCore.Mvc.Infrastructure.ModelStateInvalidFilter. 
2025-04-15 16:41:52.2933 | TRACE | Executing action method WebApplication1.Controller.AuthorController.GetAllBooks2 (WebApplication1) with arguments (0, 2, a03F01, 1) 
2025-04-15 16:41:52.2933 | TRACE | Action Filter: Before executing OnActionExecuted on filter Microsoft.AspNetCore.Mvc.Infrastructure.ModelStateInvalidFilter. 
2025-04-15 16:41:52.2933 | TRACE | Action Filter: After executing OnActionExecuted on filter Microsoft.AspNetCore.Mvc.Infrastructure.ModelStateInvalidFilter. 
2025-04-15 16:41:52.2933 | TRACE | Action Filter: Before executing OnActionExecuted on filter Microsoft.AspNetCore.Mvc.ModelBinding.UnsupportedContentTypeFilter. 
2025-04-15 16:41:52.2933 | TRACE | Action Filter: After executing OnActionExecuted on filter Microsoft.AspNetCore.Mvc.ModelBinding.UnsupportedContentTypeFilter. 
2025-04-15 16:41:52.2933 | TRACE | Result Filter: Before executing OnResultExecuting on filter Microsoft.AspNetCore.Mvc.Infrastructure.ClientErrorResultFilter. 
2025-04-15 16:41:52.2933 | TRACE | Result Filter: After executing OnResultExecuting on filter Microsoft.AspNetCore.Mvc.Infrastructure.ClientErrorResultFilter. 
2025-04-15 16:41:52.2933 | TRACE | Before executing action result Microsoft.AspNetCore.Mvc.ObjectResult. 
2025-04-15 16:41:52.2933 | TRACE | After executing action result Microsoft.AspNetCore.Mvc.ObjectResult. 
2025-04-15 16:41:52.2933 | TRACE | Result Filter: Before executing OnResultExecuted on filter Microsoft.AspNetCore.Mvc.Infrastructure.ClientErrorResultFilter. 
2025-04-15 16:41:52.2933 | TRACE | Result Filter: After executing OnResultExecuted on filter Microsoft.AspNetCore.Mvc.Infrastructure.ClientErrorResultFilter. 
2025-04-15 16:41:54.0216 | TRACE | All hosts are allowed. 
2025-04-15 16:41:54.0387 | TRACE | Action Filter: Before executing OnActionExecuting on filter Microsoft.AspNetCore.Mvc.ModelBinding.UnsupportedContentTypeFilter. 
2025-04-15 16:41:54.0387 | TRACE | Action Filter: After executing OnActionExecuting on filter Microsoft.AspNetCore.Mvc.ModelBinding.UnsupportedContentTypeFilter. 
2025-04-15 16:41:54.0387 | TRACE | Action Filter: Before executing OnActionExecuting on filter Microsoft.AspNetCore.Mvc.Infrastructure.ModelStateInvalidFilter. 
2025-04-15 16:41:54.0387 | TRACE | Action Filter: After executing OnActionExecuting on filter Microsoft.AspNetCore.Mvc.Infrastructure.ModelStateInvalidFilter. 
2025-04-15 16:41:54.0387 | TRACE | Executing action method WebApplication1.Controller.AuthorController.GetAllBooks2 (WebApplication1) with arguments (0, 2, a03F01, 1) 
2025-04-15 16:41:54.0387 | TRACE | Action Filter: Before executing OnActionExecuted on filter Microsoft.AspNetCore.Mvc.Infrastructure.ModelStateInvalidFilter. 
2025-04-15 16:41:54.0387 | TRACE | Action Filter: After executing OnActionExecuted on filter Microsoft.AspNetCore.Mvc.Infrastructure.ModelStateInvalidFilter. 
2025-04-15 16:41:54.0387 | TRACE | Action Filter: Before executing OnActionExecuted on filter Microsoft.AspNetCore.Mvc.ModelBinding.UnsupportedContentTypeFilter. 
2025-04-15 16:41:54.0387 | TRACE | Action Filter: After executing OnActionExecuted on filter Microsoft.AspNetCore.Mvc.ModelBinding.UnsupportedContentTypeFilter. 
2025-04-15 16:41:54.0387 | TRACE | Result Filter: Before executing OnResultExecuting on filter Microsoft.AspNetCore.Mvc.Infrastructure.ClientErrorResultFilter. 
2025-04-15 16:41:54.0387 | TRACE | Result Filter: After executing OnResultExecuting on filter Microsoft.AspNetCore.Mvc.Infrastructure.ClientErrorResultFilter. 
2025-04-15 16:41:54.0387 | TRACE | Before executing action result Microsoft.AspNetCore.Mvc.ObjectResult. 
2025-04-15 16:41:54.0387 | TRACE | After executing action result Microsoft.AspNetCore.Mvc.ObjectResult. 
2025-04-15 16:41:54.0387 | TRACE | Result Filter: Before executing OnResultExecuted on filter Microsoft.AspNetCore.Mvc.Infrastructure.ClientErrorResultFilter. 
2025-04-15 16:41:54.0387 | TRACE | Result Filter: After executing OnResultExecuted on filter Microsoft.AspNetCore.Mvc.Infrastructure.ClientErrorResultFilter. 
2025-04-15 16:41:54.2413 | TRACE | All hosts are allowed. 
2025-04-15 16:41:54.2581 | TRACE | Action Filter: Before executing OnActionExecuting on filter Microsoft.AspNetCore.Mvc.ModelBinding.UnsupportedContentTypeFilter. 
2025-04-15 16:41:54.2581 | TRACE | Action Filter: After executing OnActionExecuting on filter Microsoft.AspNetCore.Mvc.ModelBinding.UnsupportedContentTypeFilter. 
2025-04-15 16:41:54.2581 | TRACE | Action Filter: Before executing OnActionExecuting on filter Microsoft.AspNetCore.Mvc.Infrastructure.ModelStateInvalidFilter. 
2025-04-15 16:41:54.2581 | TRACE | Action Filter: After executing OnActionExecuting on filter Microsoft.AspNetCore.Mvc.Infrastructure.ModelStateInvalidFilter. 
2025-04-15 16:41:54.2581 | TRACE | Executing action method WebApplication1.Controller.AuthorController.GetAllBooks2 (WebApplication1) with arguments (0, 2, a03F01, 1) 
2025-04-15 16:41:54.2664 | TRACE | Action Filter: Before executing OnActionExecuted on filter Microsoft.AspNetCore.Mvc.Infrastructure.ModelStateInvalidFilter. 
2025-04-15 16:41:54.2664 | TRACE | Action Filter: After executing OnActionExecuted on filter Microsoft.AspNetCore.Mvc.Infrastructure.ModelStateInvalidFilter. 
2025-04-15 16:41:54.2664 | TRACE | Action Filter: Before executing OnActionExecuted on filter Microsoft.AspNetCore.Mvc.ModelBinding.UnsupportedContentTypeFilter. 
2025-04-15 16:41:54.2664 | TRACE | Action Filter: After executing OnActionExecuted on filter Microsoft.AspNetCore.Mvc.ModelBinding.UnsupportedContentTypeFilter. 
2025-04-15 16:41:54.2664 | TRACE | Result Filter: Before executing OnResultExecuting on filter Microsoft.AspNetCore.Mvc.Infrastructure.ClientErrorResultFilter. 
2025-04-15 16:41:54.2664 | TRACE | Result Filter: After executing OnResultExecuting on filter Microsoft.AspNetCore.Mvc.Infrastructure.ClientErrorResultFilter. 
2025-04-15 16:41:54.2664 | TRACE | Before executing action result Microsoft.AspNetCore.Mvc.ObjectResult. 
2025-04-15 16:41:54.2664 | TRACE | After executing action result Microsoft.AspNetCore.Mvc.ObjectResult. 
2025-04-15 16:41:54.2664 | TRACE | Result Filter: Before executing OnResultExecuted on filter Microsoft.AspNetCore.Mvc.Infrastructure.ClientErrorResultFilter. 
2025-04-15 16:41:54.2664 | TRACE | Result Filter: After executing OnResultExecuted on filter Microsoft.AspNetCore.Mvc.Infrastructure.ClientErrorResultFilter. 
2025-04-15 16:41:55.2496 | TRACE | All hosts are allowed. 
2025-04-15 16:41:55.2496 | TRACE | Action Filter: Before executing OnActionExecuting on filter Microsoft.AspNetCore.Mvc.ModelBinding.UnsupportedContentTypeFilter. 
2025-04-15 16:41:55.2496 | TRACE | Action Filter: After executing OnActionExecuting on filter Microsoft.AspNetCore.Mvc.ModelBinding.UnsupportedContentTypeFilter. 
2025-04-15 16:41:55.2496 | TRACE | Action Filter: Before executing OnActionExecuting on filter Microsoft.AspNetCore.Mvc.Infrastructure.ModelStateInvalidFilter. 
2025-04-15 16:41:55.2496 | TRACE | Action Filter: After executing OnActionExecuting on filter Microsoft.AspNetCore.Mvc.Infrastructure.ModelStateInvalidFilter. 
2025-04-15 16:41:55.2496 | TRACE | Executing action method WebApplication1.Controller.AuthorController.GetAllBooks2 (WebApplication1) with arguments (0, 2, a03F01, 1) 
2025-04-15 16:41:55.2736 | TRACE | Action Filter: Before executing OnActionExecuted on filter Microsoft.AspNetCore.Mvc.Infrastructure.ModelStateInvalidFilter. 
2025-04-15 16:41:55.2736 | TRACE | Action Filter: After executing OnActionExecuted on filter Microsoft.AspNetCore.Mvc.Infrastructure.ModelStateInvalidFilter. 
2025-04-15 16:41:55.2736 | TRACE | Action Filter: Before executing OnActionExecuted on filter Microsoft.AspNetCore.Mvc.ModelBinding.UnsupportedContentTypeFilter. 
2025-04-15 16:41:55.2736 | TRACE | Action Filter: After executing OnActionExecuted on filter Microsoft.AspNetCore.Mvc.ModelBinding.UnsupportedContentTypeFilter. 
2025-04-15 16:41:55.2736 | TRACE | Result Filter: Before executing OnResultExecuting on filter Microsoft.AspNetCore.Mvc.Infrastructure.ClientErrorResultFilter. 
2025-04-15 16:41:55.2736 | TRACE | Result Filter: After executing OnResultExecuting on filter Microsoft.AspNetCore.Mvc.Infrastructure.ClientErrorResultFilter. 
2025-04-15 16:41:55.2736 | TRACE | Before executing action result Microsoft.AspNetCore.Mvc.ObjectResult. 
2025-04-15 16:41:55.2736 | TRACE | After executing action result Microsoft.AspNetCore.Mvc.ObjectResult. 
2025-04-15 16:41:55.2736 | TRACE | Result Filter: Before executing OnResultExecuted on filter Microsoft.AspNetCore.Mvc.Infrastructure.ClientErrorResultFilter. 
2025-04-15 16:41:55.2736 | TRACE | Result Filter: After executing OnResultExecuted on filter Microsoft.AspNetCore.Mvc.Infrastructure.ClientErrorResultFilter. 
2025-04-15 16:41:55.8617 | TRACE | All hosts are allowed. 
2025-04-15 16:41:55.8617 | TRACE | Action Filter: Before executing OnActionExecuting on filter Microsoft.AspNetCore.Mvc.ModelBinding.UnsupportedContentTypeFilter. 
2025-04-15 16:41:55.8617 | TRACE | Action Filter: After executing OnActionExecuting on filter Microsoft.AspNetCore.Mvc.ModelBinding.UnsupportedContentTypeFilter. 
2025-04-15 16:41:55.8617 | TRACE | Action Filter: Before executing OnActionExecuting on filter Microsoft.AspNetCore.Mvc.Infrastructure.ModelStateInvalidFilter. 
2025-04-15 16:41:55.8617 | TRACE | Action Filter: After executing OnActionExecuting on filter Microsoft.AspNetCore.Mvc.Infrastructure.ModelStateInvalidFilter. 
2025-04-15 16:41:55.8617 | TRACE | Executing action method WebApplication1.Controller.AuthorController.GetAllBooks2 (WebApplication1) with arguments (0, 2, a03F01, 1) 
2025-04-15 16:41:55.8869 | TRACE | Action Filter: Before executing OnActionExecuted on filter Microsoft.AspNetCore.Mvc.Infrastructure.ModelStateInvalidFilter. 
2025-04-15 16:41:55.8869 | TRACE | Action Filter: After executing OnActionExecuted on filter Microsoft.AspNetCore.Mvc.Infrastructure.ModelStateInvalidFilter. 
2025-04-15 16:41:55.8869 | TRACE | Action Filter: Before executing OnActionExecuted on filter Microsoft.AspNetCore.Mvc.ModelBinding.UnsupportedContentTypeFilter. 
2025-04-15 16:41:55.8869 | TRACE | Action Filter: After executing OnActionExecuted on filter Microsoft.AspNetCore.Mvc.ModelBinding.UnsupportedContentTypeFilter. 
2025-04-15 16:41:55.8869 | TRACE | Result Filter: Before executing OnResultExecuting on filter Microsoft.AspNetCore.Mvc.Infrastructure.ClientErrorResultFilter. 
2025-04-15 16:41:55.8869 | TRACE | Result Filter: After executing OnResultExecuting on filter Microsoft.AspNetCore.Mvc.Infrastructure.ClientErrorResultFilter. 
2025-04-15 16:41:55.8869 | TRACE | Before executing action result Microsoft.AspNetCore.Mvc.ObjectResult. 
2025-04-15 16:41:55.8869 | TRACE | After executing action result Microsoft.AspNetCore.Mvc.ObjectResult. 
2025-04-15 16:41:55.8869 | TRACE | Result Filter: Before executing OnResultExecuted on filter Microsoft.AspNetCore.Mvc.Infrastructure.ClientErrorResultFilter. 
2025-04-15 16:41:55.8869 | TRACE | Result Filter: After executing OnResultExecuted on filter Microsoft.AspNetCore.Mvc.Infrastructure.ClientErrorResultFilter. 
2025-04-15 16:41:58.1280 | TRACE | All hosts are allowed. 
2025-04-15 16:41:58.1467 | TRACE | Action Filter: Before executing OnActionExecuting on filter Microsoft.AspNetCore.Mvc.ModelBinding.UnsupportedContentTypeFilter. 
2025-04-15 16:41:58.1467 | TRACE | Action Filter: After executing OnActionExecuting on filter Microsoft.AspNetCore.Mvc.ModelBinding.UnsupportedContentTypeFilter. 
2025-04-15 16:41:58.1467 | TRACE | Action Filter: Before executing OnActionExecuting on filter Microsoft.AspNetCore.Mvc.Infrastructure.ModelStateInvalidFilter. 
2025-04-15 16:41:58.1467 | TRACE | Action Filter: After executing OnActionExecuting on filter Microsoft.AspNetCore.Mvc.Infrastructure.ModelStateInvalidFilter. 
2025-04-15 16:41:58.1467 | TRACE | Executing action method WebApplication1.Controller.AuthorController.GetAllBooks2 (WebApplication1) with arguments (0, 2, a03F01, 1) 
2025-04-15 16:41:58.1549 | TRACE | Action Filter: Before executing OnActionExecuted on filter Microsoft.AspNetCore.Mvc.Infrastructure.ModelStateInvalidFilter. 
2025-04-15 16:41:58.1549 | TRACE | Action Filter: After executing OnActionExecuted on filter Microsoft.AspNetCore.Mvc.Infrastructure.ModelStateInvalidFilter. 
2025-04-15 16:41:58.1549 | TRACE | Action Filter: Before executing OnActionExecuted on filter Microsoft.AspNetCore.Mvc.ModelBinding.UnsupportedContentTypeFilter. 
2025-04-15 16:41:58.1549 | TRACE | Action Filter: After executing OnActionExecuted on filter Microsoft.AspNetCore.Mvc.ModelBinding.UnsupportedContentTypeFilter. 
2025-04-15 16:41:58.1549 | TRACE | Result Filter: Before executing OnResultExecuting on filter Microsoft.AspNetCore.Mvc.Infrastructure.ClientErrorResultFilter. 
2025-04-15 16:41:58.1549 | TRACE | Result Filter: After executing OnResultExecuting on filter Microsoft.AspNetCore.Mvc.Infrastructure.ClientErrorResultFilter. 
2025-04-15 16:41:58.1549 | TRACE | Before executing action result Microsoft.AspNetCore.Mvc.ObjectResult. 
2025-04-15 16:41:58.1549 | TRACE | After executing action result Microsoft.AspNetCore.Mvc.ObjectResult. 
2025-04-15 16:41:58.1549 | TRACE | Result Filter: Before executing OnResultExecuted on filter Microsoft.AspNetCore.Mvc.Infrastructure.ClientErrorResultFilter. 
2025-04-15 16:41:58.1549 | TRACE | Result Filter: After executing OnResultExecuted on filter Microsoft.AspNetCore.Mvc.Infrastructure.ClientErrorResultFilter. 
2025-04-15 16:41:58.3413 | TRACE | All hosts are allowed. 
2025-04-15 16:41:58.3413 | TRACE | Action Filter: Before executing OnActionExecuting on filter Microsoft.AspNetCore.Mvc.ModelBinding.UnsupportedContentTypeFilter. 
2025-04-15 16:41:58.3413 | TRACE | Action Filter: After executing OnActionExecuting on filter Microsoft.AspNetCore.Mvc.ModelBinding.UnsupportedContentTypeFilter. 
2025-04-15 16:41:58.3413 | TRACE | Action Filter: Before executing OnActionExecuting on filter Microsoft.AspNetCore.Mvc.Infrastructure.ModelStateInvalidFilter. 
2025-04-15 16:41:58.3413 | TRACE | Action Filter: After executing OnActionExecuting on filter Microsoft.AspNetCore.Mvc.Infrastructure.ModelStateInvalidFilter. 
2025-04-15 16:41:58.3413 | TRACE | Executing action method WebApplication1.Controller.AuthorController.GetAllBooks2 (WebApplication1) with arguments (0, 2, a03F01, 1) 
2025-04-15 16:41:58.3645 | TRACE | Action Filter: Before executing OnActionExecuted on filter Microsoft.AspNetCore.Mvc.Infrastructure.ModelStateInvalidFilter. 
2025-04-15 16:41:58.3645 | TRACE | Action Filter: After executing OnActionExecuted on filter Microsoft.AspNetCore.Mvc.Infrastructure.ModelStateInvalidFilter. 
2025-04-15 16:41:58.3645 | TRACE | Action Filter: Before executing OnActionExecuted on filter Microsoft.AspNetCore.Mvc.ModelBinding.UnsupportedContentTypeFilter. 
2025-04-15 16:41:58.3645 | TRACE | Action Filter: After executing OnActionExecuted on filter Microsoft.AspNetCore.Mvc.ModelBinding.UnsupportedContentTypeFilter. 
2025-04-15 16:41:58.3645 | TRACE | Result Filter: Before executing OnResultExecuting on filter Microsoft.AspNetCore.Mvc.Infrastructure.ClientErrorResultFilter. 
2025-04-15 16:41:58.3645 | TRACE | Result Filter: After executing OnResultExecuting on filter Microsoft.AspNetCore.Mvc.Infrastructure.ClientErrorResultFilter. 
2025-04-15 16:41:58.3645 | TRACE | Before executing action result Microsoft.AspNetCore.Mvc.ObjectResult. 
2025-04-15 16:41:58.3645 | TRACE | After executing action result Microsoft.AspNetCore.Mvc.ObjectResult. 
2025-04-15 16:41:58.3645 | TRACE | Result Filter: Before executing OnResultExecuted on filter Microsoft.AspNetCore.Mvc.Infrastructure.ClientErrorResultFilter. 
2025-04-15 16:41:58.3645 | TRACE | Result Filter: After executing OnResultExecuted on filter Microsoft.AspNetCore.Mvc.Infrastructure.ClientErrorResultFilter. 
2025-04-15 16:41:59.3643 | TRACE | All hosts are allowed. 
2025-04-15 16:41:59.3792 | TRACE | Action Filter: Before executing OnActionExecuting on filter Microsoft.AspNetCore.Mvc.ModelBinding.UnsupportedContentTypeFilter. 
2025-04-15 16:41:59.3792 | TRACE | Action Filter: After executing OnActionExecuting on filter Microsoft.AspNetCore.Mvc.ModelBinding.UnsupportedContentTypeFilter. 
2025-04-15 16:41:59.3792 | TRACE | Action Filter: Before executing OnActionExecuting on filter Microsoft.AspNetCore.Mvc.Infrastructure.ModelStateInvalidFilter. 
2025-04-15 16:41:59.3792 | TRACE | Action Filter: After executing OnActionExecuting on filter Microsoft.AspNetCore.Mvc.Infrastructure.ModelStateInvalidFilter. 
2025-04-15 16:41:59.3792 | TRACE | Executing action method WebApplication1.Controller.AuthorController.GetAllBooks2 (WebApplication1) with arguments (0, 2, a03F01, 1) 
2025-04-15 16:41:59.3874 | TRACE | Action Filter: Before executing OnActionExecuted on filter Microsoft.AspNetCore.Mvc.Infrastructure.ModelStateInvalidFilter. 
2025-04-15 16:41:59.3874 | TRACE | Action Filter: After executing OnActionExecuted on filter Microsoft.AspNetCore.Mvc.Infrastructure.ModelStateInvalidFilter. 
2025-04-15 16:41:59.3874 | TRACE | Action Filter: Before executing OnActionExecuted on filter Microsoft.AspNetCore.Mvc.ModelBinding.UnsupportedContentTypeFilter. 
2025-04-15 16:41:59.3874 | TRACE | Action Filter: After executing OnActionExecuted on filter Microsoft.AspNetCore.Mvc.ModelBinding.UnsupportedContentTypeFilter. 
2025-04-15 16:41:59.3874 | TRACE | Result Filter: Before executing OnResultExecuting on filter Microsoft.AspNetCore.Mvc.Infrastructure.ClientErrorResultFilter. 
2025-04-15 16:41:59.3874 | TRACE | Result Filter: After executing OnResultExecuting on filter Microsoft.AspNetCore.Mvc.Infrastructure.ClientErrorResultFilter. 
2025-04-15 16:41:59.3874 | TRACE | Before executing action result Microsoft.AspNetCore.Mvc.ObjectResult. 
2025-04-15 16:41:59.3874 | TRACE | After executing action result Microsoft.AspNetCore.Mvc.ObjectResult. 
2025-04-15 16:41:59.3874 | TRACE | Result Filter: Before executing OnResultExecuted on filter Microsoft.AspNetCore.Mvc.Infrastructure.ClientErrorResultFilter. 
2025-04-15 16:41:59.3874 | TRACE | Result Filter: After executing OnResultExecuted on filter Microsoft.AspNetCore.Mvc.Infrastructure.ClientErrorResultFilter. 
2025-04-15 16:42:04.1903 | TRACE | All hosts are allowed. 
2025-04-15 16:42:04.2097 | TRACE | Action Filter: Before executing OnActionExecuting on filter Microsoft.AspNetCore.Mvc.ModelBinding.UnsupportedContentTypeFilter. 
2025-04-15 16:42:04.2097 | TRACE | Action Filter: After executing OnActionExecuting on filter Microsoft.AspNetCore.Mvc.ModelBinding.UnsupportedContentTypeFilter. 
2025-04-15 16:42:04.2097 | TRACE | Action Filter: Before executing OnActionExecuting on filter Microsoft.AspNetCore.Mvc.Infrastructure.ModelStateInvalidFilter. 
2025-04-15 16:42:04.2097 | TRACE | Action Filter: After executing OnActionExecuting on filter Microsoft.AspNetCore.Mvc.Infrastructure.ModelStateInvalidFilter. 
2025-04-15 16:42:04.2097 | TRACE | Executing action method WebApplication1.Controller.AuthorController.GetAllBooks2 (WebApplication1) with arguments (0, 2, a03F01, 1) 
2025-04-15 16:42:04.2097 | TRACE | Action Filter: Before executing OnActionExecuted on filter Microsoft.AspNetCore.Mvc.Infrastructure.ModelStateInvalidFilter. 
2025-04-15 16:42:04.2097 | TRACE | Action Filter: After executing OnActionExecuted on filter Microsoft.AspNetCore.Mvc.Infrastructure.ModelStateInvalidFilter. 
2025-04-15 16:42:04.2097 | TRACE | Action Filter: Before executing OnActionExecuted on filter Microsoft.AspNetCore.Mvc.ModelBinding.UnsupportedContentTypeFilter. 
2025-04-15 16:42:04.2097 | TRACE | Action Filter: After executing OnActionExecuted on filter Microsoft.AspNetCore.Mvc.ModelBinding.UnsupportedContentTypeFilter. 
2025-04-15 16:42:04.2097 | TRACE | Result Filter: Before executing OnResultExecuting on filter Microsoft.AspNetCore.Mvc.Infrastructure.ClientErrorResultFilter. 
2025-04-15 16:42:04.2097 | TRACE | Result Filter: After executing OnResultExecuting on filter Microsoft.AspNetCore.Mvc.Infrastructure.ClientErrorResultFilter. 
2025-04-15 16:42:04.2097 | TRACE | Before executing action result Microsoft.AspNetCore.Mvc.ObjectResult. 
2025-04-15 16:42:04.2097 | TRACE | After executing action result Microsoft.AspNetCore.Mvc.ObjectResult. 
2025-04-15 16:42:04.2097 | TRACE | Result Filter: Before executing OnResultExecuted on filter Microsoft.AspNetCore.Mvc.Infrastructure.ClientErrorResultFilter. 
2025-04-15 16:42:04.2097 | TRACE | Result Filter: After executing OnResultExecuted on filter Microsoft.AspNetCore.Mvc.Infrastructure.ClientErrorResultFilter. 
2025-04-15 16:42:04.4144 | TRACE | All hosts are allowed. 
2025-04-15 16:42:04.4292 | TRACE | Action Filter: Before executing OnActionExecuting on filter Microsoft.AspNetCore.Mvc.ModelBinding.UnsupportedContentTypeFilter. 
2025-04-15 16:42:04.4292 | TRACE | Action Filter: After executing OnActionExecuting on filter Microsoft.AspNetCore.Mvc.ModelBinding.UnsupportedContentTypeFilter. 
2025-04-15 16:42:04.4292 | TRACE | Action Filter: Before executing OnActionExecuting on filter Microsoft.AspNetCore.Mvc.Infrastructure.ModelStateInvalidFilter. 
2025-04-15 16:42:04.4292 | TRACE | Action Filter: After executing OnActionExecuting on filter Microsoft.AspNetCore.Mvc.Infrastructure.ModelStateInvalidFilter. 
2025-04-15 16:42:04.4292 | TRACE | Executing action method WebApplication1.Controller.AuthorController.GetAllBooks2 (WebApplication1) with arguments (0, 2, a03F01, 1) 
2025-04-15 16:42:04.4375 | TRACE | Action Filter: Before executing OnActionExecuted on filter Microsoft.AspNetCore.Mvc.Infrastructure.ModelStateInvalidFilter. 
2025-04-15 16:42:04.4375 | TRACE | Action Filter: After executing OnActionExecuted on filter Microsoft.AspNetCore.Mvc.Infrastructure.ModelStateInvalidFilter. 
2025-04-15 16:42:04.4375 | TRACE | Action Filter: Before executing OnActionExecuted on filter Microsoft.AspNetCore.Mvc.ModelBinding.UnsupportedContentTypeFilter. 
2025-04-15 16:42:04.4375 | TRACE | Action Filter: After executing OnActionExecuted on filter Microsoft.AspNetCore.Mvc.ModelBinding.UnsupportedContentTypeFilter. 
2025-04-15 16:42:04.4375 | TRACE | Result Filter: Before executing OnResultExecuting on filter Microsoft.AspNetCore.Mvc.Infrastructure.ClientErrorResultFilter. 
2025-04-15 16:42:04.4375 | TRACE | Result Filter: After executing OnResultExecuting on filter Microsoft.AspNetCore.Mvc.Infrastructure.ClientErrorResultFilter. 
2025-04-15 16:42:04.4375 | TRACE | Before executing action result Microsoft.AspNetCore.Mvc.ObjectResult. 
2025-04-15 16:42:04.4375 | TRACE | After executing action result Microsoft.AspNetCore.Mvc.ObjectResult. 
2025-04-15 16:42:04.4375 | TRACE | Result Filter: Before executing OnResultExecuted on filter Microsoft.AspNetCore.Mvc.Infrastructure.ClientErrorResultFilter. 
2025-04-15 16:42:04.4375 | TRACE | Result Filter: After executing OnResultExecuted on filter Microsoft.AspNetCore.Mvc.Infrastructure.ClientErrorResultFilter. 
2025-04-15 16:42:05.4164 | TRACE | All hosts are allowed. 
2025-04-15 16:42:05.4164 | TRACE | Action Filter: Before executing OnActionExecuting on filter Microsoft.AspNetCore.Mvc.ModelBinding.UnsupportedContentTypeFilter. 
2025-04-15 16:42:05.4164 | TRACE | Action Filter: After executing OnActionExecuting on filter Microsoft.AspNetCore.Mvc.ModelBinding.UnsupportedContentTypeFilter. 
2025-04-15 16:42:05.4164 | TRACE | Action Filter: Before executing OnActionExecuting on filter Microsoft.AspNetCore.Mvc.Infrastructure.ModelStateInvalidFilter. 
2025-04-15 16:42:05.4164 | TRACE | Action Filter: After executing OnActionExecuting on filter Microsoft.AspNetCore.Mvc.Infrastructure.ModelStateInvalidFilter. 
2025-04-15 16:42:05.4164 | TRACE | Executing action method WebApplication1.Controller.AuthorController.GetAllBooks2 (WebApplication1) with arguments (0, 2, a03F01, 1) 
2025-04-15 16:42:05.4391 | TRACE | Action Filter: Before executing OnActionExecuted on filter Microsoft.AspNetCore.Mvc.Infrastructure.ModelStateInvalidFilter. 
2025-04-15 16:42:05.4391 | TRACE | Action Filter: After executing OnActionExecuted on filter Microsoft.AspNetCore.Mvc.Infrastructure.ModelStateInvalidFilter. 
2025-04-15 16:42:05.4391 | TRACE | Action Filter: Before executing OnActionExecuted on filter Microsoft.AspNetCore.Mvc.ModelBinding.UnsupportedContentTypeFilter. 
2025-04-15 16:42:05.4391 | TRACE | Action Filter: After executing OnActionExecuted on filter Microsoft.AspNetCore.Mvc.ModelBinding.UnsupportedContentTypeFilter. 
2025-04-15 16:42:05.4391 | TRACE | Result Filter: Before executing OnResultExecuting on filter Microsoft.AspNetCore.Mvc.Infrastructure.ClientErrorResultFilter. 
2025-04-15 16:42:05.4391 | TRACE | Result Filter: After executing OnResultExecuting on filter Microsoft.AspNetCore.Mvc.Infrastructure.ClientErrorResultFilter. 
2025-04-15 16:42:05.4391 | TRACE | Before executing action result Microsoft.AspNetCore.Mvc.ObjectResult. 
2025-04-15 16:42:05.4391 | TRACE | After executing action result Microsoft.AspNetCore.Mvc.ObjectResult. 
2025-04-15 16:42:05.4391 | TRACE | Result Filter: Before executing OnResultExecuted on filter Microsoft.AspNetCore.Mvc.Infrastructure.ClientErrorResultFilter. 
2025-04-15 16:42:05.4391 | TRACE | Result Filter: After executing OnResultExecuted on filter Microsoft.AspNetCore.Mvc.Infrastructure.ClientErrorResultFilter. 
2025-04-15 16:42:06.8146 | TRACE | All hosts are allowed. 
2025-04-15 16:42:06.8311 | TRACE | Action Filter: Before executing OnActionExecuting on filter Microsoft.AspNetCore.Mvc.ModelBinding.UnsupportedContentTypeFilter. 
2025-04-15 16:42:06.8311 | TRACE | Action Filter: After executing OnActionExecuting on filter Microsoft.AspNetCore.Mvc.ModelBinding.UnsupportedContentTypeFilter. 
2025-04-15 16:42:06.8311 | TRACE | Action Filter: Before executing OnActionExecuting on filter Microsoft.AspNetCore.Mvc.Infrastructure.ModelStateInvalidFilter. 
2025-04-15 16:42:06.8311 | TRACE | Action Filter: After executing OnActionExecuting on filter Microsoft.AspNetCore.Mvc.Infrastructure.ModelStateInvalidFilter. 
2025-04-15 16:42:06.8311 | TRACE | Executing action method WebApplication1.Controller.AuthorController.GetAllBooks2 (WebApplication1) with arguments (0, 2, a03F01, 1) 
2025-04-15 16:42:06.8391 | TRACE | Action Filter: Before executing OnActionExecuted on filter Microsoft.AspNetCore.Mvc.Infrastructure.ModelStateInvalidFilter. 
2025-04-15 16:42:06.8391 | TRACE | Action Filter: After executing OnActionExecuted on filter Microsoft.AspNetCore.Mvc.Infrastructure.ModelStateInvalidFilter. 
2025-04-15 16:42:06.8391 | TRACE | Action Filter: Before executing OnActionExecuted on filter Microsoft.AspNetCore.Mvc.ModelBinding.UnsupportedContentTypeFilter. 
2025-04-15 16:42:06.8391 | TRACE | Action Filter: After executing OnActionExecuted on filter Microsoft.AspNetCore.Mvc.ModelBinding.UnsupportedContentTypeFilter. 
2025-04-15 16:42:06.8391 | TRACE | Result Filter: Before executing OnResultExecuting on filter Microsoft.AspNetCore.Mvc.Infrastructure.ClientErrorResultFilter. 
2025-04-15 16:42:06.8391 | TRACE | Result Filter: After executing OnResultExecuting on filter Microsoft.AspNetCore.Mvc.Infrastructure.ClientErrorResultFilter. 
2025-04-15 16:42:06.8391 | TRACE | Before executing action result Microsoft.AspNetCore.Mvc.ObjectResult. 
2025-04-15 16:42:06.8391 | TRACE | After executing action result Microsoft.AspNetCore.Mvc.ObjectResult. 
2025-04-15 16:42:06.8391 | TRACE | Result Filter: Before executing OnResultExecuted on filter Microsoft.AspNetCore.Mvc.Infrastructure.ClientErrorResultFilter. 
2025-04-15 16:42:06.8391 | TRACE | Result Filter: After executing OnResultExecuted on filter Microsoft.AspNetCore.Mvc.Infrastructure.ClientErrorResultFilter. 
2025-04-15 16:42:07.0353 | TRACE | All hosts are allowed. 
2025-04-15 16:42:07.0514 | TRACE | Action Filter: Before executing OnActionExecuting on filter Microsoft.AspNetCore.Mvc.ModelBinding.UnsupportedContentTypeFilter. 
2025-04-15 16:42:07.0514 | TRACE | Action Filter: After executing OnActionExecuting on filter Microsoft.AspNetCore.Mvc.ModelBinding.UnsupportedContentTypeFilter. 
2025-04-15 16:42:07.0514 | TRACE | Action Filter: Before executing OnActionExecuting on filter Microsoft.AspNetCore.Mvc.Infrastructure.ModelStateInvalidFilter. 
2025-04-15 16:42:07.0514 | TRACE | Action Filter: After executing OnActionExecuting on filter Microsoft.AspNetCore.Mvc.Infrastructure.ModelStateInvalidFilter. 
2025-04-15 16:42:07.0514 | TRACE | Executing action method WebApplication1.Controller.AuthorController.GetAllBooks2 (WebApplication1) with arguments (0, 2, a03F01, 1) 
2025-04-15 16:42:07.0604 | TRACE | Action Filter: Before executing OnActionExecuted on filter Microsoft.AspNetCore.Mvc.Infrastructure.ModelStateInvalidFilter. 
2025-04-15 16:42:07.0604 | TRACE | Action Filter: After executing OnActionExecuted on filter Microsoft.AspNetCore.Mvc.Infrastructure.ModelStateInvalidFilter. 
2025-04-15 16:42:07.0604 | TRACE | Action Filter: Before executing OnActionExecuted on filter Microsoft.AspNetCore.Mvc.ModelBinding.UnsupportedContentTypeFilter. 
2025-04-15 16:42:07.0604 | TRACE | Action Filter: After executing OnActionExecuted on filter Microsoft.AspNetCore.Mvc.ModelBinding.UnsupportedContentTypeFilter. 
2025-04-15 16:42:07.0604 | TRACE | Result Filter: Before executing OnResultExecuting on filter Microsoft.AspNetCore.Mvc.Infrastructure.ClientErrorResultFilter. 
2025-04-15 16:42:07.0604 | TRACE | Result Filter: After executing OnResultExecuting on filter Microsoft.AspNetCore.Mvc.Infrastructure.ClientErrorResultFilter. 
2025-04-15 16:42:07.0604 | TRACE | Before executing action result Microsoft.AspNetCore.Mvc.ObjectResult. 
2025-04-15 16:42:07.0604 | TRACE | After executing action result Microsoft.AspNetCore.Mvc.ObjectResult. 
2025-04-15 16:42:07.0604 | TRACE | Result Filter: Before executing OnResultExecuted on filter Microsoft.AspNetCore.Mvc.Infrastructure.ClientErrorResultFilter. 
2025-04-15 16:42:07.0604 | TRACE | Result Filter: After executing OnResultExecuted on filter Microsoft.AspNetCore.Mvc.Infrastructure.ClientErrorResultFilter. 
2025-04-15 16:42:08.0375 | TRACE | All hosts are allowed. 
2025-04-15 16:42:08.0524 | TRACE | Action Filter: Before executing OnActionExecuting on filter Microsoft.AspNetCore.Mvc.ModelBinding.UnsupportedContentTypeFilter. 
2025-04-15 16:42:08.0524 | TRACE | Action Filter: After executing OnActionExecuting on filter Microsoft.AspNetCore.Mvc.ModelBinding.UnsupportedContentTypeFilter. 
2025-04-15 16:42:08.0524 | TRACE | Action Filter: Before executing OnActionExecuting on filter Microsoft.AspNetCore.Mvc.Infrastructure.ModelStateInvalidFilter. 
2025-04-15 16:42:08.0524 | TRACE | Action Filter: After executing OnActionExecuting on filter Microsoft.AspNetCore.Mvc.Infrastructure.ModelStateInvalidFilter. 
2025-04-15 16:42:08.0524 | TRACE | Executing action method WebApplication1.Controller.AuthorController.GetAllBooks2 (WebApplication1) with arguments (0, 2, a03F01, 1) 
2025-04-15 16:42:08.0604 | TRACE | Action Filter: Before executing OnActionExecuted on filter Microsoft.AspNetCore.Mvc.Infrastructure.ModelStateInvalidFilter. 
2025-04-15 16:42:08.0604 | TRACE | Action Filter: After executing OnActionExecuted on filter Microsoft.AspNetCore.Mvc.Infrastructure.ModelStateInvalidFilter. 
2025-04-15 16:42:08.0604 | TRACE | Action Filter: Before executing OnActionExecuted on filter Microsoft.AspNetCore.Mvc.ModelBinding.UnsupportedContentTypeFilter. 
2025-04-15 16:42:08.0604 | TRACE | Action Filter: After executing OnActionExecuted on filter Microsoft.AspNetCore.Mvc.ModelBinding.UnsupportedContentTypeFilter. 
2025-04-15 16:42:08.0604 | TRACE | Result Filter: Before executing OnResultExecuting on filter Microsoft.AspNetCore.Mvc.Infrastructure.ClientErrorResultFilter. 
2025-04-15 16:42:08.0604 | TRACE | Result Filter: After executing OnResultExecuting on filter Microsoft.AspNetCore.Mvc.Infrastructure.ClientErrorResultFilter. 
2025-04-15 16:42:08.0604 | TRACE | Before executing action result Microsoft.AspNetCore.Mvc.ObjectResult. 
2025-04-15 16:42:08.0604 | TRACE | After executing action result Microsoft.AspNetCore.Mvc.ObjectResult. 
2025-04-15 16:42:08.0604 | TRACE | Result Filter: Before executing OnResultExecuted on filter Microsoft.AspNetCore.Mvc.Infrastructure.ClientErrorResultFilter. 
2025-04-15 16:42:08.0604 | TRACE | Result Filter: After executing OnResultExecuted on filter Microsoft.AspNetCore.Mvc.Infrastructure.ClientErrorResultFilter. 
2025-04-15 16:42:12.1336 | TRACE | All hosts are allowed. 
2025-04-15 16:42:12.1512 | TRACE | Action Filter: Before executing OnActionExecuting on filter Microsoft.AspNetCore.Mvc.ModelBinding.UnsupportedContentTypeFilter. 
2025-04-15 16:42:12.1512 | TRACE | Action Filter: After executing OnActionExecuting on filter Microsoft.AspNetCore.Mvc.ModelBinding.UnsupportedContentTypeFilter. 
2025-04-15 16:42:12.1512 | TRACE | Action Filter: Before executing OnActionExecuting on filter Microsoft.AspNetCore.Mvc.Infrastructure.ModelStateInvalidFilter. 
2025-04-15 16:42:12.1512 | TRACE | Action Filter: After executing OnActionExecuting on filter Microsoft.AspNetCore.Mvc.Infrastructure.ModelStateInvalidFilter. 
2025-04-15 16:42:12.1512 | TRACE | Executing action method WebApplication1.Controller.AuthorController.GetAllBooks2 (WebApplication1) with arguments (0, 2, a03F01, 1) 
2025-04-15 16:42:12.1512 | TRACE | Action Filter: Before executing OnActionExecuted on filter Microsoft.AspNetCore.Mvc.Infrastructure.ModelStateInvalidFilter. 
2025-04-15 16:42:12.1512 | TRACE | Action Filter: After executing OnActionExecuted on filter Microsoft.AspNetCore.Mvc.Infrastructure.ModelStateInvalidFilter. 
2025-04-15 16:42:12.1512 | TRACE | Action Filter: Before executing OnActionExecuted on filter Microsoft.AspNetCore.Mvc.ModelBinding.UnsupportedContentTypeFilter. 
2025-04-15 16:42:12.1512 | TRACE | Action Filter: After executing OnActionExecuted on filter Microsoft.AspNetCore.Mvc.ModelBinding.UnsupportedContentTypeFilter. 
2025-04-15 16:42:12.1512 | TRACE | Result Filter: Before executing OnResultExecuting on filter Microsoft.AspNetCore.Mvc.Infrastructure.ClientErrorResultFilter. 
2025-04-15 16:42:12.1512 | TRACE | Result Filter: After executing OnResultExecuting on filter Microsoft.AspNetCore.Mvc.Infrastructure.ClientErrorResultFilter. 
2025-04-15 16:42:12.1512 | TRACE | Before executing action result Microsoft.AspNetCore.Mvc.ObjectResult. 
2025-04-15 16:42:12.1512 | TRACE | After executing action result Microsoft.AspNetCore.Mvc.ObjectResult. 
2025-04-15 16:42:12.1512 | TRACE | Result Filter: Before executing OnResultExecuted on filter Microsoft.AspNetCore.Mvc.Infrastructure.ClientErrorResultFilter. 
2025-04-15 16:42:12.1512 | TRACE | Result Filter: After executing OnResultExecuted on filter Microsoft.AspNetCore.Mvc.Infrastructure.ClientErrorResultFilter. 
2025-04-15 16:42:12.3496 | TRACE | All hosts are allowed. 
2025-04-15 16:42:12.3647 | TRACE | Action Filter: Before executing OnActionExecuting on filter Microsoft.AspNetCore.Mvc.ModelBinding.UnsupportedContentTypeFilter. 
2025-04-15 16:42:12.3647 | TRACE | Action Filter: After executing OnActionExecuting on filter Microsoft.AspNetCore.Mvc.ModelBinding.UnsupportedContentTypeFilter. 
2025-04-15 16:42:12.3647 | TRACE | Action Filter: Before executing OnActionExecuting on filter Microsoft.AspNetCore.Mvc.Infrastructure.ModelStateInvalidFilter. 
2025-04-15 16:42:12.3647 | TRACE | Action Filter: After executing OnActionExecuting on filter Microsoft.AspNetCore.Mvc.Infrastructure.ModelStateInvalidFilter. 
2025-04-15 16:42:12.3647 | TRACE | Executing action method WebApplication1.Controller.AuthorController.GetAllBooks2 (WebApplication1) with arguments (0, 2, a03F01, 1) 
2025-04-15 16:42:12.3734 | TRACE | Action Filter: Before executing OnActionExecuted on filter Microsoft.AspNetCore.Mvc.Infrastructure.ModelStateInvalidFilter. 
2025-04-15 16:42:12.3734 | TRACE | Action Filter: After executing OnActionExecuted on filter Microsoft.AspNetCore.Mvc.Infrastructure.ModelStateInvalidFilter. 
2025-04-15 16:42:12.3734 | TRACE | Action Filter: Before executing OnActionExecuted on filter Microsoft.AspNetCore.Mvc.ModelBinding.UnsupportedContentTypeFilter. 
2025-04-15 16:42:12.3734 | TRACE | Action Filter: After executing OnActionExecuted on filter Microsoft.AspNetCore.Mvc.ModelBinding.UnsupportedContentTypeFilter. 
2025-04-15 16:42:12.3734 | TRACE | Result Filter: Before executing OnResultExecuting on filter Microsoft.AspNetCore.Mvc.Infrastructure.ClientErrorResultFilter. 
2025-04-15 16:42:12.3734 | TRACE | Result Filter: After executing OnResultExecuting on filter Microsoft.AspNetCore.Mvc.Infrastructure.ClientErrorResultFilter. 
2025-04-15 16:42:12.3734 | TRACE | Before executing action result Microsoft.AspNetCore.Mvc.ObjectResult. 
2025-04-15 16:42:12.3734 | TRACE | After executing action result Microsoft.AspNetCore.Mvc.ObjectResult. 
2025-04-15 16:42:12.3734 | TRACE | Result Filter: Before executing OnResultExecuted on filter Microsoft.AspNetCore.Mvc.Infrastructure.ClientErrorResultFilter. 
2025-04-15 16:42:12.3734 | TRACE | Result Filter: After executing OnResultExecuted on filter Microsoft.AspNetCore.Mvc.Infrastructure.ClientErrorResultFilter. 
2025-04-15 16:42:13.3825 | TRACE | All hosts are allowed. 
2025-04-15 16:42:13.3979 | TRACE | Action Filter: Before executing OnActionExecuting on filter Microsoft.AspNetCore.Mvc.ModelBinding.UnsupportedContentTypeFilter. 
2025-04-15 16:42:13.3979 | TRACE | Action Filter: After executing OnActionExecuting on filter Microsoft.AspNetCore.Mvc.ModelBinding.UnsupportedContentTypeFilter. 
2025-04-15 16:42:13.3979 | TRACE | Action Filter: Before executing OnActionExecuting on filter Microsoft.AspNetCore.Mvc.Infrastructure.ModelStateInvalidFilter. 
2025-04-15 16:42:13.3979 | TRACE | Action Filter: After executing OnActionExecuting on filter Microsoft.AspNetCore.Mvc.Infrastructure.ModelStateInvalidFilter. 
2025-04-15 16:42:13.3979 | TRACE | Executing action method WebApplication1.Controller.AuthorController.GetAllBooks2 (WebApplication1) with arguments (0, 2, a03F01, 1) 
2025-04-15 16:42:13.4068 | TRACE | Action Filter: Before executing OnActionExecuted on filter Microsoft.AspNetCore.Mvc.Infrastructure.ModelStateInvalidFilter. 
2025-04-15 16:42:13.4068 | TRACE | Action Filter: After executing OnActionExecuted on filter Microsoft.AspNetCore.Mvc.Infrastructure.ModelStateInvalidFilter. 
2025-04-15 16:42:13.4068 | TRACE | Action Filter: Before executing OnActionExecuted on filter Microsoft.AspNetCore.Mvc.ModelBinding.UnsupportedContentTypeFilter. 
2025-04-15 16:42:13.4068 | TRACE | Action Filter: After executing OnActionExecuted on filter Microsoft.AspNetCore.Mvc.ModelBinding.UnsupportedContentTypeFilter. 
2025-04-15 16:42:13.4068 | TRACE | Result Filter: Before executing OnResultExecuting on filter Microsoft.AspNetCore.Mvc.Infrastructure.ClientErrorResultFilter. 
2025-04-15 16:42:13.4068 | TRACE | Result Filter: After executing OnResultExecuting on filter Microsoft.AspNetCore.Mvc.Infrastructure.ClientErrorResultFilter. 
2025-04-15 16:42:13.4068 | TRACE | Before executing action result Microsoft.AspNetCore.Mvc.ObjectResult. 
2025-04-15 16:42:13.4068 | TRACE | After executing action result Microsoft.AspNetCore.Mvc.ObjectResult. 
2025-04-15 16:42:13.4068 | TRACE | Result Filter: Before executing OnResultExecuted on filter Microsoft.AspNetCore.Mvc.Infrastructure.ClientErrorResultFilter. 
2025-04-15 16:42:13.4068 | TRACE | Result Filter: After executing OnResultExecuted on filter Microsoft.AspNetCore.Mvc.Infrastructure.ClientErrorResultFilter. 
2025-04-15 16:42:16.1140 | TRACE | All hosts are allowed. 
2025-04-15 16:42:16.1313 | TRACE | Action Filter: Before executing OnActionExecuting on filter Microsoft.AspNetCore.Mvc.ModelBinding.UnsupportedContentTypeFilter. 
2025-04-15 16:42:16.1313 | TRACE | Action Filter: After executing OnActionExecuting on filter Microsoft.AspNetCore.Mvc.ModelBinding.UnsupportedContentTypeFilter. 
2025-04-15 16:42:16.1313 | TRACE | Action Filter: Before executing OnActionExecuting on filter Microsoft.AspNetCore.Mvc.Infrastructure.ModelStateInvalidFilter. 
2025-04-15 16:42:16.1313 | TRACE | Action Filter: After executing OnActionExecuting on filter Microsoft.AspNetCore.Mvc.Infrastructure.ModelStateInvalidFilter. 
2025-04-15 16:42:16.1313 | TRACE | Executing action method WebApplication1.Controller.AuthorController.GetAllBooks2 (WebApplication1) with arguments (0, 2, a03F01, 1) 
2025-04-15 16:42:16.1404 | TRACE | Action Filter: Before executing OnActionExecuted on filter Microsoft.AspNetCore.Mvc.Infrastructure.ModelStateInvalidFilter. 
2025-04-15 16:42:16.1404 | TRACE | Action Filter: After executing OnActionExecuted on filter Microsoft.AspNetCore.Mvc.Infrastructure.ModelStateInvalidFilter. 
2025-04-15 16:42:16.1404 | TRACE | Action Filter: Before executing OnActionExecuted on filter Microsoft.AspNetCore.Mvc.ModelBinding.UnsupportedContentTypeFilter. 
2025-04-15 16:42:16.1404 | TRACE | Action Filter: After executing OnActionExecuted on filter Microsoft.AspNetCore.Mvc.ModelBinding.UnsupportedContentTypeFilter. 
2025-04-15 16:42:16.1404 | TRACE | Result Filter: Before executing OnResultExecuting on filter Microsoft.AspNetCore.Mvc.Infrastructure.ClientErrorResultFilter. 
2025-04-15 16:42:16.1404 | TRACE | Result Filter: After executing OnResultExecuting on filter Microsoft.AspNetCore.Mvc.Infrastructure.ClientErrorResultFilter. 
2025-04-15 16:42:16.1404 | TRACE | Before executing action result Microsoft.AspNetCore.Mvc.ObjectResult. 
2025-04-15 16:42:16.1404 | TRACE | After executing action result Microsoft.AspNetCore.Mvc.ObjectResult. 
2025-04-15 16:42:16.1404 | TRACE | Result Filter: Before executing OnResultExecuted on filter Microsoft.AspNetCore.Mvc.Infrastructure.ClientErrorResultFilter. 
2025-04-15 16:42:16.1404 | TRACE | Result Filter: After executing OnResultExecuted on filter Microsoft.AspNetCore.Mvc.Infrastructure.ClientErrorResultFilter. 
2025-04-15 16:42:16.3299 | TRACE | All hosts are allowed. 
2025-04-15 16:42:16.3299 | TRACE | Action Filter: Before executing OnActionExecuting on filter Microsoft.AspNetCore.Mvc.ModelBinding.UnsupportedContentTypeFilter. 
2025-04-15 16:42:16.3299 | TRACE | Action Filter: After executing OnActionExecuting on filter Microsoft.AspNetCore.Mvc.ModelBinding.UnsupportedContentTypeFilter. 
2025-04-15 16:42:16.3299 | TRACE | Action Filter: Before executing OnActionExecuting on filter Microsoft.AspNetCore.Mvc.Infrastructure.ModelStateInvalidFilter. 
2025-04-15 16:42:16.3299 | TRACE | Action Filter: After executing OnActionExecuting on filter Microsoft.AspNetCore.Mvc.Infrastructure.ModelStateInvalidFilter. 
2025-04-15 16:42:16.3299 | TRACE | Executing action method WebApplication1.Controller.AuthorController.GetAllBooks2 (WebApplication1) with arguments (0, 2, a03F01, 1) 
2025-04-15 16:42:16.3530 | TRACE | Action Filter: Before executing OnActionExecuted on filter Microsoft.AspNetCore.Mvc.Infrastructure.ModelStateInvalidFilter. 
2025-04-15 16:42:16.3530 | TRACE | Action Filter: After executing OnActionExecuted on filter Microsoft.AspNetCore.Mvc.Infrastructure.ModelStateInvalidFilter. 
2025-04-15 16:42:16.3530 | TRACE | Action Filter: Before executing OnActionExecuted on filter Microsoft.AspNetCore.Mvc.ModelBinding.UnsupportedContentTypeFilter. 
2025-04-15 16:42:16.3530 | TRACE | Action Filter: After executing OnActionExecuted on filter Microsoft.AspNetCore.Mvc.ModelBinding.UnsupportedContentTypeFilter. 
2025-04-15 16:42:16.3530 | TRACE | Result Filter: Before executing OnResultExecuting on filter Microsoft.AspNetCore.Mvc.Infrastructure.ClientErrorResultFilter. 
2025-04-15 16:42:16.3530 | TRACE | Result Filter: After executing OnResultExecuting on filter Microsoft.AspNetCore.Mvc.Infrastructure.ClientErrorResultFilter. 
2025-04-15 16:42:16.3530 | TRACE | Before executing action result Microsoft.AspNetCore.Mvc.ObjectResult. 
2025-04-15 16:42:16.3530 | TRACE | After executing action result Microsoft.AspNetCore.Mvc.ObjectResult. 
2025-04-15 16:42:16.3530 | TRACE | Result Filter: Before executing OnResultExecuted on filter Microsoft.AspNetCore.Mvc.Infrastructure.ClientErrorResultFilter. 
2025-04-15 16:42:16.3530 | TRACE | Result Filter: After executing OnResultExecuted on filter Microsoft.AspNetCore.Mvc.Infrastructure.ClientErrorResultFilter. 
2025-04-15 16:42:17.3367 | TRACE | All hosts are allowed. 
2025-04-15 16:42:17.3526 | TRACE | Action Filter: Before executing OnActionExecuting on filter Microsoft.AspNetCore.Mvc.ModelBinding.UnsupportedContentTypeFilter. 
2025-04-15 16:42:17.3526 | TRACE | Action Filter: After executing OnActionExecuting on filter Microsoft.AspNetCore.Mvc.ModelBinding.UnsupportedContentTypeFilter. 
2025-04-15 16:42:17.3526 | TRACE | Action Filter: Before executing OnActionExecuting on filter Microsoft.AspNetCore.Mvc.Infrastructure.ModelStateInvalidFilter. 
2025-04-15 16:42:17.3526 | TRACE | Action Filter: After executing OnActionExecuting on filter Microsoft.AspNetCore.Mvc.Infrastructure.ModelStateInvalidFilter. 
2025-04-15 16:42:17.3526 | TRACE | Executing action method WebApplication1.Controller.AuthorController.GetAllBooks2 (WebApplication1) with arguments (0, 2, a03F01, 1) 
2025-04-15 16:42:17.3612 | TRACE | Action Filter: Before executing OnActionExecuted on filter Microsoft.AspNetCore.Mvc.Infrastructure.ModelStateInvalidFilter. 
2025-04-15 16:42:17.3612 | TRACE | Action Filter: After executing OnActionExecuted on filter Microsoft.AspNetCore.Mvc.Infrastructure.ModelStateInvalidFilter. 
2025-04-15 16:42:17.3612 | TRACE | Action Filter: Before executing OnActionExecuted on filter Microsoft.AspNetCore.Mvc.ModelBinding.UnsupportedContentTypeFilter. 
2025-04-15 16:42:17.3612 | TRACE | Action Filter: After executing OnActionExecuted on filter Microsoft.AspNetCore.Mvc.ModelBinding.UnsupportedContentTypeFilter. 
2025-04-15 16:42:17.3612 | TRACE | Result Filter: Before executing OnResultExecuting on filter Microsoft.AspNetCore.Mvc.Infrastructure.ClientErrorResultFilter. 
2025-04-15 16:42:17.3612 | TRACE | Result Filter: After executing OnResultExecuting on filter Microsoft.AspNetCore.Mvc.Infrastructure.ClientErrorResultFilter. 
2025-04-15 16:42:17.3612 | TRACE | Before executing action result Microsoft.AspNetCore.Mvc.ObjectResult. 
2025-04-15 16:42:17.3612 | TRACE | After executing action result Microsoft.AspNetCore.Mvc.ObjectResult. 
2025-04-15 16:42:17.3612 | TRACE | Result Filter: Before executing OnResultExecuted on filter Microsoft.AspNetCore.Mvc.Infrastructure.ClientErrorResultFilter. 
2025-04-15 16:42:17.3612 | TRACE | Result Filter: After executing OnResultExecuted on filter Microsoft.AspNetCore.Mvc.Infrastructure.ClientErrorResultFilter. 
2025-04-15 16:42:18.0538 | TRACE | All hosts are allowed. 
2025-04-15 16:42:18.0538 | TRACE | Action Filter: Before executing OnActionExecuting on filter Microsoft.AspNetCore.Mvc.ModelBinding.UnsupportedContentTypeFilter. 
2025-04-15 16:42:18.0538 | TRACE | Action Filter: After executing OnActionExecuting on filter Microsoft.AspNetCore.Mvc.ModelBinding.UnsupportedContentTypeFilter. 
2025-04-15 16:42:18.0538 | TRACE | Action Filter: Before executing OnActionExecuting on filter Microsoft.AspNetCore.Mvc.Infrastructure.ModelStateInvalidFilter. 
2025-04-15 16:42:18.0538 | TRACE | Action Filter: After executing OnActionExecuting on filter Microsoft.AspNetCore.Mvc.Infrastructure.ModelStateInvalidFilter. 
2025-04-15 16:42:18.0538 | TRACE | Executing action method WebApplication1.Controller.AuthorController.GetAllBooks2 (WebApplication1) with arguments (0, 2, a03F01, 1) 
2025-04-15 16:42:18.0768 | TRACE | Action Filter: Before executing OnActionExecuted on filter Microsoft.AspNetCore.Mvc.Infrastructure.ModelStateInvalidFilter. 
2025-04-15 16:42:18.0768 | TRACE | Action Filter: After executing OnActionExecuted on filter Microsoft.AspNetCore.Mvc.Infrastructure.ModelStateInvalidFilter. 
2025-04-15 16:42:18.0768 | TRACE | Action Filter: Before executing OnActionExecuted on filter Microsoft.AspNetCore.Mvc.ModelBinding.UnsupportedContentTypeFilter. 
2025-04-15 16:42:18.0768 | TRACE | Action Filter: After executing OnActionExecuted on filter Microsoft.AspNetCore.Mvc.ModelBinding.UnsupportedContentTypeFilter. 
2025-04-15 16:42:18.0768 | TRACE | Result Filter: Before executing OnResultExecuting on filter Microsoft.AspNetCore.Mvc.Infrastructure.ClientErrorResultFilter. 
2025-04-15 16:42:18.0768 | TRACE | Result Filter: After executing OnResultExecuting on filter Microsoft.AspNetCore.Mvc.Infrastructure.ClientErrorResultFilter. 
2025-04-15 16:42:18.0768 | TRACE | Before executing action result Microsoft.AspNetCore.Mvc.ObjectResult. 
2025-04-15 16:42:18.0768 | TRACE | After executing action result Microsoft.AspNetCore.Mvc.ObjectResult. 
2025-04-15 16:42:18.0768 | TRACE | Result Filter: Before executing OnResultExecuted on filter Microsoft.AspNetCore.Mvc.Infrastructure.ClientErrorResultFilter. 
2025-04-15 16:42:18.0768 | TRACE | Result Filter: After executing OnResultExecuted on filter Microsoft.AspNetCore.Mvc.Infrastructure.ClientErrorResultFilter. 
2025-04-15 16:42:24.2729 | TRACE | All hosts are allowed. 
2025-04-15 16:42:24.2900 | TRACE | Action Filter: Before executing OnActionExecuting on filter Microsoft.AspNetCore.Mvc.ModelBinding.UnsupportedContentTypeFilter. 
2025-04-15 16:42:24.2900 | TRACE | Action Filter: After executing OnActionExecuting on filter Microsoft.AspNetCore.Mvc.ModelBinding.UnsupportedContentTypeFilter. 
2025-04-15 16:42:24.2900 | TRACE | Action Filter: Before executing OnActionExecuting on filter Microsoft.AspNetCore.Mvc.Infrastructure.ModelStateInvalidFilter. 
2025-04-15 16:42:24.2900 | TRACE | Action Filter: After executing OnActionExecuting on filter Microsoft.AspNetCore.Mvc.Infrastructure.ModelStateInvalidFilter. 
2025-04-15 16:42:24.2900 | TRACE | Executing action method WebApplication1.Controller.AuthorController.GetAllBooks2 (WebApplication1) with arguments (0, 2, a03F01, 1) 
2025-04-15 16:42:24.2986 | TRACE | Action Filter: Before executing OnActionExecuted on filter Microsoft.AspNetCore.Mvc.Infrastructure.ModelStateInvalidFilter. 
2025-04-15 16:42:24.2986 | TRACE | Action Filter: After executing OnActionExecuted on filter Microsoft.AspNetCore.Mvc.Infrastructure.ModelStateInvalidFilter. 
2025-04-15 16:42:24.2986 | TRACE | Action Filter: Before executing OnActionExecuted on filter Microsoft.AspNetCore.Mvc.ModelBinding.UnsupportedContentTypeFilter. 
2025-04-15 16:42:24.2986 | TRACE | Action Filter: After executing OnActionExecuted on filter Microsoft.AspNetCore.Mvc.ModelBinding.UnsupportedContentTypeFilter. 
2025-04-15 16:42:24.2986 | TRACE | Result Filter: Before executing OnResultExecuting on filter Microsoft.AspNetCore.Mvc.Infrastructure.ClientErrorResultFilter. 
2025-04-15 16:42:24.2986 | TRACE | Result Filter: After executing OnResultExecuting on filter Microsoft.AspNetCore.Mvc.Infrastructure.ClientErrorResultFilter. 
2025-04-15 16:42:24.2986 | TRACE | Before executing action result Microsoft.AspNetCore.Mvc.ObjectResult. 
2025-04-15 16:42:24.2986 | TRACE | After executing action result Microsoft.AspNetCore.Mvc.ObjectResult. 
2025-04-15 16:42:24.2986 | TRACE | Result Filter: Before executing OnResultExecuted on filter Microsoft.AspNetCore.Mvc.Infrastructure.ClientErrorResultFilter. 
2025-04-15 16:42:24.2986 | TRACE | Result Filter: After executing OnResultExecuted on filter Microsoft.AspNetCore.Mvc.Infrastructure.ClientErrorResultFilter. 
2025-04-15 16:42:24.4974 | TRACE | All hosts are allowed. 
2025-04-15 16:42:24.5116 | TRACE | Action Filter: Before executing OnActionExecuting on filter Microsoft.AspNetCore.Mvc.ModelBinding.UnsupportedContentTypeFilter. 
2025-04-15 16:42:24.5116 | TRACE | Action Filter: After executing OnActionExecuting on filter Microsoft.AspNetCore.Mvc.ModelBinding.UnsupportedContentTypeFilter. 
2025-04-15 16:42:24.5116 | TRACE | Action Filter: Before executing OnActionExecuting on filter Microsoft.AspNetCore.Mvc.Infrastructure.ModelStateInvalidFilter. 
2025-04-15 16:42:24.5116 | TRACE | Action Filter: After executing OnActionExecuting on filter Microsoft.AspNetCore.Mvc.Infrastructure.ModelStateInvalidFilter. 
2025-04-15 16:42:24.5116 | TRACE | Executing action method WebApplication1.Controller.AuthorController.GetAllBooks2 (WebApplication1) with arguments (0, 2, a03F01, 1) 
2025-04-15 16:42:24.5116 | TRACE | Action Filter: Before executing OnActionExecuted on filter Microsoft.AspNetCore.Mvc.Infrastructure.ModelStateInvalidFilter. 
2025-04-15 16:42:24.5116 | TRACE | Action Filter: After executing OnActionExecuted on filter Microsoft.AspNetCore.Mvc.Infrastructure.ModelStateInvalidFilter. 
2025-04-15 16:42:24.5116 | TRACE | Action Filter: Before executing OnActionExecuted on filter Microsoft.AspNetCore.Mvc.ModelBinding.UnsupportedContentTypeFilter. 
2025-04-15 16:42:24.5116 | TRACE | Action Filter: After executing OnActionExecuted on filter Microsoft.AspNetCore.Mvc.ModelBinding.UnsupportedContentTypeFilter. 
2025-04-15 16:42:24.5116 | TRACE | Result Filter: Before executing OnResultExecuting on filter Microsoft.AspNetCore.Mvc.Infrastructure.ClientErrorResultFilter. 
2025-04-15 16:42:24.5116 | TRACE | Result Filter: After executing OnResultExecuting on filter Microsoft.AspNetCore.Mvc.Infrastructure.ClientErrorResultFilter. 
2025-04-15 16:42:24.5116 | TRACE | Before executing action result Microsoft.AspNetCore.Mvc.ObjectResult. 
2025-04-15 16:42:24.5116 | TRACE | After executing action result Microsoft.AspNetCore.Mvc.ObjectResult. 
2025-04-15 16:42:24.5116 | TRACE | Result Filter: Before executing OnResultExecuted on filter Microsoft.AspNetCore.Mvc.Infrastructure.ClientErrorResultFilter. 
2025-04-15 16:42:24.5116 | TRACE | Result Filter: After executing OnResultExecuted on filter Microsoft.AspNetCore.Mvc.Infrastructure.ClientErrorResultFilter. 
2025-04-15 16:42:25.5055 | TRACE | All hosts are allowed. 
2025-04-15 16:42:25.5208 | TRACE | Action Filter: Before executing OnActionExecuting on filter Microsoft.AspNetCore.Mvc.ModelBinding.UnsupportedContentTypeFilter. 
2025-04-15 16:42:25.5208 | TRACE | Action Filter: After executing OnActionExecuting on filter Microsoft.AspNetCore.Mvc.ModelBinding.UnsupportedContentTypeFilter. 
2025-04-15 16:42:25.5208 | TRACE | Action Filter: Before executing OnActionExecuting on filter Microsoft.AspNetCore.Mvc.Infrastructure.ModelStateInvalidFilter. 
2025-04-15 16:42:25.5208 | TRACE | Action Filter: After executing OnActionExecuting on filter Microsoft.AspNetCore.Mvc.Infrastructure.ModelStateInvalidFilter. 
2025-04-15 16:42:25.5208 | TRACE | Executing action method WebApplication1.Controller.AuthorController.GetAllBooks2 (WebApplication1) with arguments (0, 2, a03F01, 1) 
2025-04-15 16:42:25.5294 | TRACE | Action Filter: Before executing OnActionExecuted on filter Microsoft.AspNetCore.Mvc.Infrastructure.ModelStateInvalidFilter. 
2025-04-15 16:42:25.5294 | TRACE | Action Filter: After executing OnActionExecuted on filter Microsoft.AspNetCore.Mvc.Infrastructure.ModelStateInvalidFilter. 
2025-04-15 16:42:25.5294 | TRACE | Action Filter: Before executing OnActionExecuted on filter Microsoft.AspNetCore.Mvc.ModelBinding.UnsupportedContentTypeFilter. 
2025-04-15 16:42:25.5294 | TRACE | Action Filter: After executing OnActionExecuted on filter Microsoft.AspNetCore.Mvc.ModelBinding.UnsupportedContentTypeFilter. 
2025-04-15 16:42:25.5294 | TRACE | Result Filter: Before executing OnResultExecuting on filter Microsoft.AspNetCore.Mvc.Infrastructure.ClientErrorResultFilter. 
2025-04-15 16:42:25.5294 | TRACE | Result Filter: After executing OnResultExecuting on filter Microsoft.AspNetCore.Mvc.Infrastructure.ClientErrorResultFilter. 
2025-04-15 16:42:25.5294 | TRACE | Before executing action result Microsoft.AspNetCore.Mvc.ObjectResult. 
2025-04-15 16:42:25.5294 | TRACE | After executing action result Microsoft.AspNetCore.Mvc.ObjectResult. 
2025-04-15 16:42:25.5294 | TRACE | Result Filter: Before executing OnResultExecuted on filter Microsoft.AspNetCore.Mvc.Infrastructure.ClientErrorResultFilter. 
2025-04-15 16:42:25.5294 | TRACE | Result Filter: After executing OnResultExecuted on filter Microsoft.AspNetCore.Mvc.Infrastructure.ClientErrorResultFilter. 
2025-04-15 16:42:28.6043 | TRACE | All hosts are allowed. 
2025-04-15 16:42:28.6235 | TRACE | Action Filter: Before executing OnActionExecuting on filter Microsoft.AspNetCore.Mvc.ModelBinding.UnsupportedContentTypeFilter. 
2025-04-15 16:42:28.6235 | TRACE | Action Filter: After executing OnActionExecuting on filter Microsoft.AspNetCore.Mvc.ModelBinding.UnsupportedContentTypeFilter. 
2025-04-15 16:42:28.6235 | TRACE | Action Filter: Before executing OnActionExecuting on filter Microsoft.AspNetCore.Mvc.Infrastructure.ModelStateInvalidFilter. 
2025-04-15 16:42:28.6235 | TRACE | Action Filter: After executing OnActionExecuting on filter Microsoft.AspNetCore.Mvc.Infrastructure.ModelStateInvalidFilter. 
2025-04-15 16:42:28.6235 | TRACE | Executing action method WebApplication1.Controller.AuthorController.GetAllBooks2 (WebApplication1) with arguments (0, 2, a03F01, 1) 
2025-04-15 16:42:28.6235 | TRACE | Action Filter: Before executing OnActionExecuted on filter Microsoft.AspNetCore.Mvc.Infrastructure.ModelStateInvalidFilter. 
2025-04-15 16:42:28.6235 | TRACE | Action Filter: After executing OnActionExecuted on filter Microsoft.AspNetCore.Mvc.Infrastructure.ModelStateInvalidFilter. 
2025-04-15 16:42:28.6235 | TRACE | Action Filter: Before executing OnActionExecuted on filter Microsoft.AspNetCore.Mvc.ModelBinding.UnsupportedContentTypeFilter. 
2025-04-15 16:42:28.6235 | TRACE | Action Filter: After executing OnActionExecuted on filter Microsoft.AspNetCore.Mvc.ModelBinding.UnsupportedContentTypeFilter. 
2025-04-15 16:42:28.6235 | TRACE | Result Filter: Before executing OnResultExecuting on filter Microsoft.AspNetCore.Mvc.Infrastructure.ClientErrorResultFilter. 
2025-04-15 16:42:28.6235 | TRACE | Result Filter: After executing OnResultExecuting on filter Microsoft.AspNetCore.Mvc.Infrastructure.ClientErrorResultFilter. 
2025-04-15 16:42:28.6235 | TRACE | Before executing action result Microsoft.AspNetCore.Mvc.ObjectResult. 
2025-04-15 16:42:28.6325 | TRACE | After executing action result Microsoft.AspNetCore.Mvc.ObjectResult. 
2025-04-15 16:42:28.6325 | TRACE | Result Filter: Before executing OnResultExecuted on filter Microsoft.AspNetCore.Mvc.Infrastructure.ClientErrorResultFilter. 
2025-04-15 16:42:28.6325 | TRACE | Result Filter: After executing OnResultExecuted on filter Microsoft.AspNetCore.Mvc.Infrastructure.ClientErrorResultFilter. 
2025-04-15 16:42:28.8259 | TRACE | All hosts are allowed. 
2025-04-15 16:42:28.8426 | TRACE | Action Filter: Before executing OnActionExecuting on filter Microsoft.AspNetCore.Mvc.ModelBinding.UnsupportedContentTypeFilter. 
2025-04-15 16:42:28.8426 | TRACE | Action Filter: After executing OnActionExecuting on filter Microsoft.AspNetCore.Mvc.ModelBinding.UnsupportedContentTypeFilter. 
2025-04-15 16:42:28.8426 | TRACE | Action Filter: Before executing OnActionExecuting on filter Microsoft.AspNetCore.Mvc.Infrastructure.ModelStateInvalidFilter. 
2025-04-15 16:42:28.8426 | TRACE | Action Filter: After executing OnActionExecuting on filter Microsoft.AspNetCore.Mvc.Infrastructure.ModelStateInvalidFilter. 
2025-04-15 16:42:28.8426 | TRACE | Executing action method WebApplication1.Controller.AuthorController.GetAllBooks2 (WebApplication1) with arguments (0, 2, a03F01, 1) 
2025-04-15 16:42:28.8426 | TRACE | Action Filter: Before executing OnActionExecuted on filter Microsoft.AspNetCore.Mvc.Infrastructure.ModelStateInvalidFilter. 
2025-04-15 16:42:28.8426 | TRACE | Action Filter: After executing OnActionExecuted on filter Microsoft.AspNetCore.Mvc.Infrastructure.ModelStateInvalidFilter. 
2025-04-15 16:42:28.8426 | TRACE | Action Filter: Before executing OnActionExecuted on filter Microsoft.AspNetCore.Mvc.ModelBinding.UnsupportedContentTypeFilter. 
2025-04-15 16:42:28.8426 | TRACE | Action Filter: After executing OnActionExecuted on filter Microsoft.AspNetCore.Mvc.ModelBinding.UnsupportedContentTypeFilter. 
2025-04-15 16:42:28.8426 | TRACE | Result Filter: Before executing OnResultExecuting on filter Microsoft.AspNetCore.Mvc.Infrastructure.ClientErrorResultFilter. 
2025-04-15 16:42:28.8426 | TRACE | Result Filter: After executing OnResultExecuting on filter Microsoft.AspNetCore.Mvc.Infrastructure.ClientErrorResultFilter. 
2025-04-15 16:42:28.8426 | TRACE | Before executing action result Microsoft.AspNetCore.Mvc.ObjectResult. 
2025-04-15 16:42:28.8426 | TRACE | After executing action result Microsoft.AspNetCore.Mvc.ObjectResult. 
2025-04-15 16:42:28.8426 | TRACE | Result Filter: Before executing OnResultExecuted on filter Microsoft.AspNetCore.Mvc.Infrastructure.ClientErrorResultFilter. 
2025-04-15 16:42:28.8426 | TRACE | Result Filter: After executing OnResultExecuted on filter Microsoft.AspNetCore.Mvc.Infrastructure.ClientErrorResultFilter. 
2025-04-15 16:42:29.8538 | TRACE | All hosts are allowed. 
2025-04-15 16:42:29.8703 | TRACE | Action Filter: Before executing OnActionExecuting on filter Microsoft.AspNetCore.Mvc.ModelBinding.UnsupportedContentTypeFilter. 
2025-04-15 16:42:29.8703 | TRACE | Action Filter: After executing OnActionExecuting on filter Microsoft.AspNetCore.Mvc.ModelBinding.UnsupportedContentTypeFilter. 
2025-04-15 16:42:29.8703 | TRACE | Action Filter: Before executing OnActionExecuting on filter Microsoft.AspNetCore.Mvc.Infrastructure.ModelStateInvalidFilter. 
2025-04-15 16:42:29.8703 | TRACE | Action Filter: After executing OnActionExecuting on filter Microsoft.AspNetCore.Mvc.Infrastructure.ModelStateInvalidFilter. 
2025-04-15 16:42:29.8703 | TRACE | Executing action method WebApplication1.Controller.AuthorController.GetAllBooks2 (WebApplication1) with arguments (0, 2, a03F01, 1) 
2025-04-15 16:42:29.8703 | TRACE | Action Filter: Before executing OnActionExecuted on filter Microsoft.AspNetCore.Mvc.Infrastructure.ModelStateInvalidFilter. 
2025-04-15 16:42:29.8703 | TRACE | Action Filter: After executing OnActionExecuted on filter Microsoft.AspNetCore.Mvc.Infrastructure.ModelStateInvalidFilter. 
2025-04-15 16:42:29.8703 | TRACE | Action Filter: Before executing OnActionExecuted on filter Microsoft.AspNetCore.Mvc.ModelBinding.UnsupportedContentTypeFilter. 
2025-04-15 16:42:29.8703 | TRACE | Action Filter: After executing OnActionExecuted on filter Microsoft.AspNetCore.Mvc.ModelBinding.UnsupportedContentTypeFilter. 
2025-04-15 16:42:29.8703 | TRACE | Result Filter: Before executing OnResultExecuting on filter Microsoft.AspNetCore.Mvc.Infrastructure.ClientErrorResultFilter. 
2025-04-15 16:42:29.8703 | TRACE | Result Filter: After executing OnResultExecuting on filter Microsoft.AspNetCore.Mvc.Infrastructure.ClientErrorResultFilter. 
2025-04-15 16:42:29.8703 | TRACE | Before executing action result Microsoft.AspNetCore.Mvc.ObjectResult. 
2025-04-15 16:42:29.8703 | TRACE | After executing action result Microsoft.AspNetCore.Mvc.ObjectResult. 
2025-04-15 16:42:29.8703 | TRACE | Result Filter: Before executing OnResultExecuted on filter Microsoft.AspNetCore.Mvc.Infrastructure.ClientErrorResultFilter. 
2025-04-15 16:42:29.8703 | TRACE | Result Filter: After executing OnResultExecuted on filter Microsoft.AspNetCore.Mvc.Infrastructure.ClientErrorResultFilter. 
2025-04-15 16:42:30.9869 | TRACE | All hosts are allowed. 
2025-04-15 16:42:31.0043 | TRACE | Action Filter: Before executing OnActionExecuting on filter Microsoft.AspNetCore.Mvc.ModelBinding.UnsupportedContentTypeFilter. 
2025-04-15 16:42:31.0043 | TRACE | Action Filter: After executing OnActionExecuting on filter Microsoft.AspNetCore.Mvc.ModelBinding.UnsupportedContentTypeFilter. 
2025-04-15 16:42:31.0043 | TRACE | Action Filter: Before executing OnActionExecuting on filter Microsoft.AspNetCore.Mvc.Infrastructure.ModelStateInvalidFilter. 
2025-04-15 16:42:31.0043 | TRACE | Action Filter: After executing OnActionExecuting on filter Microsoft.AspNetCore.Mvc.Infrastructure.ModelStateInvalidFilter. 
2025-04-15 16:42:31.0043 | TRACE | Executing action method WebApplication1.Controller.AuthorController.GetAllBooks2 (WebApplication1) with arguments (0, 2, a03F01, 1) 
2025-04-15 16:42:31.0128 | TRACE | Action Filter: Before executing OnActionExecuted on filter Microsoft.AspNetCore.Mvc.Infrastructure.ModelStateInvalidFilter. 
2025-04-15 16:42:31.0128 | TRACE | Action Filter: After executing OnActionExecuted on filter Microsoft.AspNetCore.Mvc.Infrastructure.ModelStateInvalidFilter. 
2025-04-15 16:42:31.0128 | TRACE | Action Filter: Before executing OnActionExecuted on filter Microsoft.AspNetCore.Mvc.ModelBinding.UnsupportedContentTypeFilter. 
2025-04-15 16:42:31.0128 | TRACE | Action Filter: After executing OnActionExecuted on filter Microsoft.AspNetCore.Mvc.ModelBinding.UnsupportedContentTypeFilter. 
2025-04-15 16:42:31.0128 | TRACE | Result Filter: Before executing OnResultExecuting on filter Microsoft.AspNetCore.Mvc.Infrastructure.ClientErrorResultFilter. 
2025-04-15 16:42:31.0128 | TRACE | Result Filter: After executing OnResultExecuting on filter Microsoft.AspNetCore.Mvc.Infrastructure.ClientErrorResultFilter. 
2025-04-15 16:42:31.0128 | TRACE | Before executing action result Microsoft.AspNetCore.Mvc.ObjectResult. 
2025-04-15 16:42:31.0128 | TRACE | After executing action result Microsoft.AspNetCore.Mvc.ObjectResult. 
2025-04-15 16:42:31.0128 | TRACE | Result Filter: Before executing OnResultExecuted on filter Microsoft.AspNetCore.Mvc.Infrastructure.ClientErrorResultFilter. 
2025-04-15 16:42:31.0128 | TRACE | Result Filter: After executing OnResultExecuted on filter Microsoft.AspNetCore.Mvc.Infrastructure.ClientErrorResultFilter. 
2025-04-15 16:42:31.2093 | TRACE | All hosts are allowed. 
2025-04-15 16:42:31.2260 | TRACE | Action Filter: Before executing OnActionExecuting on filter Microsoft.AspNetCore.Mvc.ModelBinding.UnsupportedContentTypeFilter. 
2025-04-15 16:42:31.2260 | TRACE | Action Filter: After executing OnActionExecuting on filter Microsoft.AspNetCore.Mvc.ModelBinding.UnsupportedContentTypeFilter. 
2025-04-15 16:42:31.2260 | TRACE | Action Filter: Before executing OnActionExecuting on filter Microsoft.AspNetCore.Mvc.Infrastructure.ModelStateInvalidFilter. 
2025-04-15 16:42:31.2260 | TRACE | Action Filter: After executing OnActionExecuting on filter Microsoft.AspNetCore.Mvc.Infrastructure.ModelStateInvalidFilter. 
2025-04-15 16:42:31.2260 | TRACE | Executing action method WebApplication1.Controller.AuthorController.GetAllBooks2 (WebApplication1) with arguments (0, 2, a03F01, 1) 
2025-04-15 16:42:31.2348 | TRACE | Action Filter: Before executing OnActionExecuted on filter Microsoft.AspNetCore.Mvc.Infrastructure.ModelStateInvalidFilter. 
2025-04-15 16:42:31.2348 | TRACE | Action Filter: After executing OnActionExecuted on filter Microsoft.AspNetCore.Mvc.Infrastructure.ModelStateInvalidFilter. 
2025-04-15 16:42:31.2348 | TRACE | Action Filter: Before executing OnActionExecuted on filter Microsoft.AspNetCore.Mvc.ModelBinding.UnsupportedContentTypeFilter. 
2025-04-15 16:42:31.2348 | TRACE | Action Filter: After executing OnActionExecuted on filter Microsoft.AspNetCore.Mvc.ModelBinding.UnsupportedContentTypeFilter. 
2025-04-15 16:42:31.2348 | TRACE | Result Filter: Before executing OnResultExecuting on filter Microsoft.AspNetCore.Mvc.Infrastructure.ClientErrorResultFilter. 
2025-04-15 16:42:31.2348 | TRACE | Result Filter: After executing OnResultExecuting on filter Microsoft.AspNetCore.Mvc.Infrastructure.ClientErrorResultFilter. 
2025-04-15 16:42:31.2348 | TRACE | Before executing action result Microsoft.AspNetCore.Mvc.ObjectResult. 
2025-04-15 16:42:31.2348 | TRACE | After executing action result Microsoft.AspNetCore.Mvc.ObjectResult. 
2025-04-15 16:42:31.2348 | TRACE | Result Filter: Before executing OnResultExecuted on filter Microsoft.AspNetCore.Mvc.Infrastructure.ClientErrorResultFilter. 
2025-04-15 16:42:31.2348 | TRACE | Result Filter: After executing OnResultExecuted on filter Microsoft.AspNetCore.Mvc.Infrastructure.ClientErrorResultFilter. 
2025-04-15 16:42:32.2154 | TRACE | All hosts are allowed. 
2025-04-15 16:42:37.4050 | TRACE | All hosts are allowed. 
2025-04-15 16:42:38.5413 | TRACE | All hosts are allowed. 
2025-04-15 16:42:43.9483 | TRACE | All hosts are allowed. 
2025-04-15 16:42:45.0792 | TRACE | All hosts are allowed. 
2025-04-15 16:42:47.8579 | TRACE | All hosts are allowed. 
2025-04-15 16:42:48.1554 | TRACE | All hosts are allowed. 
2025-04-15 16:42:48.8399 | TRACE | All hosts are allowed. 
2025-04-15 16:42:49.0827 | TRACE | All hosts are allowed. 
2025-04-15 16:42:53.0525 | TRACE | All hosts are allowed. 
2025-04-15 16:42:54.1163 | TRACE | All hosts are allowed. 
2025-04-15 16:42:59.5004 | TRACE | All hosts are allowed. 
2025-04-15 16:43:13.2009 | TRACE | All hosts are allowed. 
2025-04-15 16:43:33.5357 | TRACE | All hosts are allowed. 
2025-04-15 16:44:08.4994 | TRACE | All hosts are allowed. 
2025-04-15 16:44:19.1944 | TRACE | All hosts are allowed. 
2025-04-15 16:44:19.8753 | TRACE | Action Filter: Before executing OnActionExecuting on filter Microsoft.AspNetCore.Mvc.ModelBinding.UnsupportedContentTypeFilter. 
2025-04-15 16:44:19.8753 | TRACE | Action Filter: After executing OnActionExecuting on filter Microsoft.AspNetCore.Mvc.ModelBinding.UnsupportedContentTypeFilter. 
2025-04-15 16:44:19.8753 | TRACE | Action Filter: Before executing OnActionExecuting on filter Microsoft.AspNetCore.Mvc.Infrastructure.ModelStateInvalidFilter. 
2025-04-15 16:44:19.8753 | TRACE | Action Filter: After executing OnActionExecuting on filter Microsoft.AspNetCore.Mvc.Infrastructure.ModelStateInvalidFilter. 
2025-04-15 16:44:19.8883 | TRACE | Executing action method WebApplication1.Controller.AuthorController.GetAllBooks2 (WebApplication1) with arguments (0, 2, a03F01, 1) 
2025-04-15 16:44:20.0161 | TRACE | Action Filter: Before executing OnActionExecuted on filter Microsoft.AspNetCore.Mvc.Infrastructure.ModelStateInvalidFilter. 
2025-04-15 16:44:20.0161 | TRACE | Action Filter: After executing OnActionExecuted on filter Microsoft.AspNetCore.Mvc.Infrastructure.ModelStateInvalidFilter. 
2025-04-15 16:44:20.0161 | TRACE | Action Filter: Before executing OnActionExecuted on filter Microsoft.AspNetCore.Mvc.ModelBinding.UnsupportedContentTypeFilter. 
2025-04-15 16:44:20.0161 | TRACE | Action Filter: After executing OnActionExecuted on filter Microsoft.AspNetCore.Mvc.ModelBinding.UnsupportedContentTypeFilter. 
2025-04-15 16:44:20.0161 | TRACE | Result Filter: Before executing OnResultExecuting on filter Microsoft.AspNetCore.Mvc.Infrastructure.ClientErrorResultFilter. 
2025-04-15 16:44:20.0161 | TRACE | Result Filter: After executing OnResultExecuting on filter Microsoft.AspNetCore.Mvc.Infrastructure.ClientErrorResultFilter. 
2025-04-15 16:44:20.0161 | TRACE | Before executing action result Microsoft.AspNetCore.Mvc.ObjectResult. 
2025-04-15 16:44:20.1516 | TRACE | After executing action result Microsoft.AspNetCore.Mvc.ObjectResult. 
2025-04-15 16:44:20.1516 | TRACE | Result Filter: Before executing OnResultExecuted on filter Microsoft.AspNetCore.Mvc.Infrastructure.ClientErrorResultFilter. 
2025-04-15 16:44:20.1516 | TRACE | Result Filter: After executing OnResultExecuted on filter Microsoft.AspNetCore.Mvc.Infrastructure.ClientErrorResultFilter. 
2025-04-15 16:45:22.0988 | TRACE | All hosts are allowed. 
2025-04-15 16:45:22.1293 | TRACE | Action Filter: Before executing OnActionExecuting on filter Microsoft.AspNetCore.Mvc.ModelBinding.UnsupportedContentTypeFilter. 
2025-04-15 16:45:22.1293 | TRACE | Action Filter: After executing OnActionExecuting on filter Microsoft.AspNetCore.Mvc.ModelBinding.UnsupportedContentTypeFilter. 
2025-04-15 16:45:22.1293 | TRACE | Action Filter: Before executing OnActionExecuting on filter Microsoft.AspNetCore.Mvc.Infrastructure.ModelStateInvalidFilter. 
2025-04-15 16:45:22.1293 | TRACE | Action Filter: After executing OnActionExecuting on filter Microsoft.AspNetCore.Mvc.Infrastructure.ModelStateInvalidFilter. 
2025-04-15 16:45:22.1293 | TRACE | Executing action method WebApplication1.Controller.AuthorController.GetAllBooks2 (WebApplication1) with arguments (0, 2, a03F01, 1) 
2025-04-15 16:45:22.1387 | TRACE | Action Filter: Before executing OnActionExecuted on filter Microsoft.AspNetCore.Mvc.Infrastructure.ModelStateInvalidFilter. 
2025-04-15 16:45:22.1387 | TRACE | Action Filter: After executing OnActionExecuted on filter Microsoft.AspNetCore.Mvc.Infrastructure.ModelStateInvalidFilter. 
2025-04-15 16:45:22.1387 | TRACE | Action Filter: Before executing OnActionExecuted on filter Microsoft.AspNetCore.Mvc.ModelBinding.UnsupportedContentTypeFilter. 
2025-04-15 16:45:22.1387 | TRACE | Action Filter: After executing OnActionExecuted on filter Microsoft.AspNetCore.Mvc.ModelBinding.UnsupportedContentTypeFilter. 
2025-04-15 16:45:22.1387 | TRACE | Result Filter: Before executing OnResultExecuting on filter Microsoft.AspNetCore.Mvc.Infrastructure.ClientErrorResultFilter. 
2025-04-15 16:45:22.1387 | TRACE | Result Filter: After executing OnResultExecuting on filter Microsoft.AspNetCore.Mvc.Infrastructure.ClientErrorResultFilter. 
2025-04-15 16:45:22.1387 | TRACE | Before executing action result Microsoft.AspNetCore.Mvc.ObjectResult. 
2025-04-15 16:45:22.1387 | TRACE | After executing action result Microsoft.AspNetCore.Mvc.ObjectResult. 
2025-04-15 16:45:22.1387 | TRACE | Result Filter: Before executing OnResultExecuted on filter Microsoft.AspNetCore.Mvc.Infrastructure.ClientErrorResultFilter. 
2025-04-15 16:45:22.1387 | TRACE | Result Filter: After executing OnResultExecuted on filter Microsoft.AspNetCore.Mvc.Infrastructure.ClientErrorResultFilter. 
